sample_id,feature,channel_id,early_response,official_top10,response_rank
train_000027,line_length,POL R1,2.7001514434814453,False,34
train_000027,line_length,POL R2,3.1982157230377197,False,26
train_000027,line_length,POL R3,2.6643764972686768,False,35
train_000027,line_length,POL R4,3.7603180408477783,False,17
train_000027,line_length,POL R5,2.824246406555176,False,31
train_000027,line_length,POL R6,3.031282901763916,False,29
train_000027,line_length,POL R7,2.2230520248413086,False,43
train_000027,line_length,POL R8,1.6757153272628784,False,76
train_000027,line_length,POL R9,1.9448734521865845,False,62
train_000027,line_length,POL R10,2.1553804874420166,False,48
train_000027,line_length,POL R13,1.4236199855804443,False,79
train_000027,line_length,POL R14,1.9099737405776978,False,63
train_000027,line_length,POL R15,2.7890422344207764,False,32
train_000027,line_length,POL R16,2.4021201133728027,False,40
train_000027,line_length,POL PC1,3.6138391494750977,False,22
train_000027,line_length,POL PC2,1.5584088563919067,False,78
train_000027,line_length,POL PC3,0.8671427965164185,False,85
train_000027,line_length,POL PC4,0.6950077414512634,False,87
train_000027,line_length,POL PC5,0.5844417214393616,False,89
train_000027,line_length,POL PC6,0.5900192260742188,False,88
train_000027,line_length,POL PC7,0.8869757652282715,False,84
train_000027,line_length,POL R11,2.05684494972229,False,54
train_000027,line_length,POL R12,1.5752614736557007,False,77
train_000027,line_length,POL PC8,0.8201748132705688,False,86
train_000027,line_length,POL PC9,3.1305012702941895,False,27
train_000027,line_length,EEG F1-Ref,2.5070674419403076,False,37
train_000027,line_length,EEG F2-Ref,1.9943766593933105,False,57
train_000027,line_length,EEG F3-Ref,2.002009630203247,False,55
train_000027,line_length,EEG F4-Ref,1.9881188869476318,False,58
train_000027,line_length,EEG F5-Ref,1.8073934316635132,False,71
train_000027,line_length,EEG F6-Ref,1.2662895917892456,False,81
train_000027,line_length,EEG F7-Ref,5.253224849700928,False,5
train_000027,line_length,POL G1,1.1306135654449463,False,82
train_000027,line_length,POL G2,0.9182427525520325,False,83
train_000027,line_length,POL G3,-0.039300523698329926,False,92
train_000027,line_length,POL G4,0.29421576857566833,False,90
train_000027,line_length,POL G5,0.24886882305145264,False,91
train_000027,line_length,POL G6,1.9699299335479736,False,60
train_000027,line_length,POL G7,3.648535966873169,False,20
train_000027,line_length,POL H1,4.968415260314941,False,7
train_000027,line_length,POL H2,3.939518690109253,False,13
train_000027,line_length,POL H3,3.7888975143432617,False,16
train_000027,line_length,POL H4,3.9509997367858887,False,12
train_000027,line_length,POL H5,4.224264144897461,False,9
train_000027,line_length,POL H6,5.162952423095703,False,6
train_000027,line_length,POL H7,5.302877426147461,False,4
train_000027,line_length,POL H8,6.327597141265869,False,1
train_000027,line_length,POL H9,5.7702836990356445,False,2
train_000027,line_length,POL I1,3.796445846557617,False,15
train_000027,line_length,POL I2,3.6703567504882812,False,19
train_000027,line_length,POL I3,3.041325330734253,True,28
train_000027,line_length,POL I4,2.2714545726776123,True,42
train_000027,line_length,POL I5,1.950818657875061,False,61
train_000027,line_length,POL I6,1.8660888671875,False,67
train_000027,line_length,POL T1,3.428661346435547,False,25
train_000027,line_length,POL T2,3.9320945739746094,False,14
train_000027,line_length,EEG T3-Ref,4.102482318878174,False,10
train_000027,line_length,EEG T4-Ref,3.4599146842956543,False,24
train_000027,line_length,EEG T5-Ref,4.434038162231445,False,8
train_000027,line_length,EEG T6-Ref,4.095123767852783,False,11
train_000027,line_length,EEG T7-Ref,3.6297173500061035,False,21
train_000027,line_length,EEG T8-Ref,2.44749116897583,False,39
train_000027,line_length,EEG T9-Ref,3.6935830116271973,False,18
train_000027,line_length,EEG T10-Ref,1.8770214319229126,False,66
train_000027,line_length,POL B1,3.607512950897217,True,23
train_000027,line_length,POL B2,5.754065990447998,True,3
train_000027,line_length,POL B3,2.7374143600463867,True,33
train_000027,line_length,POL B4,2.3449127674102783,True,41
train_000027,line_length,POL B5,2.1439919471740723,False,49
train_000027,line_length,POL B6,2.215238571166992,False,44
train_000027,line_length,POL B7,2.157562494277954,False,47
train_000027,line_length,POL B8,2.1754300594329834,False,46
train_000027,line_length,POL B9,2.137744665145874,False,51
train_000027,line_length,POL B10,2.057504177093506,False,53
train_000027,line_length,POL B11,2.479982852935791,False,38
train_000027,line_length,POL B12,2.5097641944885254,False,36
train_000027,line_length,POL B13,2.8575146198272705,False,30
train_000027,line_length,EEG M1-Ref,1.9829493761062622,True,59
train_000027,line_length,EEG M2-Ref,1.8237810134887695,True,69
train_000027,line_length,POL M3,1.9993520975112915,True,56
train_000027,line_length,POL M4,1.8884719610214233,False,65
train_000027,line_length,POL M5,1.8200856447219849,False,70
train_000027,line_length,POL M6,2.187720775604248,False,45
train_000027,line_length,POL N1,1.9071868658065796,True,64
train_000027,line_length,POL N2,2.143770456314087,False,50
train_000027,line_length,POL N3,1.7310372591018677,False,73
train_000027,line_length,POL N4,1.7563717365264893,False,72
train_000027,line_length,EEG O1-Ref,1.3737847805023193,False,80
train_000027,line_length,EEG O2-Ref,1.6906788349151611,False,75
train_000027,line_length,POL O3,2.115079402923584,False,52
train_000027,line_length,POL O4,1.8530410528182983,False,68
train_000027,line_length,POL O5,1.7296963930130005,False,74
train_000027,rms_change,POL R1,3.4835479259490967,False,13
train_000027,rms_change,POL R2,1.5010371208190918,False,83
train_000027,rms_change,POL R3,1.8865933418273926,False,67
train_000027,rms_change,POL R4,1.8629374504089355,False,68
train_000027,rms_change,POL R5,2.073321580886841,False,56
train_000027,rms_change,POL R6,1.9317978620529175,False,65
train_000027,rms_change,POL R7,2.408986806869507,False,43
train_000027,rms_change,POL R8,1.9785945415496826,False,63
train_000027,rms_change,POL R9,1.738834023475647,False,74
train_000027,rms_change,POL R10,2.2089223861694336,False,50
train_000027,rms_change,POL R13,2.109788417816162,False,54
train_000027,rms_change,POL R14,2.0208253860473633,False,59
train_000027,rms_change,POL R15,2.701599597930908,False,31
train_000027,rms_change,POL R16,1.695328950881958,False,76
train_000027,rms_change,POL PC1,2.5789055824279785,False,35
train_000027,rms_change,POL PC2,3.066549062728882,False,19
train_000027,rms_change,POL PC3,3.7836806774139404,False,10
train_000027,rms_change,POL PC4,3.4271881580352783,False,14
train_000027,rms_change,POL PC5,2.5617449283599854,False,37
train_000027,rms_change,POL PC6,2.8054957389831543,False,28
train_000027,rms_change,POL PC7,2.0178236961364746,False,60
train_000027,rms_change,POL R11,1.595580816268921,False,80
train_000027,rms_change,POL R12,2.9436917304992676,False,24
train_000027,rms_change,POL PC8,2.786109209060669,False,30
train_000027,rms_change,POL PC9,1.5322997570037842,False,82
train_000027,rms_change,EEG F1-Ref,1.2086782455444336,False,88
train_000027,rms_change,EEG F2-Ref,1.4753704071044922,False,84
train_000027,rms_change,EEG F3-Ref,1.0829107761383057,False,90
train_000027,rms_change,EEG F4-Ref,1.9639438390731812,False,64
train_000027,rms_change,EEG F5-Ref,2.2896690368652344,False,46
train_000027,rms_change,EEG F6-Ref,3.8918991088867188,False,8
train_000027,rms_change,EEG F7-Ref,2.7876527309417725,False,29
train_000027,rms_change,POL G1,2.191854953765869,False,52
train_000027,rms_change,POL G2,2.2856481075286865,False,47
train_000027,rms_change,POL G3,2.567678689956665,False,36
train_000027,rms_change,POL G4,1.1270742416381836,False,89
train_000027,rms_change,POL G5,1.2165888547897339,False,86
train_000027,rms_change,POL G6,2.084423065185547,False,55
train_000027,rms_change,POL G7,3.058588981628418,False,20
train_000027,rms_change,POL H1,2.904578924179077,False,26
train_000027,rms_change,POL H2,3.415104866027832,False,15
train_000027,rms_change,POL H3,3.6525490283966064,False,12
train_000027,rms_change,POL H4,5.1273369789123535,False,6
train_000027,rms_change,POL H5,5.863682270050049,False,5
train_000027,rms_change,POL H6,7.051591396331787,False,3
train_000027,rms_change,POL H7,6.953590393066406,False,4
train_000027,rms_change,POL H8,7.728240966796875,False,2
train_000027,rms_change,POL H9,9.150816917419434,False,1
train_000027,rms_change,POL I1,4.041287899017334,False,7
train_000027,rms_change,POL I2,3.828169345855713,False,9
train_000027,rms_change,POL I3,2.1675865650177,True,53
train_000027,rms_change,POL I4,2.2616376876831055,True,48
train_000027,rms_change,POL I5,1.7193862199783325,False,75
train_000027,rms_change,POL I6,1.0188477039337158,False,92
train_000027,rms_change,POL T1,2.921520709991455,False,25
train_000027,rms_change,POL T2,2.445568799972534,False,41
train_000027,rms_change,EEG T3-Ref,1.5994811058044434,False,79
train_000027,rms_change,EEG T4-Ref,3.046799898147583,False,21
train_000027,rms_change,EEG T5-Ref,3.250145196914673,False,17
train_000027,rms_change,EEG T6-Ref,2.327650785446167,False,45
train_000027,rms_change,EEG T7-Ref,2.034740924835205,False,57
train_000027,rms_change,EEG T8-Ref,1.8533843755722046,False,69
train_000027,rms_change,EEG T9-Ref,2.686816930770874,False,32
train_000027,rms_change,EEG T10-Ref,2.600663185119629,False,34
train_000027,rms_change,POL B1,1.21059250831604,True,87
train_000027,rms_change,POL B2,1.776679515838623,True,73
train_000027,rms_change,POL B3,3.002927780151367,True,22
train_000027,rms_change,POL B4,1.6108765602111816,True,78
train_000027,rms_change,POL B5,1.84209144115448,False,70
train_000027,rms_change,POL B6,1.9787371158599854,False,62
train_000027,rms_change,POL B7,1.8223958015441895,False,71
train_000027,rms_change,POL B8,2.5174481868743896,False,39
train_000027,rms_change,POL B9,1.63827383518219,False,77
train_000027,rms_change,POL B10,1.0241118669509888,False,91
train_000027,rms_change,POL B11,2.419149160385132,False,42
train_000027,rms_change,POL B12,2.329771041870117,False,44
train_000027,rms_change,POL B13,2.981924295425415,False,23
train_000027,rms_change,EEG M1-Ref,2.232185125350952,True,49
train_000027,rms_change,EEG M2-Ref,2.550414562225342,True,38
train_000027,rms_change,POL M3,3.657773971557617,True,11
train_000027,rms_change,POL M4,1.5907517671585083,False,81
train_000027,rms_change,POL M5,2.458399772644043,False,40
train_000027,rms_change,POL M6,3.1724655628204346,False,18
train_000027,rms_change,POL N1,2.1930012702941895,True,51
train_000027,rms_change,POL N2,3.288844108581543,False,16
train_000027,rms_change,POL N3,1.917601227760315,False,66
train_000027,rms_change,POL N4,1.8128376007080078,False,72
train_000027,rms_change,EEG O1-Ref,2.0004048347473145,False,61
train_000027,rms_change,EEG O2-Ref,2.0329318046569824,False,58
train_000027,rms_change,POL O3,1.3340721130371094,False,85
train_000027,rms_change,POL O4,2.624929904937744,False,33
train_000027,rms_change,POL O5,2.852074384689331,False,27
train_000027,teager_energy,POL R1,2.7911410331726074,False,21
train_000027,teager_energy,POL R2,2.4145712852478027,False,27
train_000027,teager_energy,POL R3,3.2954018115997314,False,18
train_000027,teager_energy,POL R4,3.710651397705078,False,11
train_000027,teager_energy,POL R5,4.401961326599121,False,8
train_000027,teager_energy,POL R6,3.6758668422698975,False,12
train_000027,teager_energy,POL R7,2.260491371154785,False,32
train_000027,teager_energy,POL R8,1.1905264854431152,False,76
train_000027,teager_energy,POL R9,1.9925512075424194,False,37
train_000027,teager_energy,POL R10,1.7939980030059814,False,46
train_000027,teager_energy,POL R13,1.0778636932373047,False,79
train_000027,teager_energy,POL R14,1.0776948928833008,False,80
train_000027,teager_energy,POL R15,1.8951505422592163,False,40
train_000027,teager_energy,POL R16,2.7279796600341797,False,23
train_000027,teager_energy,POL PC1,1.5594724416732788,False,59
train_000027,teager_energy,POL PC2,1.02816641330719,False,82
train_000027,teager_energy,POL PC3,1.473688006401062,False,62
train_000027,teager_energy,POL PC4,1.738343358039856,False,51
train_000027,teager_energy,POL PC5,2.542120933532715,False,26
train_000027,teager_energy,POL PC6,1.7475130558013916,False,50
train_000027,teager_energy,POL PC7,2.952357292175293,False,19
train_000027,teager_energy,POL R11,2.0657427310943604,False,36
train_000027,teager_energy,POL R12,1.342429757118225,False,71
train_000027,teager_energy,POL PC8,1.1191174983978271,False,78
train_000027,teager_energy,POL PC9,2.31060791015625,False,29
train_000027,teager_energy,EEG F1-Ref,1.1584372520446777,False,77
train_000027,teager_energy,EEG F2-Ref,1.87636137008667,False,41
train_000027,teager_energy,EEG F3-Ref,1.4263273477554321,False,66
train_000027,teager_energy,EEG F4-Ref,1.6861472129821777,False,54
train_000027,teager_energy,EEG F5-Ref,1.0356966257095337,False,81
train_000027,teager_energy,EEG F6-Ref,0.9853086471557617,False,83
train_000027,teager_energy,EEG F7-Ref,2.766334056854248,False,22
train_000027,teager_energy,POL G1,1.7485358715057373,False,49
train_000027,teager_energy,POL G2,1.289685845375061,False,73
train_000027,teager_energy,POL G3,0.1742546260356903,False,91
train_000027,teager_energy,POL G4,0.07406902313232422,False,92
train_000027,teager_energy,POL G5,0.7601094245910645,False,86
train_000027,teager_energy,POL G6,3.8452718257904053,False,10
train_000027,teager_energy,POL G7,3.663452625274658,False,13
train_000027,teager_energy,POL H1,4.073698997497559,False,9
train_000027,teager_energy,POL H2,3.6561717987060547,False,14
train_000027,teager_energy,POL H3,4.434114456176758,False,7
train_000027,teager_energy,POL H4,6.896576881408691,False,5
train_000027,teager_energy,POL H5,7.557994842529297,False,2
train_000027,teager_energy,POL H6,7.511455535888672,False,3
train_000027,teager_energy,POL H7,7.208940505981445,False,4
train_000027,teager_energy,POL H8,6.519179821014404,False,6
train_000027,teager_energy,POL H9,9.627622604370117,False,1
train_000027,teager_energy,POL I1,3.4536380767822266,False,15
train_000027,teager_energy,POL I2,3.3360183238983154,False,16
train_000027,teager_energy,POL I3,2.3901023864746094,True,28
train_000027,teager_energy,POL I4,1.704513430595398,True,52
train_000027,teager_energy,POL I5,1.6186093091964722,False,55
train_000027,teager_energy,POL I6,1.2693476676940918,False,74
train_000027,teager_energy,POL T1,2.2635293006896973,False,31
train_000027,teager_energy,POL T2,2.112993001937866,False,35
train_000027,teager_energy,EEG T3-Ref,1.5686349868774414,False,58
train_000027,teager_energy,EEG T4-Ref,1.9614864587783813,False,38
train_000027,teager_energy,EEG T5-Ref,1.8002184629440308,False,45
train_000027,teager_energy,EEG T6-Ref,1.8304065465927124,False,44
train_000027,teager_energy,EEG T7-Ref,1.3985216617584229,False,67
train_000027,teager_energy,EEG T8-Ref,0.8547467589378357,False,85
train_000027,teager_energy,EEG T9-Ref,2.9441335201263428,False,20
train_000027,teager_energy,EEG T10-Ref,2.248046636581421,False,33
train_000027,teager_energy,POL B1,1.3861950635910034,True,69
train_000027,teager_energy,POL B2,2.2910399436950684,True,30
train_000027,teager_energy,POL B3,2.222410202026367,True,34
train_000027,teager_energy,POL B4,2.6513378620147705,True,24
train_000027,teager_energy,POL B5,1.9135113954544067,False,39
train_000027,teager_energy,POL B6,1.4311983585357666,False,65
train_000027,teager_energy,POL B7,1.4412263631820679,False,64
train_000027,teager_energy,POL B8,1.7015782594680786,False,53
train_000027,teager_energy,POL B9,1.3021355867385864,False,72
train_000027,teager_energy,POL B10,1.387315034866333,False,68
train_000027,teager_energy,POL B11,1.5812056064605713,False,57
train_000027,teager_energy,POL B12,1.5956287384033203,False,56
train_000027,teager_energy,POL B13,1.5188908576965332,False,61
train_000027,teager_energy,EEG M1-Ref,1.4447956085205078,True,63
train_000027,teager_energy,EEG M2-Ref,1.5399603843688965,True,60
train_000027,teager_energy,POL M3,1.788010597229004,True,47
train_000027,teager_energy,POL M4,1.3744035959243774,False,70
train_000027,teager_energy,POL M5,0.9429033398628235,False,84
train_000027,teager_energy,POL M6,0.7146196365356445,False,88
train_000027,teager_energy,POL N1,2.5471413135528564,True,25
train_000027,teager_energy,POL N2,3.329041004180908,False,17
train_000027,teager_energy,POL N3,1.8561789989471436,False,42
train_000027,teager_energy,POL N4,1.2381534576416016,False,75
train_000027,teager_energy,EEG O1-Ref,0.7369443774223328,False,87
train_000027,teager_energy,EEG O2-Ref,0.6280056834220886,False,90
train_000027,teager_energy,POL O3,0.6861993074417114,False,89
train_000027,teager_energy,POL O4,1.751703143119812,False,48
train_000027,teager_energy,POL O5,1.8416509628295898,False,43
train_000027,kurtosis,POL R1,3.5061535835266113,False,29
train_000027,kurtosis,POL R2,2.535654067993164,False,51
train_000027,kurtosis,POL R3,4.371508598327637,False,20
train_000027,kurtosis,POL R4,2.7216107845306396,False,48
train_000027,kurtosis,POL R5,2.53962779045105,False,50
train_000027,kurtosis,POL R6,4.08774471282959,False,22
train_000027,kurtosis,POL R7,2.4898457527160645,False,53
train_000027,kurtosis,POL R8,2.905825614929199,False,42
train_000027,kurtosis,POL R9,2.858476161956787,False,43
train_000027,kurtosis,POL R10,2.1529407501220703,False,58
train_000027,kurtosis,POL R13,2.056223154067993,False,63
train_000027,kurtosis,POL R14,2.189582109451294,False,57
train_000027,kurtosis,POL R15,1.7853935956954956,False,71
train_000027,kurtosis,POL R16,9.577570915222168,False,1
train_000027,kurtosis,POL PC1,4.125238418579102,False,21
train_000027,kurtosis,POL PC2,2.526319980621338,False,52
train_000027,kurtosis,POL PC3,1.3441277742385864,False,81
train_000027,kurtosis,POL PC4,2.2753751277923584,False,56
train_000027,kurtosis,POL PC5,3.660963773727417,False,26
train_000027,kurtosis,POL PC6,4.687263011932373,False,15
train_000027,kurtosis,POL PC7,2.985480785369873,False,40
train_000027,kurtosis,POL R11,3.293088436126709,False,34
train_000027,kurtosis,POL R12,2.908465623855591,False,41
train_000027,kurtosis,POL PC8,3.5136759281158447,False,28
train_000027,kurtosis,POL PC9,4.385330677032471,False,19
train_000027,kurtosis,EEG F1-Ref,1.4602506160736084,False,78
train_000027,kurtosis,EEG F2-Ref,2.3120737075805664,False,55
train_000027,kurtosis,EEG F3-Ref,5.157111167907715,False,9
train_000027,kurtosis,EEG F4-Ref,2.0436739921569824,False,65
train_000027,kurtosis,EEG F5-Ref,1.5235744714736938,False,76
train_000027,kurtosis,EEG F6-Ref,2.8470382690429688,False,44
train_000027,kurtosis,EEG F7-Ref,1.8337876796722412,False,69
train_000027,kurtosis,POL G1,1.4816417694091797,False,77
train_000027,kurtosis,POL G2,3.2915422916412354,False,35
train_000027,kurtosis,POL G3,3.1408467292785645,False,36
train_000027,kurtosis,POL G4,1.7545794248580933,False,73
train_000027,kurtosis,POL G5,0.2818920314311981,False,92
train_000027,kurtosis,POL G6,0.9801312685012817,False,87
train_000027,kurtosis,POL G7,2.1006064414978027,False,61
train_000027,kurtosis,POL H1,1.8777791261672974,False,68
train_000027,kurtosis,POL H2,1.2139546871185303,False,84
train_000027,kurtosis,POL H3,0.8975948691368103,False,88
train_000027,kurtosis,POL H4,0.7339358925819397,False,91
train_000027,kurtosis,POL H5,1.3286759853363037,False,82
train_000027,kurtosis,POL H6,5.099968910217285,False,12
train_000027,kurtosis,POL H7,5.032290458679199,False,13
train_000027,kurtosis,POL H8,4.66256856918335,False,16
train_000027,kurtosis,POL H9,5.106187343597412,False,10
train_000027,kurtosis,POL I1,0.8742290139198303,False,89
train_000027,kurtosis,POL I2,3.386871576309204,False,33
train_000027,kurtosis,POL I3,3.1162166595458984,True,38
train_000027,kurtosis,POL I4,2.713331699371338,True,49
train_000027,kurtosis,POL I5,3.5242021083831787,False,27
train_000027,kurtosis,POL I6,1.8232187032699585,False,70
train_000027,kurtosis,POL T1,1.3710169792175293,False,80
train_000027,kurtosis,POL T2,1.8820339441299438,False,67
train_000027,kurtosis,EEG T3-Ref,2.7931089401245117,False,46
train_000027,kurtosis,EEG T4-Ref,2.0814576148986816,False,62
train_000027,kurtosis,EEG T5-Ref,3.135612726211548,False,37
train_000027,kurtosis,EEG T6-Ref,3.0431854724884033,False,39
train_000027,kurtosis,EEG T7-Ref,2.1395950317382812,False,59
train_000027,kurtosis,EEG T8-Ref,1.781219244003296,False,72
train_000027,kurtosis,EEG T9-Ref,5.316837310791016,False,8
train_000027,kurtosis,EEG T10-Ref,5.816056251525879,False,5
train_000027,kurtosis,POL B1,2.0467073917388916,True,64
train_000027,kurtosis,POL B2,3.690448045730591,True,25
train_000027,kurtosis,POL B3,2.320798873901367,True,54
train_000027,kurtosis,POL B4,3.4845833778381348,True,30
train_000027,kurtosis,POL B5,2.821603775024414,False,45
train_000027,kurtosis,POL B6,3.996641159057617,False,23
train_000027,kurtosis,POL B7,4.446279525756836,False,18
train_000027,kurtosis,POL B8,5.101794242858887,False,11
train_000027,kurtosis,POL B9,5.702549457550049,False,6
train_000027,kurtosis,POL B10,7.046716690063477,False,3
train_000027,kurtosis,POL B11,5.598474979400635,False,7
train_000027,kurtosis,POL B12,6.540321350097656,False,4
train_000027,kurtosis,POL B13,7.244922161102295,False,2
train_000027,kurtosis,EEG M1-Ref,1.1409937143325806,True,85
train_000027,kurtosis,EEG M2-Ref,1.699750304222107,True,74
train_000027,kurtosis,POL M3,2.13799786567688,True,60
train_000027,kurtosis,POL M4,1.527108907699585,False,75
train_000027,kurtosis,POL M5,3.844205617904663,False,24
train_000027,kurtosis,POL M6,4.845401287078857,False,14
train_000027,kurtosis,POL N1,0.8622449636459351,True,90
train_000027,kurtosis,POL N2,2.7362749576568604,False,47
train_000027,kurtosis,POL N3,3.444308280944824,False,31
train_000027,kurtosis,POL N4,4.535821437835693,False,17
train_000027,kurtosis,EEG O1-Ref,1.1168808937072754,False,86
train_000027,kurtosis,EEG O2-Ref,1.2890151739120483,False,83
train_000027,kurtosis,POL O3,1.4358161687850952,False,79
train_000027,kurtosis,POL O4,1.9549916982650757,False,66
train_000027,kurtosis,POL O5,3.3957417011260986,False,32
train_000027,beta_power,POL R1,2.5318400859832764,False,32
train_000027,beta_power,POL R2,1.3533598184585571,False,62
train_000027,beta_power,POL R3,1.9081965684890747,False,47
train_000027,beta_power,POL R4,1.8625441789627075,False,49
train_000027,beta_power,POL R5,2.3859992027282715,False,35
train_000027,beta_power,POL R6,2.393688917160034,False,34
train_000027,beta_power,POL R7,2.1582586765289307,False,43
train_000027,beta_power,POL R8,1.9030017852783203,False,48
train_000027,beta_power,POL R9,1.5691243410110474,False,59
train_000027,beta_power,POL R10,1.8026061058044434,False,51
train_000027,beta_power,POL R13,2.251851797103882,False,37
train_000027,beta_power,POL R14,2.23016095161438,False,40
train_000027,beta_power,POL R15,1.7695651054382324,False,52
train_000027,beta_power,POL R16,1.3068760633468628,False,65
train_000027,beta_power,POL PC1,0.8493078351020813,False,74
train_000027,beta_power,POL PC2,0.6840737462043762,False,79
train_000027,beta_power,POL PC3,0.3543177843093872,False,83
train_000027,beta_power,POL PC4,0.058448247611522675,False,88
train_000027,beta_power,POL PC5,0.03626001998782158,False,89
train_000027,beta_power,POL PC6,-0.023269904777407646,False,91
train_000027,beta_power,POL PC7,-0.1740673929452896,False,92
train_000027,beta_power,POL R11,0.8153527975082397,False,75
train_000027,beta_power,POL R12,1.6199132204055786,False,57
train_000027,beta_power,POL PC8,0.75156170129776,False,77
train_000027,beta_power,POL PC9,0.27597400546073914,False,84
train_000027,beta_power,EEG F1-Ref,1.6326993703842163,False,56
train_000027,beta_power,EEG F2-Ref,1.220852255821228,False,67
train_000027,beta_power,EEG F3-Ref,1.2212879657745361,False,66
train_000027,beta_power,EEG F4-Ref,1.3345552682876587,False,64
train_000027,beta_power,EEG F5-Ref,2.2256202697753906,False,41
train_000027,beta_power,EEG F6-Ref,1.0527390241622925,False,70
train_000027,beta_power,EEG F7-Ref,1.4529942274093628,False,61
train_000027,beta_power,POL G1,0.24305744469165802,False,85
train_000027,beta_power,POL G2,-0.02064458280801773,False,90
train_000027,beta_power,POL G3,0.4068247079849243,False,82
train_000027,beta_power,POL G4,0.24181312322616577,False,86
train_000027,beta_power,POL G5,0.48411065340042114,False,81
train_000027,beta_power,POL G6,0.7492976188659668,False,78
train_000027,beta_power,POL G7,0.10929679125547409,False,87
train_000027,beta_power,POL H1,1.494944453239441,False,60
train_000027,beta_power,POL H2,1.8384501934051514,False,50
train_000027,beta_power,POL H3,2.2517004013061523,False,38
train_000027,beta_power,POL H4,2.553767204284668,False,31
train_000027,beta_power,POL H5,2.6579806804656982,False,29
train_000027,beta_power,POL H6,3.348301410675049,False,19
train_000027,beta_power,POL H7,3.7851693630218506,False,15
train_000027,beta_power,POL H8,4.382980823516846,False,10
train_000027,beta_power,POL H9,4.077885627746582,False,12
train_000027,beta_power,POL I1,3.114582061767578,False,23
train_000027,beta_power,POL I2,5.415050983428955,False,5
train_000027,beta_power,POL I3,4.7088727951049805,True,9
train_000027,beta_power,POL I4,5.577512741088867,True,4
train_000027,beta_power,POL I5,3.5743837356567383,False,17
train_000027,beta_power,POL I6,5.77949333190918,False,3
train_000027,beta_power,POL T1,1.3479585647583008,False,63
train_000027,beta_power,POL T2,1.7362456321716309,False,53
train_000027,beta_power,EEG T3-Ref,1.6952009201049805,False,54
train_000027,beta_power,EEG T4-Ref,1.028564691543579,False,72
train_000027,beta_power,EEG T5-Ref,1.2207664251327515,False,68
train_000027,beta_power,EEG T6-Ref,0.7897038459777832,False,76
train_000027,beta_power,EEG T7-Ref,1.155670166015625,False,69
train_000027,beta_power,EEG T8-Ref,0.9750872850418091,False,73
train_000027,beta_power,EEG T9-Ref,2.692326784133911,False,28
train_000027,beta_power,EEG T10-Ref,2.0927302837371826,False,46
train_000027,beta_power,POL B1,4.01962423324585,True,13
train_000027,beta_power,POL B2,4.767860412597656,True,7
train_000027,beta_power,POL B3,4.124276638031006,True,11
train_000027,beta_power,POL B4,3.788379669189453,True,14
train_000027,beta_power,POL B5,2.815747022628784,False,25
train_000027,beta_power,POL B6,2.1063010692596436,False,45
train_000027,beta_power,POL B7,3.504448175430298,False,18
train_000027,beta_power,POL B8,3.170271873474121,False,22
train_000027,beta_power,POL B9,2.777519464492798,False,26
train_000027,beta_power,POL B10,2.8271448612213135,False,24
train_000027,beta_power,POL B11,5.167828559875488,False,6
train_000027,beta_power,POL B12,6.835339069366455,False,1
train_000027,beta_power,POL B13,6.226613521575928,False,2
train_000027,beta_power,EEG M1-Ref,2.246366500854492,True,39
train_000027,beta_power,EEG M2-Ref,4.766012191772461,True,8
train_000027,beta_power,POL M3,3.7065799236297607,True,16
train_000027,beta_power,POL M4,3.199018716812134,False,21
train_000027,beta_power,POL M5,2.7526798248291016,False,27
train_000027,beta_power,POL M6,3.2585370540618896,False,20
train_000027,beta_power,POL N1,1.0313687324523926,True,71
train_000027,beta_power,POL N2,2.3720309734344482,False,36
train_000027,beta_power,POL N3,2.1137030124664307,False,44
train_000027,beta_power,POL N4,2.1875410079956055,False,42
train_000027,beta_power,EEG O1-Ref,0.6571846008300781,False,80
train_000027,beta_power,EEG O2-Ref,1.5899826288223267,False,58
train_000027,beta_power,POL O3,1.6945711374282837,False,55
train_000027,beta_power,POL O4,2.482367992401123,False,33
train_000027,beta_power,POL O5,2.6106350421905518,False,30
train_000027,low_gamma_power,POL R1,2.4274537563323975,False,40
train_000027,low_gamma_power,POL R2,2.2405035495758057,False,44
train_000027,low_gamma_power,POL R3,1.823258638381958,False,54
train_000027,low_gamma_power,POL R4,1.0075358152389526,False,75
train_000027,low_gamma_power,POL R5,0.3212752044200897,False,89
train_000027,low_gamma_power,POL R6,0.7538682818412781,False,80
train_000027,low_gamma_power,POL R7,1.6456893682479858,False,55
train_000027,low_gamma_power,POL R8,2.017256259918213,False,49
train_000027,low_gamma_power,POL R9,1.6431608200073242,False,56
train_000027,low_gamma_power,POL R10,1.4862041473388672,False,61
train_000027,low_gamma_power,POL R13,0.7723941206932068,False,79
train_000027,low_gamma_power,POL R14,1.0749099254608154,False,72
train_000027,low_gamma_power,POL R15,0.446567177772522,False,88
train_000027,low_gamma_power,POL R16,2.9403443336486816,False,32
train_000027,low_gamma_power,POL PC1,0.9628031253814697,False,77
train_000027,low_gamma_power,POL PC2,0.03808065131306648,False,92
train_000027,low_gamma_power,POL PC3,0.255266010761261,False,90
train_000027,low_gamma_power,POL PC4,0.19556690752506256,False,91
train_000027,low_gamma_power,POL PC5,0.5240375399589539,False,86
train_000027,low_gamma_power,POL PC6,0.7168874740600586,False,82
train_000027,low_gamma_power,POL PC7,1.221411943435669,False,67
train_000027,low_gamma_power,POL R11,1.2581701278686523,False,66
train_000027,low_gamma_power,POL R12,0.5394078493118286,False,84
train_000027,low_gamma_power,POL PC8,1.0476783514022827,False,73
train_000027,low_gamma_power,POL PC9,2.1511340141296387,False,46
train_000027,low_gamma_power,EEG F1-Ref,1.4277960062026978,False,64
train_000027,low_gamma_power,EEG F2-Ref,1.1650084257125854,False,70
train_000027,low_gamma_power,EEG F3-Ref,0.513523280620575,False,87
train_000027,low_gamma_power,EEG F4-Ref,1.4486573934555054,False,63
train_000027,low_gamma_power,EEG F5-Ref,2.169118881225586,False,45
train_000027,low_gamma_power,EEG F6-Ref,1.5631955862045288,False,59
train_000027,low_gamma_power,EEG F7-Ref,1.5343464612960815,False,60
train_000027,low_gamma_power,POL G1,0.9770176410675049,False,76
train_000027,low_gamma_power,POL G2,0.6116565465927124,False,83
train_000027,low_gamma_power,POL G3,1.0088324546813965,False,74
train_000027,low_gamma_power,POL G4,1.143039584159851,False,71
train_000027,low_gamma_power,POL G5,0.7529544830322266,False,81
train_000027,low_gamma_power,POL G6,0.7957962155342102,False,78
train_000027,low_gamma_power,POL G7,3.4637248516082764,False,25
train_000027,low_gamma_power,POL H1,2.1104958057403564,False,47
train_000027,low_gamma_power,POL H2,1.908044457435608,False,51
train_000027,low_gamma_power,POL H3,1.9182169437408447,False,50
train_000027,low_gamma_power,POL H4,2.6365888118743896,False,36
train_000027,low_gamma_power,POL H5,3.4485981464385986,False,26
train_000027,low_gamma_power,POL H6,4.161065578460693,False,15
train_000027,low_gamma_power,POL H7,2.422325849533081,False,41
train_000027,low_gamma_power,POL H8,3.371399402618408,False,28
train_000027,low_gamma_power,POL H9,3.4971039295196533,False,24
train_000027,low_gamma_power,POL I1,4.6042985916137695,False,13
train_000027,low_gamma_power,POL I2,3.4261977672576904,False,27
train_000027,low_gamma_power,POL I3,4.596044540405273,True,14
train_000027,low_gamma_power,POL I4,6.8823981285095215,True,4
train_000027,low_gamma_power,POL I5,4.920292854309082,False,11
train_000027,low_gamma_power,POL I6,7.385170936584473,False,2
train_000027,low_gamma_power,POL T1,1.6120585203170776,False,57
train_000027,low_gamma_power,POL T2,1.826488971710205,False,53
train_000027,low_gamma_power,EEG T3-Ref,2.245443820953369,False,43
train_000027,low_gamma_power,EEG T4-Ref,1.4856187105178833,False,62
train_000027,low_gamma_power,EEG T5-Ref,1.190185308456421,False,69
train_000027,low_gamma_power,EEG T6-Ref,1.216354250907898,False,68
train_000027,low_gamma_power,EEG T7-Ref,2.462561845779419,False,38
train_000027,low_gamma_power,EEG T8-Ref,1.8344382047653198,False,52
train_000027,low_gamma_power,EEG T9-Ref,3.973628044128418,False,18
train_000027,low_gamma_power,EEG T10-Ref,2.360395669937134,False,42
train_000027,low_gamma_power,POL B1,3.605133056640625,True,23
train_000027,low_gamma_power,POL B2,7.451807975769043,True,1
train_000027,low_gamma_power,POL B3,6.267655849456787,True,6
train_000027,low_gamma_power,POL B4,6.796410083770752,True,5
train_000027,low_gamma_power,POL B5,4.0606303215026855,False,17
train_000027,low_gamma_power,POL B6,3.2603530883789062,False,29
train_000027,low_gamma_power,POL B7,3.6347904205322266,False,21
train_000027,low_gamma_power,POL B8,2.8955748081207275,False,34
train_000027,low_gamma_power,POL B9,1.5777982473373413,False,58
train_000027,low_gamma_power,POL B10,2.043938636779785,False,48
train_000027,low_gamma_power,POL B11,4.867076873779297,False,12
train_000027,low_gamma_power,POL B12,5.7580718994140625,False,8
train_000027,low_gamma_power,POL B13,5.142294883728027,False,9
train_000027,low_gamma_power,EEG M1-Ref,2.6696207523345947,True,35
train_000027,low_gamma_power,EEG M2-Ref,4.09906005859375,True,16
train_000027,low_gamma_power,POL M3,5.902900695800781,True,7
train_000027,low_gamma_power,POL M4,3.22365140914917,False,30
train_000027,low_gamma_power,POL M5,3.6204941272735596,False,22
train_000027,low_gamma_power,POL M6,3.21866774559021,False,31
train_000027,low_gamma_power,POL N1,0.5279493927955627,True,85
train_000027,low_gamma_power,POL N2,1.2648237943649292,False,65
train_000027,low_gamma_power,POL N3,3.735332489013672,False,19
train_000027,low_gamma_power,POL N4,2.9371213912963867,False,33
train_000027,low_gamma_power,EEG O1-Ref,2.460859775543213,False,39
train_000027,low_gamma_power,EEG O2-Ref,3.681082248687744,False,20
train_000027,low_gamma_power,POL O3,2.531782627105713,False,37
train_000027,low_gamma_power,POL O4,4.988999843597412,False,10
train_000027,low_gamma_power,POL O5,6.917446613311768,False,3
train_000027,high_gamma_power,POL R1,3.998871326446533,False,13
train_000027,high_gamma_power,POL R2,2.4250423908233643,False,56
train_000027,high_gamma_power,POL R3,2.5591750144958496,False,53
train_000027,high_gamma_power,POL R4,2.8754515647888184,False,42
train_000027,high_gamma_power,POL R5,2.1854326725006104,False,63
train_000027,high_gamma_power,POL R6,2.584263563156128,False,51
train_000027,high_gamma_power,POL R7,1.959004282951355,False,70
train_000027,high_gamma_power,POL R8,1.925572395324707,False,72
train_000027,high_gamma_power,POL R9,2.610241174697876,False,48
train_000027,high_gamma_power,POL R10,2.3761215209960938,False,58
train_000027,high_gamma_power,POL R13,1.6690113544464111,False,82
train_000027,high_gamma_power,POL R14,2.93989634513855,False,41
train_000027,high_gamma_power,POL R15,4.321831226348877,False,10
train_000027,high_gamma_power,POL R16,2.567396640777588,False,52
train_000027,high_gamma_power,POL PC1,3.1964433193206787,False,32
train_000027,high_gamma_power,POL PC2,1.7421226501464844,False,80
train_000027,high_gamma_power,POL PC3,1.8257501125335693,False,77
train_000027,high_gamma_power,POL PC4,1.9200525283813477,False,73
train_000027,high_gamma_power,POL PC5,1.8788284063339233,False,74
train_000027,high_gamma_power,POL PC6,1.7480911016464233,False,79
train_000027,high_gamma_power,POL PC7,1.8772063255310059,False,75
train_000027,high_gamma_power,POL R11,1.3592435121536255,False,88
train_000027,high_gamma_power,POL R12,1.5118060111999512,False,86
train_000027,high_gamma_power,POL PC8,0.8376726508140564,False,91
train_000027,high_gamma_power,POL PC9,2.0314736366271973,False,68
train_000027,high_gamma_power,EEG F1-Ref,2.0271999835968018,False,69
train_000027,high_gamma_power,EEG F2-Ref,2.062349319458008,False,67
train_000027,high_gamma_power,EEG F3-Ref,2.2006983757019043,False,62
train_000027,high_gamma_power,EEG F4-Ref,1.6401498317718506,False,83
train_000027,high_gamma_power,EEG F5-Ref,1.5229151248931885,False,85
train_000027,high_gamma_power,EEG F6-Ref,2.308807373046875,False,60
train_000027,high_gamma_power,EEG F7-Ref,4.4406867027282715,False,9
train_000027,high_gamma_power,POL G1,1.946810007095337,False,71
train_000027,high_gamma_power,POL G2,1.2529184818267822,False,89
train_000027,high_gamma_power,POL G3,0.8426775336265564,False,90
train_000027,high_gamma_power,POL G4,0.623936653137207,False,92
train_000027,high_gamma_power,POL G5,1.556511640548706,False,84
train_000027,high_gamma_power,POL G6,1.6880847215652466,False,81
train_000027,high_gamma_power,POL G7,3.169985055923462,False,33
train_000027,high_gamma_power,POL H1,3.113358974456787,False,36
train_000027,high_gamma_power,POL H2,2.16198992729187,False,65
train_000027,high_gamma_power,POL H3,2.2023308277130127,False,61
train_000027,high_gamma_power,POL H4,2.5156421661376953,False,54
train_000027,high_gamma_power,POL H5,3.0802807807922363,False,37
train_000027,high_gamma_power,POL H6,3.3736138343811035,False,27
train_000027,high_gamma_power,POL H7,3.0187063217163086,False,38
train_000027,high_gamma_power,POL H8,3.2954723834991455,False,30
train_000027,high_gamma_power,POL H9,2.7685868740081787,False,45
train_000027,high_gamma_power,POL I1,3.726417303085327,False,18
train_000027,high_gamma_power,POL I2,2.698216676712036,False,46
train_000027,high_gamma_power,POL I3,6.71060848236084,True,1
train_000027,high_gamma_power,POL I4,5.3955769538879395,True,4
train_000027,high_gamma_power,POL I5,3.3229851722717285,False,28
train_000027,high_gamma_power,POL I6,5.4434661865234375,False,3
train_000027,high_gamma_power,POL T1,4.601925373077393,False,8
train_000027,high_gamma_power,POL T2,4.235357761383057,False,11
train_000027,high_gamma_power,EEG T3-Ref,2.816023588180542,False,44
train_000027,high_gamma_power,EEG T4-Ref,3.9260337352752686,False,16
train_000027,high_gamma_power,EEG T5-Ref,4.616789817810059,False,7
train_000027,high_gamma_power,EEG T6-Ref,2.5904130935668945,False,49
train_000027,high_gamma_power,EEG T7-Ref,3.5053536891937256,False,22
train_000027,high_gamma_power,EEG T8-Ref,4.026788711547852,False,12
train_000027,high_gamma_power,EEG T9-Ref,3.1630797386169434,False,34
train_000027,high_gamma_power,EEG T10-Ref,1.872519612312317,False,76
train_000027,high_gamma_power,POL B1,1.5045334100723267,True,87
train_000027,high_gamma_power,POL B2,3.947603464126587,True,14
train_000027,high_gamma_power,POL B3,2.385495662689209,True,57
train_000027,high_gamma_power,POL B4,3.321298837661743,True,29
train_000027,high_gamma_power,POL B5,2.673828125,False,47
train_000027,high_gamma_power,POL B6,3.465407133102417,False,23
train_000027,high_gamma_power,POL B7,2.587592840194702,False,50
train_000027,high_gamma_power,POL B8,2.9583828449249268,False,40
train_000027,high_gamma_power,POL B9,3.4049594402313232,False,25
train_000027,high_gamma_power,POL B10,3.2021448612213135,False,31
train_000027,high_gamma_power,POL B11,3.1629393100738525,False,35
train_000027,high_gamma_power,POL B12,2.9589743614196777,False,39
train_000027,high_gamma_power,POL B13,2.8711116313934326,False,43
train_000027,high_gamma_power,EEG M1-Ref,4.761600017547607,True,6
train_000027,high_gamma_power,EEG M2-Ref,4.98276948928833,True,5
train_000027,high_gamma_power,POL M3,3.9356467723846436,True,15
train_000027,high_gamma_power,POL M4,3.6752326488494873,False,20
train_000027,high_gamma_power,POL M5,3.6264572143554688,False,21
train_000027,high_gamma_power,POL M6,1.7607476711273193,False,78
train_000027,high_gamma_power,POL N1,3.3819940090179443,True,26
train_000027,high_gamma_power,POL N2,6.14876651763916,False,2
train_000027,high_gamma_power,POL N3,3.8368401527404785,False,17
train_000027,high_gamma_power,POL N4,3.4571917057037354,False,24
train_000027,high_gamma_power,EEG O1-Ref,2.5067636966705322,False,55
train_000027,high_gamma_power,EEG O2-Ref,2.156733989715576,False,66
train_000027,high_gamma_power,POL O3,2.349716901779175,False,59
train_000027,high_gamma_power,POL O4,3.7122342586517334,False,19
train_000027,high_gamma_power,POL O5,2.168734550476074,False,64
train_000027,ripple_power,POL R1,4.39599084854126,False,42
train_000027,ripple_power,POL R2,5.557214260101318,False,9
train_000027,ripple_power,POL R3,3.762650728225708,False,65
train_000027,ripple_power,POL R4,4.517836570739746,False,38
train_000027,ripple_power,POL R5,3.417954444885254,False,73
train_000027,ripple_power,POL R6,4.923450946807861,False,22
train_000027,ripple_power,POL R7,4.105884552001953,False,54
train_000027,ripple_power,POL R8,5.89463996887207,False,8
train_000027,ripple_power,POL R9,4.678022384643555,False,30
train_000027,ripple_power,POL R10,5.174434661865234,False,18
train_000027,ripple_power,POL R13,4.065113067626953,False,56
train_000027,ripple_power,POL R14,3.9928138256073,False,57
train_000027,ripple_power,POL R15,3.646416187286377,False,70
train_000027,ripple_power,POL R16,3.1032609939575195,False,81
train_000027,ripple_power,POL PC1,4.922616958618164,False,23
train_000027,ripple_power,POL PC2,3.7984530925750732,False,63
train_000027,ripple_power,POL PC3,3.747070789337158,False,66
train_000027,ripple_power,POL PC4,3.1891391277313232,False,80
train_000027,ripple_power,POL PC5,3.812703847885132,False,62
train_000027,ripple_power,POL PC6,4.202761650085449,False,49
train_000027,ripple_power,POL PC7,4.330306529998779,False,45
train_000027,ripple_power,POL R11,4.730859279632568,False,28
train_000027,ripple_power,POL R12,4.669827461242676,False,31
train_000027,ripple_power,POL PC8,5.497547149658203,False,11
train_000027,ripple_power,POL PC9,4.119656085968018,False,53
train_000027,ripple_power,EEG F1-Ref,5.401167392730713,False,14
train_000027,ripple_power,EEG F2-Ref,7.064084053039551,False,1
train_000027,ripple_power,EEG F3-Ref,5.299349308013916,False,16
train_000027,ripple_power,EEG F4-Ref,4.614071846008301,False,33
train_000027,ripple_power,EEG F5-Ref,6.8424763679504395,False,3
train_000027,ripple_power,EEG F6-Ref,4.708986759185791,False,29
train_000027,ripple_power,EEG F7-Ref,4.407923698425293,False,41
train_000027,ripple_power,POL G1,3.666149616241455,False,69
train_000027,ripple_power,POL G2,4.096517562866211,False,55
train_000027,ripple_power,POL G3,3.9770009517669678,False,58
train_000027,ripple_power,POL G4,5.490429878234863,False,12
train_000027,ripple_power,POL G5,5.534493446350098,False,10
train_000027,ripple_power,POL G6,3.4133107662200928,False,75
train_000027,ripple_power,POL G7,3.2877447605133057,False,77
train_000027,ripple_power,POL H1,6.891493797302246,False,2
train_000027,ripple_power,POL H2,3.938166379928589,False,60
train_000027,ripple_power,POL H3,4.550302505493164,False,36
train_000027,ripple_power,POL H4,4.230529308319092,False,48
train_000027,ripple_power,POL H5,4.765225887298584,False,27
train_000027,ripple_power,POL H6,5.391714096069336,False,15
train_000027,ripple_power,POL H7,6.468010902404785,False,5
train_000027,ripple_power,POL H8,5.160399436950684,False,19
train_000027,ripple_power,POL H9,4.615401744842529,False,32
train_000027,ripple_power,POL I1,4.792914390563965,False,26
train_000027,ripple_power,POL I2,4.191466808319092,False,50
train_000027,ripple_power,POL I3,4.440216064453125,True,40
train_000027,ripple_power,POL I4,4.379414081573486,True,44
train_000027,ripple_power,POL I5,3.775367021560669,False,64
train_000027,ripple_power,POL I6,3.6819405555725098,False,68
train_000027,ripple_power,POL T1,5.213765621185303,False,17
train_000027,ripple_power,POL T2,6.517298221588135,False,4
train_000027,ripple_power,EEG T3-Ref,4.5951738357543945,False,34
train_000027,ripple_power,EEG T4-Ref,4.277218341827393,False,46
train_000027,ripple_power,EEG T5-Ref,6.072575569152832,False,7
train_000027,ripple_power,EEG T6-Ref,5.45250940322876,False,13
train_000027,ripple_power,EEG T7-Ref,4.57114315032959,False,35
train_000027,ripple_power,EEG T8-Ref,4.536839008331299,False,37
train_000027,ripple_power,EEG T9-Ref,3.7450664043426514,False,67
train_000027,ripple_power,EEG T10-Ref,2.185037612915039,False,91
train_000027,ripple_power,POL B1,3.33400297164917,True,76
train_000027,ripple_power,POL B2,2.426133871078491,True,90
train_000027,ripple_power,POL B3,3.0802485942840576,True,83
train_000027,ripple_power,POL B4,3.0810251235961914,True,82
train_000027,ripple_power,POL B5,2.872473955154419,False,86
train_000027,ripple_power,POL B6,3.21757173538208,False,78
train_000027,ripple_power,POL B7,3.6314735412597656,False,72
train_000027,ripple_power,POL B8,4.930967330932617,False,21
train_000027,ripple_power,POL B9,4.253753662109375,False,47
train_000027,ripple_power,POL B10,4.4585981369018555,False,39
train_000027,ripple_power,POL B11,3.952185869216919,False,59
train_000027,ripple_power,POL B12,3.8473918437957764,False,61
train_000027,ripple_power,POL B13,3.631826400756836,False,71
train_000027,ripple_power,EEG M1-Ref,4.86088752746582,True,25
train_000027,ripple_power,EEG M2-Ref,4.147473335266113,True,52
train_000027,ripple_power,POL M3,5.00667142868042,True,20
train_000027,ripple_power,POL M4,4.885316848754883,False,24
train_000027,ripple_power,POL M5,3.413787603378296,False,74
train_000027,ripple_power,POL M6,1.5130791664123535,False,92
train_000027,ripple_power,POL N1,3.003415107727051,True,84
train_000027,ripple_power,POL N2,4.391201019287109,False,43
train_000027,ripple_power,POL N3,4.172718524932861,False,51
train_000027,ripple_power,POL N4,3.2031967639923096,False,79
train_000027,ripple_power,EEG O1-Ref,2.994248628616333,False,85
train_000027,ripple_power,EEG O2-Ref,2.802122116088867,False,87
train_000027,ripple_power,POL O3,2.783942937850952,False,88
train_000027,ripple_power,POL O4,6.3892951011657715,False,6
train_000027,ripple_power,POL O5,2.4656271934509277,False,89
train_000027,fast_ripple_power,POL R1,3.4717981815338135,False,74
train_000027,fast_ripple_power,POL R2,5.70811128616333,False,30
train_000027,fast_ripple_power,POL R3,4.543761253356934,False,61
train_000027,fast_ripple_power,POL R4,6.208824157714844,False,16
train_000027,fast_ripple_power,POL R5,4.614969253540039,False,58
train_000027,fast_ripple_power,POL R6,4.847813606262207,False,54
train_000027,fast_ripple_power,POL R7,4.7219438552856445,False,56
train_000027,fast_ripple_power,POL R8,5.569169998168945,False,35
train_000027,fast_ripple_power,POL R9,4.923592567443848,False,51
train_000027,fast_ripple_power,POL R10,5.913668632507324,False,23
train_000027,fast_ripple_power,POL R13,3.6235556602478027,False,69
train_000027,fast_ripple_power,POL R14,2.92535138130188,False,80
train_000027,fast_ripple_power,POL R15,2.953742265701294,False,79
train_000027,fast_ripple_power,POL R16,2.7241628170013428,False,82
train_000027,fast_ripple_power,POL PC1,7.640962600708008,False,4
train_000027,fast_ripple_power,POL PC2,5.282488822937012,False,43
train_000027,fast_ripple_power,POL PC3,4.110678195953369,False,65
train_000027,fast_ripple_power,POL PC4,5.604077339172363,False,33
train_000027,fast_ripple_power,POL PC5,7.158114910125732,False,8
train_000027,fast_ripple_power,POL PC6,7.319397926330566,False,6
train_000027,fast_ripple_power,POL PC7,5.609302997589111,False,32
train_000027,fast_ripple_power,POL R11,6.303402900695801,False,14
train_000027,fast_ripple_power,POL R12,4.777179718017578,False,55
train_000027,fast_ripple_power,POL PC8,6.3297529220581055,False,13
train_000027,fast_ripple_power,POL PC9,5.053977012634277,False,46
train_000027,fast_ripple_power,EEG F1-Ref,7.906739711761475,False,2
train_000027,fast_ripple_power,EEG F2-Ref,6.639520645141602,False,10
train_000027,fast_ripple_power,EEG F3-Ref,5.728176593780518,False,28
train_000027,fast_ripple_power,EEG F4-Ref,6.350763320922852,False,12
train_000027,fast_ripple_power,EEG F5-Ref,7.921304225921631,False,1
train_000027,fast_ripple_power,EEG F6-Ref,4.524272918701172,False,62
train_000027,fast_ripple_power,EEG F7-Ref,4.435818672180176,False,63
train_000027,fast_ripple_power,POL G1,6.603165626525879,False,11
train_000027,fast_ripple_power,POL G2,6.098731517791748,False,20
train_000027,fast_ripple_power,POL G3,5.334530830383301,False,42
train_000027,fast_ripple_power,POL G4,6.180929660797119,False,18
train_000027,fast_ripple_power,POL G5,7.713730335235596,False,3
train_000027,fast_ripple_power,POL G6,6.115933418273926,False,19
train_000027,fast_ripple_power,POL G7,5.422162055969238,False,40
train_000027,fast_ripple_power,POL H1,7.337352275848389,False,5
train_000027,fast_ripple_power,POL H2,6.650751113891602,False,9
train_000027,fast_ripple_power,POL H3,5.657510757446289,False,31
train_000027,fast_ripple_power,POL H4,5.767719268798828,False,26
train_000027,fast_ripple_power,POL H5,6.238655090332031,False,15
train_000027,fast_ripple_power,POL H6,4.971410751342773,False,49
train_000027,fast_ripple_power,POL H7,5.012069225311279,False,47
train_000027,fast_ripple_power,POL H8,4.917824745178223,False,52
train_000027,fast_ripple_power,POL H9,5.058620929718018,False,45
train_000027,fast_ripple_power,POL I1,5.829657554626465,False,24
train_000027,fast_ripple_power,POL I2,4.955075740814209,False,50
train_000027,fast_ripple_power,POL I3,5.949386119842529,True,21
train_000027,fast_ripple_power,POL I4,7.271461009979248,True,7
train_000027,fast_ripple_power,POL I5,5.566202163696289,False,36
train_000027,fast_ripple_power,POL I6,5.552402496337891,False,37
train_000027,fast_ripple_power,POL T1,5.444630146026611,False,39
train_000027,fast_ripple_power,POL T2,5.916595458984375,False,22
train_000027,fast_ripple_power,EEG T3-Ref,5.728073596954346,False,29
train_000027,fast_ripple_power,EEG T4-Ref,5.828098297119141,False,25
train_000027,fast_ripple_power,EEG T5-Ref,4.99726676940918,False,48
train_000027,fast_ripple_power,EEG T6-Ref,5.470224857330322,False,38
train_000027,fast_ripple_power,EEG T7-Ref,5.7424139976501465,False,27
train_000027,fast_ripple_power,EEG T8-Ref,6.183427810668945,False,17
train_000027,fast_ripple_power,EEG T9-Ref,4.561033725738525,False,60
train_000027,fast_ripple_power,EEG T10-Ref,2.076056480407715,False,90
train_000027,fast_ripple_power,POL B1,2.5882012844085693,True,84
train_000027,fast_ripple_power,POL B2,2.4423768520355225,True,85
train_000027,fast_ripple_power,POL B3,2.3595163822174072,True,87
train_000027,fast_ripple_power,POL B4,2.419907331466675,True,86
train_000027,fast_ripple_power,POL B5,2.601344585418701,False,83
train_000027,fast_ripple_power,POL B6,3.0699732303619385,False,78
train_000027,fast_ripple_power,POL B7,2.762934684753418,False,81
train_000027,fast_ripple_power,POL B8,3.2966127395629883,False,76
train_000027,fast_ripple_power,POL B9,3.300344705581665,False,75
train_000027,fast_ripple_power,POL B10,3.2747998237609863,False,77
train_000027,fast_ripple_power,POL B11,3.523258924484253,False,72
train_000027,fast_ripple_power,POL B12,3.9210400581359863,False,66
train_000027,fast_ripple_power,POL B13,3.5836617946624756,False,71
train_000027,fast_ripple_power,EEG M1-Ref,5.334819793701172,True,41
train_000027,fast_ripple_power,EEG M2-Ref,4.863422870635986,True,53
train_000027,fast_ripple_power,POL M3,4.605711460113525,True,59
train_000027,fast_ripple_power,POL M4,4.230976581573486,False,64
train_000027,fast_ripple_power,POL M5,3.833887815475464,False,67
train_000027,fast_ripple_power,POL M6,1.9621185064315796,False,91
train_000027,fast_ripple_power,POL N1,4.695541858673096,True,57
train_000027,fast_ripple_power,POL N2,5.576520919799805,False,34
train_000027,fast_ripple_power,POL N3,5.19413423538208,False,44
train_000027,fast_ripple_power,POL N4,3.7578670978546143,False,68
train_000027,fast_ripple_power,EEG O1-Ref,1.6885411739349365,False,92
train_000027,fast_ripple_power,EEG O2-Ref,2.155224084854126,False,88
train_000027,fast_ripple_power,POL O3,2.1367123126983643,False,89
train_000027,fast_ripple_power,POL O4,3.5856504440307617,False,70
train_000027,fast_ripple_power,POL O5,3.501749277114868,False,73
train_000027,high_low_ratio,POL R1,1.7746745347976685,False,46
train_000027,high_low_ratio,POL R2,2.038978099822998,False,28
train_000027,high_low_ratio,POL R3,1.5458799600601196,False,58
train_000027,high_low_ratio,POL R4,1.031075119972229,False,83
train_000027,high_low_ratio,POL R5,1.2862056493759155,False,72
train_000027,high_low_ratio,POL R6,2.9657464027404785,False,10
train_000027,high_low_ratio,POL R7,3.6576194763183594,False,4
train_000027,high_low_ratio,POL R8,2.3524296283721924,False,22
train_000027,high_low_ratio,POL R9,2.829956293106079,False,12
train_000027,high_low_ratio,POL R10,1.9855928421020508,False,34
train_000027,high_low_ratio,POL R13,1.2399958372116089,False,74
train_000027,high_low_ratio,POL R14,2.2284414768218994,False,25
train_000027,high_low_ratio,POL R15,2.5113134384155273,False,17
train_000027,high_low_ratio,POL R16,3.5010905265808105,False,5
train_000027,high_low_ratio,POL PC1,0.656396210193634,False,92
train_000027,high_low_ratio,POL PC2,0.7082337737083435,False,91
train_000027,high_low_ratio,POL PC3,0.9950724840164185,False,84
train_000027,high_low_ratio,POL PC4,0.7266985177993774,False,90
train_000027,high_low_ratio,POL PC5,1.2295087575912476,False,76
train_000027,high_low_ratio,POL PC6,1.6315951347351074,False,55
train_000027,high_low_ratio,POL PC7,1.3069456815719604,False,71
train_000027,high_low_ratio,POL R11,1.4099135398864746,False,66
train_000027,high_low_ratio,POL R12,3.2288362979888916,False,7
train_000027,high_low_ratio,POL PC8,2.4476709365844727,False,19
train_000027,high_low_ratio,POL PC9,1.2832177877426147,False,73
train_000027,high_low_ratio,EEG F1-Ref,1.8699555397033691,False,43
train_000027,high_low_ratio,EEG F2-Ref,0.7953597903251648,False,89
train_000027,high_low_ratio,EEG F3-Ref,1.7355802059173584,False,49
train_000027,high_low_ratio,EEG F4-Ref,1.7110742330551147,False,50
train_000027,high_low_ratio,EEG F5-Ref,2.488760471343994,False,18
train_000027,high_low_ratio,EEG F6-Ref,3.661818265914917,False,3
train_000027,high_low_ratio,EEG F7-Ref,1.9365127086639404,False,38
train_000027,high_low_ratio,POL G1,1.4597153663635254,False,62
train_000027,high_low_ratio,POL G2,0.9382670521736145,False,86
train_000027,high_low_ratio,POL G3,1.4949603080749512,False,60
train_000027,high_low_ratio,POL G4,1.6367448568344116,False,54
train_000027,high_low_ratio,POL G5,1.6239449977874756,False,56
train_000027,high_low_ratio,POL G6,2.0322275161743164,False,31
train_000027,high_low_ratio,POL G7,2.6245200634002686,False,15
train_000027,high_low_ratio,POL H1,1.7094109058380127,False,51
train_000027,high_low_ratio,POL H2,1.337153434753418,False,69
train_000027,high_low_ratio,POL H3,1.1938360929489136,False,77
train_000027,high_low_ratio,POL H4,1.3084986209869385,False,70
train_000027,high_low_ratio,POL H5,1.9402210712432861,False,37
train_000027,high_low_ratio,POL H6,2.608863592147827,False,16
train_000027,high_low_ratio,POL H7,1.8824431896209717,False,42
train_000027,high_low_ratio,POL H8,1.9747234582901,False,35
train_000027,high_low_ratio,POL H9,2.3805556297302246,False,21
train_000027,high_low_ratio,POL I1,1.4301800727844238,False,65
train_000027,high_low_ratio,POL I2,1.1409248113632202,False,79
train_000027,high_low_ratio,POL I3,1.4538822174072266,True,63
train_000027,high_low_ratio,POL I4,1.0467729568481445,True,82
train_000027,high_low_ratio,POL I5,1.1018718481063843,False,80
train_000027,high_low_ratio,POL I6,0.8214229941368103,False,88
train_000027,high_low_ratio,POL T1,1.5902529954910278,False,57
train_000027,high_low_ratio,POL T2,0.9465430974960327,False,85
train_000027,high_low_ratio,EEG T3-Ref,1.063434362411499,False,81
train_000027,high_low_ratio,EEG T4-Ref,1.912488341331482,False,40
train_000027,high_low_ratio,EEG T5-Ref,1.3808882236480713,False,68
train_000027,high_low_ratio,EEG T6-Ref,1.492932915687561,False,61
train_000027,high_low_ratio,EEG T7-Ref,1.7037538290023804,False,52
train_000027,high_low_ratio,EEG T8-Ref,2.0322701930999756,False,30
train_000027,high_low_ratio,EEG T9-Ref,2.3151957988739014,False,23
train_000027,high_low_ratio,EEG T10-Ref,2.2916860580444336,False,24
train_000027,high_low_ratio,POL B1,3.205636501312256,True,8
train_000027,high_low_ratio,POL B2,2.816688299179077,True,13
train_000027,high_low_ratio,POL B3,1.963716983795166,True,36
train_000027,high_low_ratio,POL B4,2.0344302654266357,True,29
train_000027,high_low_ratio,POL B5,3.0465331077575684,False,9
train_000027,high_low_ratio,POL B6,2.4194066524505615,False,20
train_000027,high_low_ratio,POL B7,2.0290963649749756,False,32
train_000027,high_low_ratio,POL B8,1.4405022859573364,False,64
train_000027,high_low_ratio,POL B9,1.741585373878479,False,48
train_000027,high_low_ratio,POL B10,1.6972885131835938,False,53
train_000027,high_low_ratio,POL B11,1.7790883779525757,False,45
train_000027,high_low_ratio,POL B12,1.7948976755142212,False,44
train_000027,high_low_ratio,POL B13,4.337570667266846,False,2
train_000027,high_low_ratio,EEG M1-Ref,2.928370237350464,True,11
train_000027,high_low_ratio,EEG M2-Ref,3.2994589805603027,True,6
train_000027,high_low_ratio,POL M3,4.445456504821777,True,1
train_000027,high_low_ratio,POL M4,1.8855069875717163,False,41
train_000027,high_low_ratio,POL M5,2.753523111343384,False,14
train_000027,high_low_ratio,POL M6,2.024726629257202,False,33
train_000027,high_low_ratio,POL N1,0.8662741780281067,True,87
train_000027,high_low_ratio,POL N2,1.1664714813232422,False,78
train_000027,high_low_ratio,POL N3,1.7475277185440063,False,47
train_000027,high_low_ratio,POL N4,1.9189245700836182,False,39
train_000027,high_low_ratio,EEG O1-Ref,1.239837408065796,False,75
train_000027,high_low_ratio,EEG O2-Ref,2.0917129516601562,False,27
train_000027,high_low_ratio,POL O3,2.1377391815185547,False,26
train_000027,high_low_ratio,POL O4,1.3916517496109009,False,67
train_000027,high_low_ratio,POL O5,1.513181209564209,False,59
train_000027,low_frequency_suppression,POL R1,1.9688820838928223,False,50
train_000027,low_frequency_suppression,POL R2,2.0093183517456055,False,46
train_000027,low_frequency_suppression,POL R3,1.3978129625320435,False,78
train_000027,low_frequency_suppression,POL R4,1.4917689561843872,False,71
train_000027,low_frequency_suppression,POL R5,2.059077262878418,False,42
train_000027,low_frequency_suppression,POL R6,2.801032543182373,False,14
train_000027,low_frequency_suppression,POL R7,3.3292407989501953,False,9
train_000027,low_frequency_suppression,POL R8,1.7543401718139648,False,60
train_000027,low_frequency_suppression,POL R9,2.1841180324554443,False,36
train_000027,low_frequency_suppression,POL R10,2.5013926029205322,False,27
train_000027,low_frequency_suppression,POL R13,1.4237890243530273,False,73
train_000027,low_frequency_suppression,POL R14,2.1988308429718018,False,34
train_000027,low_frequency_suppression,POL R15,2.692843437194824,False,19
train_000027,low_frequency_suppression,POL R16,2.41988468170166,False,29
train_000027,low_frequency_suppression,POL PC1,1.9374275207519531,False,52
train_000027,low_frequency_suppression,POL PC2,1.9228047132492065,False,54
train_000027,low_frequency_suppression,POL PC3,2.966548204421997,False,12
train_000027,low_frequency_suppression,POL PC4,2.577388286590576,False,22
train_000027,low_frequency_suppression,POL PC5,2.458421230316162,False,28
train_000027,low_frequency_suppression,POL PC6,2.7027692794799805,False,18
train_000027,low_frequency_suppression,POL PC7,1.4157744646072388,False,76
train_000027,low_frequency_suppression,POL R11,1.984557032585144,False,49
train_000027,low_frequency_suppression,POL R12,3.5918734073638916,False,5
train_000027,low_frequency_suppression,POL PC8,2.6672723293304443,False,20
train_000027,low_frequency_suppression,POL PC9,1.5670675039291382,False,67
train_000027,low_frequency_suppression,EEG F1-Ref,1.9910342693328857,False,48
train_000027,low_frequency_suppression,EEG F2-Ref,0.6491924524307251,False,92
train_000027,low_frequency_suppression,EEG F3-Ref,1.175215721130371,False,84
train_000027,low_frequency_suppression,EEG F4-Ref,2.7576394081115723,False,16
train_000027,low_frequency_suppression,EEG F5-Ref,2.2808871269226074,False,31
train_000027,low_frequency_suppression,EEG F6-Ref,3.349344253540039,False,8
train_000027,low_frequency_suppression,EEG F7-Ref,2.859560012817383,False,13
train_000027,low_frequency_suppression,POL G1,2.1423122882843018,False,39
train_000027,low_frequency_suppression,POL G2,2.2253787517547607,False,33
train_000027,low_frequency_suppression,POL G3,2.062669515609741,False,41
train_000027,low_frequency_suppression,POL G4,1.6859052181243896,False,62
train_000027,low_frequency_suppression,POL G5,2.0317728519439697,False,44
train_000027,low_frequency_suppression,POL G6,2.159109592437744,False,38
train_000027,low_frequency_suppression,POL G7,2.9757680892944336,False,11
train_000027,low_frequency_suppression,POL H1,2.5583035945892334,False,24
train_000027,low_frequency_suppression,POL H2,1.9364018440246582,False,53
train_000027,low_frequency_suppression,POL H3,1.491304874420166,False,72
train_000027,low_frequency_suppression,POL H4,1.3135201930999756,False,79
train_000027,low_frequency_suppression,POL H5,1.4155880212783813,False,77
train_000027,low_frequency_suppression,POL H6,1.5455398559570312,False,69
train_000027,low_frequency_suppression,POL H7,1.6346442699432373,False,64
train_000027,low_frequency_suppression,POL H8,2.4157581329345703,False,30
train_000027,low_frequency_suppression,POL H9,2.6175482273101807,False,21
train_000027,low_frequency_suppression,POL I1,1.5539051294326782,False,68
train_000027,low_frequency_suppression,POL I2,1.4174463748931885,False,74
train_000027,low_frequency_suppression,POL I3,1.0401334762573242,True,87
train_000027,low_frequency_suppression,POL I4,1.0191454887390137,True,88
train_000027,low_frequency_suppression,POL I5,0.7629457712173462,False,90
train_000027,low_frequency_suppression,POL I6,0.7508835792541504,False,91
train_000027,low_frequency_suppression,POL T1,1.7128502130508423,False,61
train_000027,low_frequency_suppression,POL T2,1.5892184972763062,False,66
train_000027,low_frequency_suppression,EEG T3-Ref,1.2568354606628418,False,80
train_000027,low_frequency_suppression,EEG T4-Ref,3.563145875930786,False,6
train_000027,low_frequency_suppression,EEG T5-Ref,3.459866523742676,False,7
train_000027,low_frequency_suppression,EEG T6-Ref,3.7708232402801514,False,4
train_000027,low_frequency_suppression,EEG T7-Ref,3.0132954120635986,False,10
train_000027,low_frequency_suppression,EEG T8-Ref,2.041074514389038,False,43
train_000027,low_frequency_suppression,EEG T9-Ref,4.062344551086426,False,3
train_000027,low_frequency_suppression,EEG T10-Ref,1.8317612409591675,False,57
train_000027,low_frequency_suppression,POL B1,2.194885015487671,True,35
train_000027,low_frequency_suppression,POL B2,2.001067876815796,True,47
train_000027,low_frequency_suppression,POL B3,1.4163752794265747,True,75
train_000027,low_frequency_suppression,POL B4,1.623157262802124,True,65
train_000027,low_frequency_suppression,POL B5,2.5067176818847656,False,26
train_000027,low_frequency_suppression,POL B6,1.9628392457962036,False,51
train_000027,low_frequency_suppression,POL B7,1.8619648218154907,False,55
train_000027,low_frequency_suppression,POL B8,1.8442164659500122,False,56
train_000027,low_frequency_suppression,POL B9,2.0218098163604736,False,45
train_000027,low_frequency_suppression,POL B10,0.9956287741661072,False,89
train_000027,low_frequency_suppression,POL B11,1.197451114654541,False,82
train_000027,low_frequency_suppression,POL B12,1.5102990865707397,False,70
train_000027,low_frequency_suppression,POL B13,4.799180507659912,False,2
train_000027,low_frequency_suppression,EEG M1-Ref,2.5656633377075195,True,23
train_000027,low_frequency_suppression,EEG M2-Ref,2.8002402782440186,True,15
train_000027,low_frequency_suppression,POL M3,5.073123455047607,True,1
train_000027,low_frequency_suppression,POL M4,1.7636395692825317,False,59
train_000027,low_frequency_suppression,POL M5,2.5487704277038574,False,25
train_000027,low_frequency_suppression,POL M6,2.75601863861084,False,17
train_000027,low_frequency_suppression,POL N1,1.659461259841919,True,63
train_000027,low_frequency_suppression,POL N2,2.1602535247802734,False,37
train_000027,low_frequency_suppression,POL N3,1.1920366287231445,False,83
train_000027,low_frequency_suppression,POL N4,2.0681357383728027,False,40
train_000027,low_frequency_suppression,EEG O1-Ref,1.798552393913269,False,58
train_000027,low_frequency_suppression,EEG O2-Ref,1.229231595993042,False,81
train_000027,low_frequency_suppression,POL O3,1.1459660530090332,False,85
train_000027,low_frequency_suppression,POL O4,1.1314252614974976,False,86
train_000027,low_frequency_suppression,POL O5,2.23054838180542,False,32
train_000027,spectral_centroid,POL R1,3.3964428901672363,False,52
train_000027,spectral_centroid,POL R2,4.467329025268555,False,36
train_000027,spectral_centroid,POL R3,3.9052836894989014,False,42
train_000027,spectral_centroid,POL R4,3.5157387256622314,False,48
train_000027,spectral_centroid,POL R5,2.810811758041382,False,63
train_000027,spectral_centroid,POL R6,5.247855186462402,False,29
train_000027,spectral_centroid,POL R7,6.60446310043335,False,21
train_000027,spectral_centroid,POL R8,3.710596799850464,False,43
train_000027,spectral_centroid,POL R9,3.5062036514282227,False,50
train_000027,spectral_centroid,POL R10,3.5543174743652344,False,46
train_000027,spectral_centroid,POL R13,2.447636127471924,False,68
train_000027,spectral_centroid,POL R14,3.5537428855895996,False,47
train_000027,spectral_centroid,POL R15,6.351615905761719,False,23
train_000027,spectral_centroid,POL R16,19.533628463745117,False,1
train_000027,spectral_centroid,POL PC1,1.4743812084197998,False,86
train_000027,spectral_centroid,POL PC2,1.2285455465316772,False,91
train_000027,spectral_centroid,POL PC3,2.7347710132598877,False,64
train_000027,spectral_centroid,POL PC4,1.7791882753372192,False,79
train_000027,spectral_centroid,POL PC5,1.5441592931747437,False,85
train_000027,spectral_centroid,POL PC6,1.8954651355743408,False,76
train_000027,spectral_centroid,POL PC7,1.7798086404800415,False,78
train_000027,spectral_centroid,POL R11,1.7225159406661987,False,82
train_000027,spectral_centroid,POL R12,4.838160514831543,False,31
train_000027,spectral_centroid,POL PC8,2.978949546813965,False,58
train_000027,spectral_centroid,POL PC9,7.171568870544434,False,16
train_000027,spectral_centroid,EEG F1-Ref,3.4207286834716797,False,51
train_000027,spectral_centroid,EEG F2-Ref,1.3093712329864502,False,89
train_000027,spectral_centroid,EEG F3-Ref,1.901898741722107,False,75
train_000027,spectral_centroid,EEG F4-Ref,2.8335394859313965,False,62
train_000027,spectral_centroid,EEG F5-Ref,2.137993574142456,False,72
train_000027,spectral_centroid,EEG F6-Ref,4.426997184753418,False,38
train_000027,spectral_centroid,EEG F7-Ref,7.158840656280518,False,17
train_000027,spectral_centroid,POL G1,1.2506463527679443,False,90
train_000027,spectral_centroid,POL G2,0.9121946692466736,False,92
train_000027,spectral_centroid,POL G3,1.7709803581237793,False,80
train_000027,spectral_centroid,POL G4,2.434174060821533,False,69
train_000027,spectral_centroid,POL G5,1.8112022876739502,False,77
train_000027,spectral_centroid,POL G6,1.4638192653656006,False,87
train_000027,spectral_centroid,POL G7,6.499356746673584,False,22
train_000027,spectral_centroid,POL H1,2.681671619415283,False,65
train_000027,spectral_centroid,POL H2,2.617259979248047,False,66
train_000027,spectral_centroid,POL H3,2.887601375579834,False,60
train_000027,spectral_centroid,POL H4,3.1767611503601074,False,56
train_000027,spectral_centroid,POL H5,3.5085830688476562,False,49
train_000027,spectral_centroid,POL H6,3.6554994583129883,False,45
train_000027,spectral_centroid,POL H7,3.174196243286133,False,57
train_000027,spectral_centroid,POL H8,2.357053756713867,False,70
train_000027,spectral_centroid,POL H9,6.70170259475708,False,19
train_000027,spectral_centroid,POL I1,5.543084621429443,False,27
train_000027,spectral_centroid,POL I2,3.7099850177764893,False,44
train_000027,spectral_centroid,POL I3,2.225626230239868,True,71
train_000027,spectral_centroid,POL I4,2.8697829246520996,True,61
train_000027,spectral_centroid,POL I5,2.120901584625244,False,74
train_000027,spectral_centroid,POL I6,1.745461106300354,False,81
train_000027,spectral_centroid,POL T1,3.2450339794158936,False,54
train_000027,spectral_centroid,POL T2,1.5991780757904053,False,84
train_000027,spectral_centroid,EEG T3-Ref,3.38116717338562,False,53
train_000027,spectral_centroid,EEG T4-Ref,17.179927825927734,False,2
train_000027,spectral_centroid,EEG T5-Ref,13.188039779663086,False,3
train_000027,spectral_centroid,EEG T6-Ref,9.9531888961792,False,6
train_000027,spectral_centroid,EEG T7-Ref,7.674916744232178,False,15
train_000027,spectral_centroid,EEG T8-Ref,5.842524528503418,False,26
train_000027,spectral_centroid,EEG T9-Ref,10.457725524902344,False,5
train_000027,spectral_centroid,EEG T10-Ref,7.05797004699707,False,18
train_000027,spectral_centroid,POL B1,4.443210124969482,True,37
train_000027,spectral_centroid,POL B2,4.368288040161133,True,39
train_000027,spectral_centroid,POL B3,4.586504936218262,True,34
train_000027,spectral_centroid,POL B4,5.422825336456299,True,28
train_000027,spectral_centroid,POL B5,11.143601417541504,False,4
train_000027,spectral_centroid,POL B6,9.276933670043945,False,8
train_000027,spectral_centroid,POL B7,7.980190753936768,False,12
train_000027,spectral_centroid,POL B8,4.5560479164123535,False,35
train_000027,spectral_centroid,POL B9,2.533005952835083,False,67
train_000027,spectral_centroid,POL B10,2.1274890899658203,False,73
train_000027,spectral_centroid,POL B11,2.8878939151763916,False,59
train_000027,spectral_centroid,POL B12,6.3454508781433105,False,24
train_000027,spectral_centroid,POL B13,7.732544898986816,False,14
train_000027,spectral_centroid,EEG M1-Ref,9.630219459533691,True,7
train_000027,spectral_centroid,EEG M2-Ref,7.828304767608643,True,13
train_000027,spectral_centroid,POL M3,9.094690322875977,True,10
train_000027,spectral_centroid,POL M4,5.8676042556762695,False,25
train_000027,spectral_centroid,POL M5,6.617517471313477,False,20
train_000027,spectral_centroid,POL M6,8.062036514282227,False,11
train_000027,spectral_centroid,POL N1,1.6083171367645264,True,83
train_000027,spectral_centroid,POL N2,4.339597225189209,False,40
train_000027,spectral_centroid,POL N3,4.2965240478515625,False,41
train_000027,spectral_centroid,POL N4,9.142618179321289,False,9
train_000027,spectral_centroid,EEG O1-Ref,5.1361188888549805,False,30
train_000027,spectral_centroid,EEG O2-Ref,4.714001655578613,False,33
train_000027,spectral_centroid,POL O3,3.240797996520996,False,55
train_000027,spectral_centroid,POL O4,1.4203273057937622,False,88
train_000027,spectral_centroid,POL O5,4.836702823638916,False,32
train_000027,spectral_entropy_change,POL R1,1.548992395401001,False,82
train_000027,spectral_entropy_change,POL R2,2.6392109394073486,False,33
train_000027,spectral_entropy_change,POL R3,2.5408849716186523,False,37
train_000027,spectral_entropy_change,POL R4,1.923368215560913,False,64
train_000027,spectral_entropy_change,POL R5,1.399141788482666,False,87
train_000027,spectral_entropy_change,POL R6,3.0618736743927,False,21
train_000027,spectral_entropy_change,POL R7,3.7386248111724854,False,6
train_000027,spectral_entropy_change,POL R8,2.600806713104248,False,34
train_000027,spectral_entropy_change,POL R9,2.6533596515655518,False,32
train_000027,spectral_entropy_change,POL R10,2.1295559406280518,False,52
train_000027,spectral_entropy_change,POL R13,1.885581135749817,False,67
train_000027,spectral_entropy_change,POL R14,2.200965166091919,False,50
train_000027,spectral_entropy_change,POL R15,2.3089163303375244,False,45
train_000027,spectral_entropy_change,POL R16,3.942067861557007,False,5
train_000027,spectral_entropy_change,POL PC1,1.290833592414856,False,89
train_000027,spectral_entropy_change,POL PC2,1.9290211200714111,False,62
train_000027,spectral_entropy_change,POL PC3,2.9831085205078125,False,23
train_000027,spectral_entropy_change,POL PC4,3.2578213214874268,False,14
train_000027,spectral_entropy_change,POL PC5,2.84496808052063,False,29
train_000027,spectral_entropy_change,POL PC6,2.9367480278015137,False,25
train_000027,spectral_entropy_change,POL PC7,2.8958253860473633,False,26
train_000027,spectral_entropy_change,POL R11,1.2193336486816406,False,90
train_000027,spectral_entropy_change,POL R12,2.712433338165283,False,30
train_000027,spectral_entropy_change,POL PC8,1.9894829988479614,False,59
train_000027,spectral_entropy_change,POL PC9,2.5821611881256104,False,36
train_000027,spectral_entropy_change,EEG F1-Ref,2.2029404640197754,False,49
train_000027,spectral_entropy_change,EEG F2-Ref,1.1719162464141846,False,92
train_000027,spectral_entropy_change,EEG F3-Ref,1.6357299089431763,False,80
train_000027,spectral_entropy_change,EEG F4-Ref,1.9331316947937012,False,61
train_000027,spectral_entropy_change,EEG F5-Ref,2.0959324836730957,False,53
train_000027,spectral_entropy_change,EEG F6-Ref,2.589390277862549,False,35
train_000027,spectral_entropy_change,EEG F7-Ref,2.0955255031585693,False,54
train_000027,spectral_entropy_change,POL G1,2.417154550552368,False,43
train_000027,spectral_entropy_change,POL G2,2.4813413619995117,False,40
train_000027,spectral_entropy_change,POL G3,2.0671188831329346,False,56
train_000027,spectral_entropy_change,POL G4,2.3045942783355713,False,46
train_000027,spectral_entropy_change,POL G5,1.4878058433532715,False,84
train_000027,spectral_entropy_change,POL G6,2.2071120738983154,False,48
train_000027,spectral_entropy_change,POL G7,4.361630916595459,False,2
train_000027,spectral_entropy_change,POL H1,2.0927658081054688,False,55
train_000027,spectral_entropy_change,POL H2,1.7633565664291382,False,74
train_000027,spectral_entropy_change,POL H3,1.756109595298767,False,75
train_000027,spectral_entropy_change,POL H4,1.972602367401123,False,60
train_000027,spectral_entropy_change,POL H5,1.7255194187164307,False,76
train_000027,spectral_entropy_change,POL H6,1.4007569551467896,False,86
train_000027,spectral_entropy_change,POL H7,1.7805875539779663,False,72
train_000027,spectral_entropy_change,POL H8,1.7669956684112549,False,73
train_000027,spectral_entropy_change,POL H9,3.477567195892334,False,9
train_000027,spectral_entropy_change,POL I1,2.1807472705841064,False,51
train_000027,spectral_entropy_change,POL I2,1.507741093635559,False,83
train_000027,spectral_entropy_change,POL I3,1.6384005546569824,True,79
train_000027,spectral_entropy_change,POL I4,1.8695639371871948,True,68
train_000027,spectral_entropy_change,POL I5,1.9021174907684326,False,66
train_000027,spectral_entropy_change,POL I6,1.1809674501419067,False,91
train_000027,spectral_entropy_change,POL T1,2.3044955730438232,False,47
train_000027,spectral_entropy_change,POL T2,1.7823666334152222,False,71
train_000027,spectral_entropy_change,EEG T3-Ref,1.4333784580230713,False,85
train_000027,spectral_entropy_change,EEG T4-Ref,3.5519425868988037,False,7
train_000027,spectral_entropy_change,EEG T5-Ref,3.2147057056427,False,16
train_000027,spectral_entropy_change,EEG T6-Ref,4.03104305267334,False,4
train_000027,spectral_entropy_change,EEG T7-Ref,3.1024727821350098,False,20
train_000027,spectral_entropy_change,EEG T8-Ref,2.885915994644165,False,28
train_000027,spectral_entropy_change,EEG T9-Ref,4.261662006378174,False,3
train_000027,spectral_entropy_change,EEG T10-Ref,2.535475254058838,False,38
train_000027,spectral_entropy_change,POL B1,2.4104502201080322,True,44
train_000027,spectral_entropy_change,POL B2,2.0256569385528564,True,57
train_000027,spectral_entropy_change,POL B3,3.3157989978790283,True,12
train_000027,spectral_entropy_change,POL B4,3.016798973083496,True,22
train_000027,spectral_entropy_change,POL B5,5.248513221740723,False,1
train_000027,spectral_entropy_change,POL B6,3.377918004989624,False,10
train_000027,spectral_entropy_change,POL B7,2.525852918624878,False,39
train_000027,spectral_entropy_change,POL B8,2.427520275115967,False,42
train_000027,spectral_entropy_change,POL B9,1.92120361328125,False,65
train_000027,spectral_entropy_change,POL B10,1.7119771242141724,False,77
train_000027,spectral_entropy_change,POL B11,1.8083223104476929,False,70
train_000027,spectral_entropy_change,POL B12,2.8890907764434814,False,27
train_000027,spectral_entropy_change,POL B13,3.2952537536621094,False,13
train_000027,spectral_entropy_change,EEG M1-Ref,3.1678807735443115,True,17
train_000027,spectral_entropy_change,EEG M2-Ref,3.515695095062256,True,8
train_000027,spectral_entropy_change,POL M3,3.1251513957977295,True,18
train_000027,spectral_entropy_change,POL M4,2.9556524753570557,False,24
train_000027,spectral_entropy_change,POL M5,3.3484506607055664,False,11
train_000027,spectral_entropy_change,POL M6,3.103917360305786,False,19
train_000027,spectral_entropy_change,POL N1,1.392275094985962,True,88
train_000027,spectral_entropy_change,POL N2,1.9269213676452637,False,63
train_000027,spectral_entropy_change,POL N3,2.0052413940429688,False,58
train_000027,spectral_entropy_change,POL N4,3.2414166927337646,False,15
train_000027,spectral_entropy_change,EEG O1-Ref,2.478571891784668,False,41
train_000027,spectral_entropy_change,EEG O2-Ref,1.8268306255340576,False,69
train_000027,spectral_entropy_change,POL O3,1.6028586626052856,False,81
train_000027,spectral_entropy_change,POL O4,2.6968159675598145,False,31
train_000027,spectral_entropy_change,POL O5,1.6780459880828857,False,78
train_000027,rhythmicity,POL R1,0.7361323237419128,False,82
train_000027,rhythmicity,POL R2,2.11974835395813,False,6
train_000027,rhythmicity,POL R3,0.6155977845191956,False,86
train_000027,rhythmicity,POL R4,1.1086764335632324,False,64
train_000027,rhythmicity,POL R5,1.9785691499710083,False,13
train_000027,rhythmicity,POL R6,1.3823699951171875,False,45
train_000027,rhythmicity,POL R7,0.7150595188140869,False,83
train_000027,rhythmicity,POL R8,1.1292788982391357,False,63
train_000027,rhythmicity,POL R9,1.5756884813308716,False,30
train_000027,rhythmicity,POL R10,1.959652066230774,False,14
train_000027,rhythmicity,POL R13,1.7358720302581787,False,20
train_000027,rhythmicity,POL R14,1.5042030811309814,False,34
train_000027,rhythmicity,POL R15,1.7040387392044067,False,21
train_000027,rhythmicity,POL R16,1.578575849533081,False,29
train_000027,rhythmicity,POL PC1,1.4692226648330688,False,37
train_000027,rhythmicity,POL PC2,1.2937955856323242,False,50
train_000027,rhythmicity,POL PC3,1.3844324350357056,False,44
train_000027,rhythmicity,POL PC4,2.1813485622406006,False,4
train_000027,rhythmicity,POL PC5,1.5348894596099854,False,32
train_000027,rhythmicity,POL PC6,1.6356419324874878,False,22
train_000027,rhythmicity,POL PC7,2.313751697540283,False,3
train_000027,rhythmicity,POL R11,1.2740974426269531,False,53
train_000027,rhythmicity,POL R12,1.4663978815078735,False,38
train_000027,rhythmicity,POL PC8,1.4700675010681152,False,36
train_000027,rhythmicity,POL PC9,0.35540011525154114,False,90
train_000027,rhythmicity,EEG F1-Ref,1.213144063949585,False,58
train_000027,rhythmicity,EEG F2-Ref,1.5323444604873657,False,33
train_000027,rhythmicity,EEG F3-Ref,1.6098161935806274,False,25
train_000027,rhythmicity,EEG F4-Ref,2.8102235794067383,False,1
train_000027,rhythmicity,EEG F5-Ref,1.451979160308838,False,39
train_000027,rhythmicity,EEG F6-Ref,2.1137535572052,False,7
train_000027,rhythmicity,EEG F7-Ref,0.8810590505599976,False,76
train_000027,rhythmicity,POL G1,2.129847526550293,False,5
train_000027,rhythmicity,POL G2,1.4102007150650024,False,42
train_000027,rhythmicity,POL G3,0.9274198412895203,False,74
train_000027,rhythmicity,POL G4,0.7755260467529297,False,78
train_000027,rhythmicity,POL G5,1.2748585939407349,False,52
train_000027,rhythmicity,POL G6,1.229305624961853,False,55
train_000027,rhythmicity,POL G7,1.7629387378692627,False,18
train_000027,rhythmicity,POL H1,1.4042916297912598,False,43
train_000027,rhythmicity,POL H2,1.7603800296783447,False,19
train_000027,rhythmicity,POL H3,1.7766392230987549,False,17
train_000027,rhythmicity,POL H4,1.8673981428146362,False,16
train_000027,rhythmicity,POL H5,2.08780837059021,False,8
train_000027,rhythmicity,POL H6,1.536776065826416,False,31
train_000027,rhythmicity,POL H7,0.8274845480918884,False,77
train_000027,rhythmicity,POL H8,1.4360331296920776,False,40
train_000027,rhythmicity,POL H9,1.924930453300476,False,15
train_000027,rhythmicity,POL I1,1.6194549798965454,False,23
train_000027,rhythmicity,POL I2,1.5908381938934326,False,28
train_000027,rhythmicity,POL I3,1.1321651935577393,True,62
train_000027,rhythmicity,POL I4,0.9553266763687134,True,72
train_000027,rhythmicity,POL I5,1.2248039245605469,False,56
train_000027,rhythmicity,POL I6,0.7499377727508545,False,80
train_000027,rhythmicity,POL T1,1.6002269983291626,False,26
train_000027,rhythmicity,POL T2,1.143626093864441,False,61
train_000027,rhythmicity,EEG T3-Ref,0.9944028854370117,False,71
train_000027,rhythmicity,EEG T4-Ref,1.2166869640350342,False,57
train_000027,rhythmicity,EEG T5-Ref,0.7368668913841248,False,81
train_000027,rhythmicity,EEG T6-Ref,1.2849980592727661,False,51
train_000027,rhythmicity,EEG T7-Ref,1.0600767135620117,False,67
train_000027,rhythmicity,EEG T8-Ref,0.7520500421524048,False,79
train_000027,rhythmicity,EEG T9-Ref,2.081765651702881,False,9
train_000027,rhythmicity,EEG T10-Ref,2.794776439666748,False,2
train_000027,rhythmicity,POL B1,0.637191116809845,True,84
train_000027,rhythmicity,POL B2,1.0175336599349976,True,70
train_000027,rhythmicity,POL B3,1.3469798564910889,True,48
train_000027,rhythmicity,POL B4,1.9855852127075195,True,12
train_000027,rhythmicity,POL B5,1.0912721157073975,False,65
train_000027,rhythmicity,POL B6,0.20938876271247864,False,92
train_000027,rhythmicity,POL B7,0.5421507954597473,False,88
train_000027,rhythmicity,POL B8,0.3585682213306427,False,89
train_000027,rhythmicity,POL B9,0.6339371800422668,False,85
train_000027,rhythmicity,POL B10,1.0321089029312134,False,69
train_000027,rhythmicity,POL B11,2.0426971912384033,False,11
train_000027,rhythmicity,POL B12,1.3680864572525024,False,46
train_000027,rhythmicity,POL B13,1.330239176750183,False,49
train_000027,rhythmicity,EEG M1-Ref,1.4938631057739258,True,35
train_000027,rhythmicity,EEG M2-Ref,0.951958954334259,True,73
train_000027,rhythmicity,POL M3,0.3438662886619568,True,91
train_000027,rhythmicity,POL M4,0.8911017775535583,False,75
train_000027,rhythmicity,POL M5,1.594247579574585,False,27
train_000027,rhythmicity,POL M6,2.0525360107421875,False,10
train_000027,rhythmicity,POL N1,1.615121603012085,True,24
train_000027,rhythmicity,POL N2,1.085753083229065,False,66
train_000027,rhythmicity,POL N3,1.1702063083648682,False,60
train_000027,rhythmicity,POL N4,1.4334179162979126,False,41
train_000027,rhythmicity,EEG O1-Ref,1.0403167009353638,False,68
train_000027,rhythmicity,EEG O2-Ref,1.3513200283050537,False,47
train_000027,rhythmicity,POL O3,1.2302128076553345,False,54
train_000027,rhythmicity,POL O4,1.2120614051818848,False,59
train_000027,rhythmicity,POL O5,0.5523298382759094,False,87
train_000027,multiband_fast_activity,POL R1,2.4274537563323975,False,32
train_000027,multiband_fast_activity,POL R2,1.8118896484375,False,53
train_000027,multiband_fast_activity,POL R3,1.9081965684890747,False,47
train_000027,multiband_fast_activity,POL R4,1.8625441789627075,False,50
train_000027,multiband_fast_activity,POL R5,1.7456257343292236,False,56
train_000027,multiband_fast_activity,POL R6,2.1963305473327637,False,38
train_000027,multiband_fast_activity,POL R7,1.4649187326431274,False,62
train_000027,multiband_fast_activity,POL R8,1.5142978429794312,False,61
train_000027,multiband_fast_activity,POL R9,1.5691243410110474,False,60
train_000027,multiband_fast_activity,POL R10,1.7894773483276367,False,54
train_000027,multiband_fast_activity,POL R13,0.825874924659729,False,73
train_000027,multiband_fast_activity,POL R14,2.23016095161438,False,37
train_000027,multiband_fast_activity,POL R15,1.7695651054382324,False,55
train_000027,multiband_fast_activity,POL R16,2.3194456100463867,False,34
train_000027,multiband_fast_activity,POL PC1,0.9628031253814697,False,72
train_000027,multiband_fast_activity,POL PC2,0.6840737462043762,False,79
train_000027,multiband_fast_activity,POL PC3,0.3543177843093872,False,89
train_000027,multiband_fast_activity,POL PC4,0.19556690752506256,False,91
train_000027,multiband_fast_activity,POL PC5,0.5240375399589539,False,85
train_000027,multiband_fast_activity,POL PC6,0.7168874740600586,False,78
train_000027,multiband_fast_activity,POL PC7,1.221411943435669,False,69
train_000027,multiband_fast_activity,POL R11,0.8153527975082397,False,74
train_000027,multiband_fast_activity,POL R12,0.5529703497886658,False,82
train_000027,multiband_fast_activity,POL PC8,0.6570568680763245,False,81
train_000027,multiband_fast_activity,POL PC9,2.0314736366271973,False,44
train_000027,multiband_fast_activity,EEG F1-Ref,1.6326993703842163,False,57
train_000027,multiband_fast_activity,EEG F2-Ref,0.4637073278427124,False,86
train_000027,multiband_fast_activity,EEG F3-Ref,0.4324173033237457,False,87
train_000027,multiband_fast_activity,EEG F4-Ref,1.1655970811843872,False,70
train_000027,multiband_fast_activity,EEG F5-Ref,1.3519246578216553,False,65
train_000027,multiband_fast_activity,EEG F6-Ref,0.6757473945617676,False,80
train_000027,multiband_fast_activity,EEG F7-Ref,1.3098257780075073,False,67
train_000027,multiband_fast_activity,POL G1,0.2501792013645172,False,90
train_000027,multiband_fast_activity,POL G2,-0.02064458280801773,False,92
train_000027,multiband_fast_activity,POL G3,0.4065529406070709,False,88
train_000027,multiband_fast_activity,POL G4,0.5273796916007996,False,84
train_000027,multiband_fast_activity,POL G5,0.7529544830322266,False,76
train_000027,multiband_fast_activity,POL G6,0.7957962155342102,False,75
train_000027,multiband_fast_activity,POL G7,3.169985055923462,False,20
train_000027,multiband_fast_activity,POL H1,2.1104958057403564,False,40
train_000027,multiband_fast_activity,POL H2,1.908044457435608,False,48
train_000027,multiband_fast_activity,POL H3,1.957281231880188,False,45
train_000027,multiband_fast_activity,POL H4,1.9505916833877563,False,46
train_000027,multiband_fast_activity,POL H5,2.0848755836486816,False,42
train_000027,multiband_fast_activity,POL H6,2.632356882095337,False,27
train_000027,multiband_fast_activity,POL H7,3.0187063217163086,False,23
train_000027,multiband_fast_activity,POL H8,3.371399402618408,False,18
train_000027,multiband_fast_activity,POL H9,3.4971039295196533,False,16
train_000027,multiband_fast_activity,POL I1,2.9611473083496094,False,24
train_000027,multiband_fast_activity,POL I2,3.4261977672576904,False,17
train_000027,multiband_fast_activity,POL I3,4.7088727951049805,True,7
train_000027,multiband_fast_activity,POL I4,5.577512741088867,True,3
train_000027,multiband_fast_activity,POL I5,3.5743837356567383,False,14
train_000027,multiband_fast_activity,POL I6,5.77949333190918,False,1
train_000027,multiband_fast_activity,POL T1,1.6120585203170776,False,58
train_000027,multiband_fast_activity,POL T2,1.826488971710205,False,51
train_000027,multiband_fast_activity,EEG T3-Ref,2.245443820953369,False,36
train_000027,multiband_fast_activity,EEG T4-Ref,1.3935803174972534,False,64
train_000027,multiband_fast_activity,EEG T5-Ref,1.0225170850753784,False,71
train_000027,multiband_fast_activity,EEG T6-Ref,0.7475186586380005,False,77
train_000027,multiband_fast_activity,EEG T7-Ref,1.9008606672286987,False,49
train_000027,multiband_fast_activity,EEG T8-Ref,1.3418736457824707,False,66
train_000027,multiband_fast_activity,EEG T9-Ref,3.081467390060425,False,22
train_000027,multiband_fast_activity,EEG T10-Ref,2.0927302837371826,False,41
train_000027,multiband_fast_activity,POL B1,3.543570041656494,True,15
train_000027,multiband_fast_activity,POL B2,4.767860412597656,True,6
train_000027,multiband_fast_activity,POL B3,4.07307243347168,True,8
train_000027,multiband_fast_activity,POL B4,3.788379669189453,True,10
train_000027,multiband_fast_activity,POL B5,2.815747022628784,False,26
train_000027,multiband_fast_activity,POL B6,3.163130521774292,False,21
train_000027,multiband_fast_activity,POL B7,2.587592840194702,False,29
train_000027,multiband_fast_activity,POL B8,2.8955748081207275,False,25
train_000027,multiband_fast_activity,POL B9,1.5777982473373413,False,59
train_000027,multiband_fast_activity,POL B10,2.043938636779785,False,43
train_000027,multiband_fast_activity,POL B11,4.867076873779297,False,5
train_000027,multiband_fast_activity,POL B12,5.7580718994140625,False,2
train_000027,multiband_fast_activity,POL B13,5.142294883728027,False,4
train_000027,multiband_fast_activity,EEG M1-Ref,2.246366500854492,True,35
train_000027,multiband_fast_activity,EEG M2-Ref,3.9360814094543457,True,9
train_000027,multiband_fast_activity,POL M3,3.7065799236297607,True,12
train_000027,multiband_fast_activity,POL M4,3.199018716812134,False,19
train_000027,multiband_fast_activity,POL M5,3.6204941272735596,False,13
train_000027,multiband_fast_activity,POL M6,2.4070582389831543,False,33
train_000027,multiband_fast_activity,POL N1,0.5279493927955627,True,83
train_000027,multiband_fast_activity,POL N2,1.2648237943649292,False,68
train_000027,multiband_fast_activity,POL N3,3.735332489013672,False,11
train_000027,multiband_fast_activity,POL N4,2.5007545948028564,False,30
train_000027,multiband_fast_activity,EEG O1-Ref,1.4531807899475098,False,63
train_000027,multiband_fast_activity,EEG O2-Ref,2.156733989715576,False,39
train_000027,multiband_fast_activity,POL O3,1.822081208229065,False,52
train_000027,multiband_fast_activity,POL O4,2.482367992401123,False,31
train_000027,multiband_fast_activity,POL O5,2.6106350421905518,False,28
train_000027,fast_suppression_joint,POL R1,1.1804267168045044,False,42
train_000027,fast_suppression_joint,POL R2,1.3813393115997314,False,32
train_000027,fast_suppression_joint,POL R3,1.0460894107818604,False,47
train_000027,fast_suppression_joint,POL R4,0.7559704184532166,False,64
train_000027,fast_suppression_joint,POL R5,0.8024426698684692,False,63
train_000027,fast_suppression_joint,POL R6,1.2382001876831055,False,37
train_000027,fast_suppression_joint,POL R7,1.460543155670166,False,27
train_000027,fast_suppression_joint,POL R8,1.0004273653030396,False,53
train_000027,fast_suppression_joint,POL R9,0.9879122972488403,False,55
train_000027,fast_suppression_joint,POL R10,1.2355114221572876,False,38
train_000027,fast_suppression_joint,POL R13,0.18755877017974854,False,85
train_000027,fast_suppression_joint,POL R14,0.0,False,88
train_000027,fast_suppression_joint,POL R15,1.2201882600784302,False,40
train_000027,fast_suppression_joint,POL R16,2.075165271759033,False,11
train_000027,fast_suppression_joint,POL PC1,0.0,False,89
train_000027,fast_suppression_joint,POL PC2,0.0,False,90
train_000027,fast_suppression_joint,POL PC3,0.4350820481777191,False,80
train_000027,fast_suppression_joint,POL PC4,0.24931514263153076,False,83
train_000027,fast_suppression_joint,POL PC5,0.2368137389421463,False,84
train_000027,fast_suppression_joint,POL PC6,0.0,False,91
train_000027,fast_suppression_joint,POL PC7,0.49702420830726624,False,76
train_000027,fast_suppression_joint,POL R11,0.6208488941192627,False,69
train_000027,fast_suppression_joint,POL R12,0.6503311395645142,False,68
train_000027,fast_suppression_joint,POL PC8,0.5969011187553406,False,71
train_000027,fast_suppression_joint,POL PC9,1.0197912454605103,False,52
train_000027,fast_suppression_joint,EEG F1-Ref,1.3607256412506104,False,33
train_000027,fast_suppression_joint,EEG F2-Ref,0.4735448658466339,False,77
train_000027,fast_suppression_joint,EEG F3-Ref,0.5690867900848389,False,72
train_000027,fast_suppression_joint,EEG F4-Ref,1.0974806547164917,False,45
train_000027,fast_suppression_joint,EEG F5-Ref,1.5436660051345825,False,24
train_000027,fast_suppression_joint,EEG F6-Ref,1.4431452751159668,False,29
train_000027,fast_suppression_joint,EEG F7-Ref,1.1279699802398682,False,44
train_000027,fast_suppression_joint,POL G1,0.16846342384815216,False,86
train_000027,fast_suppression_joint,POL G2,0.0,False,92
train_000027,fast_suppression_joint,POL G3,0.46493348479270935,False,78
train_000027,fast_suppression_joint,POL G4,0.4562927186489105,False,79
train_000027,fast_suppression_joint,POL G5,0.7489455342292786,False,65
train_000027,fast_suppression_joint,POL G6,0.731186032295227,False,66
train_000027,fast_suppression_joint,POL G7,1.6740773916244507,False,20
train_000027,fast_suppression_joint,POL H1,0.8163303732872009,False,62
train_000027,fast_suppression_joint,POL H2,0.9149619936943054,False,57
train_000027,fast_suppression_joint,POL H3,0.8691173195838928,False,60
train_000027,fast_suppression_joint,POL H4,1.156983733177185,False,43
train_000027,fast_suppression_joint,POL H5,1.2958598136901855,False,34
train_000027,fast_suppression_joint,POL H6,1.502484679222107,False,25
train_000027,fast_suppression_joint,POL H7,0.9680972099304199,False,56
train_000027,fast_suppression_joint,POL H8,0.0938868448138237,False,87
train_000027,fast_suppression_joint,POL H9,0.567643404006958,False,73
train_000027,fast_suppression_joint,POL I1,1.7823524475097656,False,17
train_000027,fast_suppression_joint,POL I2,1.2079617977142334,False,41
train_000027,fast_suppression_joint,POL I3,0.545050859451294,True,75
train_000027,fast_suppression_joint,POL I4,0.4239844083786011,True,81
train_000027,fast_suppression_joint,POL I5,0.5486820340156555,False,74
train_000027,fast_suppression_joint,POL I6,0.599985659122467,False,70
train_000027,fast_suppression_joint,POL T1,1.2267613410949707,False,39
train_000027,fast_suppression_joint,POL T2,0.8820863962173462,False,59
train_000027,fast_suppression_joint,EEG T3-Ref,1.0361369848251343,False,49
train_000027,fast_suppression_joint,EEG T4-Ref,0.9101556539535522,False,58
train_000027,fast_suppression_joint,EEG T5-Ref,1.0753717422485352,False,46
train_000027,fast_suppression_joint,EEG T6-Ref,1.6789164543151855,False,19
train_000027,fast_suppression_joint,EEG T7-Ref,1.8446550369262695,False,14
train_000027,fast_suppression_joint,EEG T8-Ref,1.4422826766967773,False,30
train_000027,fast_suppression_joint,EEG T9-Ref,2.6668412685394287,False,2
train_000027,fast_suppression_joint,EEG T10-Ref,0.9931714534759521,False,54
train_000027,fast_suppression_joint,POL B1,1.7850315570831299,True,16
train_000027,fast_suppression_joint,POL B2,2.2102653980255127,True,7
train_000027,fast_suppression_joint,POL B3,1.601198434829712,True,22
train_000027,fast_suppression_joint,POL B4,1.9311784505844116,True,13
train_000027,fast_suppression_joint,POL B5,2.5889248847961426,False,3
train_000027,fast_suppression_joint,POL B6,2.286073923110962,False,5
train_000027,fast_suppression_joint,POL B7,1.8350211381912231,False,15
train_000027,fast_suppression_joint,POL B8,1.409621000289917,False,31
train_000027,fast_suppression_joint,POL B9,1.2515780925750732,False,36
train_000027,fast_suppression_joint,POL B10,0.8266268968582153,False,61
train_000027,fast_suppression_joint,POL B11,1.455764889717102,False,28
train_000027,fast_suppression_joint,POL B12,2.0994410514831543,False,9
train_000027,fast_suppression_joint,POL B13,2.3567464351654053,False,4
train_000027,fast_suppression_joint,EEG M1-Ref,2.0285489559173584,True,12
train_000027,fast_suppression_joint,EEG M2-Ref,2.075241804122925,True,10
train_000027,fast_suppression_joint,POL M3,2.860093593597412,True,1
train_000027,fast_suppression_joint,POL M4,1.581552267074585,False,23
train_000027,fast_suppression_joint,POL M5,2.1192467212677,False,8
train_000027,fast_suppression_joint,POL M6,1.4936039447784424,False,26
train_000027,fast_suppression_joint,POL N1,0.7076064944267273,True,67
train_000027,fast_suppression_joint,POL N2,1.6168323755264282,False,21
train_000027,fast_suppression_joint,POL N3,1.7797850370407104,False,18
train_000027,fast_suppression_joint,POL N4,2.2741811275482178,False,6
train_000027,fast_suppression_joint,EEG O1-Ref,1.0385890007019043,False,48
train_000027,fast_suppression_joint,EEG O2-Ref,1.028494119644165,False,50
train_000027,fast_suppression_joint,POL O3,1.2818975448608398,False,35
train_000027,fast_suppression_joint,POL O4,0.3656465709209442,False,82
train_000027,fast_suppression_joint,POL O5,1.0276193618774414,False,51
train_000027,physiology_composite,POL R1,1.7423386573791504,False,30
train_000027,physiology_composite,POL R2,2.0241482257843018,False,20
train_000027,physiology_composite,POL R3,1.4718464612960815,False,48
train_000027,physiology_composite,POL R4,1.0193054676055908,False,73
train_000027,physiology_composite,POL R5,1.00180184841156,False,74
train_000027,physiology_composite,POL R6,2.093596935272217,False,16
train_000027,physiology_composite,POL R7,1.9791985750198364,False,24
train_000027,physiology_composite,POL R8,1.1239962577819824,False,66
train_000027,physiology_composite,POL R9,1.300999402999878,False,54
train_000027,physiology_composite,POL R10,1.4956061840057373,False,47
train_000027,physiology_composite,POL R13,0.6199979186058044,False,86
train_000027,physiology_composite,POL R14,1.1227385997772217,False,67
train_000027,physiology_composite,POL R15,2.1276166439056396,False,15
train_000027,physiology_composite,POL R16,2.1781692504882812,False,14
train_000027,physiology_composite,POL PC1,0.48140156269073486,False,90
train_000027,physiology_composite,POL PC2,0.35411688685417175,False,92
train_000027,physiology_composite,POL PC3,0.49753624200820923,False,89
train_000027,physiology_composite,POL PC4,0.6092936992645264,False,87
train_000027,physiology_composite,POL PC5,0.8432118892669678,False,79
train_000027,physiology_composite,POL PC6,0.9910364151000977,False,75
train_000027,physiology_composite,POL PC7,0.9006712436676025,False,77
train_000027,physiology_composite,POL R11,0.7247000336647034,False,84
train_000027,physiology_composite,POL R12,1.6144181489944458,False,39
train_000027,physiology_composite,POL PC8,1.2906248569488525,False,56
train_000027,physiology_composite,POL PC9,1.6511285305023193,False,37
train_000027,physiology_composite,EEG F1-Ref,1.5977001190185547,False,41
train_000027,physiology_composite,EEG F2-Ref,0.5932648777961731,False,88
train_000027,physiology_composite,EEG F3-Ref,0.6501200199127197,False,85
train_000027,physiology_composite,EEG F4-Ref,1.2104450464248657,False,62
train_000027,physiology_composite,EEG F5-Ref,1.5572631359100342,False,44
train_000027,physiology_composite,EEG F6-Ref,1.985579013824463,False,23
train_000027,physiology_composite,EEG F7-Ref,1.965264916419983,False,25
train_000027,physiology_composite,POL G1,0.7298576831817627,False,83
train_000027,physiology_composite,POL G2,0.46913352608680725,False,91
train_000027,physiology_composite,POL G3,0.7474801540374756,False,82
train_000027,physiology_composite,POL G4,0.8183724284172058,False,80
train_000027,physiology_composite,POL G5,0.8591403961181641,False,78
train_000027,physiology_composite,POL G6,1.2739284038543701,False,58
train_000027,physiology_composite,POL G7,2.4596469402313232,False,7
train_000027,physiology_composite,POL H1,1.5963804721832275,False,42
train_000027,physiology_composite,POL H2,1.4089864492416382,False,50
train_000027,physiology_composite,POL H3,1.134282112121582,False,65
train_000027,physiology_composite,POL H4,1.2136459350585938,False,61
train_000027,physiology_composite,POL H5,1.3009231090545654,False,55
train_000027,physiology_composite,POL H6,1.5026262998580933,False,46
train_000027,physiology_composite,POL H7,1.5093531608581543,False,45
train_000027,physiology_composite,POL H8,1.685699701309204,False,34
train_000027,physiology_composite,POL H9,2.3633103370666504,False,10
train_000027,physiology_composite,POL I1,1.6013113260269165,False,40
train_000027,physiology_composite,POL I2,1.7130988836288452,False,33
train_000027,physiology_composite,POL I3,1.7453994750976562,True,29
train_000027,physiology_composite,POL I4,1.4177120923995972,True,49
train_000027,physiology_composite,POL I5,1.2711325883865356,False,59
train_000027,physiology_composite,POL I6,1.3181021213531494,False,53
train_000027,physiology_composite,POL T1,1.651551604270935,False,36
train_000027,physiology_composite,POL T2,0.9448564052581787,False,76
train_000027,physiology_composite,EEG T3-Ref,1.1719560623168945,False,64
train_000027,physiology_composite,EEG T4-Ref,2.331878662109375,False,13
train_000027,physiology_composite,EEG T5-Ref,2.420377254486084,False,8
train_000027,physiology_composite,EEG T6-Ref,2.631878137588501,False,5
train_000027,physiology_composite,EEG T7-Ref,2.3585245609283447,False,11
train_000027,physiology_composite,EEG T8-Ref,1.8619935512542725,False,26
train_000027,physiology_composite,EEG T9-Ref,2.698331594467163,False,4
train_000027,physiology_composite,EEG T10-Ref,1.7973036766052246,False,27
train_000027,physiology_composite,POL B1,2.922262191772461,True,2
train_000027,physiology_composite,POL B2,3.565814971923828,True,1
train_000027,physiology_composite,POL B3,2.3505656719207764,True,12
train_000027,physiology_composite,POL B4,1.7578258514404297,True,28
train_000027,physiology_composite,POL B5,2.590272903442383,False,6
train_000027,physiology_composite,POL B6,2.0570151805877686,False,19
train_000027,physiology_composite,POL B7,1.6768271923065186,False,35
train_000027,physiology_composite,POL B8,1.1951954364776611,False,63
train_000027,physiology_composite,POL B9,1.2825849056243896,False,57
train_000027,physiology_composite,POL B10,1.0747709274291992,False,70
train_000027,physiology_composite,POL B11,1.3738269805908203,False,52
train_000027,physiology_composite,POL B12,1.6309356689453125,False,38
train_000027,physiology_composite,POL B13,2.373887538909912,False,9
train_000027,physiology_composite,EEG M1-Ref,2.084770679473877,True,18
train_000027,physiology_composite,EEG M2-Ref,2.089707136154175,True,17
train_000027,physiology_composite,POL M3,2.7663888931274414,True,3
train_000027,physiology_composite,POL M4,1.576603889465332,False,43
train_000027,physiology_composite,POL M5,1.7246910333633423,False,31
train_000027,physiology_composite,POL M6,2.0023536682128906,False,21
train_000027,physiology_composite,POL N1,0.7510296702384949,True,81
train_000027,physiology_composite,POL N2,1.0833531618118286,False,69
train_000027,physiology_composite,POL N3,1.2205537557601929,False,60
train_000027,physiology_composite,POL N4,1.9935301542282104,False,22
train_000027,physiology_composite,EEG O1-Ref,1.0389692783355713,False,72
train_000027,physiology_composite,EEG O2-Ref,1.7179505825042725,False,32
train_000027,physiology_composite,POL O3,1.3966681957244873,False,51
train_000027,physiology_composite,POL O4,1.0493825674057007,False,71
train_000027,physiology_composite,POL O5,1.1154725551605225,False,68
train_000128,line_length,EEG A1-Ref,-0.015240741893649101,True,97
train_000128,line_length,EEG A2-Ref,-0.32964831590652466,True,112
train_000128,line_length,POL A3,-0.2152026742696762,True,107
train_000128,line_length,POL A4,-0.2925262749195099,True,110
train_000128,line_length,POL A5,0.23488686978816986,True,87
train_000128,line_length,POL A6,0.13622893393039703,False,89
train_000128,line_length,POL A7,-0.05593753606081009,False,98
train_000128,line_length,POL A8,-0.42025670409202576,False,114
train_000128,line_length,POL A9,-0.6110888719558716,False,119
train_000128,line_length,POL A10,-0.5042234659194946,False,118
train_000128,line_length,POL B1,0.06607429683208466,True,91
train_000128,line_length,POL B2,-1.0124787092208862,False,124
train_000128,line_length,POL B3,-0.2535376250743866,False,109
train_000128,line_length,POL B4,-0.06967925280332565,False,99
train_000128,line_length,POL B5,-0.31491556763648987,False,111
train_000128,line_length,POL B6,-0.7793034911155701,False,122
train_000128,line_length,POL B7,-0.6311453580856323,False,120
train_000128,line_length,POL B8,-0.47228243947029114,False,116
train_000128,line_length,POL B9,-0.4220486879348755,False,115
train_000128,line_length,POL B10,-0.333909273147583,False,113
train_000128,line_length,POL B11,-0.17803458869457245,False,103
train_000128,line_length,POL A11,0.6060711741447449,False,76
train_000128,line_length,POL A12,-0.687985360622406,False,121
train_000128,line_length,POL U1,3.9500954151153564,True,1
train_000128,line_length,POL U2,3.0651943683624268,False,4
train_000128,line_length,POL U3,2.177499294281006,False,10
train_000128,line_length,POL U4,1.2464101314544678,False,38
train_000128,line_length,POL U5,0.8703111410140991,False,65
train_000128,line_length,POL U6,0.5873833298683167,False,77
train_000128,line_length,POL U7,0.059914760291576385,False,92
train_000128,line_length,POL U8,-0.10632909089326859,False,100
train_000128,line_length,POL T1,-0.0022684382274746895,False,96
train_000128,line_length,POL T2,-0.7798421382904053,False,123
train_000128,line_length,EEG T3-Ref,0.3082573413848877,False,85
train_000128,line_length,EEG T4-Ref,3.551506996154785,False,2
train_000128,line_length,EEG T5-Ref,2.6183526515960693,False,7
train_000128,line_length,EEG T6-Ref,1.2379096746444702,False,40
train_000128,line_length,EEG T7-Ref,2.6843433380126953,False,6
train_000128,line_length,EEG T8-Ref,3.3217124938964844,False,3
train_000128,line_length,EEG T9-Ref,-0.251284658908844,False,108
train_000128,line_length,EEG T10-Ref,2.740586519241333,False,5
train_000128,line_length,POL T11,1.426948070526123,False,28
train_000128,line_length,POL T12,0.5715704560279846,False,79
train_000128,line_length,POL J1,-0.18247632682323456,False,104
train_000128,line_length,POL J2,0.0057823932729661465,False,95
train_000128,line_length,POL J3,0.6246686577796936,False,74
train_000128,line_length,POL J4,0.905650794506073,False,62
train_000128,line_length,POL J5,0.5848629474639893,False,78
train_000128,line_length,POL J6,0.43366914987564087,False,80
train_000128,line_length,POL J7,-0.14719411730766296,False,102
train_000128,line_length,POL K1,0.6643115878105164,False,71
train_000128,line_length,POL K2,0.6963086724281311,False,70
train_000128,line_length,POL K3,-0.19341006875038147,False,105
train_000128,line_length,POL K4,-0.21338775753974915,False,106
train_000128,line_length,POL K5,-0.13872043788433075,False,101
train_000128,line_length,POL K6,0.30601611733436584,False,86
train_000128,line_length,POL K7,0.397847980260849,False,82
train_000128,line_length,POL K8,0.4010392129421234,False,81
train_000128,line_length,POL L1,1.1512757539749146,False,51
train_000128,line_length,POL L2,2.3143036365509033,False,8
train_000128,line_length,POL L3,1.249346375465393,False,37
train_000128,line_length,POL L4,0.6110628247261047,False,75
train_000128,line_length,POL L5,0.08102107048034668,False,90
train_000128,line_length,POL L6,0.6408884525299072,False,73
train_000128,line_length,POL L7,1.2043873071670532,False,44
train_000128,line_length,POL L8,1.2253824472427368,False,41
train_000128,line_length,EEG M1-Ref,1.097678542137146,False,52
train_000128,line_length,EEG M2-Ref,0.9436378479003906,False,59
train_000128,line_length,POL M3,0.7145727872848511,False,69
train_000128,line_length,POL M4,0.3451831042766571,False,84
train_000128,line_length,POL M5,0.23469635844230652,True,88
train_000128,line_length,POL M6,0.04263991117477417,True,93
train_000128,line_length,POL M7,0.02684176340699196,True,94
train_000128,line_length,POL M8,0.35214224457740784,False,83
train_000128,line_length,POL M9,1.243695616722107,False,39
train_000128,line_length,POL N1,1.3550165891647339,False,33
train_000128,line_length,POL N2,1.0155633687973022,False,57
train_000128,line_length,POL N3,1.4624576568603516,False,25
train_000128,line_length,POL N4,1.918375015258789,False,15
train_000128,line_length,POL N5,1.9549111127853394,False,14
train_000128,line_length,POL N6,2.2577645778656006,False,9
train_000128,line_length,POL N7,2.06162691116333,False,11
train_000128,line_length,POL N8,1.9648205041885376,False,13
train_000128,line_length,POL N9,1.721492886543274,False,18
train_000128,line_length,EEG P1-Ref,1.2162352800369263,False,43
train_000128,line_length,EEG P2-Ref,1.415067434310913,False,29
train_000128,line_length,EEG P3-Ref,1.1708709001541138,False,48
train_000128,line_length,EEG P4-Ref,0.8941117525100708,False,63
train_000128,line_length,EEG P5-Ref,1.0407770872116089,False,56
train_000128,line_length,EEG P6-Ref,1.4021106958389282,False,30
train_000128,line_length,EEG P7-Ref,1.2218008041381836,False,42
train_000128,line_length,EEG P8-Ref,1.4399640560150146,False,26
train_000128,line_length,POL R1,0.8529611229896545,False,66
train_000128,line_length,POL R2,1.2724677324295044,False,35
train_000128,line_length,POL R3,1.6156545877456665,False,20
train_000128,line_length,POL R4,1.371078610420227,False,31
train_000128,line_length,POL R5,1.5525048971176147,False,22
train_000128,line_length,POL R6,1.6068845987319946,False,21
train_000128,line_length,POL R7,1.737594485282898,False,17
train_000128,line_length,POL R8,1.4354963302612305,False,27
train_000128,line_length,POL R9,1.2582306861877441,False,36
train_000128,line_length,POL R10,0.8706638813018799,False,64
train_000128,line_length,POL R11,1.094438910484314,False,53
train_000128,line_length,POL R12,0.7504684925079346,False,67
train_000128,line_length,POL R13,1.2035053968429565,False,45
train_000128,line_length,POL R14,0.6578481197357178,False,72
train_000128,line_length,POL R15,0.7414810061454773,False,68
train_000128,line_length,POL R16,1.3557170629501343,False,32
train_000128,line_length,POL AC1,1.0513771772384644,False,55
train_000128,line_length,POL AC2,0.9354491233825684,False,61
train_000128,line_length,POL AC3,1.194730520248413,False,47
train_000128,line_length,POL AC4,1.500684142112732,False,23
train_000128,line_length,POL AC5,1.162650465965271,False,49
train_000128,line_length,POL AC6,1.6210260391235352,False,19
train_000128,line_length,POL AC7,1.4795963764190674,False,24
train_000128,line_length,POL AC8,0.9774684906005859,False,58
train_000128,line_length,POL AC9,1.159289002418518,False,50
train_000128,line_length,POL AC10,1.1959781646728516,False,46
train_000128,line_length,POL AC11,1.0811675786972046,False,54
train_000128,line_length,POL AC12,1.986454963684082,False,12
train_000128,line_length,POL AC13,1.8409870862960815,False,16
train_000128,line_length,POL AC14,0.9399939775466919,False,60
train_000128,line_length,POL AC15,-0.48420608043670654,False,117
train_000128,line_length,POL AC16,1.3046833276748657,False,34
train_000128,rms_change,EEG A1-Ref,1.735095739364624,True,56
train_000128,rms_change,EEG A2-Ref,2.145838737487793,True,25
train_000128,rms_change,POL A3,2.0301249027252197,True,30
train_000128,rms_change,POL A4,1.8368511199951172,True,50
train_000128,rms_change,POL A5,1.8455286026000977,True,49
train_000128,rms_change,POL A6,1.2603250741958618,False,98
train_000128,rms_change,POL A7,0.9779148101806641,False,116
train_000128,rms_change,POL A8,1.2640622854232788,False,97
train_000128,rms_change,POL A9,1.196434736251831,False,108
train_000128,rms_change,POL A10,1.4906569719314575,False,73
train_000128,rms_change,POL B1,1.863755464553833,True,47
train_000128,rms_change,POL B2,3.195058822631836,False,2
train_000128,rms_change,POL B3,3.344813346862793,False,1
train_000128,rms_change,POL B4,1.2134701013565063,False,104
train_000128,rms_change,POL B5,2.127357244491577,False,26
train_000128,rms_change,POL B6,1.4403080940246582,False,77
train_000128,rms_change,POL B7,1.660220742225647,False,60
train_000128,rms_change,POL B8,1.6141012907028198,False,64
train_000128,rms_change,POL B9,1.4092583656311035,False,83
train_000128,rms_change,POL B10,1.3577580451965332,False,90
train_000128,rms_change,POL B11,2.355355978012085,False,14
train_000128,rms_change,POL A11,1.6204354763031006,False,62
train_000128,rms_change,POL A12,2.1091322898864746,False,27
train_000128,rms_change,POL U1,1.9372668266296387,True,38
train_000128,rms_change,POL U2,1.4320510625839233,False,79
train_000128,rms_change,POL U3,1.228392481803894,False,101
train_000128,rms_change,POL U4,1.0350291728973389,False,113
train_000128,rms_change,POL U5,1.059197187423706,False,112
train_000128,rms_change,POL U6,1.521414041519165,False,72
train_000128,rms_change,POL U7,2.161327362060547,False,23
train_000128,rms_change,POL U8,2.2070844173431396,False,20
train_000128,rms_change,POL T1,2.2270474433898926,False,19
train_000128,rms_change,POL T2,1.6673210859298706,False,59
train_000128,rms_change,EEG T3-Ref,2.1569652557373047,False,24
train_000128,rms_change,EEG T4-Ref,1.6374621391296387,False,61
train_000128,rms_change,EEG T5-Ref,0.7588568329811096,False,124
train_000128,rms_change,EEG T6-Ref,0.9525122046470642,False,120
train_000128,rms_change,EEG T7-Ref,0.9762669801712036,False,117
train_000128,rms_change,EEG T8-Ref,1.5953112840652466,False,66
train_000128,rms_change,EEG T9-Ref,2.339848756790161,False,16
train_000128,rms_change,EEG T10-Ref,2.188145875930786,False,21
train_000128,rms_change,POL T11,2.8216326236724854,False,5
train_000128,rms_change,POL T12,2.561868906021118,False,8
train_000128,rms_change,POL J1,1.3134138584136963,False,95
train_000128,rms_change,POL J2,1.3556277751922607,False,92
train_000128,rms_change,POL J3,1.4530251026153564,False,75
train_000128,rms_change,POL J4,1.422260046005249,False,80
train_000128,rms_change,POL J5,1.6919827461242676,False,57
train_000128,rms_change,POL J6,2.1817636489868164,False,22
train_000128,rms_change,POL J7,2.003267765045166,False,33
train_000128,rms_change,POL K1,2.3534226417541504,False,15
train_000128,rms_change,POL K2,1.4338293075561523,False,78
train_000128,rms_change,POL K3,2.7407710552215576,False,6
train_000128,rms_change,POL K4,2.2487237453460693,False,18
train_000128,rms_change,POL K5,1.920665979385376,False,39
train_000128,rms_change,POL K6,1.8957722187042236,False,43
train_000128,rms_change,POL K7,2.3694331645965576,False,13
train_000128,rms_change,POL K8,0.7973739504814148,False,123
train_000128,rms_change,POL L1,1.3757684230804443,False,87
train_000128,rms_change,POL L2,1.1119968891143799,False,110
train_000128,rms_change,POL L3,1.204733967781067,False,106
train_000128,rms_change,POL L4,2.007134199142456,False,32
train_000128,rms_change,POL L5,1.849025845527649,False,48
train_000128,rms_change,POL L6,1.940460205078125,False,37
train_000128,rms_change,POL L7,1.3157991170883179,False,94
train_000128,rms_change,POL L8,0.9571962356567383,False,119
train_000128,rms_change,EEG M1-Ref,1.8360378742218018,False,51
train_000128,rms_change,EEG M2-Ref,1.8919785022735596,False,44
train_000128,rms_change,POL M3,2.027430295944214,False,31
train_000128,rms_change,POL M4,2.2981040477752686,False,17
train_000128,rms_change,POL M5,2.5465683937072754,True,9
train_000128,rms_change,POL M6,2.7132015228271484,True,7
train_000128,rms_change,POL M7,2.8712589740753174,True,3
train_000128,rms_change,POL M8,2.843665599822998,False,4
train_000128,rms_change,POL M9,1.9995079040527344,False,35
train_000128,rms_change,POL N1,1.7746589183807373,False,55
train_000128,rms_change,POL N2,1.8074501752853394,False,52
train_000128,rms_change,POL N3,1.4445879459381104,False,76
train_000128,rms_change,POL N4,1.0839989185333252,False,111
train_000128,rms_change,POL N5,1.2457228899002075,False,99
train_000128,rms_change,POL N6,0.9571988582611084,False,118
train_000128,rms_change,POL N7,0.9502734541893005,False,121
train_000128,rms_change,POL N8,1.3784593343734741,False,86
train_000128,rms_change,POL N9,1.5652427673339844,False,69
train_000128,rms_change,EEG P1-Ref,1.8719638586044312,False,46
train_000128,rms_change,EEG P2-Ref,1.4817322492599487,False,74
train_000128,rms_change,EEG P3-Ref,1.2250975370407104,False,102
train_000128,rms_change,EEG P4-Ref,0.9797403216362,False,114
train_000128,rms_change,EEG P5-Ref,1.6767117977142334,False,58
train_000128,rms_change,EEG P6-Ref,1.2062098979949951,False,105
train_000128,rms_change,EEG P7-Ref,1.3711237907409668,False,88
train_000128,rms_change,EEG P8-Ref,0.9223544001579285,False,122
train_000128,rms_change,POL R1,1.552754282951355,False,71
train_000128,rms_change,POL R2,1.5902986526489258,False,67
train_000128,rms_change,POL R3,1.6142475605010986,False,63
train_000128,rms_change,POL R4,2.002379894256592,False,34
train_000128,rms_change,POL R5,2.3720779418945312,False,12
train_000128,rms_change,POL R6,1.3556513786315918,False,91
train_000128,rms_change,POL R7,2.0447356700897217,False,29
train_000128,rms_change,POL R8,1.1253352165222168,False,109
train_000128,rms_change,POL R9,0.9781581163406372,False,115
train_000128,rms_change,POL R10,1.5565427541732788,False,70
train_000128,rms_change,POL R11,1.7965573072433472,False,53
train_000128,rms_change,POL R12,1.8880081176757812,False,45
train_000128,rms_change,POL R13,1.896559715270996,False,42
train_000128,rms_change,POL R14,1.9089694023132324,False,40
train_000128,rms_change,POL R15,2.385887861251831,False,11
train_000128,rms_change,POL R16,2.3974807262420654,False,10
train_000128,rms_change,POL AC1,1.1985036134719849,False,107
train_000128,rms_change,POL AC2,1.3419233560562134,False,93
train_000128,rms_change,POL AC3,1.307155728340149,False,96
train_000128,rms_change,POL AC4,1.215975046157837,False,103
train_000128,rms_change,POL AC5,1.241938829421997,False,100
train_000128,rms_change,POL AC6,1.3808993101119995,False,85
train_000128,rms_change,POL AC7,1.790650725364685,False,54
train_000128,rms_change,POL AC8,1.400874376296997,False,84
train_000128,rms_change,POL AC9,1.367597222328186,False,89
train_000128,rms_change,POL AC10,1.4167813062667847,False,81
train_000128,rms_change,POL AC11,2.054659605026245,False,28
train_000128,rms_change,POL AC12,1.4144346714019775,False,82
train_000128,rms_change,POL AC13,1.6062512397766113,False,65
train_000128,rms_change,POL AC14,1.5804548263549805,False,68
train_000128,rms_change,POL AC15,1.907082438468933,False,41
train_000128,rms_change,POL AC16,1.985392689704895,False,36
train_000128,teager_energy,EEG A1-Ref,0.2781335413455963,True,84
train_000128,teager_energy,EEG A2-Ref,0.13712750375270844,True,102
train_000128,teager_energy,POL A3,0.8852481245994568,True,26
train_000128,teager_energy,POL A4,0.5895975828170776,True,41
train_000128,teager_energy,POL A5,0.7573950290679932,True,34
train_000128,teager_energy,POL A6,0.7230246663093567,False,36
train_000128,teager_energy,POL A7,0.921576738357544,False,24
train_000128,teager_energy,POL A8,0.7859521508216858,False,29
train_000128,teager_energy,POL A9,0.6890400052070618,False,38
train_000128,teager_energy,POL A10,0.5096635222434998,False,50
train_000128,teager_energy,POL B1,-0.13717491924762726,True,120
train_000128,teager_energy,POL B2,-0.08560251444578171,False,116
train_000128,teager_energy,POL B3,-0.3581208288669586,False,123
train_000128,teager_energy,POL B4,0.3341493606567383,False,70
train_000128,teager_energy,POL B5,0.35325857996940613,False,64
train_000128,teager_energy,POL B6,0.06365400552749634,False,107
train_000128,teager_energy,POL B7,-0.05039821192622185,False,115
train_000128,teager_energy,POL B8,0.30646204948425293,False,75
train_000128,teager_energy,POL B9,0.23158694803714752,False,88
train_000128,teager_energy,POL B10,0.29575246572494507,False,80
train_000128,teager_energy,POL B11,0.34295788407325745,False,69
train_000128,teager_energy,POL A11,0.47457683086395264,False,55
train_000128,teager_energy,POL A12,0.3512062430381775,False,65
train_000128,teager_energy,POL U1,1.750670313835144,True,6
train_000128,teager_energy,POL U2,1.3218411207199097,False,10
train_000128,teager_energy,POL U3,1.0342707633972168,False,19
train_000128,teager_energy,POL U4,1.3811372518539429,False,9
train_000128,teager_energy,POL U5,1.068152666091919,False,16
train_000128,teager_energy,POL U6,1.0739290714263916,False,15
train_000128,teager_energy,POL U7,0.7752456068992615,False,32
train_000128,teager_energy,POL U8,0.11884422600269318,False,104
train_000128,teager_energy,POL T1,0.9674363732337952,False,20
train_000128,teager_energy,POL T2,0.9025788903236389,False,25
train_000128,teager_energy,EEG T3-Ref,2.485724449157715,False,1
train_000128,teager_energy,EEG T4-Ref,1.8018932342529297,False,5
train_000128,teager_energy,EEG T5-Ref,0.34771421551704407,False,66
train_000128,teager_energy,EEG T6-Ref,1.255780816078186,False,12
train_000128,teager_energy,EEG T7-Ref,0.9347671270370483,False,23
train_000128,teager_energy,EEG T8-Ref,1.827652931213379,False,4
train_000128,teager_energy,EEG T9-Ref,-0.5250164270401001,False,124
train_000128,teager_energy,EEG T10-Ref,1.9936343431472778,False,2
train_000128,teager_energy,POL T11,1.4628100395202637,False,7
train_000128,teager_energy,POL T12,0.5501243472099304,False,45
train_000128,teager_energy,POL J1,0.1917407512664795,False,94
train_000128,teager_energy,POL J2,0.04904693737626076,False,108
train_000128,teager_energy,POL J3,0.37642669677734375,False,61
train_000128,teager_energy,POL J4,0.3265312910079956,False,72
train_000128,teager_energy,POL J5,0.6122034788131714,False,40
train_000128,teager_energy,POL J6,0.5176721811294556,False,49
train_000128,teager_energy,POL J7,0.327688068151474,False,71
train_000128,teager_energy,POL K1,0.7810473442077637,False,31
train_000128,teager_energy,POL K2,0.9523801803588867,False,22
train_000128,teager_energy,POL K3,0.4998321831226349,False,52
train_000128,teager_energy,POL K4,0.36806657910346985,False,62
train_000128,teager_energy,POL K5,0.30450016260147095,False,77
train_000128,teager_energy,POL K6,0.18770776689052582,False,96
train_000128,teager_energy,POL K7,0.2751261293888092,False,85
train_000128,teager_energy,POL K8,0.32448291778564453,False,73
train_000128,teager_energy,POL L1,1.4246166944503784,False,8
train_000128,teager_energy,POL L2,1.117211937904358,False,14
train_000128,teager_energy,POL L3,1.2722034454345703,False,11
train_000128,teager_energy,POL L4,0.7738721966743469,False,33
train_000128,teager_energy,POL L5,0.5194572806358337,False,48
train_000128,teager_energy,POL L6,0.5422455668449402,False,46
train_000128,teager_energy,POL L7,0.7414918541908264,False,35
train_000128,teager_energy,POL L8,0.5888517498970032,False,42
train_000128,teager_energy,EEG M1-Ref,0.30164268612861633,False,78
train_000128,teager_energy,EEG M2-Ref,0.15987448394298553,False,100
train_000128,teager_energy,POL M3,0.29883530735969543,False,79
train_000128,teager_energy,POL M4,-0.03225129842758179,False,114
train_000128,teager_energy,POL M5,0.04780592396855354,True,109
train_000128,teager_energy,POL M6,0.3156924247741699,True,74
train_000128,teager_energy,POL M7,0.260641485452652,True,87
train_000128,teager_energy,POL M8,0.4152088463306427,False,58
train_000128,teager_energy,POL M9,0.19067342579364777,False,95
train_000128,teager_energy,POL N1,0.5813062191009521,False,43
train_000128,teager_energy,POL N2,0.6530245542526245,False,39
train_000128,teager_energy,POL N3,0.8039138913154602,False,28
train_000128,teager_energy,POL N4,1.0498982667922974,False,18
train_000128,teager_energy,POL N5,0.9601741433143616,False,21
train_000128,teager_energy,POL N6,0.7857633233070374,False,30
train_000128,teager_energy,POL N7,0.8850811719894409,False,27
train_000128,teager_energy,POL N8,0.4984023869037628,False,53
train_000128,teager_energy,POL N9,0.20034034550189972,False,92
train_000128,teager_energy,EEG P1-Ref,0.15927137434482574,False,101
train_000128,teager_energy,EEG P2-Ref,0.27967536449432373,False,83
train_000128,teager_energy,EEG P3-Ref,0.37659770250320435,False,60
train_000128,teager_energy,EEG P4-Ref,0.3598669469356537,False,63
train_000128,teager_energy,EEG P5-Ref,0.42117053270339966,False,57
train_000128,teager_energy,EEG P6-Ref,1.0606658458709717,False,17
train_000128,teager_energy,EEG P7-Ref,1.1528022289276123,False,13
train_000128,teager_energy,EEG P8-Ref,0.7025108337402344,False,37
train_000128,teager_energy,POL R1,0.2840210795402527,False,81
train_000128,teager_energy,POL R2,-0.020076489076018333,False,113
train_000128,teager_energy,POL R3,0.5092840790748596,False,51
train_000128,teager_energy,POL R4,0.17039139568805695,False,99
train_000128,teager_energy,POL R5,0.21994127333164215,False,89
train_000128,teager_energy,POL R6,0.5312697887420654,False,47
train_000128,teager_energy,POL R7,1.895070195198059,False,3
train_000128,teager_energy,POL R8,0.19713672995567322,False,93
train_000128,teager_energy,POL R9,0.3459030091762543,False,68
train_000128,teager_energy,POL R10,-0.006626387592405081,False,111
train_000128,teager_energy,POL R11,-0.16589929163455963,False,121
train_000128,teager_energy,POL R12,-0.10292255878448486,False,118
train_000128,teager_energy,POL R13,-0.11878979206085205,False,119
train_000128,teager_energy,POL R14,0.17404691874980927,False,98
train_000128,teager_energy,POL R15,0.20411571860313416,False,90
train_000128,teager_energy,POL R16,-0.013096078298985958,False,112
train_000128,teager_energy,POL AC1,0.3837651014328003,False,59
train_000128,teager_energy,POL AC2,0.06518528610467911,False,106
train_000128,teager_energy,POL AC3,-0.09594475477933884,False,117
train_000128,teager_energy,POL AC4,0.010548082180321217,False,110
train_000128,teager_energy,POL AC5,0.12701934576034546,False,103
train_000128,teager_energy,POL AC6,0.3045526146888733,False,76
train_000128,teager_energy,POL AC7,0.4269406795501709,False,56
train_000128,teager_energy,POL AC8,0.34763890504837036,False,67
train_000128,teager_energy,POL AC9,0.260770708322525,False,86
train_000128,teager_energy,POL AC10,0.20052525401115417,False,91
train_000128,teager_energy,POL AC11,0.4875487983226776,False,54
train_000128,teager_energy,POL AC12,0.2804209291934967,False,82
train_000128,teager_energy,POL AC13,0.10510323196649551,False,105
train_000128,teager_energy,POL AC14,-0.20631057024002075,False,122
train_000128,teager_energy,POL AC15,0.5745509266853333,False,44
train_000128,teager_energy,POL AC16,0.18731744587421417,False,97
train_000128,kurtosis,EEG A1-Ref,3.4054512977600098,True,4
train_000128,kurtosis,EEG A2-Ref,2.354580879211426,True,33
train_000128,kurtosis,POL A3,1.3175535202026367,True,91
train_000128,kurtosis,POL A4,1.2729904651641846,True,95
train_000128,kurtosis,POL A5,1.4561580419540405,True,80
train_000128,kurtosis,POL A6,0.8951224088668823,False,115
train_000128,kurtosis,POL A7,0.5722931623458862,False,122
train_000128,kurtosis,POL A8,0.9346952438354492,False,112
train_000128,kurtosis,POL A9,1.5060406923294067,False,77
train_000128,kurtosis,POL A10,1.964318037033081,False,50
train_000128,kurtosis,POL B1,2.270491361618042,True,35
train_000128,kurtosis,POL B2,2.676820993423462,False,25
train_000128,kurtosis,POL B3,3.7487337589263916,False,2
train_000128,kurtosis,POL B4,1.8530577421188354,False,56
train_000128,kurtosis,POL B5,1.0220026969909668,False,107
train_000128,kurtosis,POL B6,1.4478555917739868,False,81
train_000128,kurtosis,POL B7,2.210771322250366,False,37
train_000128,kurtosis,POL B8,2.856682538986206,False,14
train_000128,kurtosis,POL B9,2.7826552391052246,False,18
train_000128,kurtosis,POL B10,1.8611745834350586,False,55
train_000128,kurtosis,POL B11,2.6253819465637207,False,26
train_000128,kurtosis,POL A11,2.042783737182617,False,45
train_000128,kurtosis,POL A12,2.7695720195770264,False,19
train_000128,kurtosis,POL U1,1.1028610467910767,True,101
train_000128,kurtosis,POL U2,0.8818300366401672,False,116
train_000128,kurtosis,POL U3,1.397558331489563,False,85
train_000128,kurtosis,POL U4,1.477229118347168,False,79
train_000128,kurtosis,POL U5,0.35780900716781616,False,123
train_000128,kurtosis,POL U6,0.6262038946151733,False,121
train_000128,kurtosis,POL U7,1.5558477640151978,False,75
train_000128,kurtosis,POL U8,1.407153844833374,False,84
train_000128,kurtosis,POL T1,2.5120766162872314,False,29
train_000128,kurtosis,POL T2,1.0548455715179443,False,104
train_000128,kurtosis,EEG T3-Ref,0.1932162195444107,False,124
train_000128,kurtosis,EEG T4-Ref,1.0138651132583618,False,108
train_000128,kurtosis,EEG T5-Ref,1.0298683643341064,False,106
train_000128,kurtosis,EEG T6-Ref,1.321859359741211,False,90
train_000128,kurtosis,EEG T7-Ref,0.9281190037727356,False,113
train_000128,kurtosis,EEG T8-Ref,0.966237485408783,False,111
train_000128,kurtosis,EEG T9-Ref,2.7109923362731934,False,23
train_000128,kurtosis,EEG T10-Ref,1.5695637464523315,False,73
train_000128,kurtosis,POL T11,2.04226016998291,False,46
train_000128,kurtosis,POL T12,1.8091614246368408,False,61
train_000128,kurtosis,POL J1,1.274021029472351,False,94
train_000128,kurtosis,POL J2,2.7881290912628174,False,17
train_000128,kurtosis,POL J3,2.9835753440856934,False,10
train_000128,kurtosis,POL J4,2.026458740234375,False,48
train_000128,kurtosis,POL J5,1.9437142610549927,False,51
train_000128,kurtosis,POL J6,1.520328402519226,False,76
train_000128,kurtosis,POL J7,1.8695123195648193,False,54
train_000128,kurtosis,POL K1,3.426687717437744,False,3
train_000128,kurtosis,POL K2,1.7039036750793457,False,66
train_000128,kurtosis,POL K3,3.13651442527771,False,7
train_000128,kurtosis,POL K4,2.952385902404785,False,11
train_000128,kurtosis,POL K5,2.8904073238372803,False,12
train_000128,kurtosis,POL K6,2.7154147624969482,False,22
train_000128,kurtosis,POL K7,1.6153926849365234,False,70
train_000128,kurtosis,POL K8,1.0438827276229858,False,105
train_000128,kurtosis,POL L1,1.0981135368347168,False,102
train_000128,kurtosis,POL L2,1.2746576070785522,False,93
train_000128,kurtosis,POL L3,1.705219030380249,False,65
train_000128,kurtosis,POL L4,2.6907167434692383,False,24
train_000128,kurtosis,POL L5,2.9886295795440674,False,9
train_000128,kurtosis,POL L6,2.8397774696350098,False,15
train_000128,kurtosis,POL L7,2.1350584030151367,False,39
train_000128,kurtosis,POL L8,3.231131076812744,False,6
train_000128,kurtosis,EEG M1-Ref,2.049783229827881,False,43
train_000128,kurtosis,EEG M2-Ref,2.0443665981292725,False,44
train_000128,kurtosis,POL M3,2.5955471992492676,False,28
train_000128,kurtosis,POL M4,2.1333892345428467,False,40
train_000128,kurtosis,POL M5,1.843032956123352,True,57
train_000128,kurtosis,POL M6,1.3223201036453247,True,89
train_000128,kurtosis,POL M7,2.760098695755005,True,20
train_000128,kurtosis,POL M8,2.886507987976074,False,13
train_000128,kurtosis,POL M9,1.2315361499786377,False,96
train_000128,kurtosis,POL N1,1.5895473957061768,False,72
train_000128,kurtosis,POL N2,1.1971477270126343,False,99
train_000128,kurtosis,POL N3,1.2230359315872192,False,97
train_000128,kurtosis,POL N4,1.3769015073776245,False,86
train_000128,kurtosis,POL N5,1.36262845993042,False,88
train_000128,kurtosis,POL N6,1.5652596950531006,False,74
train_000128,kurtosis,POL N7,1.8193577527999878,False,60
train_000128,kurtosis,POL N8,0.8088396191596985,False,119
train_000128,kurtosis,POL N9,0.7706863880157471,False,120
train_000128,kurtosis,EEG P1-Ref,0.9058249592781067,False,114
train_000128,kurtosis,EEG P2-Ref,1.0005053281784058,False,109
train_000128,kurtosis,EEG P3-Ref,1.6774613857269287,False,67
train_000128,kurtosis,EEG P4-Ref,1.210692048072815,False,98
train_000128,kurtosis,EEG P5-Ref,2.2642619609832764,False,36
train_000128,kurtosis,EEG P6-Ref,1.411618947982788,False,83
train_000128,kurtosis,EEG P7-Ref,1.4465022087097168,False,82
train_000128,kurtosis,EEG P8-Ref,1.2841135263442993,False,92
train_000128,kurtosis,POL R1,1.9003674983978271,False,53
train_000128,kurtosis,POL R2,3.3981237411499023,False,5
train_000128,kurtosis,POL R3,2.597982168197632,False,27
train_000128,kurtosis,POL R4,3.1345160007476807,False,8
train_000128,kurtosis,POL R5,2.7170732021331787,False,21
train_000128,kurtosis,POL R6,2.4536080360412598,False,30
train_000128,kurtosis,POL R7,0.9675012230873108,False,110
train_000128,kurtosis,POL R8,2.1303904056549072,False,41
train_000128,kurtosis,POL R9,1.7708113193511963,False,62
train_000128,kurtosis,POL R10,1.4802916049957275,False,78
train_000128,kurtosis,POL R11,0.8326219320297241,False,118
train_000128,kurtosis,POL R12,1.1405130624771118,False,100
train_000128,kurtosis,POL R13,2.421419143676758,False,32
train_000128,kurtosis,POL R14,2.428300619125366,False,31
train_000128,kurtosis,POL R15,2.156292676925659,False,38
train_000128,kurtosis,POL R16,1.840590476989746,False,58
train_000128,kurtosis,POL AC1,3.959959030151367,False,1
train_000128,kurtosis,POL AC2,2.825303316116333,False,16
train_000128,kurtosis,POL AC3,2.305368423461914,False,34
train_000128,kurtosis,POL AC4,1.6722872257232666,False,69
train_000128,kurtosis,POL AC5,1.6725636720657349,False,68
train_000128,kurtosis,POL AC6,1.9367932081222534,False,52
train_000128,kurtosis,POL AC7,2.022191286087036,False,49
train_000128,kurtosis,POL AC8,1.8364101648330688,False,59
train_000128,kurtosis,POL AC9,2.030325412750244,False,47
train_000128,kurtosis,POL AC10,1.756490707397461,False,64
train_000128,kurtosis,POL AC11,0.8566424250602722,False,117
train_000128,kurtosis,POL AC12,1.058695912361145,False,103
train_000128,kurtosis,POL AC13,1.757914423942566,False,63
train_000128,kurtosis,POL AC14,2.0538980960845947,False,42
train_000128,kurtosis,POL AC15,1.6041779518127441,False,71
train_000128,kurtosis,POL AC16,1.3719398975372314,False,87
train_000128,beta_power,EEG A1-Ref,2.273637294769287,True,9
train_000128,beta_power,EEG A2-Ref,1.814777135848999,True,17
train_000128,beta_power,POL A3,1.656726360321045,True,22
train_000128,beta_power,POL A4,1.627198576927185,True,26
train_000128,beta_power,POL A5,1.3959672451019287,True,43
train_000128,beta_power,POL A6,0.6512367725372314,False,86
train_000128,beta_power,POL A7,0.23562145233154297,False,117
train_000128,beta_power,POL A8,0.320992648601532,False,113
train_000128,beta_power,POL A9,0.3394714593887329,False,110
train_000128,beta_power,POL A10,0.4049391448497772,False,107
train_000128,beta_power,POL B1,0.3217235505580902,True,112
train_000128,beta_power,POL B2,0.06266675889492035,False,122
train_000128,beta_power,POL B3,0.49118852615356445,False,98
train_000128,beta_power,POL B4,0.44544246792793274,False,103
train_000128,beta_power,POL B5,0.6660881638526917,False,84
train_000128,beta_power,POL B6,0.8254173398017883,False,79
train_000128,beta_power,POL B7,0.6366695165634155,False,87
train_000128,beta_power,POL B8,0.3005041480064392,False,114
train_000128,beta_power,POL B9,0.5565431118011475,False,92
train_000128,beta_power,POL B10,0.6656553745269775,False,85
train_000128,beta_power,POL B11,0.6161612272262573,False,89
train_000128,beta_power,POL A11,0.4553242027759552,False,100
train_000128,beta_power,POL A12,0.4909704029560089,False,99
train_000128,beta_power,POL U1,3.811999797821045,True,2
train_000128,beta_power,POL U2,1.1293576955795288,False,63
train_000128,beta_power,POL U3,1.4155217409133911,False,40
train_000128,beta_power,POL U4,1.2296134233474731,False,55
train_000128,beta_power,POL U5,1.0814573764801025,False,64
train_000128,beta_power,POL U6,1.560133457183838,False,28
train_000128,beta_power,POL U7,1.3225125074386597,False,47
train_000128,beta_power,POL U8,1.1549814939498901,False,62
train_000128,beta_power,POL T1,1.0415691137313843,False,68
train_000128,beta_power,POL T2,0.8662421703338623,False,77
train_000128,beta_power,EEG T3-Ref,0.18817853927612305,False,120
train_000128,beta_power,EEG T4-Ref,3.015286922454834,False,4
train_000128,beta_power,EEG T5-Ref,2.374753713607788,False,8
train_000128,beta_power,EEG T6-Ref,2.424046754837036,False,7
train_000128,beta_power,EEG T7-Ref,1.2689121961593628,False,53
train_000128,beta_power,EEG T8-Ref,1.6948609352111816,False,20
train_000128,beta_power,EEG T9-Ref,1.9278620481491089,False,13
train_000128,beta_power,EEG T10-Ref,1.9282867908477783,False,12
train_000128,beta_power,POL T11,1.416061282157898,False,39
train_000128,beta_power,POL T12,1.4103831052780151,False,41
train_000128,beta_power,POL J1,1.3221908807754517,False,48
train_000128,beta_power,POL J2,1.528029203414917,False,34
train_000128,beta_power,POL J3,0.944366455078125,False,75
train_000128,beta_power,POL J4,0.9373703002929688,False,76
train_000128,beta_power,POL J5,1.267663598060608,False,54
train_000128,beta_power,POL J6,1.500466227531433,False,36
train_000128,beta_power,POL J7,1.2222628593444824,False,56
train_000128,beta_power,POL K1,1.4547357559204102,False,37
train_000128,beta_power,POL K2,1.8289111852645874,False,16
train_000128,beta_power,POL K3,1.0649468898773193,False,65
train_000128,beta_power,POL K4,1.0494526624679565,False,67
train_000128,beta_power,POL K5,1.161645770072937,False,61
train_000128,beta_power,POL K6,1.5342726707458496,False,33
train_000128,beta_power,POL K7,1.650022029876709,False,24
train_000128,beta_power,POL K8,1.600935697555542,False,27
train_000128,beta_power,POL L1,3.944309949874878,False,1
train_000128,beta_power,POL L2,2.8172645568847656,False,5
train_000128,beta_power,POL L3,2.1951980590820312,False,10
train_000128,beta_power,POL L4,1.172212839126587,False,60
train_000128,beta_power,POL L5,1.333342432975769,False,46
train_000128,beta_power,POL L6,1.54857337474823,False,30
train_000128,beta_power,POL L7,1.5584510564804077,False,29
train_000128,beta_power,POL L8,1.6449224948883057,False,25
train_000128,beta_power,EEG M1-Ref,0.5182027816772461,False,95
train_000128,beta_power,EEG M2-Ref,0.44130587577819824,False,105
train_000128,beta_power,POL M3,0.6303032636642456,False,88
train_000128,beta_power,POL M4,0.36495018005371094,False,109
train_000128,beta_power,POL M5,0.19862507283687592,True,118
train_000128,beta_power,POL M6,0.4464398920536041,True,102
train_000128,beta_power,POL M7,0.7016916871070862,True,83
train_000128,beta_power,POL M8,0.4419359862804413,False,104
train_000128,beta_power,POL M9,0.5305824279785156,False,94
train_000128,beta_power,POL N1,0.5654287934303284,False,91
train_000128,beta_power,POL N2,0.7172119617462158,False,82
train_000128,beta_power,POL N3,0.4277973175048828,False,106
train_000128,beta_power,POL N4,0.4000961184501648,False,108
train_000128,beta_power,POL N5,0.4492814838886261,False,101
train_000128,beta_power,POL N6,0.9855529069900513,False,71
train_000128,beta_power,POL N7,1.5048191547393799,False,35
train_000128,beta_power,POL N8,1.6756539344787598,False,21
train_000128,beta_power,POL N9,0.7239999771118164,False,80
train_000128,beta_power,EEG P1-Ref,0.27617549896240234,False,116
train_000128,beta_power,EEG P2-Ref,0.19516360759735107,False,119
train_000128,beta_power,EEG P3-Ref,0.49419522285461426,False,97
train_000128,beta_power,EEG P4-Ref,1.060721755027771,False,66
train_000128,beta_power,EEG P5-Ref,1.216386318206787,False,57
train_000128,beta_power,EEG P6-Ref,1.4354149103164673,False,38
train_000128,beta_power,EEG P7-Ref,1.2985674142837524,False,50
train_000128,beta_power,EEG P8-Ref,0.5171224474906921,False,96
train_000128,beta_power,POL R1,0.6060388088226318,False,90
train_000128,beta_power,POL R2,1.4026648998260498,False,42
train_000128,beta_power,POL R3,1.3144562244415283,False,49
train_000128,beta_power,POL R4,0.8457757234573364,False,78
train_000128,beta_power,POL R5,0.9596205353736877,False,73
train_000128,beta_power,POL R6,2.043464183807373,False,11
train_000128,beta_power,POL R7,1.215893030166626,False,58
train_000128,beta_power,POL R8,1.2709565162658691,False,52
train_000128,beta_power,POL R9,0.9802536368370056,False,72
train_000128,beta_power,POL R10,1.7488045692443848,False,18
train_000128,beta_power,POL R11,-0.23902705311775208,False,124
train_000128,beta_power,POL R12,-0.06167219206690788,False,123
train_000128,beta_power,POL R13,0.9877247214317322,False,70
train_000128,beta_power,POL R14,0.33083000779151917,False,111
train_000128,beta_power,POL R15,0.2827223837375641,False,115
train_000128,beta_power,POL R16,0.5387970209121704,False,93
train_000128,beta_power,POL AC1,1.2898410558700562,False,51
train_000128,beta_power,POL AC2,1.5382704734802246,False,32
train_000128,beta_power,POL AC3,1.8376643657684326,False,15
train_000128,beta_power,POL AC4,1.3566852807998657,False,44
train_000128,beta_power,POL AC5,0.7193086743354797,False,81
train_000128,beta_power,POL AC6,0.17828510701656342,False,121
train_000128,beta_power,POL AC7,0.9567093849182129,False,74
train_000128,beta_power,POL AC8,1.3358606100082397,False,45
train_000128,beta_power,POL AC9,1.5465224981307983,False,31
train_000128,beta_power,POL AC10,1.6507798433303833,False,23
train_000128,beta_power,POL AC11,3.450974702835083,False,3
train_000128,beta_power,POL AC12,1.7112643718719482,False,19
train_000128,beta_power,POL AC13,1.1792963743209839,False,59
train_000128,beta_power,POL AC14,1.8381305932998657,False,14
train_000128,beta_power,POL AC15,2.506316900253296,False,6
train_000128,beta_power,POL AC16,0.9880938529968262,False,69
train_000128,low_gamma_power,EEG A1-Ref,0.845371425151825,True,102
train_000128,low_gamma_power,EEG A2-Ref,0.7312028408050537,True,112
train_000128,low_gamma_power,POL A3,0.5165421962738037,True,119
train_000128,low_gamma_power,POL A4,0.8643643856048584,True,100
train_000128,low_gamma_power,POL A5,0.6827133893966675,True,115
train_000128,low_gamma_power,POL A6,0.6165506839752197,False,118
train_000128,low_gamma_power,POL A7,0.5100539326667786,False,121
train_000128,low_gamma_power,POL A8,0.7642198801040649,False,106
train_000128,low_gamma_power,POL A9,1.0864003896713257,False,91
train_000128,low_gamma_power,POL A10,1.5674922466278076,False,65
train_000128,low_gamma_power,POL B1,0.7003719210624695,True,114
train_000128,low_gamma_power,POL B2,0.7610539197921753,False,107
train_000128,low_gamma_power,POL B3,0.8276220560073853,False,103
train_000128,low_gamma_power,POL B4,2.6700925827026367,False,20
train_000128,low_gamma_power,POL B5,1.985615611076355,False,49
train_000128,low_gamma_power,POL B6,1.0448333024978638,False,92
train_000128,low_gamma_power,POL B7,0.6353296637535095,False,117
train_000128,low_gamma_power,POL B8,0.824058473110199,False,104
train_000128,low_gamma_power,POL B9,0.6581997871398926,False,116
train_000128,low_gamma_power,POL B10,1.0954060554504395,False,90
train_000128,low_gamma_power,POL B11,1.4470853805541992,False,71
train_000128,low_gamma_power,POL A11,1.6816738843917847,False,60
train_000128,low_gamma_power,POL A12,1.7512004375457764,False,56
train_000128,low_gamma_power,POL U1,3.819476842880249,True,6
train_000128,low_gamma_power,POL U2,3.057333469390869,False,11
train_000128,low_gamma_power,POL U3,2.5028815269470215,False,24
train_000128,low_gamma_power,POL U4,2.0098235607147217,False,48
train_000128,low_gamma_power,POL U5,1.0007060766220093,False,95
train_000128,low_gamma_power,POL U6,1.5475841760635376,False,66
train_000128,low_gamma_power,POL U7,0.9891851544380188,False,96
train_000128,low_gamma_power,POL U8,1.033324122428894,False,94
train_000128,low_gamma_power,POL T1,0.9700251817703247,False,97
train_000128,low_gamma_power,POL T2,1.2497689723968506,False,80
train_000128,low_gamma_power,EEG T3-Ref,0.7409288883209229,False,109
train_000128,low_gamma_power,EEG T4-Ref,5.8517303466796875,False,1
train_000128,low_gamma_power,EEG T5-Ref,3.187513828277588,False,9
train_000128,low_gamma_power,EEG T6-Ref,0.424512654542923,False,122
train_000128,low_gamma_power,EEG T7-Ref,1.1936311721801758,False,85
train_000128,low_gamma_power,EEG T8-Ref,1.4391405582427979,False,72
train_000128,low_gamma_power,EEG T9-Ref,0.7083460688591003,False,113
train_000128,low_gamma_power,EEG T10-Ref,1.111474633216858,False,88
train_000128,low_gamma_power,POL T11,0.740621030330658,False,110
train_000128,low_gamma_power,POL T12,1.5192592144012451,False,69
train_000128,low_gamma_power,POL J1,1.7452621459960938,False,57
train_000128,low_gamma_power,POL J2,1.5458699464797974,False,67
train_000128,low_gamma_power,POL J3,1.5287468433380127,False,68
train_000128,low_gamma_power,POL J4,1.2943358421325684,False,78
train_000128,low_gamma_power,POL J5,1.6164425611495972,False,61
train_000128,low_gamma_power,POL J6,2.043332815170288,False,45
train_000128,low_gamma_power,POL J7,2.0157902240753174,False,47
train_000128,low_gamma_power,POL K1,5.710103988647461,False,2
train_000128,low_gamma_power,POL K2,4.839201927185059,False,5
train_000128,low_gamma_power,POL K3,2.9150969982147217,False,14
train_000128,low_gamma_power,POL K4,2.0445497035980225,False,44
train_000128,low_gamma_power,POL K5,3.3369338512420654,False,7
train_000128,low_gamma_power,POL K6,3.2090938091278076,False,8
train_000128,low_gamma_power,POL K7,2.844484329223633,False,15
train_000128,low_gamma_power,POL K8,2.6712257862091064,False,19
train_000128,low_gamma_power,POL L1,5.546924114227295,False,3
train_000128,low_gamma_power,POL L2,5.247979640960693,False,4
train_000128,low_gamma_power,POL L3,2.1700782775878906,False,35
train_000128,low_gamma_power,POL L4,2.117499589920044,False,40
train_000128,low_gamma_power,POL L5,2.9375686645507812,False,12
train_000128,low_gamma_power,POL L6,2.722317695617676,False,18
train_000128,low_gamma_power,POL L7,2.6255531311035156,False,21
train_000128,low_gamma_power,POL L8,1.8910267353057861,False,51
train_000128,low_gamma_power,EEG M1-Ref,2.1108145713806152,False,41
train_000128,low_gamma_power,EEG M2-Ref,2.486891031265259,False,25
train_000128,low_gamma_power,POL M3,2.232799768447876,False,33
train_000128,low_gamma_power,POL M4,1.7987393140792847,False,55
train_000128,low_gamma_power,POL M5,1.8289756774902344,True,54
train_000128,low_gamma_power,POL M6,1.604353427886963,True,63
train_000128,low_gamma_power,POL M7,1.4764760732650757,True,70
train_000128,low_gamma_power,POL M8,1.1554149389266968,False,87
train_000128,low_gamma_power,POL M9,2.464242935180664,False,28
train_000128,low_gamma_power,POL N1,2.1602487564086914,False,37
train_000128,low_gamma_power,POL N2,2.4316294193267822,False,29
train_000128,low_gamma_power,POL N3,2.6246442794799805,False,22
train_000128,low_gamma_power,POL N4,3.1786789894104004,False,10
train_000128,low_gamma_power,POL N5,2.5613114833831787,False,23
train_000128,low_gamma_power,POL N6,2.068208694458008,False,42
train_000128,low_gamma_power,POL N7,2.047417163848877,False,43
train_000128,low_gamma_power,POL N8,1.6854876279830933,False,59
train_000128,low_gamma_power,POL N9,2.811110496520996,False,17
train_000128,low_gamma_power,EEG P1-Ref,1.6986595392227173,False,58
train_000128,low_gamma_power,EEG P2-Ref,1.845530390739441,False,53
train_000128,low_gamma_power,EEG P3-Ref,2.0237812995910645,False,46
train_000128,low_gamma_power,EEG P4-Ref,1.8733168840408325,False,52
train_000128,low_gamma_power,EEG P5-Ref,1.9203832149505615,False,50
train_000128,low_gamma_power,EEG P6-Ref,0.9208068251609802,False,99
train_000128,low_gamma_power,EEG P7-Ref,1.1068798303604126,False,89
train_000128,low_gamma_power,EEG P8-Ref,2.13745379447937,False,38
train_000128,low_gamma_power,POL R1,1.2226260900497437,False,81
train_000128,low_gamma_power,POL R2,1.2105965614318848,False,82
train_000128,low_gamma_power,POL R3,2.4829699993133545,False,26
train_000128,low_gamma_power,POL R4,1.1977636814117432,False,84
train_000128,low_gamma_power,POL R5,2.319185256958008,False,30
train_000128,low_gamma_power,POL R6,1.3694440126419067,False,76
train_000128,low_gamma_power,POL R7,2.4675796031951904,False,27
train_000128,low_gamma_power,POL R8,1.3859390020370483,False,74
train_000128,low_gamma_power,POL R9,0.16609033942222595,False,124
train_000128,low_gamma_power,POL R10,2.9157559871673584,False,13
train_000128,low_gamma_power,POL R11,1.2725043296813965,False,79
train_000128,low_gamma_power,POL R12,1.1994014978408813,False,83
train_000128,low_gamma_power,POL R13,1.3809128999710083,False,75
train_000128,low_gamma_power,POL R14,1.393043041229248,False,73
train_000128,low_gamma_power,POL R15,1.5724276304244995,False,64
train_000128,low_gamma_power,POL R16,2.1208322048187256,False,39
train_000128,low_gamma_power,POL AC1,2.8412911891937256,False,16
train_000128,low_gamma_power,POL AC2,2.16829776763916,False,36
train_000128,low_gamma_power,POL AC3,0.8495303392410278,False,101
train_000128,low_gamma_power,POL AC4,1.1562632322311401,False,86
train_000128,low_gamma_power,POL AC5,0.8170249462127686,False,105
train_000128,low_gamma_power,POL AC6,0.5110248327255249,False,120
train_000128,low_gamma_power,POL AC7,0.21268676221370697,False,123
train_000128,low_gamma_power,POL AC8,0.7352249026298523,False,111
train_000128,low_gamma_power,POL AC9,0.935153603553772,False,98
train_000128,low_gamma_power,POL AC10,2.2774415016174316,False,32
train_000128,low_gamma_power,POL AC11,2.216391086578369,False,34
train_000128,low_gamma_power,POL AC12,1.3299036026000977,False,77
train_000128,low_gamma_power,POL AC13,2.2829973697662354,False,31
train_000128,low_gamma_power,POL AC14,1.0427887439727783,False,93
train_000128,low_gamma_power,POL AC15,1.6101458072662354,False,62
train_000128,low_gamma_power,POL AC16,0.7522821426391602,False,108
train_000128,high_gamma_power,EEG A1-Ref,3.7948522567749023,True,1
train_000128,high_gamma_power,EEG A2-Ref,3.253053903579712,True,6
train_000128,high_gamma_power,POL A3,3.0191073417663574,True,9
train_000128,high_gamma_power,POL A4,2.8513081073760986,True,10
train_000128,high_gamma_power,POL A5,1.7730770111083984,True,53
train_000128,high_gamma_power,POL A6,3.3656134605407715,False,5
train_000128,high_gamma_power,POL A7,1.4396687746047974,False,80
train_000128,high_gamma_power,POL A8,1.3433958292007446,False,85
train_000128,high_gamma_power,POL A9,1.6750229597091675,False,57
train_000128,high_gamma_power,POL A10,1.1167982816696167,False,99
train_000128,high_gamma_power,POL B1,2.60375714302063,True,14
train_000128,high_gamma_power,POL B2,2.509796142578125,False,17
train_000128,high_gamma_power,POL B3,1.1023427248001099,False,101
train_000128,high_gamma_power,POL B4,2.116298198699951,False,36
train_000128,high_gamma_power,POL B5,1.5290580987930298,False,68
train_000128,high_gamma_power,POL B6,2.0288116931915283,False,41
train_000128,high_gamma_power,POL B7,1.1581310033798218,False,97
train_000128,high_gamma_power,POL B8,2.777056932449341,False,11
train_000128,high_gamma_power,POL B9,1.846409797668457,False,48
train_000128,high_gamma_power,POL B10,1.6220946311950684,False,63
train_000128,high_gamma_power,POL B11,2.1330270767211914,False,33
train_000128,high_gamma_power,POL A11,0.7543309926986694,False,115
train_000128,high_gamma_power,POL A12,1.012642502784729,False,105
train_000128,high_gamma_power,POL U1,1.506880283355713,True,69
train_000128,high_gamma_power,POL U2,2.2504310607910156,False,24
train_000128,high_gamma_power,POL U3,2.0878164768218994,False,38
train_000128,high_gamma_power,POL U4,2.1659696102142334,False,30
train_000128,high_gamma_power,POL U5,1.3037066459655762,False,87
train_000128,high_gamma_power,POL U6,1.9113779067993164,False,47
train_000128,high_gamma_power,POL U7,1.9825513362884521,False,43
train_000128,high_gamma_power,POL U8,1.446381688117981,False,77
train_000128,high_gamma_power,POL T1,2.5635311603546143,False,16
train_000128,high_gamma_power,POL T2,1.727187991142273,False,54
train_000128,high_gamma_power,EEG T3-Ref,2.3873631954193115,False,21
train_000128,high_gamma_power,EEG T4-Ref,2.153494119644165,False,31
train_000128,high_gamma_power,EEG T5-Ref,1.7921879291534424,False,52
train_000128,high_gamma_power,EEG T6-Ref,2.229461193084717,False,26
train_000128,high_gamma_power,EEG T7-Ref,1.2312803268432617,False,89
train_000128,high_gamma_power,EEG T8-Ref,1.662295937538147,False,58
train_000128,high_gamma_power,EEG T9-Ref,1.971973180770874,False,44
train_000128,high_gamma_power,EEG T10-Ref,1.7147531509399414,False,55
train_000128,high_gamma_power,POL T11,2.1949195861816406,False,29
train_000128,high_gamma_power,POL T12,1.3925477266311646,False,83
train_000128,high_gamma_power,POL J1,1.4938251972198486,False,70
train_000128,high_gamma_power,POL J2,1.460646629333496,False,74
train_000128,high_gamma_power,POL J3,1.4355696439743042,False,81
train_000128,high_gamma_power,POL J4,1.9983253479003906,False,42
train_000128,high_gamma_power,POL J5,1.1342393159866333,False,98
train_000128,high_gamma_power,POL J6,0.9611243009567261,False,107
train_000128,high_gamma_power,POL J7,2.571173906326294,False,15
train_000128,high_gamma_power,POL K1,0.598792552947998,False,120
train_000128,high_gamma_power,POL K2,1.460520625114441,False,75
train_000128,high_gamma_power,POL K3,1.4403142929077148,False,79
train_000128,high_gamma_power,POL K4,1.8284249305725098,False,50
train_000128,high_gamma_power,POL K5,2.0587563514709473,False,39
train_000128,high_gamma_power,POL K6,2.148557662963867,False,32
train_000128,high_gamma_power,POL K7,1.8084430694580078,False,51
train_000128,high_gamma_power,POL K8,1.6802815198898315,False,56
train_000128,high_gamma_power,POL L1,1.959566354751587,False,45
train_000128,high_gamma_power,POL L2,1.2669939994812012,False,88
train_000128,high_gamma_power,POL L3,1.305647850036621,False,86
train_000128,high_gamma_power,POL L4,2.1158995628356934,False,37
train_000128,high_gamma_power,POL L5,2.052509307861328,False,40
train_000128,high_gamma_power,POL L6,2.117363691329956,False,35
train_000128,high_gamma_power,POL L7,1.6354012489318848,False,59
train_000128,high_gamma_power,POL L8,3.0762102603912354,False,8
train_000128,high_gamma_power,EEG M1-Ref,1.2206448316574097,False,91
train_000128,high_gamma_power,EEG M2-Ref,0.8329113125801086,False,112
train_000128,high_gamma_power,POL M3,0.4919227063655853,False,122
train_000128,high_gamma_power,POL M4,0.6272438168525696,False,118
train_000128,high_gamma_power,POL M5,0.7544394135475159,True,114
train_000128,high_gamma_power,POL M6,1.8293110132217407,True,49
train_000128,high_gamma_power,POL M7,2.119727373123169,True,34
train_000128,high_gamma_power,POL M8,3.4414327144622803,False,4
train_000128,high_gamma_power,POL M9,2.62265944480896,False,13
train_000128,high_gamma_power,POL N1,1.1905261278152466,False,95
train_000128,high_gamma_power,POL N2,2.3382863998413086,False,23
train_000128,high_gamma_power,POL N3,1.1906869411468506,False,94
train_000128,high_gamma_power,POL N4,1.570858359336853,False,66
train_000128,high_gamma_power,POL N5,0.8148534297943115,False,113
train_000128,high_gamma_power,POL N6,1.442502737045288,False,78
train_000128,high_gamma_power,POL N7,1.2288578748703003,False,90
train_000128,high_gamma_power,POL N8,1.484582543373108,False,71
train_000128,high_gamma_power,POL N9,0.5905442237854004,False,121
train_000128,high_gamma_power,EEG P1-Ref,3.7015466690063477,False,2
train_000128,high_gamma_power,EEG P2-Ref,2.344233751296997,False,22
train_000128,high_gamma_power,EEG P3-Ref,3.1129086017608643,False,7
train_000128,high_gamma_power,EEG P4-Ref,2.488464593887329,False,18
train_000128,high_gamma_power,EEG P5-Ref,2.749227523803711,False,12
train_000128,high_gamma_power,EEG P6-Ref,1.1976141929626465,False,93
train_000128,high_gamma_power,EEG P7-Ref,1.4662903547286987,False,73
train_000128,high_gamma_power,EEG P8-Ref,1.3721227645874023,False,84
train_000128,high_gamma_power,POL R1,1.1048849821090698,False,100
train_000128,high_gamma_power,POL R2,1.4543328285217285,False,76
train_000128,high_gamma_power,POL R3,1.6346495151519775,False,60
train_000128,high_gamma_power,POL R4,2.198992967605591,False,28
train_000128,high_gamma_power,POL R5,1.1710604429244995,False,96
train_000128,high_gamma_power,POL R6,3.505466938018799,False,3
train_000128,high_gamma_power,POL R7,2.421919584274292,False,20
train_000128,high_gamma_power,POL R8,2.4274284839630127,False,19
train_000128,high_gamma_power,POL R9,1.0778900384902954,False,103
train_000128,high_gamma_power,POL R10,1.217203140258789,False,92
train_000128,high_gamma_power,POL R11,0.42743608355522156,False,123
train_000128,high_gamma_power,POL R12,2.2457783222198486,False,25
train_000128,high_gamma_power,POL R13,1.6284302473068237,False,62
train_000128,high_gamma_power,POL R14,1.631983995437622,False,61
train_000128,high_gamma_power,POL R15,1.5441994667053223,False,67
train_000128,high_gamma_power,POL R16,0.8750894665718079,False,111
train_000128,high_gamma_power,POL AC1,1.584692120552063,False,65
train_000128,high_gamma_power,POL AC2,1.013541340827942,False,104
train_000128,high_gamma_power,POL AC3,0.9297915101051331,False,109
train_000128,high_gamma_power,POL AC4,0.72016441822052,False,116
train_000128,high_gamma_power,POL AC5,1.4717860221862793,False,72
train_000128,high_gamma_power,POL AC6,0.2666521370410919,False,124
train_000128,high_gamma_power,POL AC7,0.6165771484375,False,119
train_000128,high_gamma_power,POL AC8,0.9119808077812195,False,110
train_000128,high_gamma_power,POL AC9,1.1006642580032349,False,102
train_000128,high_gamma_power,POL AC10,0.6929830312728882,False,117
train_000128,high_gamma_power,POL AC11,0.9539144039154053,False,108
train_000128,high_gamma_power,POL AC12,1.621059775352478,False,64
train_000128,high_gamma_power,POL AC13,1.9189789295196533,False,46
train_000128,high_gamma_power,POL AC14,0.97978276014328,False,106
train_000128,high_gamma_power,POL AC15,1.4295430183410645,False,82
train_000128,high_gamma_power,POL AC16,2.2061519622802734,False,27
train_000128,ripple_power,EEG A1-Ref,3.299009084701538,True,10
train_000128,ripple_power,EEG A2-Ref,2.676849603652954,True,28
train_000128,ripple_power,POL A3,3.4580795764923096,True,7
train_000128,ripple_power,POL A4,3.338900327682495,True,8
train_000128,ripple_power,POL A5,3.1516506671905518,True,15
train_000128,ripple_power,POL A6,2.4141833782196045,False,42
train_000128,ripple_power,POL A7,2.3647260665893555,False,46
train_000128,ripple_power,POL A8,2.564110517501831,False,32
train_000128,ripple_power,POL A9,1.1945277452468872,False,101
train_000128,ripple_power,POL A10,1.3237067461013794,False,91
train_000128,ripple_power,POL B1,1.5598913431167603,True,84
train_000128,ripple_power,POL B2,1.618148922920227,False,79
train_000128,ripple_power,POL B3,1.2815265655517578,False,96
train_000128,ripple_power,POL B4,1.2560044527053833,False,98
train_000128,ripple_power,POL B5,0.9754648208618164,False,113
train_000128,ripple_power,POL B6,1.7902319431304932,False,71
train_000128,ripple_power,POL B7,1.8404862880706787,False,64
train_000128,ripple_power,POL B8,1.3062397241592407,False,93
train_000128,ripple_power,POL B9,1.5638575553894043,False,83
train_000128,ripple_power,POL B10,1.69108247756958,False,73
train_000128,ripple_power,POL B11,2.104482889175415,False,55
train_000128,ripple_power,POL A11,1.1059142351150513,False,105
train_000128,ripple_power,POL A12,1.061944603919983,False,109
train_000128,ripple_power,POL U1,2.00307297706604,True,58
train_000128,ripple_power,POL U2,1.0150413513183594,False,112
train_000128,ripple_power,POL U3,0.6212788820266724,False,118
train_000128,ripple_power,POL U4,1.823274850845337,False,65
train_000128,ripple_power,POL U5,1.8963024616241455,False,59
train_000128,ripple_power,POL U6,1.6900532245635986,False,75
train_000128,ripple_power,POL U7,1.1327617168426514,False,104
train_000128,ripple_power,POL U8,1.7925786972045898,False,70
train_000128,ripple_power,POL T1,1.6065407991409302,False,80
train_000128,ripple_power,POL T2,1.5039829015731812,False,87
train_000128,ripple_power,EEG T3-Ref,1.8010913133621216,False,66
train_000128,ripple_power,EEG T4-Ref,1.2597168684005737,False,97
train_000128,ripple_power,EEG T5-Ref,2.3452301025390625,False,47
train_000128,ripple_power,EEG T6-Ref,0.7136688828468323,False,117
train_000128,ripple_power,EEG T7-Ref,2.195648670196533,False,51
train_000128,ripple_power,EEG T8-Ref,1.6795915365219116,False,76
train_000128,ripple_power,EEG T9-Ref,0.19683676958084106,False,123
train_000128,ripple_power,EEG T10-Ref,0.874371349811554,False,115
train_000128,ripple_power,POL T11,0.3454308807849884,False,122
train_000128,ripple_power,POL T12,0.17530573904514313,False,124
train_000128,ripple_power,POL J1,2.367234706878662,False,45
train_000128,ripple_power,POL J2,1.548030138015747,False,85
train_000128,ripple_power,POL J3,1.795201301574707,False,69
train_000128,ripple_power,POL J4,2.090174674987793,False,57
train_000128,ripple_power,POL J5,1.2127248048782349,False,100
train_000128,ripple_power,POL J6,2.122284173965454,False,54
train_000128,ripple_power,POL J7,1.0238515138626099,False,110
train_000128,ripple_power,POL K1,2.412316083908081,False,43
train_000128,ripple_power,POL K2,1.1563825607299805,False,103
train_000128,ripple_power,POL K3,1.190850853919983,False,102
train_000128,ripple_power,POL K4,1.6639734506607056,False,78
train_000128,ripple_power,POL K5,1.799806833267212,False,68
train_000128,ripple_power,POL K6,0.5796101689338684,False,120
train_000128,ripple_power,POL K7,0.594147801399231,False,119
train_000128,ripple_power,POL K8,2.333796977996826,False,48
train_000128,ripple_power,POL L1,0.9443315863609314,False,114
train_000128,ripple_power,POL L2,1.070318341255188,False,107
train_000128,ripple_power,POL L3,0.5212342143058777,False,121
train_000128,ripple_power,POL L4,1.4959571361541748,False,88
train_000128,ripple_power,POL L5,1.0702803134918213,False,108
train_000128,ripple_power,POL L6,0.8477528691291809,False,116
train_000128,ripple_power,POL L7,2.8894338607788086,False,19
train_000128,ripple_power,POL L8,3.333247661590576,False,9
train_000128,ripple_power,EEG M1-Ref,1.6902178525924683,False,74
train_000128,ripple_power,EEG M2-Ref,1.311301589012146,False,92
train_000128,ripple_power,POL M3,2.1024155616760254,False,56
train_000128,ripple_power,POL M4,2.2105772495269775,False,50
train_000128,ripple_power,POL M5,1.3679986000061035,True,90
train_000128,ripple_power,POL M6,1.5427981615066528,True,86
train_000128,ripple_power,POL M7,1.3014501333236694,True,95
train_000128,ripple_power,POL M8,1.886794090270996,False,61
train_000128,ripple_power,POL M9,2.485133171081543,False,37
train_000128,ripple_power,POL N1,1.304462194442749,False,94
train_000128,ripple_power,POL N2,1.8010135889053345,False,67
train_000128,ripple_power,POL N3,2.8140547275543213,False,22
train_000128,ripple_power,POL N4,2.5203466415405273,False,33
train_000128,ripple_power,POL N5,2.8167054653167725,False,21
train_000128,ripple_power,POL N6,1.6975371837615967,False,72
train_000128,ripple_power,POL N7,1.015182614326477,False,111
train_000128,ripple_power,POL N8,2.18951678276062,False,52
train_000128,ripple_power,POL N9,2.51613187789917,False,35
train_000128,ripple_power,EEG P1-Ref,1.859786868095398,False,63
train_000128,ripple_power,EEG P2-Ref,2.8000552654266357,False,23
train_000128,ripple_power,EEG P3-Ref,2.124631404876709,False,53
train_000128,ripple_power,EEG P4-Ref,2.2703497409820557,False,49
train_000128,ripple_power,EEG P5-Ref,1.864114761352539,False,62
train_000128,ripple_power,EEG P6-Ref,1.0759328603744507,False,106
train_000128,ripple_power,EEG P7-Ref,1.5844645500183105,False,82
train_000128,ripple_power,EEG P8-Ref,1.894680142402649,False,60
train_000128,ripple_power,POL R1,3.1333086490631104,False,16
train_000128,ripple_power,POL R2,2.6411566734313965,False,29
train_000128,ripple_power,POL R3,2.430161237716675,False,40
train_000128,ripple_power,POL R4,1.2237284183502197,False,99
train_000128,ripple_power,POL R5,3.200845956802368,False,13
train_000128,ripple_power,POL R6,2.454214572906494,False,38
train_000128,ripple_power,POL R7,2.4286837577819824,False,41
train_000128,ripple_power,POL R8,2.89923357963562,False,18
train_000128,ripple_power,POL R9,2.7349441051483154,False,26
train_000128,ripple_power,POL R10,1.3790009021759033,False,89
train_000128,ripple_power,POL R11,2.383795738220215,False,44
train_000128,ripple_power,POL R12,3.8958544731140137,False,3
train_000128,ripple_power,POL R13,3.1771159172058105,False,14
train_000128,ripple_power,POL R14,2.5648040771484375,False,31
train_000128,ripple_power,POL R15,2.519822835922241,False,34
train_000128,ripple_power,POL R16,2.830814838409424,False,20
train_000128,ripple_power,POL AC1,2.717231512069702,False,27
train_000128,ripple_power,POL AC2,2.5846004486083984,False,30
train_000128,ripple_power,POL AC3,3.272693157196045,False,11
train_000128,ripple_power,POL AC4,3.481311082839966,False,6
train_000128,ripple_power,POL AC5,3.212554693222046,False,12
train_000128,ripple_power,POL AC6,3.10675048828125,False,17
train_000128,ripple_power,POL AC7,3.7090859413146973,False,4
train_000128,ripple_power,POL AC8,2.777710437774658,False,24
train_000128,ripple_power,POL AC9,2.5061895847320557,False,36
train_000128,ripple_power,POL AC10,2.7753701210021973,False,25
train_000128,ripple_power,POL AC11,2.4529690742492676,False,39
train_000128,ripple_power,POL AC12,1.603519320487976,False,81
train_000128,ripple_power,POL AC13,5.083523273468018,False,1
train_000128,ripple_power,POL AC14,4.758670330047607,False,2
train_000128,ripple_power,POL AC15,1.666220784187317,False,77
train_000128,ripple_power,POL AC16,3.588688850402832,False,5
train_000128,fast_ripple_power,EEG A1-Ref,0.9305779337882996,True,99
train_000128,fast_ripple_power,EEG A2-Ref,1.3372983932495117,True,75
train_000128,fast_ripple_power,POL A3,0.648373544216156,True,111
train_000128,fast_ripple_power,POL A4,0.5794144868850708,True,113
train_000128,fast_ripple_power,POL A5,1.1489588022232056,True,87
train_000128,fast_ripple_power,POL A6,0.7265205979347229,False,105
train_000128,fast_ripple_power,POL A7,2.3297369480133057,False,44
train_000128,fast_ripple_power,POL A8,1.4279841184616089,False,72
train_000128,fast_ripple_power,POL A9,0.9086300730705261,False,101
train_000128,fast_ripple_power,POL A10,0.6620877385139465,False,109
train_000128,fast_ripple_power,POL B1,1.191854476928711,True,84
train_000128,fast_ripple_power,POL B2,1.7679345607757568,False,64
train_000128,fast_ripple_power,POL B3,1.3158502578735352,False,77
train_000128,fast_ripple_power,POL B4,1.2563360929489136,False,80
train_000128,fast_ripple_power,POL B5,1.6264994144439697,False,69
train_000128,fast_ripple_power,POL B6,0.43550926446914673,False,116
train_000128,fast_ripple_power,POL B7,-0.026956798508763313,False,122
train_000128,fast_ripple_power,POL B8,1.836440086364746,False,62
train_000128,fast_ripple_power,POL B9,-0.08403836190700531,False,123
train_000128,fast_ripple_power,POL B10,0.283965140581131,False,119
train_000128,fast_ripple_power,POL B11,1.3239717483520508,False,76
train_000128,fast_ripple_power,POL A11,0.16824711859226227,False,120
train_000128,fast_ripple_power,POL A12,-0.12298908084630966,False,124
train_000128,fast_ripple_power,POL U1,0.9972846508026123,True,97
train_000128,fast_ripple_power,POL U2,1.2953037023544312,False,79
train_000128,fast_ripple_power,POL U3,1.1776096820831299,False,86
train_000128,fast_ripple_power,POL U4,1.3625003099441528,False,73
train_000128,fast_ripple_power,POL U5,1.7912424802780151,False,63
train_000128,fast_ripple_power,POL U6,0.5629758834838867,False,114
train_000128,fast_ripple_power,POL U7,0.39488622546195984,False,117
train_000128,fast_ripple_power,POL U8,1.359974980354309,False,74
train_000128,fast_ripple_power,POL T1,0.6582006216049194,False,110
train_000128,fast_ripple_power,POL T2,1.2350016832351685,False,82
train_000128,fast_ripple_power,EEG T3-Ref,2.3012518882751465,False,47
train_000128,fast_ripple_power,EEG T4-Ref,1.1015368700027466,False,90
train_000128,fast_ripple_power,EEG T5-Ref,0.7705777287483215,False,103
train_000128,fast_ripple_power,EEG T6-Ref,0.33257049322128296,False,118
train_000128,fast_ripple_power,EEG T7-Ref,1.9053306579589844,False,57
train_000128,fast_ripple_power,EEG T8-Ref,1.2342087030410767,False,83
train_000128,fast_ripple_power,EEG T9-Ref,0.6703274250030518,False,108
train_000128,fast_ripple_power,EEG T10-Ref,0.6123496294021606,False,112
train_000128,fast_ripple_power,POL T11,1.0080275535583496,False,96
train_000128,fast_ripple_power,POL T12,1.111546516418457,False,89
train_000128,fast_ripple_power,POL J1,1.143776535987854,False,88
train_000128,fast_ripple_power,POL J2,1.0664235353469849,False,91
train_000128,fast_ripple_power,POL J3,0.901286244392395,False,102
train_000128,fast_ripple_power,POL J4,1.0495983362197876,False,93
train_000128,fast_ripple_power,POL J5,1.505955696105957,False,71
train_000128,fast_ripple_power,POL J6,1.0574756860733032,False,92
train_000128,fast_ripple_power,POL J7,1.968611478805542,False,56
train_000128,fast_ripple_power,POL K1,0.472573846578598,False,115
train_000128,fast_ripple_power,POL K2,2.7453107833862305,False,33
train_000128,fast_ripple_power,POL K3,1.2541377544403076,False,81
train_000128,fast_ripple_power,POL K4,0.9712799191474915,False,98
train_000128,fast_ripple_power,POL K5,1.182754397392273,False,85
train_000128,fast_ripple_power,POL K6,0.7004593014717102,False,107
train_000128,fast_ripple_power,POL K7,0.7599466443061829,False,104
train_000128,fast_ripple_power,POL K8,1.3116106986999512,False,78
train_000128,fast_ripple_power,POL L1,0.9282429814338684,False,100
train_000128,fast_ripple_power,POL L2,2.3107471466064453,False,45
train_000128,fast_ripple_power,POL L3,0.16117623448371887,False,121
train_000128,fast_ripple_power,POL L4,1.648055076599121,False,67
train_000128,fast_ripple_power,POL L5,0.7070412039756775,False,106
train_000128,fast_ripple_power,POL L6,1.0443060398101807,False,94
train_000128,fast_ripple_power,POL L7,4.994142532348633,False,2
train_000128,fast_ripple_power,POL L8,5.244139194488525,False,1
train_000128,fast_ripple_power,EEG M1-Ref,1.0391414165496826,False,95
train_000128,fast_ripple_power,EEG M2-Ref,1.840330958366394,False,61
train_000128,fast_ripple_power,POL M3,2.926800489425659,False,27
train_000128,fast_ripple_power,POL M4,2.303596019744873,False,46
train_000128,fast_ripple_power,POL M5,2.731015682220459,True,34
train_000128,fast_ripple_power,POL M6,3.088747978210449,True,19
train_000128,fast_ripple_power,POL M7,3.291583776473999,True,15
train_000128,fast_ripple_power,POL M8,4.7323527336120605,False,3
train_000128,fast_ripple_power,POL M9,3.514864444732666,False,11
train_000128,fast_ripple_power,POL N1,4.015397548675537,False,5
train_000128,fast_ripple_power,POL N2,3.045031785964966,False,23
train_000128,fast_ripple_power,POL N3,1.68181574344635,False,66
train_000128,fast_ripple_power,POL N4,2.2373299598693848,False,49
train_000128,fast_ripple_power,POL N5,2.5705137252807617,False,38
train_000128,fast_ripple_power,POL N6,3.4211649894714355,False,13
train_000128,fast_ripple_power,POL N7,3.6266891956329346,False,8
train_000128,fast_ripple_power,POL N8,3.04525089263916,False,22
train_000128,fast_ripple_power,POL N9,4.266726970672607,False,4
train_000128,fast_ripple_power,EEG P1-Ref,1.641426682472229,False,68
train_000128,fast_ripple_power,EEG P2-Ref,2.089686632156372,False,51
train_000128,fast_ripple_power,EEG P3-Ref,2.811760663986206,False,30
train_000128,fast_ripple_power,EEG P4-Ref,1.9034026861190796,False,58
train_000128,fast_ripple_power,EEG P5-Ref,2.3899550437927246,False,41
train_000128,fast_ripple_power,EEG P6-Ref,1.5473076105117798,False,70
train_000128,fast_ripple_power,EEG P7-Ref,2.937804698944092,False,26
train_000128,fast_ripple_power,EEG P8-Ref,3.2416908740997314,False,17
train_000128,fast_ripple_power,POL R1,2.963308334350586,False,25
train_000128,fast_ripple_power,POL R2,2.617213010787964,False,36
train_000128,fast_ripple_power,POL R3,1.6918522119522095,False,65
train_000128,fast_ripple_power,POL R4,3.5626580715179443,False,10
train_000128,fast_ripple_power,POL R5,2.2510290145874023,False,48
train_000128,fast_ripple_power,POL R6,3.808570384979248,False,7
train_000128,fast_ripple_power,POL R7,3.591921806335449,False,9
train_000128,fast_ripple_power,POL R8,2.525139570236206,False,40
train_000128,fast_ripple_power,POL R9,1.9837524890899658,False,55
train_000128,fast_ripple_power,POL R10,1.9968926906585693,False,54
train_000128,fast_ripple_power,POL R11,2.3618509769439697,False,43
train_000128,fast_ripple_power,POL R12,3.064962863922119,False,20
train_000128,fast_ripple_power,POL R13,2.060725450515747,False,53
train_000128,fast_ripple_power,POL R14,3.276235580444336,False,16
train_000128,fast_ripple_power,POL R15,3.83518648147583,False,6
train_000128,fast_ripple_power,POL R16,2.3886120319366455,False,42
train_000128,fast_ripple_power,POL AC1,2.8581628799438477,False,28
train_000128,fast_ripple_power,POL AC2,3.167890787124634,False,18
train_000128,fast_ripple_power,POL AC3,2.5730552673339844,False,37
train_000128,fast_ripple_power,POL AC4,2.8059163093566895,False,31
train_000128,fast_ripple_power,POL AC5,3.007580518722534,False,24
train_000128,fast_ripple_power,POL AC6,2.1895484924316406,False,50
train_000128,fast_ripple_power,POL AC7,3.3928353786468506,False,14
train_000128,fast_ripple_power,POL AC8,3.5147671699523926,False,12
train_000128,fast_ripple_power,POL AC9,1.9012579917907715,False,59
train_000128,fast_ripple_power,POL AC10,3.0565505027770996,False,21
train_000128,fast_ripple_power,POL AC11,2.8578813076019287,False,29
train_000128,fast_ripple_power,POL AC12,2.7898566722869873,False,32
train_000128,fast_ripple_power,POL AC13,2.6360812187194824,False,35
train_000128,fast_ripple_power,POL AC14,2.0727078914642334,False,52
train_000128,fast_ripple_power,POL AC15,1.852346658706665,False,60
train_000128,fast_ripple_power,POL AC16,2.537010908126831,False,39
train_000128,high_low_ratio,EEG A1-Ref,1.8227276802062988,True,47
train_000128,high_low_ratio,EEG A2-Ref,1.1856162548065186,True,94
train_000128,high_low_ratio,POL A3,1.0730048418045044,True,101
train_000128,high_low_ratio,POL A4,1.6038818359375,True,67
train_000128,high_low_ratio,POL A5,1.4076511859893799,True,82
train_000128,high_low_ratio,POL A6,1.7804418802261353,False,54
train_000128,high_low_ratio,POL A7,1.1263073682785034,False,98
train_000128,high_low_ratio,POL A8,0.7591599225997925,False,115
train_000128,high_low_ratio,POL A9,0.6969327330589294,False,117
train_000128,high_low_ratio,POL A10,0.9509178400039673,False,107
train_000128,high_low_ratio,POL B1,1.5991731882095337,True,68
train_000128,high_low_ratio,POL B2,1.6125929355621338,False,65
train_000128,high_low_ratio,POL B3,3.870793342590332,False,1
train_000128,high_low_ratio,POL B4,1.7948620319366455,False,52
train_000128,high_low_ratio,POL B5,1.673293113708496,False,58
train_000128,high_low_ratio,POL B6,1.6794781684875488,False,57
train_000128,high_low_ratio,POL B7,1.1751470565795898,False,95
train_000128,high_low_ratio,POL B8,1.5521756410598755,False,72
train_000128,high_low_ratio,POL B9,1.5977917909622192,False,69
train_000128,high_low_ratio,POL B10,1.6238577365875244,False,62
train_000128,high_low_ratio,POL B11,1.539919137954712,False,74
train_000128,high_low_ratio,POL A11,1.0981471538543701,False,100
train_000128,high_low_ratio,POL A12,1.3240779638290405,False,87
train_000128,high_low_ratio,POL U1,0.24007898569107056,True,119
train_000128,high_low_ratio,POL U2,-0.47878122329711914,False,124
train_000128,high_low_ratio,POL U3,0.21995268762111664,False,121
train_000128,high_low_ratio,POL U4,1.0039796829223633,False,105
train_000128,high_low_ratio,POL U5,2.2209160327911377,False,31
train_000128,high_low_ratio,POL U6,3.4017715454101562,False,6
train_000128,high_low_ratio,POL U7,3.6111550331115723,False,3
train_000128,high_low_ratio,POL U8,2.6351683139801025,False,16
train_000128,high_low_ratio,POL T1,0.9453264474868774,False,108
train_000128,high_low_ratio,POL T2,0.9037492871284485,False,110
train_000128,high_low_ratio,EEG T3-Ref,-0.31490635871887207,False,123
train_000128,high_low_ratio,EEG T4-Ref,1.6208950281143188,False,64
train_000128,high_low_ratio,EEG T5-Ref,1.655227780342102,False,59
train_000128,high_low_ratio,EEG T6-Ref,2.3042192459106445,False,26
train_000128,high_low_ratio,EEG T7-Ref,0.903847336769104,False,109
train_000128,high_low_ratio,EEG T8-Ref,2.332906484603882,False,25
train_000128,high_low_ratio,EEG T9-Ref,2.6047840118408203,False,17
train_000128,high_low_ratio,EEG T10-Ref,2.137319326400757,False,34
train_000128,high_low_ratio,POL T11,2.8352136611938477,False,15
train_000128,high_low_ratio,POL T12,3.160742998123169,False,9
train_000128,high_low_ratio,POL J1,1.4753583669662476,False,77
train_000128,high_low_ratio,POL J2,1.8145453929901123,False,50
train_000128,high_low_ratio,POL J3,1.5451524257659912,False,73
train_000128,high_low_ratio,POL J4,1.37997305393219,False,85
train_000128,high_low_ratio,POL J5,1.7903556823730469,False,53
train_000128,high_low_ratio,POL J6,1.8272254467010498,False,45
train_000128,high_low_ratio,POL J7,1.7035361528396606,False,56
train_000128,high_low_ratio,POL K1,2.2749884128570557,False,27
train_000128,high_low_ratio,POL K2,2.922677516937256,False,13
train_000128,high_low_ratio,POL K3,3.5701119899749756,False,4
train_000128,high_low_ratio,POL K4,2.594205141067505,False,18
train_000128,high_low_ratio,POL K5,1.6433837413787842,False,60
train_000128,high_low_ratio,POL K6,1.4782541990280151,False,76
train_000128,high_low_ratio,POL K7,1.9032704830169678,False,43
train_000128,high_low_ratio,POL K8,1.8724199533462524,False,44
train_000128,high_low_ratio,POL L1,2.3408379554748535,False,23
train_000128,high_low_ratio,POL L2,1.820762276649475,False,48
train_000128,high_low_ratio,POL L3,1.463697910308838,False,79
train_000128,high_low_ratio,POL L4,2.158792734146118,False,33
train_000128,high_low_ratio,POL L5,2.0662269592285156,False,37
train_000128,high_low_ratio,POL L6,2.0411741733551025,False,38
train_000128,high_low_ratio,POL L7,3.0916059017181396,False,10
train_000128,high_low_ratio,POL L8,3.347738742828369,False,7
train_000128,high_low_ratio,EEG M1-Ref,1.235610008239746,False,90
train_000128,high_low_ratio,EEG M2-Ref,1.4102376699447632,False,81
train_000128,high_low_ratio,POL M3,2.5029585361480713,False,20
train_000128,high_low_ratio,POL M4,2.23140549659729,False,30
train_000128,high_low_ratio,POL M5,2.1284077167510986,True,35
train_000128,high_low_ratio,POL M6,2.333811044692993,True,24
train_000128,high_low_ratio,POL M7,3.0778510570526123,True,11
train_000128,high_low_ratio,POL M8,3.240833282470703,False,8
train_000128,high_low_ratio,POL M9,1.498517632484436,False,75
train_000128,high_low_ratio,POL N1,2.0701568126678467,False,36
train_000128,high_low_ratio,POL N2,2.2150168418884277,False,32
train_000128,high_low_ratio,POL N3,1.4661760330200195,False,78
train_000128,high_low_ratio,POL N4,1.2024459838867188,False,91
train_000128,high_low_ratio,POL N5,1.0292962789535522,False,104
train_000128,high_low_ratio,POL N6,0.8990623950958252,False,111
train_000128,high_low_ratio,POL N7,0.7489317655563354,False,116
train_000128,high_low_ratio,POL N8,1.001457929611206,False,106
train_000128,high_low_ratio,POL N9,1.5911263227462769,False,70
train_000128,high_low_ratio,EEG P1-Ref,1.4267147779464722,False,80
train_000128,high_low_ratio,EEG P2-Ref,1.1871026754379272,False,93
train_000128,high_low_ratio,EEG P3-Ref,1.1329841613769531,False,96
train_000128,high_low_ratio,EEG P4-Ref,1.390195369720459,False,83
train_000128,high_low_ratio,EEG P5-Ref,1.5524933338165283,False,71
train_000128,high_low_ratio,EEG P6-Ref,1.27363121509552,False,88
train_000128,high_low_ratio,EEG P7-Ref,0.6772027611732483,False,118
train_000128,high_low_ratio,EEG P8-Ref,0.20371468365192413,False,122
train_000128,high_low_ratio,POL R1,1.9430532455444336,False,40
train_000128,high_low_ratio,POL R2,2.2546803951263428,False,28
train_000128,high_low_ratio,POL R3,1.9289023876190186,False,41
train_000128,high_low_ratio,POL R4,3.4828293323516846,False,5
train_000128,high_low_ratio,POL R5,3.7484772205352783,False,2
train_000128,high_low_ratio,POL R6,1.621740460395813,False,63
train_000128,high_low_ratio,POL R7,1.3838961124420166,False,84
train_000128,high_low_ratio,POL R8,1.1235302686691284,False,99
train_000128,high_low_ratio,POL R9,1.0381449460983276,False,103
train_000128,high_low_ratio,POL R10,1.6305179595947266,False,61
train_000128,high_low_ratio,POL R11,0.23394203186035156,False,120
train_000128,high_low_ratio,POL R12,0.8500847220420837,False,113
train_000128,high_low_ratio,POL R13,1.8125163316726685,False,51
train_000128,high_low_ratio,POL R14,1.8195176124572754,False,49
train_000128,high_low_ratio,POL R15,2.248491048812866,False,29
train_000128,high_low_ratio,POL R16,3.06600022315979,False,12
train_000128,high_low_ratio,POL AC1,2.917907238006592,False,14
train_000128,high_low_ratio,POL AC2,2.3576231002807617,False,22
train_000128,high_low_ratio,POL AC3,1.8238364458084106,False,46
train_000128,high_low_ratio,POL AC4,1.126771330833435,False,97
train_000128,high_low_ratio,POL AC5,0.8788414597511292,False,112
train_000128,high_low_ratio,POL AC6,0.8205665946006775,False,114
train_000128,high_low_ratio,POL AC7,1.2516429424285889,False,89
train_000128,high_low_ratio,POL AC8,1.0432143211364746,False,102
train_000128,high_low_ratio,POL AC9,1.3351614475250244,False,86
train_000128,high_low_ratio,POL AC10,1.6057794094085693,False,66
train_000128,high_low_ratio,POL AC11,1.9695327281951904,False,39
train_000128,high_low_ratio,POL AC12,1.7653005123138428,False,55
train_000128,high_low_ratio,POL AC13,2.497946262359619,False,21
train_000128,high_low_ratio,POL AC14,2.5441534519195557,False,19
train_000128,high_low_ratio,POL AC15,1.1878663301467896,False,92
train_000128,high_low_ratio,POL AC16,1.9130600690841675,False,42
train_000128,low_frequency_suppression,EEG A1-Ref,1.8261804580688477,True,70
train_000128,low_frequency_suppression,EEG A2-Ref,2.0090408325195312,True,56
train_000128,low_frequency_suppression,POL A3,1.5295647382736206,True,93
train_000128,low_frequency_suppression,POL A4,1.8125076293945312,True,71
train_000128,low_frequency_suppression,POL A5,1.9745707511901855,True,58
train_000128,low_frequency_suppression,POL A6,1.612877368927002,False,86
train_000128,low_frequency_suppression,POL A7,1.4116921424865723,False,101
train_000128,low_frequency_suppression,POL A8,1.1642736196517944,False,109
train_000128,low_frequency_suppression,POL A9,1.1505595445632935,False,111
train_000128,low_frequency_suppression,POL A10,1.4467731714248657,False,98
train_000128,low_frequency_suppression,POL B1,1.3782479763031006,True,103
train_000128,low_frequency_suppression,POL B2,2.890235185623169,False,15
train_000128,low_frequency_suppression,POL B3,5.580840587615967,False,1
train_000128,low_frequency_suppression,POL B4,2.1892762184143066,False,41
train_000128,low_frequency_suppression,POL B5,2.284986734390259,False,38
train_000128,low_frequency_suppression,POL B6,2.8859333992004395,False,16
train_000128,low_frequency_suppression,POL B7,2.3015921115875244,False,37
train_000128,low_frequency_suppression,POL B8,2.0757522583007812,False,51
train_000128,low_frequency_suppression,POL B9,1.6439847946166992,False,84
train_000128,low_frequency_suppression,POL B10,1.5616753101348877,False,92
train_000128,low_frequency_suppression,POL B11,2.7375874519348145,False,22
train_000128,low_frequency_suppression,POL A11,1.9733717441558838,False,59
train_000128,low_frequency_suppression,POL A12,3.286877393722534,False,6
train_000128,low_frequency_suppression,POL U1,-0.5039713978767395,True,123
train_000128,low_frequency_suppression,POL U2,-0.5500780344009399,False,124
train_000128,low_frequency_suppression,POL U3,0.2805193066596985,False,121
train_000128,low_frequency_suppression,POL U4,1.481008529663086,False,96
train_000128,low_frequency_suppression,POL U5,1.768161416053772,False,74
train_000128,low_frequency_suppression,POL U6,2.1758365631103516,False,43
train_000128,low_frequency_suppression,POL U7,2.782372236251831,False,18
train_000128,low_frequency_suppression,POL U8,2.739046812057495,False,21
train_000128,low_frequency_suppression,POL T1,1.5073342323303223,False,94
train_000128,low_frequency_suppression,POL T2,1.048298716545105,False,113
train_000128,low_frequency_suppression,EEG T3-Ref,0.0035634611267596483,False,122
train_000128,low_frequency_suppression,EEG T4-Ref,0.42795947194099426,False,119
train_000128,low_frequency_suppression,EEG T5-Ref,1.2962558269500732,False,107
train_000128,low_frequency_suppression,EEG T6-Ref,1.2079263925552368,False,108
train_000128,low_frequency_suppression,EEG T7-Ref,0.37298503518104553,False,120
train_000128,low_frequency_suppression,EEG T8-Ref,1.676611304283142,False,80
train_000128,low_frequency_suppression,EEG T9-Ref,2.530991554260254,False,27
train_000128,low_frequency_suppression,EEG T10-Ref,2.116593599319458,False,49
train_000128,low_frequency_suppression,POL T11,2.822028636932373,False,17
train_000128,low_frequency_suppression,POL T12,2.6864140033721924,False,23
train_000128,low_frequency_suppression,POL J1,2.143707036972046,False,44
train_000128,low_frequency_suppression,POL J2,1.6067731380462646,False,88
train_000128,low_frequency_suppression,POL J3,1.4828879833221436,False,95
train_000128,low_frequency_suppression,POL J4,1.3901201486587524,False,102
train_000128,low_frequency_suppression,POL J5,1.3466869592666626,False,105
train_000128,low_frequency_suppression,POL J6,2.538306951522827,False,26
train_000128,low_frequency_suppression,POL J7,2.0218660831451416,False,55
train_000128,low_frequency_suppression,POL K1,2.254086971282959,False,39
train_000128,low_frequency_suppression,POL K2,2.0599212646484375,False,52
train_000128,low_frequency_suppression,POL K3,2.744410276412964,False,20
train_000128,low_frequency_suppression,POL K4,2.1302638053894043,False,47
train_000128,low_frequency_suppression,POL K5,1.9660470485687256,False,60
train_000128,low_frequency_suppression,POL K6,1.3360843658447266,False,106
train_000128,low_frequency_suppression,POL K7,1.810357928276062,False,72
train_000128,low_frequency_suppression,POL K8,0.938895583152771,False,115
train_000128,low_frequency_suppression,POL L1,0.8142783641815186,False,117
train_000128,low_frequency_suppression,POL L2,1.918205738067627,False,63
train_000128,low_frequency_suppression,POL L3,1.4489047527313232,False,97
train_000128,low_frequency_suppression,POL L4,1.8339791297912598,False,69
train_000128,low_frequency_suppression,POL L5,2.1193158626556396,False,48
train_000128,low_frequency_suppression,POL L6,1.8465603590011597,False,67
train_000128,low_frequency_suppression,POL L7,2.2036824226379395,False,40
train_000128,low_frequency_suppression,POL L8,1.9843981266021729,False,57
train_000128,low_frequency_suppression,EEG M1-Ref,1.645275592803955,False,83
train_000128,low_frequency_suppression,EEG M2-Ref,1.6974538564682007,False,77
train_000128,low_frequency_suppression,POL M3,2.311126947402954,False,35
train_000128,low_frequency_suppression,POL M4,2.4131689071655273,False,29
train_000128,low_frequency_suppression,POL M5,2.3603477478027344,True,33
train_000128,low_frequency_suppression,POL M6,2.495760202407837,True,28
train_000128,low_frequency_suppression,POL M7,3.4147441387176514,True,5
train_000128,low_frequency_suppression,POL M8,3.868511438369751,False,2
train_000128,low_frequency_suppression,POL M9,2.958211660385132,False,13
train_000128,low_frequency_suppression,POL N1,2.3028454780578613,False,36
train_000128,low_frequency_suppression,POL N2,2.370966672897339,False,32
train_000128,low_frequency_suppression,POL N3,1.889007568359375,False,64
train_000128,low_frequency_suppression,POL N4,1.4280107021331787,False,99
train_000128,low_frequency_suppression,POL N5,1.1630561351776123,False,110
train_000128,low_frequency_suppression,POL N6,0.7870146036148071,False,118
train_000128,low_frequency_suppression,POL N7,0.8815965056419373,False,116
train_000128,low_frequency_suppression,POL N8,1.6668401956558228,False,82
train_000128,low_frequency_suppression,POL N9,2.186232328414917,False,42
train_000128,low_frequency_suppression,EEG P1-Ref,2.1350507736206055,False,45
train_000128,low_frequency_suppression,EEG P2-Ref,1.8059345483779907,False,73
train_000128,low_frequency_suppression,EEG P3-Ref,1.676925778388977,False,79
train_000128,low_frequency_suppression,EEG P4-Ref,1.4215972423553467,False,100
train_000128,low_frequency_suppression,EEG P5-Ref,1.879012107849121,False,65
train_000128,low_frequency_suppression,EEG P6-Ref,1.609301209449768,False,87
train_000128,low_frequency_suppression,EEG P7-Ref,1.1290396451950073,False,112
train_000128,low_frequency_suppression,EEG P8-Ref,1.0187382698059082,False,114
train_000128,low_frequency_suppression,POL R1,2.748922109603882,False,19
train_000128,low_frequency_suppression,POL R2,2.0236740112304688,False,54
train_000128,low_frequency_suppression,POL R3,2.357670545578003,False,34
train_000128,low_frequency_suppression,POL R4,3.1740171909332275,False,7
train_000128,low_frequency_suppression,POL R5,3.5388569831848145,False,3
train_000128,low_frequency_suppression,POL R6,1.6407767534255981,False,85
train_000128,low_frequency_suppression,POL R7,2.9921650886535645,False,12
train_000128,low_frequency_suppression,POL R8,1.8420482873916626,False,68
train_000128,low_frequency_suppression,POL R9,1.7020446062088013,False,76
train_000128,low_frequency_suppression,POL R10,1.3534563779830933,False,104
train_000128,low_frequency_suppression,POL R11,1.6700873374938965,False,81
train_000128,low_frequency_suppression,POL R12,2.9049510955810547,False,14
train_000128,low_frequency_suppression,POL R13,3.13212513923645,False,9
train_000128,low_frequency_suppression,POL R14,2.6788454055786133,False,24
train_000128,low_frequency_suppression,POL R15,3.1551456451416016,False,8
train_000128,low_frequency_suppression,POL R16,3.42948579788208,False,4
train_000128,low_frequency_suppression,POL AC1,3.0842418670654297,False,11
train_000128,low_frequency_suppression,POL AC2,2.394045352935791,False,30
train_000128,low_frequency_suppression,POL AC3,2.634295701980591,False,25
train_000128,low_frequency_suppression,POL AC4,1.944258213043213,False,62
train_000128,low_frequency_suppression,POL AC5,1.8499581813812256,False,66
train_000128,low_frequency_suppression,POL AC6,1.6905509233474731,False,78
train_000128,low_frequency_suppression,POL AC7,1.5851538181304932,False,89
train_000128,low_frequency_suppression,POL AC8,1.5625863075256348,False,90
train_000128,low_frequency_suppression,POL AC9,1.7067897319793701,False,75
train_000128,low_frequency_suppression,POL AC10,1.5618622303009033,False,91
train_000128,low_frequency_suppression,POL AC11,2.3794522285461426,False,31
train_000128,low_frequency_suppression,POL AC12,2.0338175296783447,False,53
train_000128,low_frequency_suppression,POL AC13,2.130660057067871,False,46
train_000128,low_frequency_suppression,POL AC14,2.0958075523376465,False,50
train_000128,low_frequency_suppression,POL AC15,3.104736328125,False,10
train_000128,low_frequency_suppression,POL AC16,1.953439712524414,False,61
train_000128,spectral_centroid,EEG A1-Ref,4.145511627197266,True,28
train_000128,spectral_centroid,EEG A2-Ref,2.3887741565704346,True,64
train_000128,spectral_centroid,POL A3,1.8219654560089111,True,93
train_000128,spectral_centroid,POL A4,2.1457936763763428,True,76
train_000128,spectral_centroid,POL A5,1.8382946252822876,True,92
train_000128,spectral_centroid,POL A6,2.099937677383423,False,78
train_000128,spectral_centroid,POL A7,1.8916529417037964,False,89
train_000128,spectral_centroid,POL A8,2.0784661769866943,False,80
train_000128,spectral_centroid,POL A9,1.4223378896713257,False,107
train_000128,spectral_centroid,POL A10,2.3051228523254395,False,70
train_000128,spectral_centroid,POL B1,1.98557710647583,True,83
train_000128,spectral_centroid,POL B2,4.343074321746826,False,25
train_000128,spectral_centroid,POL B3,19.080371856689453,False,1
train_000128,spectral_centroid,POL B4,4.021202564239502,False,31
train_000128,spectral_centroid,POL B5,2.869920015335083,False,52
train_000128,spectral_centroid,POL B6,5.663066387176514,False,10
train_000128,spectral_centroid,POL B7,8.911375999450684,False,4
train_000128,spectral_centroid,POL B8,4.892358303070068,False,18
train_000128,spectral_centroid,POL B9,6.834465503692627,False,6
train_000128,spectral_centroid,POL B10,4.3507914543151855,False,24
train_000128,spectral_centroid,POL B11,3.3758749961853027,False,39
train_000128,spectral_centroid,POL A11,3.6032559871673584,False,35
train_000128,spectral_centroid,POL A12,5.027201175689697,False,16
train_000128,spectral_centroid,POL U1,0.12327001243829727,True,123
train_000128,spectral_centroid,POL U2,0.4682192802429199,False,120
train_000128,spectral_centroid,POL U3,0.46604230999946594,False,121
train_000128,spectral_centroid,POL U4,0.8889118432998657,False,117
train_000128,spectral_centroid,POL U5,1.845191240310669,False,91
train_000128,spectral_centroid,POL U6,2.68304705619812,False,56
train_000128,spectral_centroid,POL U7,4.976413249969482,False,17
train_000128,spectral_centroid,POL U8,4.590978145599365,False,19
train_000128,spectral_centroid,POL T1,0.772395133972168,False,118
train_000128,spectral_centroid,POL T2,0.18916942179203033,False,122
train_000128,spectral_centroid,EEG T3-Ref,-0.5738014578819275,False,124
train_000128,spectral_centroid,EEG T4-Ref,1.0465871095657349,False,114
train_000128,spectral_centroid,EEG T5-Ref,2.4801712036132812,False,60
train_000128,spectral_centroid,EEG T6-Ref,2.6373703479766846,False,59
train_000128,spectral_centroid,EEG T7-Ref,1.6237025260925293,False,99
train_000128,spectral_centroid,EEG T8-Ref,2.3360111713409424,False,68
train_000128,spectral_centroid,EEG T9-Ref,4.369997978210449,False,23
train_000128,spectral_centroid,EEG T10-Ref,3.035090923309326,False,46
train_000128,spectral_centroid,POL T11,8.759480476379395,False,5
train_000128,spectral_centroid,POL T12,11.047922134399414,False,2
train_000128,spectral_centroid,POL J1,5.985319137573242,False,8
train_000128,spectral_centroid,POL J2,3.249995231628418,False,41
train_000128,spectral_centroid,POL J3,2.9256913661956787,False,48
train_000128,spectral_centroid,POL J4,4.091421604156494,False,29
train_000128,spectral_centroid,POL J5,5.570540904998779,False,11
train_000128,spectral_centroid,POL J6,3.205263137817383,False,43
train_000128,spectral_centroid,POL J7,4.169214725494385,False,27
train_000128,spectral_centroid,POL K1,3.1238229274749756,False,44
train_000128,spectral_centroid,POL K2,5.1101226806640625,False,15
train_000128,spectral_centroid,POL K3,5.906306743621826,False,9
train_000128,spectral_centroid,POL K4,5.306828022003174,False,14
train_000128,spectral_centroid,POL K5,5.534424781799316,False,12
train_000128,spectral_centroid,POL K6,2.0795350074768066,False,79
train_000128,spectral_centroid,POL K7,3.751115322113037,False,33
train_000128,spectral_centroid,POL K8,1.7129201889038086,False,95
train_000128,spectral_centroid,POL L1,2.3515331745147705,False,66
train_000128,spectral_centroid,POL L2,2.9204134941101074,False,49
train_000128,spectral_centroid,POL L3,2.0265049934387207,False,82
train_000128,spectral_centroid,POL L4,3.2967681884765625,False,40
train_000128,spectral_centroid,POL L5,3.2386810779571533,False,42
train_000128,spectral_centroid,POL L6,2.392831802368164,False,62
train_000128,spectral_centroid,POL L7,4.50794792175293,False,20
train_000128,spectral_centroid,POL L8,4.416816234588623,False,22
train_000128,spectral_centroid,EEG M1-Ref,1.6093477010726929,False,101
train_000128,spectral_centroid,EEG M2-Ref,1.6217353343963623,False,100
train_000128,spectral_centroid,POL M3,1.9187228679656982,False,87
train_000128,spectral_centroid,POL M4,1.8487979173660278,False,90
train_000128,spectral_centroid,POL M5,1.6621205806732178,True,97
train_000128,spectral_centroid,POL M6,2.1893603801727295,True,74
train_000128,spectral_centroid,POL M7,2.193141222000122,True,73
train_000128,spectral_centroid,POL M8,2.8777101039886475,False,51
train_000128,spectral_centroid,POL M9,2.3900516033172607,False,63
train_000128,spectral_centroid,POL N1,1.33987557888031,False,109
train_000128,spectral_centroid,POL N2,1.295951008796692,False,112
train_000128,spectral_centroid,POL N3,1.0307714939117432,False,115
train_000128,spectral_centroid,POL N4,1.2796614170074463,False,113
train_000128,spectral_centroid,POL N5,1.374607801437378,False,108
train_000128,spectral_centroid,POL N6,1.334766149520874,False,110
train_000128,spectral_centroid,POL N7,1.7084879875183105,False,96
train_000128,spectral_centroid,POL N8,1.9838461875915527,False,84
train_000128,spectral_centroid,POL N9,3.5151281356811523,False,38
train_000128,spectral_centroid,EEG P1-Ref,2.1362016201019287,False,77
train_000128,spectral_centroid,EEG P2-Ref,1.4261454343795776,False,106
train_000128,spectral_centroid,EEG P3-Ref,1.3065134286880493,False,111
train_000128,spectral_centroid,EEG P4-Ref,1.552876353263855,False,103
train_000128,spectral_centroid,EEG P5-Ref,2.8248186111450195,False,53
train_000128,spectral_centroid,EEG P6-Ref,1.6304688453674316,False,98
train_000128,spectral_centroid,EEG P7-Ref,1.533254861831665,False,104
train_000128,spectral_centroid,EEG P8-Ref,0.7358843088150024,False,119
train_000128,spectral_centroid,POL R1,3.7307980060577393,False,34
train_000128,spectral_centroid,POL R2,2.815457820892334,False,54
train_000128,spectral_centroid,POL R3,2.898984909057617,False,50
train_000128,spectral_centroid,POL R4,5.316082000732422,False,13
train_000128,spectral_centroid,POL R5,10.042938232421875,False,3
train_000128,spectral_centroid,POL R6,2.7952680587768555,False,55
train_000128,spectral_centroid,POL R7,2.248537063598633,False,72
train_000128,spectral_centroid,POL R8,2.158473014831543,False,75
train_000128,spectral_centroid,POL R9,1.434888243675232,False,105
train_000128,spectral_centroid,POL R10,1.5607013702392578,False,102
train_000128,spectral_centroid,POL R11,1.009456992149353,False,116
train_000128,spectral_centroid,POL R12,1.9247393608093262,False,86
train_000128,spectral_centroid,POL R13,3.5710291862487793,False,36
train_000128,spectral_centroid,POL R14,3.1177566051483154,False,45
train_000128,spectral_centroid,POL R15,3.7801270484924316,False,32
train_000128,spectral_centroid,POL R16,4.29220724105835,False,26
train_000128,spectral_centroid,POL AC1,6.678707122802734,False,7
train_000128,spectral_centroid,POL AC2,4.43758487701416,False,21
train_000128,spectral_centroid,POL AC3,2.6701040267944336,False,57
train_000128,spectral_centroid,POL AC4,1.9801175594329834,False,85
train_000128,spectral_centroid,POL AC5,2.355314016342163,False,65
train_000128,spectral_centroid,POL AC6,2.97253680229187,False,47
train_000128,spectral_centroid,POL AC7,3.5266525745391846,False,37
train_000128,spectral_centroid,POL AC8,4.066049098968506,False,30
train_000128,spectral_centroid,POL AC9,2.6615803241729736,False,58
train_000128,spectral_centroid,POL AC10,2.3296420574188232,False,69
train_000128,spectral_centroid,POL AC11,2.0321757793426514,False,81
train_000128,spectral_centroid,POL AC12,1.8927786350250244,False,88
train_000128,spectral_centroid,POL AC13,2.2987639904022217,False,71
train_000128,spectral_centroid,POL AC14,2.411261558532715,False,61
train_000128,spectral_centroid,POL AC15,2.3363537788391113,False,67
train_000128,spectral_centroid,POL AC16,1.7738852500915527,False,94
train_000128,spectral_entropy_change,EEG A1-Ref,1.9704155921936035,True,45
train_000128,spectral_entropy_change,EEG A2-Ref,1.3564244508743286,True,104
train_000128,spectral_entropy_change,POL A3,1.2203481197357178,True,116
train_000128,spectral_entropy_change,POL A4,1.040808916091919,True,123
train_000128,spectral_entropy_change,POL A5,1.1156373023986816,True,122
train_000128,spectral_entropy_change,POL A6,1.6179081201553345,False,77
train_000128,spectral_entropy_change,POL A7,1.6048227548599243,False,78
train_000128,spectral_entropy_change,POL A8,1.6940757036209106,False,63
train_000128,spectral_entropy_change,POL A9,1.411211609840393,False,100
train_000128,spectral_entropy_change,POL A10,1.8552429676055908,False,49
train_000128,spectral_entropy_change,POL B1,1.1945780515670776,True,118
train_000128,spectral_entropy_change,POL B2,2.0578246116638184,False,41
train_000128,spectral_entropy_change,POL B3,4.023117542266846,False,2
train_000128,spectral_entropy_change,POL B4,1.4405927658081055,False,98
train_000128,spectral_entropy_change,POL B5,1.6254985332489014,False,76
train_000128,spectral_entropy_change,POL B6,2.3078534603118896,False,34
train_000128,spectral_entropy_change,POL B7,3.536076068878174,False,5
train_000128,spectral_entropy_change,POL B8,2.6226961612701416,False,20
train_000128,spectral_entropy_change,POL B9,3.0115807056427,False,12
train_000128,spectral_entropy_change,POL B10,1.9283801317214966,False,47
train_000128,spectral_entropy_change,POL B11,2.189769983291626,False,37
train_000128,spectral_entropy_change,POL A11,1.8087761402130127,False,52
train_000128,spectral_entropy_change,POL A12,1.9879628419876099,False,42
train_000128,spectral_entropy_change,POL U1,1.3777366876602173,True,101
train_000128,spectral_entropy_change,POL U2,1.344008207321167,False,106
train_000128,spectral_entropy_change,POL U3,1.5280309915542603,False,83
train_000128,spectral_entropy_change,POL U4,1.8080246448516846,False,53
train_000128,spectral_entropy_change,POL U5,1.6549913883209229,False,71
train_000128,spectral_entropy_change,POL U6,1.5013861656188965,False,89
train_000128,spectral_entropy_change,POL U7,2.4996492862701416,False,28
train_000128,spectral_entropy_change,POL U8,2.522280693054199,False,26
train_000128,spectral_entropy_change,POL T1,1.5083117485046387,False,87
train_000128,spectral_entropy_change,POL T2,1.7282140254974365,False,60
train_000128,spectral_entropy_change,EEG T3-Ref,1.6577507257461548,False,69
train_000128,spectral_entropy_change,EEG T4-Ref,1.6749025583267212,False,66
train_000128,spectral_entropy_change,EEG T5-Ref,1.8049391508102417,False,54
train_000128,spectral_entropy_change,EEG T6-Ref,1.4419023990631104,False,97
train_000128,spectral_entropy_change,EEG T7-Ref,1.2501611709594727,False,114
train_000128,spectral_entropy_change,EEG T8-Ref,1.4554747343063354,False,96
train_000128,spectral_entropy_change,EEG T9-Ref,2.4794833660125732,False,30
train_000128,spectral_entropy_change,EEG T10-Ref,1.781793236732483,False,56
train_000128,spectral_entropy_change,POL T11,2.5633633136749268,False,25
train_000128,spectral_entropy_change,POL T12,4.312918186187744,False,1
train_000128,spectral_entropy_change,POL J1,2.9477670192718506,False,14
train_000128,spectral_entropy_change,POL J2,2.253847360610962,False,36
train_000128,spectral_entropy_change,POL J3,1.5090527534484863,False,86
train_000128,spectral_entropy_change,POL J4,1.7692174911499023,False,58
train_000128,spectral_entropy_change,POL J5,2.9819705486297607,False,13
train_000128,spectral_entropy_change,POL J6,1.781297206878662,False,57
train_000128,spectral_entropy_change,POL J7,2.7289390563964844,False,18
train_000128,spectral_entropy_change,POL K1,1.483837366104126,False,92
train_000128,spectral_entropy_change,POL K2,1.9829744100570679,False,43
train_000128,spectral_entropy_change,POL K3,2.8999760150909424,False,15
train_000128,spectral_entropy_change,POL K4,2.8204994201660156,False,16
train_000128,spectral_entropy_change,POL K5,2.1849260330200195,False,38
train_000128,spectral_entropy_change,POL K6,1.2268171310424805,False,115
train_000128,spectral_entropy_change,POL K7,1.6582612991333008,False,68
train_000128,spectral_entropy_change,POL K8,1.1436971426010132,False,121
train_000128,spectral_entropy_change,POL L1,1.6333802938461304,False,74
train_000128,spectral_entropy_change,POL L2,1.5183197259902954,False,85
train_000128,spectral_entropy_change,POL L3,1.0252509117126465,False,124
train_000128,spectral_entropy_change,POL L4,2.1308295726776123,False,40
train_000128,spectral_entropy_change,POL L5,1.6552724838256836,False,70
train_000128,spectral_entropy_change,POL L6,1.5879733562469482,False,79
train_000128,spectral_entropy_change,POL L7,1.9501421451568604,False,46
train_000128,spectral_entropy_change,POL L8,2.627453088760376,False,19
train_000128,spectral_entropy_change,EEG M1-Ref,2.5637924671173096,False,24
train_000128,spectral_entropy_change,EEG M2-Ref,3.1925346851348877,False,9
train_000128,spectral_entropy_change,POL M3,3.099888563156128,False,10
train_000128,spectral_entropy_change,POL M4,3.930626153945923,False,3
train_000128,spectral_entropy_change,POL M5,3.3329918384552,True,6
train_000128,spectral_entropy_change,POL M6,3.290693998336792,True,8
train_000128,spectral_entropy_change,POL M7,2.8035387992858887,True,17
train_000128,spectral_entropy_change,POL M8,2.517151355743408,False,27
train_000128,spectral_entropy_change,POL M9,1.4673577547073364,False,93
train_000128,spectral_entropy_change,POL N1,1.3214530944824219,False,107
train_000128,spectral_entropy_change,POL N2,1.4598560333251953,False,94
train_000128,spectral_entropy_change,POL N3,1.458578109741211,False,95
train_000128,spectral_entropy_change,POL N4,1.5510945320129395,False,80
train_000128,spectral_entropy_change,POL N5,1.538297176361084,False,81
train_000128,spectral_entropy_change,POL N6,1.3694370985031128,False,103
train_000128,spectral_entropy_change,POL N7,1.2049245834350586,False,117
train_000128,spectral_entropy_change,POL N8,1.4959076642990112,False,90
train_000128,spectral_entropy_change,POL N9,2.3390591144561768,False,33
train_000128,spectral_entropy_change,EEG P1-Ref,1.5274330377578735,False,84
train_000128,spectral_entropy_change,EEG P2-Ref,1.1506192684173584,False,120
train_000128,spectral_entropy_change,EEG P3-Ref,1.2984366416931152,False,109
train_000128,spectral_entropy_change,EEG P4-Ref,1.3755254745483398,False,102
train_000128,spectral_entropy_change,EEG P5-Ref,2.3575239181518555,False,32
train_000128,spectral_entropy_change,EEG P6-Ref,1.291675329208374,False,110
train_000128,spectral_entropy_change,EEG P7-Ref,1.3499181270599365,False,105
train_000128,spectral_entropy_change,EEG P8-Ref,1.1568609476089478,False,119
train_000128,spectral_entropy_change,POL R1,1.8517166376113892,False,50
train_000128,spectral_entropy_change,POL R2,1.7834150791168213,False,55
train_000128,spectral_entropy_change,POL R3,1.5328587293624878,False,82
train_000128,spectral_entropy_change,POL R4,2.3631181716918945,False,31
train_000128,spectral_entropy_change,POL R5,3.7667644023895264,False,4
train_000128,spectral_entropy_change,POL R6,1.7085235118865967,False,62
train_000128,spectral_entropy_change,POL R7,1.2696930170059204,False,111
train_000128,spectral_entropy_change,POL R8,1.2512166500091553,False,113
train_000128,spectral_entropy_change,POL R9,1.2576016187667847,False,112
train_000128,spectral_entropy_change,POL R10,1.492941975593567,False,91
train_000128,spectral_entropy_change,POL R11,1.6589115858078003,False,67
train_000128,spectral_entropy_change,POL R12,1.6905685663223267,False,64
train_000128,spectral_entropy_change,POL R13,1.6327121257781982,False,75
train_000128,spectral_entropy_change,POL R14,1.7638713121414185,False,59
train_000128,spectral_entropy_change,POL R15,2.1338987350463867,False,39
train_000128,spectral_entropy_change,POL R16,2.585512638092041,False,22
train_000128,spectral_entropy_change,POL AC1,3.296727180480957,False,7
train_000128,spectral_entropy_change,POL AC2,2.283846616744995,False,35
train_000128,spectral_entropy_change,POL AC3,1.7110930681228638,False,61
train_000128,spectral_entropy_change,POL AC4,1.8983834981918335,False,48
train_000128,spectral_entropy_change,POL AC5,2.564984083175659,False,23
train_000128,spectral_entropy_change,POL AC6,2.5868852138519287,False,21
train_000128,spectral_entropy_change,POL AC7,3.0454318523406982,False,11
train_000128,spectral_entropy_change,POL AC8,2.489830732345581,False,29
train_000128,spectral_entropy_change,POL AC9,1.9807521104812622,False,44
train_000128,spectral_entropy_change,POL AC10,1.8251086473464966,False,51
train_000128,spectral_entropy_change,POL AC11,1.6827988624572754,False,65
train_000128,spectral_entropy_change,POL AC12,1.3010700941085815,False,108
train_000128,spectral_entropy_change,POL AC13,1.5043315887451172,False,88
train_000128,spectral_entropy_change,POL AC14,1.646849513053894,False,73
train_000128,spectral_entropy_change,POL AC15,1.6476771831512451,False,72
train_000128,spectral_entropy_change,POL AC16,1.4267691373825073,False,99
train_000128,rhythmicity,EEG A1-Ref,1.0612587928771973,True,41
train_000128,rhythmicity,EEG A2-Ref,1.106481671333313,True,37
train_000128,rhythmicity,POL A3,1.0054693222045898,True,52
train_000128,rhythmicity,POL A4,0.864393413066864,True,74
train_000128,rhythmicity,POL A5,1.0259175300598145,True,47
train_000128,rhythmicity,POL A6,1.0532102584838867,False,42
train_000128,rhythmicity,POL A7,1.4407141208648682,False,13
train_000128,rhythmicity,POL A8,1.3532187938690186,False,16
train_000128,rhythmicity,POL A9,1.132816195487976,False,35
train_000128,rhythmicity,POL A10,0.9869447350502014,False,55
train_000128,rhythmicity,POL B1,1.0061043500900269,True,51
train_000128,rhythmicity,POL B2,0.9939149618148804,False,53
train_000128,rhythmicity,POL B3,0.7935835123062134,False,89
train_000128,rhythmicity,POL B4,1.1412060260772705,False,33
train_000128,rhythmicity,POL B5,0.7913447022438049,False,90
train_000128,rhythmicity,POL B6,0.6932646036148071,False,102
train_000128,rhythmicity,POL B7,1.2416449785232544,False,24
train_000128,rhythmicity,POL B8,1.3971930742263794,False,15
train_000128,rhythmicity,POL B9,1.2495627403259277,False,23
train_000128,rhythmicity,POL B10,0.7298292517662048,False,98
train_000128,rhythmicity,POL B11,0.8265263438224792,False,84
train_000128,rhythmicity,POL A11,0.6632304787635803,False,105
train_000128,rhythmicity,POL A12,0.8567327857017517,False,77
train_000128,rhythmicity,POL U1,0.8921072483062744,True,70
train_000128,rhythmicity,POL U2,0.9926945567131042,False,54
train_000128,rhythmicity,POL U3,1.1422336101531982,False,32
train_000128,rhythmicity,POL U4,1.4321941137313843,False,14
train_000128,rhythmicity,POL U5,1.5420969724655151,False,8
train_000128,rhythmicity,POL U6,1.1684980392456055,False,30
train_000128,rhythmicity,POL U7,0.7052879333496094,False,100
train_000128,rhythmicity,POL U8,0.874447762966156,False,72
train_000128,rhythmicity,POL T1,0.9229584336280823,False,65
train_000128,rhythmicity,POL T2,1.1385694742202759,False,34
train_000128,rhythmicity,EEG T3-Ref,1.5058348178863525,False,10
train_000128,rhythmicity,EEG T4-Ref,1.52814519405365,False,9
train_000128,rhythmicity,EEG T5-Ref,1.047778844833374,False,43
train_000128,rhythmicity,EEG T6-Ref,0.6525973081588745,False,107
train_000128,rhythmicity,EEG T7-Ref,0.9572717547416687,False,60
train_000128,rhythmicity,EEG T8-Ref,1.1088634729385376,False,36
train_000128,rhythmicity,EEG T9-Ref,0.13882966339588165,False,123
train_000128,rhythmicity,EEG T10-Ref,0.48826006054878235,False,118
train_000128,rhythmicity,POL T11,0.5842011570930481,False,113
train_000128,rhythmicity,POL T12,0.4334513545036316,False,119
train_000128,rhythmicity,POL J1,0.6196827292442322,False,109
train_000128,rhythmicity,POL J2,1.0706102848052979,False,39
train_000128,rhythmicity,POL J3,0.9552751779556274,False,62
train_000128,rhythmicity,POL J4,0.9659899473190308,False,58
train_000128,rhythmicity,POL J5,1.3235728740692139,False,20
train_000128,rhythmicity,POL J6,0.7470095157623291,False,97
train_000128,rhythmicity,POL J7,0.9438959956169128,False,63
train_000128,rhythmicity,POL K1,0.6547702550888062,False,106
train_000128,rhythmicity,POL K2,0.9640255570411682,False,59
train_000128,rhythmicity,POL K3,0.6068344712257385,False,110
train_000128,rhythmicity,POL K4,0.4084184467792511,False,120
train_000128,rhythmicity,POL K5,0.5964844822883606,False,111
train_000128,rhythmicity,POL K6,0.8671807050704956,False,73
train_000128,rhythmicity,POL K7,0.7500905394554138,False,96
train_000128,rhythmicity,POL K8,0.6338872313499451,False,108
train_000128,rhythmicity,POL L1,1.3294142484664917,False,19
train_000128,rhythmicity,POL L2,1.2054128646850586,False,28
train_000128,rhythmicity,POL L3,0.9155873656272888,False,66
train_000128,rhythmicity,POL L4,0.550780177116394,False,114
train_000128,rhythmicity,POL L5,0.5421739220619202,False,116
train_000128,rhythmicity,POL L6,0.587860643863678,False,112
train_000128,rhythmicity,POL L7,0.5424844622612,False,115
train_000128,rhythmicity,POL L8,0.9132342338562012,False,67
train_000128,rhythmicity,EEG M1-Ref,1.3299992084503174,False,18
train_000128,rhythmicity,EEG M2-Ref,1.4946902990341187,False,11
train_000128,rhythmicity,POL M3,1.6580179929733276,False,6
train_000128,rhythmicity,POL M4,2.095867395401001,False,1
train_000128,rhythmicity,POL M5,1.8414641618728638,True,3
train_000128,rhythmicity,POL M6,1.9240142107009888,True,2
train_000128,rhythmicity,POL M7,1.822786808013916,True,4
train_000128,rhythmicity,POL M8,1.4694771766662598,False,12
train_000128,rhythmicity,POL M9,1.0075377225875854,False,49
train_000128,rhythmicity,POL N1,1.2283371686935425,False,26
train_000128,rhythmicity,POL N2,1.6313167810440063,False,7
train_000128,rhythmicity,POL N3,1.3148854970932007,False,22
train_000128,rhythmicity,POL N4,1.1009597778320312,False,38
train_000128,rhythmicity,POL N5,0.9738140106201172,False,56
train_000128,rhythmicity,POL N6,0.8359734416007996,False,83
train_000128,rhythmicity,POL N7,0.838160514831543,False,81
train_000128,rhythmicity,POL N8,0.1866244524717331,False,122
train_000128,rhythmicity,POL N9,0.5352187752723694,False,117
train_000128,rhythmicity,EEG P1-Ref,0.8610140085220337,False,75
train_000128,rhythmicity,EEG P2-Ref,0.8096452951431274,False,87
train_000128,rhythmicity,EEG P3-Ref,0.8454639911651611,False,78
train_000128,rhythmicity,EEG P4-Ref,0.8997370004653931,False,68
train_000128,rhythmicity,EEG P5-Ref,1.1619356870651245,False,31
train_000128,rhythmicity,EEG P6-Ref,1.315796971321106,False,21
train_000128,rhythmicity,EEG P7-Ref,1.3517800569534302,False,17
train_000128,rhythmicity,EEG P8-Ref,1.0067931413650513,False,50
train_000128,rhythmicity,POL R1,0.8603201508522034,False,76
train_000128,rhythmicity,POL R2,0.7695210576057434,False,95
train_000128,rhythmicity,POL R3,0.811603307723999,False,86
train_000128,rhythmicity,POL R4,0.7714194059371948,False,94
train_000128,rhythmicity,POL R5,0.6781721115112305,False,103
train_000128,rhythmicity,POL R6,1.0690722465515137,False,40
train_000128,rhythmicity,POL R7,0.8249762058258057,False,85
train_000128,rhythmicity,POL R8,0.8754695057868958,False,71
train_000128,rhythmicity,POL R9,1.0294251441955566,False,45
train_000128,rhythmicity,POL R10,0.9384554624557495,False,64
train_000128,rhythmicity,POL R11,0.9567306041717529,False,61
train_000128,rhythmicity,POL R12,1.0355521440505981,False,44
train_000128,rhythmicity,POL R13,0.8944287896156311,False,69
train_000128,rhythmicity,POL R14,0.6940246820449829,False,101
train_000128,rhythmicity,POL R15,0.36491814255714417,False,121
train_000128,rhythmicity,POL R16,0.013236850500106812,False,124
train_000128,rhythmicity,POL AC1,0.8428001403808594,False,79
train_000128,rhythmicity,POL AC2,0.8372037410736084,False,82
train_000128,rhythmicity,POL AC3,0.7774879336357117,False,93
train_000128,rhythmicity,POL AC4,0.7853795886039734,False,92
train_000128,rhythmicity,POL AC5,0.6736899614334106,False,104
train_000128,rhythmicity,POL AC6,0.7055379748344421,False,99
train_000128,rhythmicity,POL AC7,0.7987189888954163,False,88
train_000128,rhythmicity,POL AC8,0.8385177254676819,False,80
train_000128,rhythmicity,POL AC9,1.0083587169647217,False,48
train_000128,rhythmicity,POL AC10,1.2075268030166626,False,27
train_000128,rhythmicity,POL AC11,0.7908116579055786,False,91
train_000128,rhythmicity,POL AC12,1.0285428762435913,False,46
train_000128,rhythmicity,POL AC13,0.9704271554946899,False,57
train_000128,rhythmicity,POL AC14,1.2348920106887817,False,25
train_000128,rhythmicity,POL AC15,1.71610426902771,False,5
train_000128,rhythmicity,POL AC16,1.191773533821106,False,29
train_000128,multiband_fast_activity,EEG A1-Ref,2.273637294769287,True,7
train_000128,multiband_fast_activity,EEG A2-Ref,1.814777135848999,True,21
train_000128,multiband_fast_activity,POL A3,1.290083885192871,True,41
train_000128,multiband_fast_activity,POL A4,1.1515603065490723,True,53
train_000128,multiband_fast_activity,POL A5,0.6827133893966675,True,94
train_000128,multiband_fast_activity,POL A6,0.6512367725372314,False,97
train_000128,multiband_fast_activity,POL A7,0.38374418020248413,False,114
train_000128,multiband_fast_activity,POL A8,0.320992648601532,False,117
train_000128,multiband_fast_activity,POL A9,0.3394714593887329,False,116
train_000128,multiband_fast_activity,POL A10,0.4049391448497772,False,112
train_000128,multiband_fast_activity,POL B1,0.7003719210624695,True,91
train_000128,multiband_fast_activity,POL B2,0.7610539197921753,False,85
train_000128,multiband_fast_activity,POL B3,0.5591424703598022,False,103
train_000128,multiband_fast_activity,POL B4,2.116298198699951,False,10
train_000128,multiband_fast_activity,POL B5,1.316324234008789,False,40
train_000128,multiband_fast_activity,POL B6,1.0448333024978638,False,61
train_000128,multiband_fast_activity,POL B7,0.6366695165634155,False,98
train_000128,multiband_fast_activity,POL B8,0.824058473110199,False,80
train_000128,multiband_fast_activity,POL B9,0.6581997871398926,False,96
train_000128,multiband_fast_activity,POL B10,0.6889013648033142,False,92
train_000128,multiband_fast_activity,POL B11,0.5848363041877747,False,101
train_000128,multiband_fast_activity,POL A11,0.4553242027759552,False,108
train_000128,multiband_fast_activity,POL A12,0.4909704029560089,False,105
train_000128,multiband_fast_activity,POL U1,3.811999797821045,True,2
train_000128,multiband_fast_activity,POL U2,1.7136214971542358,False,23
train_000128,multiband_fast_activity,POL U3,1.4155217409133911,False,33
train_000128,multiband_fast_activity,POL U4,2.0098235607147217,False,15
train_000128,multiband_fast_activity,POL U5,1.0814573764801025,False,59
train_000128,multiband_fast_activity,POL U6,1.116512417793274,False,55
train_000128,multiband_fast_activity,POL U7,0.9166787266731262,False,71
train_000128,multiband_fast_activity,POL U8,0.9769065380096436,False,68
train_000128,multiband_fast_activity,POL T1,1.0415691137313843,False,63
train_000128,multiband_fast_activity,POL T2,0.8662421703338623,False,76
train_000128,multiband_fast_activity,EEG T3-Ref,0.7409288883209229,False,88
train_000128,multiband_fast_activity,EEG T4-Ref,3.015286922454834,False,3
train_000128,multiband_fast_activity,EEG T5-Ref,2.374753713607788,False,6
train_000128,multiband_fast_activity,EEG T6-Ref,2.196805715560913,False,8
train_000128,multiband_fast_activity,EEG T7-Ref,1.1936311721801758,False,49
train_000128,multiband_fast_activity,EEG T8-Ref,0.48097240924835205,False,106
train_000128,multiband_fast_activity,EEG T9-Ref,1.711234450340271,False,24
train_000128,multiband_fast_activity,EEG T10-Ref,1.111474633216858,False,56
train_000128,multiband_fast_activity,POL T11,1.3380922079086304,False,37
train_000128,multiband_fast_activity,POL T12,1.1680612564086914,False,51
train_000128,multiband_fast_activity,POL J1,1.3221908807754517,False,39
train_000128,multiband_fast_activity,POL J2,1.460646629333496,False,31
train_000128,multiband_fast_activity,POL J3,1.079897165298462,False,60
train_000128,multiband_fast_activity,POL J4,1.2199537754058838,False,47
train_000128,multiband_fast_activity,POL J5,1.1342393159866333,False,54
train_000128,multiband_fast_activity,POL J6,1.2527928352355957,False,45
train_000128,multiband_fast_activity,POL J7,0.8529473543167114,False,77
train_000128,multiband_fast_activity,POL K1,1.4547357559204102,False,32
train_000128,multiband_fast_activity,POL K2,1.8289111852645874,False,19
train_000128,multiband_fast_activity,POL K3,0.7818944454193115,False,83
train_000128,multiband_fast_activity,POL K4,1.8284249305725098,False,20
train_000128,multiband_fast_activity,POL K5,2.0587563514709473,False,12
train_000128,multiband_fast_activity,POL K6,2.148557662963867,False,9
train_000128,multiband_fast_activity,POL K7,1.8084430694580078,False,22
train_000128,multiband_fast_activity,POL K8,1.3335057497024536,False,38
train_000128,multiband_fast_activity,POL L1,3.944309949874878,False,1
train_000128,multiband_fast_activity,POL L2,2.8172645568847656,False,4
train_000128,multiband_fast_activity,POL L3,1.34550142288208,False,34
train_000128,multiband_fast_activity,POL L4,2.1158995628356934,False,11
train_000128,multiband_fast_activity,POL L5,2.052509307861328,False,13
train_000128,multiband_fast_activity,POL L6,1.3443721532821655,False,35
train_000128,multiband_fast_activity,POL L7,1.2203097343444824,False,46
train_000128,multiband_fast_activity,POL L8,1.0273586511611938,False,64
train_000128,multiband_fast_activity,EEG M1-Ref,0.8741824626922607,False,75
train_000128,multiband_fast_activity,EEG M2-Ref,0.8329113125801086,False,79
train_000128,multiband_fast_activity,POL M3,0.4919227063655853,False,104
train_000128,multiband_fast_activity,POL M4,0.6272438168525696,False,99
train_000128,multiband_fast_activity,POL M5,0.6830649971961975,True,93
train_000128,multiband_fast_activity,POL M6,0.7679564952850342,True,84
train_000128,multiband_fast_activity,POL M7,1.4764760732650757,True,30
train_000128,multiband_fast_activity,POL M8,1.1554149389266968,False,52
train_000128,multiband_fast_activity,POL M9,2.464242935180664,False,5
train_000128,multiband_fast_activity,POL N1,0.6180122494697571,False,100
train_000128,multiband_fast_activity,POL N2,0.4423590898513794,False,110
train_000128,multiband_fast_activity,POL N3,0.7534345388412476,False,87
train_000128,multiband_fast_activity,POL N4,0.8971675038337708,False,72
train_000128,multiband_fast_activity,POL N5,0.4503108859062195,False,109
train_000128,multiband_fast_activity,POL N6,1.0439212322235107,False,62
train_000128,multiband_fast_activity,POL N7,1.5048191547393799,False,29
train_000128,multiband_fast_activity,POL N8,1.6756539344787598,False,25
train_000128,multiband_fast_activity,POL N9,0.7239999771118164,False,89
train_000128,multiband_fast_activity,EEG P1-Ref,1.5314910411834717,False,27
train_000128,multiband_fast_activity,EEG P2-Ref,1.2621114253997803,False,44
train_000128,multiband_fast_activity,EEG P3-Ref,2.0237812995910645,False,14
train_000128,multiband_fast_activity,EEG P4-Ref,1.8733168840408325,False,18
train_000128,multiband_fast_activity,EEG P5-Ref,1.9203832149505615,False,16
train_000128,multiband_fast_activity,EEG P6-Ref,0.7884402275085449,False,82
train_000128,multiband_fast_activity,EEG P7-Ref,0.8441892862319946,False,78
train_000128,multiband_fast_activity,EEG P8-Ref,0.9676017761230469,False,69
train_000128,multiband_fast_activity,POL R1,0.5733278393745422,False,102
train_000128,multiband_fast_activity,POL R2,1.3440507650375366,False,36
train_000128,multiband_fast_activity,POL R3,0.8895646929740906,False,73
train_000128,multiband_fast_activity,POL R4,1.1977636814117432,False,48
train_000128,multiband_fast_activity,POL R5,1.1701257228851318,False,50
train_000128,multiband_fast_activity,POL R6,1.1041854619979858,False,57
train_000128,multiband_fast_activity,POL R7,0.9925029873847961,False,66
train_000128,multiband_fast_activity,POL R8,-0.17280082404613495,False,124
train_000128,multiband_fast_activity,POL R9,0.34499529004096985,False,115
train_000128,multiband_fast_activity,POL R10,0.8132542371749878,False,81
train_000128,multiband_fast_activity,POL R11,0.42743608355522156,False,111
train_000128,multiband_fast_activity,POL R12,0.39628100395202637,False,113
train_000128,multiband_fast_activity,POL R13,0.02297467738389969,False,122
train_000128,multiband_fast_activity,POL R14,0.02699057012796402,False,121
train_000128,multiband_fast_activity,POL R15,0.7553495764732361,False,86
train_000128,multiband_fast_activity,POL R16,0.8750894665718079,False,74
train_000128,multiband_fast_activity,POL AC1,1.2898410558700562,False,42
train_000128,multiband_fast_activity,POL AC2,1.013541340827942,False,65
train_000128,multiband_fast_activity,POL AC3,0.6817387938499451,False,95
train_000128,multiband_fast_activity,POL AC4,0.3189997971057892,False,118
train_000128,multiband_fast_activity,POL AC5,0.08852776139974594,False,120
train_000128,multiband_fast_activity,POL AC6,0.2666521370410919,False,119
train_000128,multiband_fast_activity,POL AC7,-0.005430842284113169,False,123
train_000128,multiband_fast_activity,POL AC8,0.45719781517982483,False,107
train_000128,multiband_fast_activity,POL AC9,0.935153603553772,False,70
train_000128,multiband_fast_activity,POL AC10,1.0942859649658203,False,58
train_000128,multiband_fast_activity,POL AC11,1.5208181142807007,False,28
train_000128,multiband_fast_activity,POL AC12,1.2898224592208862,False,43
train_000128,multiband_fast_activity,POL AC13,1.9189789295196533,False,17
train_000128,multiband_fast_activity,POL AC14,0.97978276014328,False,67
train_000128,multiband_fast_activity,POL AC15,1.6101458072662354,False,26
train_000128,multiband_fast_activity,POL AC16,0.7239663004875183,False,90
train_000128,fast_suppression_joint,EEG A1-Ref,0.9980365633964539,True,51
train_000128,fast_suppression_joint,EEG A2-Ref,0.9299591183662415,True,62
train_000128,fast_suppression_joint,POL A3,0.6201794743537903,True,83
train_000128,fast_suppression_joint,POL A4,1.04832923412323,True,49
train_000128,fast_suppression_joint,POL A5,1.1610623598098755,True,37
train_000128,fast_suppression_joint,POL A6,0.7117359042167664,False,77
train_000128,fast_suppression_joint,POL A7,0.2663102447986603,False,108
train_000128,fast_suppression_joint,POL A8,0.335873544216156,False,104
train_000128,fast_suppression_joint,POL A9,0.4271202087402344,False,102
train_000128,fast_suppression_joint,POL A10,0.3721288740634918,False,103
train_000128,fast_suppression_joint,POL B1,0.49636638164520264,True,95
train_000128,fast_suppression_joint,POL B2,1.1328747272491455,False,39
train_000128,fast_suppression_joint,POL B3,0.6942530274391174,False,78
train_000128,fast_suppression_joint,POL B4,1.1026804447174072,False,41
train_000128,fast_suppression_joint,POL B5,0.939947783946991,False,60
train_000128,fast_suppression_joint,POL B6,1.2155051231384277,False,27
train_000128,fast_suppression_joint,POL B7,0.9523389339447021,False,58
train_000128,fast_suppression_joint,POL B8,0.8745275139808655,False,65
train_000128,fast_suppression_joint,POL B9,0.7559216022491455,False,73
train_000128,fast_suppression_joint,POL B10,0.9419537782669067,False,59
train_000128,fast_suppression_joint,POL B11,1.2653223276138306,False,24
train_000128,fast_suppression_joint,POL A11,0.24727433919906616,False,109
train_000128,fast_suppression_joint,POL A12,0.48494455218315125,False,97
train_000128,fast_suppression_joint,POL U1,0.0,True,116
train_000128,fast_suppression_joint,POL U2,0.0,False,117
train_000128,fast_suppression_joint,POL U3,0.31375882029533386,False,105
train_000128,fast_suppression_joint,POL U4,1.1636102199554443,False,36
train_000128,fast_suppression_joint,POL U5,1.2669516801834106,False,23
train_000128,fast_suppression_joint,POL U6,1.5586367845535278,False,8
train_000128,fast_suppression_joint,POL U7,1.5970414876937866,False,7
train_000128,fast_suppression_joint,POL U8,1.1924777030944824,False,33
train_000128,fast_suppression_joint,POL T1,0.5807023048400879,False,89
train_000128,fast_suppression_joint,POL T2,0.2673981487751007,False,107
train_000128,fast_suppression_joint,EEG T3-Ref,0.0,False,118
train_000128,fast_suppression_joint,EEG T4-Ref,0.5907747149467468,False,88
train_000128,fast_suppression_joint,EEG T5-Ref,0.9668754935264587,False,57
train_000128,fast_suppression_joint,EEG T6-Ref,0.0,False,119
train_000128,fast_suppression_joint,EEG T7-Ref,0.0819208100438118,False,113
train_000128,fast_suppression_joint,EEG T8-Ref,0.7317352890968323,False,75
train_000128,fast_suppression_joint,EEG T9-Ref,1.898979902267456,False,1
train_000128,fast_suppression_joint,EEG T10-Ref,0.4653168022632599,False,98
train_000128,fast_suppression_joint,POL T11,1.0615348815917969,False,47
train_000128,fast_suppression_joint,POL T12,1.7714107036590576,False,5
train_000128,fast_suppression_joint,POL J1,0.9850292205810547,False,53
train_000128,fast_suppression_joint,POL J2,1.1926333904266357,False,32
train_000128,fast_suppression_joint,POL J3,1.061091661453247,False,48
train_000128,fast_suppression_joint,POL J4,0.8478440046310425,False,68
train_000128,fast_suppression_joint,POL J5,1.20245361328125,False,29
train_000128,fast_suppression_joint,POL J6,1.4864341020584106,False,10
train_000128,fast_suppression_joint,POL J7,0.8630273342132568,False,66
train_000128,fast_suppression_joint,POL K1,1.0787396430969238,False,44
train_000128,fast_suppression_joint,POL K2,1.2050037384033203,False,28
train_000128,fast_suppression_joint,POL K3,1.2221421003341675,False,26
train_000128,fast_suppression_joint,POL K4,1.7922430038452148,False,4
train_000128,fast_suppression_joint,POL K5,1.417785882949829,False,17
train_000128,fast_suppression_joint,POL K6,1.1159052848815918,False,40
train_000128,fast_suppression_joint,POL K7,0.9073237776756287,False,63
train_000128,fast_suppression_joint,POL K8,0.6036899089813232,False,87
train_000128,fast_suppression_joint,POL L1,1.2729626893997192,False,22
train_000128,fast_suppression_joint,POL L2,0.8200445175170898,False,70
train_000128,fast_suppression_joint,POL L3,1.1786037683486938,False,34
train_000128,fast_suppression_joint,POL L4,1.5220987796783447,False,9
train_000128,fast_suppression_joint,POL L5,1.3322391510009766,False,20
train_000128,fast_suppression_joint,POL L6,1.0833739042282104,False,43
train_000128,fast_suppression_joint,POL L7,1.4716243743896484,False,12
train_000128,fast_suppression_joint,POL L8,1.4278265237808228,False,15
train_000128,fast_suppression_joint,EEG M1-Ref,1.1992794275283813,False,30
train_000128,fast_suppression_joint,EEG M2-Ref,0.49926358461380005,False,94
train_000128,fast_suppression_joint,POL M3,0.5371582508087158,False,91
train_000128,fast_suppression_joint,POL M4,0.6658710241317749,False,80
train_000128,fast_suppression_joint,POL M5,0.6086335778236389,True,86
train_000128,fast_suppression_joint,POL M6,0.7751285433769226,True,71
train_000128,fast_suppression_joint,POL M7,0.9844300746917725,True,54
train_000128,fast_suppression_joint,POL M8,1.074549913406372,False,45
train_000128,fast_suppression_joint,POL M9,1.1750291585922241,False,35
train_000128,fast_suppression_joint,POL N1,0.5157737731933594,False,93
train_000128,fast_suppression_joint,POL N2,0.6544498205184937,False,81
train_000128,fast_suppression_joint,POL N3,0.4442811608314514,False,101
train_000128,fast_suppression_joint,POL N4,0.3094579577445984,False,106
train_000128,fast_suppression_joint,POL N5,0.5441892147064209,False,90
train_000128,fast_suppression_joint,POL N6,0.6765533089637756,False,79
train_000128,fast_suppression_joint,POL N7,0.496307373046875,False,96
train_000128,fast_suppression_joint,POL N8,0.7533770799636841,False,74
train_000128,fast_suppression_joint,POL N9,1.100942850112915,False,42
train_000128,fast_suppression_joint,EEG P1-Ref,1.4278091192245483,False,16
train_000128,fast_suppression_joint,EEG P2-Ref,1.0691869258880615,False,46
train_000128,fast_suppression_joint,EEG P3-Ref,1.259447455406189,False,25
train_000128,fast_suppression_joint,EEG P4-Ref,1.4777281284332275,False,11
train_000128,fast_suppression_joint,EEG P5-Ref,1.8988248109817505,False,2
train_000128,fast_suppression_joint,EEG P6-Ref,0.9380356073379517,False,61
train_000128,fast_suppression_joint,EEG P7-Ref,0.7696487903594971,False,72
train_000128,fast_suppression_joint,EEG P8-Ref,0.45631542801856995,False,99
train_000128,fast_suppression_joint,POL R1,0.7310985326766968,False,76
train_000128,fast_suppression_joint,POL R2,1.0069936513900757,False,50
train_000128,fast_suppression_joint,POL R3,1.1537929773330688,False,38
train_000128,fast_suppression_joint,POL R4,1.4678256511688232,False,13
train_000128,fast_suppression_joint,POL R5,1.3735196590423584,False,18
train_000128,fast_suppression_joint,POL R6,0.9877615571022034,False,52
train_000128,fast_suppression_joint,POL R7,0.8490664958953857,False,67
train_000128,fast_suppression_joint,POL R8,0.0,False,120
train_000128,fast_suppression_joint,POL R9,0.5316889882087708,False,92
train_000128,fast_suppression_joint,POL R10,0.981349766254425,False,55
train_000128,fast_suppression_joint,POL R11,0.08097280561923981,False,114
train_000128,fast_suppression_joint,POL R12,0.059007428586483,False,115
train_000128,fast_suppression_joint,POL R13,0.17044681310653687,False,112
train_000128,fast_suppression_joint,POL R14,0.17079058289527893,False,111
train_000128,fast_suppression_joint,POL R15,0.8959753513336182,False,64
train_000128,fast_suppression_joint,POL R16,1.4642730951309204,False,14
train_000128,fast_suppression_joint,POL AC1,1.6985056400299072,False,6
train_000128,fast_suppression_joint,POL AC2,0.6092771887779236,False,85
train_000128,fast_suppression_joint,POL AC3,0.6181433796882629,False,84
train_000128,fast_suppression_joint,POL AC4,0.0,False,121
train_000128,fast_suppression_joint,POL AC5,0.0,False,122
train_000128,fast_suppression_joint,POL AC6,0.0,False,123
train_000128,fast_suppression_joint,POL AC7,0.0,False,124
train_000128,fast_suppression_joint,POL AC8,0.22949405014514923,False,110
train_000128,fast_suppression_joint,POL AC9,0.446106880903244,False,100
train_000128,fast_suppression_joint,POL AC10,0.9682096838951111,False,56
train_000128,fast_suppression_joint,POL AC11,1.3456803560256958,False,19
train_000128,fast_suppression_joint,POL AC12,1.1938438415527344,False,31
train_000128,fast_suppression_joint,POL AC13,1.855250358581543,False,3
train_000128,fast_suppression_joint,POL AC14,1.2930822372436523,False,21
train_000128,fast_suppression_joint,POL AC15,0.620455265045166,False,82
train_000128,fast_suppression_joint,POL AC16,0.8249280452728271,False,69
train_000128,physiology_composite,EEG A1-Ref,0.9923874139785767,True,75
train_000128,physiology_composite,EEG A2-Ref,0.9428367614746094,True,82
train_000128,physiology_composite,POL A3,0.6947148442268372,True,105
train_000128,physiology_composite,POL A4,0.9385898113250732,True,84
train_000128,physiology_composite,POL A5,1.029686689376831,True,70
train_000128,physiology_composite,POL A6,0.9634772539138794,False,78
train_000128,physiology_composite,POL A7,0.5631536841392517,False,116
train_000128,physiology_composite,POL A8,0.37957996129989624,False,122
train_000128,physiology_composite,POL A9,0.3484663665294647,False,123
train_000128,physiology_composite,POL A10,0.47545892000198364,False,119
train_000128,physiology_composite,POL B1,0.6891239881515503,True,107
train_000128,physiology_composite,POL B2,0.8062964677810669,False,98
train_000128,physiology_composite,POL B3,1.935396671295166,False,6
train_000128,physiology_composite,POL B4,0.9403048157691956,False,83
train_000128,physiology_composite,POL B5,0.836646556854248,False,96
train_000128,physiology_composite,POL B6,1.0877668857574463,False,60
train_000128,physiology_composite,POL B7,0.9059082865715027,False,87
train_000128,physiology_composite,POL B8,0.8760730028152466,False,91
train_000128,physiology_composite,POL B9,0.9031063914299011,False,89
train_000128,physiology_composite,POL B10,1.02138090133667,False,71
train_000128,physiology_composite,POL B11,1.062377691268921,False,64
train_000128,physiology_composite,POL A11,0.7066367864608765,False,103
train_000128,physiology_composite,POL A12,0.6620389819145203,False,108
train_000128,physiology_composite,POL U1,1.8077598810195923,True,11
train_000128,physiology_composite,POL U2,0.8568107485771179,False,94
train_000128,physiology_composite,POL U3,0.7687758803367615,False,99
train_000128,physiology_composite,POL U4,0.9591069221496582,False,79
train_000128,physiology_composite,POL U5,1.337989091873169,False,34
train_000128,physiology_composite,POL U6,1.646174430847168,False,19
train_000128,physiology_composite,POL U7,1.8495254516601562,False,9
train_000128,physiology_composite,POL U8,1.5771640539169312,False,23
train_000128,physiology_composite,POL T1,0.6031588315963745,False,114
train_000128,physiology_composite,POL T2,0.4848095178604126,False,118
train_000128,physiology_composite,EEG T3-Ref,0.0,False,124
train_000128,physiology_composite,EEG T4-Ref,2.269491672515869,False,1
train_000128,physiology_composite,EEG T5-Ref,1.6220500469207764,False,21
train_000128,physiology_composite,EEG T6-Ref,0.6039631962776184,False,113
train_000128,physiology_composite,EEG T7-Ref,0.583509087562561,False,115
train_000128,physiology_composite,EEG T8-Ref,0.9979838728904724,False,74
train_000128,physiology_composite,EEG T9-Ref,1.9778894186019897,False,4
train_000128,physiology_composite,EEG T10-Ref,1.058296799659729,False,66
train_000128,physiology_composite,POL T11,1.4110143184661865,False,29
train_000128,physiology_composite,POL T12,1.927237629890442,False,7
train_000128,physiology_composite,POL J1,0.9875189065933228,False,76
train_000128,physiology_composite,POL J2,1.1996885538101196,False,45
train_000128,physiology_composite,POL J3,1.0612553358078003,False,65
train_000128,physiology_composite,POL J4,0.76305091381073,False,100
train_000128,physiology_composite,POL J5,1.2045047283172607,False,44
train_000128,physiology_composite,POL J6,1.4761466979980469,False,28
train_000128,physiology_composite,POL J7,0.8517680764198303,False,95
train_000128,physiology_composite,POL K1,1.290589451789856,False,38
train_000128,physiology_composite,POL K2,1.3824095726013184,False,30
train_000128,physiology_composite,POL K3,1.6443276405334473,False,20
train_000128,physiology_composite,POL K4,1.7926008701324463,False,12
train_000128,physiology_composite,POL K5,1.1188017129898071,False,58
train_000128,physiology_composite,POL K6,0.8662822842597961,False,92
train_000128,physiology_composite,POL K7,0.905178964138031,False,88
train_000128,physiology_composite,POL K8,0.6120755672454834,False,112
train_000128,physiology_composite,POL L1,1.709831714630127,False,14
train_000128,physiology_composite,POL L2,1.7085936069488525,False,15
train_000128,physiology_composite,POL L3,1.1889548301696777,False,48
train_000128,physiology_composite,POL L4,1.2422856092453003,False,42
train_000128,physiology_composite,POL L5,1.3158683776855469,False,35
train_000128,physiology_composite,POL L6,1.1633164882659912,False,55
train_000128,physiology_composite,POL L7,1.5050971508026123,False,27
train_000128,physiology_composite,POL L8,1.5058784484863281,False,26
train_000128,physiology_composite,EEG M1-Ref,1.0420703887939453,False,69
train_000128,physiology_composite,EEG M2-Ref,0.7051188349723816,False,104
train_000128,physiology_composite,POL M3,1.155563473701477,False,56
train_000128,physiology_composite,POL M4,1.115702748298645,False,59
train_000128,physiology_composite,POL M5,1.0642038583755493,True,63
train_000128,physiology_composite,POL M6,1.1740251779556274,True,52
train_000128,physiology_composite,POL M7,1.5389255285263062,True,24
train_000128,physiology_composite,POL M8,1.6204166412353516,False,22
train_000128,physiology_composite,POL M9,0.8191382884979248,False,97
train_000128,physiology_composite,POL N1,1.2599865198135376,False,41
train_000128,physiology_composite,POL N2,1.2847535610198975,False,39
train_000128,physiology_composite,POL N3,1.064786434173584,False,62
train_000128,physiology_composite,POL N4,1.2189788818359375,False,43
train_000128,physiology_composite,POL N5,0.8911796808242798,False,90
train_000128,physiology_composite,POL N6,0.6925122141838074,False,106
train_000128,physiology_composite,POL N7,0.620043933391571,False,111
train_000128,physiology_composite,POL N8,1.0548391342163086,False,67
train_000128,physiology_composite,POL N9,1.6563096046447754,False,17
train_000128,physiology_composite,EEG P1-Ref,1.301760196685791,False,37
train_000128,physiology_composite,EEG P2-Ref,1.0151326656341553,False,72
train_000128,physiology_composite,EEG P3-Ref,1.073472023010254,False,61
train_000128,physiology_composite,EEG P4-Ref,1.1774234771728516,False,51
train_000128,physiology_composite,EEG P5-Ref,1.715000867843628,False,13
train_000128,physiology_composite,EEG P6-Ref,0.9522274136543274,False,80
train_000128,physiology_composite,EEG P7-Ref,0.6348270773887634,False,109
train_000128,physiology_composite,EEG P8-Ref,0.4732106029987335,False,120
train_000128,physiology_composite,POL R1,1.1860920190811157,False,49
train_000128,physiology_composite,POL R2,1.3614606857299805,False,31
train_000128,physiology_composite,POL R3,1.3442051410675049,False,33
train_000128,physiology_composite,POL R4,2.0861763954162598,False,2
train_000128,physiology_composite,POL R5,2.035977363586426,False,3
train_000128,physiology_composite,POL R6,1.1929302215576172,False,47
train_000128,physiology_composite,POL R7,0.8628145456314087,False,93
train_000128,physiology_composite,POL R8,0.7177481651306152,False,101
train_000128,physiology_composite,POL R9,0.6338215470314026,False,110
train_000128,physiology_composite,POL R10,0.9987220168113708,False,73
train_000128,physiology_composite,POL R11,0.547219455242157,False,117
train_000128,physiology_composite,POL R12,0.42504236102104187,False,121
train_000128,physiology_composite,POL R13,0.9062581658363342,False,86
train_000128,physiology_composite,POL R14,0.9097588062286377,False,85
train_000128,physiology_composite,POL R15,1.124245524406433,False,57
train_000128,physiology_composite,POL R16,1.8455973863601685,False,10
train_000128,physiology_composite,POL AC1,1.94240403175354,False,5
train_000128,physiology_composite,POL AC2,1.646536111831665,False,18
train_000128,physiology_composite,POL AC3,1.5063964128494263,False,25
train_000128,physiology_composite,POL AC4,1.3098993301391602,False,36
train_000128,physiology_composite,POL AC5,0.9454357624053955,False,81
train_000128,physiology_composite,POL AC6,1.1652417182922363,False,54
train_000128,physiology_composite,POL AC7,1.1704782247543335,False,53
train_000128,physiology_composite,POL AC8,0.9676793813705444,False,77
train_000128,physiology_composite,POL AC9,1.1831828355789185,False,50
train_000128,physiology_composite,POL AC10,1.1947951316833496,False,46
train_000128,physiology_composite,POL AC11,1.3466589450836182,False,32
train_000128,physiology_composite,POL AC12,1.702958345413208,False,16
train_000128,physiology_composite,POL AC13,1.8799829483032227,False,8
train_000128,physiology_composite,POL AC14,1.284448504447937,False,40
train_000128,physiology_composite,POL AC15,0.7072285413742065,False,102
train_000128,physiology_composite,POL AC16,1.0510497093200684,False,68
train_000211,line_length,POL E1,3.944758653640747,True,7
train_000211,line_length,POL E2,4.106284141540527,True,6
train_000211,line_length,POL E3,3.903946876525879,True,8
train_000211,line_length,POL E4,1.1913621425628662,False,55
train_000211,line_length,POL E5,0.5389599800109863,False,95
train_000211,line_length,POL E6,0.6137964725494385,False,90
train_000211,line_length,POL E7,0.006186016835272312,False,136
train_000211,line_length,POL E8,-0.3876779079437256,False,146
train_000211,line_length,POL E9,-0.2225596308708191,False,142
train_000211,line_length,POL E10,0.3714199364185333,False,114
train_000211,line_length,POL E13,1.534090518951416,False,39
train_000211,line_length,POL E14,0.9611898064613342,False,70
train_000211,line_length,EEG F1-Ref,11.410530090332031,True,1
train_000211,line_length,EEG F2-Ref,6.826547622680664,True,2
train_000211,line_length,EEG F3-Ref,5.207542896270752,False,4
train_000211,line_length,EEG F4-Ref,1.5702216625213623,False,36
train_000211,line_length,EEG F5-Ref,0.45258936285972595,False,106
train_000211,line_length,EEG F6-Ref,-0.6054604649543762,False,156
train_000211,line_length,EEG F7-Ref,0.15214398503303528,False,126
train_000211,line_length,EEG F8-Ref,-0.4623514413833618,False,150
train_000211,line_length,EEG F9-Ref,-0.688184380531311,False,158
train_000211,line_length,POL E11,1.4464318752288818,False,44
train_000211,line_length,POL E12,1.514461874961853,False,40
train_000211,line_length,EEG F10-Ref,1.071648120880127,False,60
train_000211,line_length,POL F11,0.6338714957237244,False,87
train_000211,line_length,POL F12,0.14369186758995056,False,127
train_000211,line_length,POL F13,0.842713475227356,False,76
train_000211,line_length,POL F14,0.19556765258312225,False,123
train_000211,line_length,POL F15,0.009219481609761715,False,135
train_000211,line_length,POL G1,-0.13229884207248688,True,139
train_000211,line_length,POL G2,0.26809239387512207,True,118
train_000211,line_length,POL G3,0.8223016262054443,False,78
train_000211,line_length,POL G4,1.2786047458648682,False,50
train_000211,line_length,POL G5,0.6019676327705383,False,92
train_000211,line_length,POL G6,0.5001905560493469,False,100
train_000211,line_length,POL G7,-0.034837014973163605,False,138
train_000211,line_length,POL G8,0.49233171343803406,False,101
train_000211,line_length,POL G9,0.4801047146320343,False,103
train_000211,line_length,POL G10,0.17274931073188782,False,124
train_000211,line_length,POL G11,0.20501330494880676,False,122
train_000211,line_length,POL G12,0.7999050617218018,False,79
train_000211,line_length,POL G13,0.9805039167404175,False,66
train_000211,line_length,POL G14,0.06797992438077927,False,132
train_000211,line_length,POL G15,0.0473785474896431,False,134
train_000211,line_length,POL G16,-0.5895630717277527,False,155
train_000211,line_length,POL H1,1.1469007730484009,True,56
train_000211,line_length,POL H2,2.3211302757263184,True,20
train_000211,line_length,POL H3,2.038517951965332,True,25
train_000211,line_length,POL H4,6.013738632202148,False,3
train_000211,line_length,POL H5,1.588444471359253,False,35
train_000211,line_length,POL H6,1.2283920049667358,False,52
train_000211,line_length,POL H7,0.6611214280128479,False,83
train_000211,line_length,POL H8,0.0854366198182106,False,131
train_000211,line_length,POL H9,-0.542640209197998,False,153
train_000211,line_length,POL H10,-0.3921095132827759,False,147
train_000211,line_length,POL H11,-0.4529362618923187,False,149
train_000211,line_length,POL H12,-0.3596246540546417,False,144
train_000211,line_length,POL H13,0.04874156787991524,False,133
train_000211,line_length,POL H14,0.22492383420467377,False,120
train_000211,line_length,POL H15,0.21379715204238892,False,121
train_000211,line_length,POL I1,2.743813991546631,False,16
train_000211,line_length,POL I2,1.8906956911087036,False,27
train_000211,line_length,POL I3,1.3115391731262207,False,48
train_000211,line_length,POL I4,1.2098442316055298,False,54
train_000211,line_length,POL I5,1.63545823097229,False,33
train_000211,line_length,POL I6,1.2927101850509644,False,49
train_000211,line_length,POL I7,1.2529232501983643,False,51
train_000211,line_length,POL I8,0.8867670893669128,False,74
train_000211,line_length,POL I9,1.013284683227539,False,63
train_000211,line_length,POL I10,1.1097581386566162,False,57
train_000211,line_length,POL I11,1.3658066987991333,False,47
train_000211,line_length,POL I12,0.293821781873703,False,117
train_000211,line_length,POL I13,0.3959606885910034,False,112
train_000211,line_length,POL I14,0.7370107173919678,False,80
train_000211,line_length,POL I15,0.9888273477554321,False,65
train_000211,line_length,POL I16,0.6285126805305481,False,89
train_000211,line_length,POL J1,4.458985328674316,False,5
train_000211,line_length,POL J2,3.6068267822265625,False,12
train_000211,line_length,POL J3,1.4659415483474731,False,42
train_000211,line_length,POL J4,0.5806259512901306,False,94
train_000211,line_length,POL J5,1.558050274848938,False,37
train_000211,line_length,POL J6,1.2125191688537598,False,53
train_000211,line_length,POL J7,0.9759038686752319,False,67
train_000211,line_length,POL J8,0.5956122279167175,False,93
train_000211,line_length,POL J9,0.12436537444591522,False,129
train_000211,line_length,POL J10,-0.03255645930767059,False,137
train_000211,line_length,POL J11,0.4688491225242615,False,105
train_000211,line_length,POL J12,0.5011411905288696,False,99
train_000211,line_length,POL J13,1.0885292291641235,False,58
train_000211,line_length,EEG M1-Ref,1.7727001905441284,False,30
train_000211,line_length,EEG M2-Ref,0.9071580767631531,False,72
train_000211,line_length,POL M3,1.3707334995269775,False,46
train_000211,line_length,POL M4,0.17274577915668488,False,125
train_000211,line_length,POL M5,1.4373489618301392,False,45
train_000211,line_length,POL M6,1.0166702270507812,False,62
train_000211,line_length,POL M7,0.4384154975414276,False,108
train_000211,line_length,POL M8,2.0466063022613525,False,24
train_000211,line_length,POL M9,1.462437629699707,False,43
train_000211,line_length,POL M10,0.9905041456222534,False,64
train_000211,line_length,POL M11,1.5404126644134521,False,38
train_000211,line_length,POL M12,1.477460265159607,False,41
train_000211,line_length,POL M13,2.343836784362793,False,19
train_000211,line_length,POL M14,2.1431498527526855,False,22
train_000211,line_length,POL M15,0.1384899616241455,False,128
train_000211,line_length,POL M16,2.0512309074401855,False,23
train_000211,line_length,POL pMC1,1.0202243328094482,False,61
train_000211,line_length,POL pMC2,0.6320622563362122,False,88
train_000211,line_length,POL pMC3,1.0774314403533936,False,59
train_000211,line_length,POL pMC4,3.6277222633361816,False,11
train_000211,line_length,POL pMC5,0.4817197620868683,False,102
train_000211,line_length,POL pMC6,-0.46646472811698914,False,151
train_000211,line_length,POL pMC7,-0.5756384134292603,False,154
train_000211,line_length,POL pMC8,-0.7846767902374268,False,160
train_000211,line_length,POL pMC9,-0.6206179261207581,False,157
train_000211,line_length,POL pMC10,-0.8756741881370544,False,162
train_000211,line_length,POL pMC11,-1.0738123655319214,False,163
train_000211,line_length,POL pMC12,-0.8226397633552551,False,161
train_000211,line_length,POL pMC13,-0.4746799170970917,False,152
train_000211,line_length,POL aMC1,0.5166963934898376,False,98
train_000211,line_length,POL aMC2,0.37622788548469543,False,113
train_000211,line_length,POL aMC3,-0.7628516554832458,False,159
train_000211,line_length,POL aMC4,-0.45067012310028076,False,148
train_000211,line_length,POL aMC5,-0.36927300691604614,False,145
train_000211,line_length,POL aMC6,-0.2749834656715393,False,143
train_000211,line_length,POL aMC7,-0.20314887166023254,False,141
train_000211,line_length,POL aMC8,0.10000718384981155,False,130
train_000211,line_length,POL aMC9,0.363543301820755,False,115
train_000211,line_length,POL aMC10,-0.20245076715946198,False,140
train_000211,line_length,POL aMC11,0.2459278255701065,False,119
train_000211,line_length,POL aMC12,0.7246319055557251,False,81
train_000211,line_length,POL aMC13,0.9645866751670837,False,69
train_000211,line_length,POL AC1,0.3436875641345978,False,116
train_000211,line_length,POL AC2,0.8955848217010498,False,73
train_000211,line_length,POL AC3,0.6590166091918945,False,84
train_000211,line_length,POL AC4,0.955162525177002,False,71
train_000211,line_length,POL AC5,0.9712096452713013,False,68
train_000211,line_length,POL AC6,0.5208884477615356,False,97
train_000211,line_length,POL AC7,0.6465268731117249,False,86
train_000211,line_length,POL AC8,0.4414999485015869,False,107
train_000211,line_length,POL AC9,0.5379127264022827,False,96
train_000211,line_length,POL AC10,0.6084132790565491,False,91
train_000211,line_length,POL AC11,0.8275997638702393,False,77
train_000211,line_length,POL AC12,1.6694800853729248,False,32
train_000211,line_length,POL AC13,2.2326278686523438,False,21
train_000211,line_length,POL AC14,3.6776528358459473,False,10
train_000211,line_length,POL AC15,3.7794127464294434,False,9
train_000211,line_length,POL AC16,1.6126549243927002,False,34
train_000211,line_length,EEG PO1-Ref,0.7089608907699585,False,82
train_000211,line_length,EEG PO2-Ref,0.42773425579071045,False,109
train_000211,line_length,EEG PO3-Ref,0.4721573293209076,False,104
train_000211,line_length,EEG PO4-Ref,0.4260164201259613,False,110
train_000211,line_length,EEG PO5-Ref,0.8692883253097534,False,75
train_000211,line_length,EEG PO6-Ref,0.40214207768440247,False,111
train_000211,line_length,EEG PO7-Ref,0.6531237363815308,False,85
train_000211,line_length,EEG PO8-Ref,1.7515159845352173,False,31
train_000211,line_length,EEG PO9-Ref,1.825809359550476,False,29
train_000211,line_length,EEG PO10-Ref,1.8572031259536743,False,28
train_000211,line_length,POL PO11,1.928064227104187,False,26
train_000211,line_length,POL PO12,3.3595268726348877,False,13
train_000211,line_length,POL PO13,2.680093288421631,False,17
train_000211,line_length,POL PO14,2.8695144653320312,False,14
train_000211,line_length,POL PO15,2.7737460136413574,False,15
train_000211,line_length,POL PO16,2.625955820083618,False,18
train_000211,rms_change,POL E1,2.7893033027648926,True,51
train_000211,rms_change,POL E2,3.165616273880005,True,23
train_000211,rms_change,POL E3,3.1259236335754395,True,30
train_000211,rms_change,POL E4,3.154409408569336,False,25
train_000211,rms_change,POL E5,2.899003744125366,False,43
train_000211,rms_change,POL E6,2.8670690059661865,False,45
train_000211,rms_change,POL E7,2.9207818508148193,False,42
train_000211,rms_change,POL E8,3.566160202026367,False,10
train_000211,rms_change,POL E9,2.9910969734191895,False,36
train_000211,rms_change,POL E10,3.536442518234253,False,12
train_000211,rms_change,POL E13,2.381582498550415,False,91
train_000211,rms_change,POL E14,1.6344084739685059,False,142
train_000211,rms_change,EEG F1-Ref,2.5728304386138916,True,75
train_000211,rms_change,EEG F2-Ref,2.1486191749572754,True,102
train_000211,rms_change,EEG F3-Ref,2.7323741912841797,False,58
train_000211,rms_change,EEG F4-Ref,2.4586260318756104,False,86
train_000211,rms_change,EEG F5-Ref,2.795790433883667,False,50
train_000211,rms_change,EEG F6-Ref,2.5134897232055664,False,80
train_000211,rms_change,EEG F7-Ref,2.573810577392578,False,74
train_000211,rms_change,EEG F8-Ref,2.804349899291992,False,49
train_000211,rms_change,EEG F9-Ref,2.6451148986816406,False,68
train_000211,rms_change,POL E11,3.1290817260742188,False,28
train_000211,rms_change,POL E12,2.470604419708252,False,85
train_000211,rms_change,EEG F10-Ref,1.8823505640029907,False,119
train_000211,rms_change,POL F11,2.3751583099365234,False,92
train_000211,rms_change,POL F12,3.126588821411133,False,29
train_000211,rms_change,POL F13,2.5497307777404785,False,77
train_000211,rms_change,POL F14,2.0961215496063232,False,104
train_000211,rms_change,POL F15,1.817476749420166,False,122
train_000211,rms_change,POL G1,2.3557748794555664,True,93
train_000211,rms_change,POL G2,2.8144145011901855,True,47
train_000211,rms_change,POL G3,2.6550464630126953,False,67
train_000211,rms_change,POL G4,2.5693681240081787,False,76
train_000211,rms_change,POL G5,2.7268192768096924,False,59
train_000211,rms_change,POL G6,2.5805511474609375,False,73
train_000211,rms_change,POL G7,2.2628285884857178,False,98
train_000211,rms_change,POL G8,1.8036919832229614,False,123
train_000211,rms_change,POL G9,1.5605618953704834,False,149
train_000211,rms_change,POL G10,1.4717909097671509,False,154
train_000211,rms_change,POL G11,1.5359147787094116,False,151
train_000211,rms_change,POL G12,1.6518887281417847,False,139
train_000211,rms_change,POL G13,1.4557220935821533,False,155
train_000211,rms_change,POL G14,1.6965640783309937,False,136
train_000211,rms_change,POL G15,1.6344002485275269,False,143
train_000211,rms_change,POL G16,1.5256181955337524,False,153
train_000211,rms_change,POL H1,1.7282657623291016,True,130
train_000211,rms_change,POL H2,2.6214044094085693,True,69
train_000211,rms_change,POL H3,2.6082406044006348,True,71
train_000211,rms_change,POL H4,2.9316556453704834,False,41
train_000211,rms_change,POL H5,2.807241678237915,False,48
train_000211,rms_change,POL H6,2.3351495265960693,False,95
train_000211,rms_change,POL H7,2.77063250541687,False,54
train_000211,rms_change,POL H8,2.747999429702759,False,56
train_000211,rms_change,POL H9,3.462676763534546,False,17
train_000211,rms_change,POL H10,2.8817105293273926,False,44
train_000211,rms_change,POL H11,3.6749448776245117,False,8
train_000211,rms_change,POL H12,3.4784793853759766,False,16
train_000211,rms_change,POL H13,2.95937180519104,False,38
train_000211,rms_change,POL H14,1.7040519714355469,False,133
train_000211,rms_change,POL H15,1.6525689363479614,False,138
train_000211,rms_change,POL I1,3.5566205978393555,False,11
train_000211,rms_change,POL I2,2.664374589920044,False,65
train_000211,rms_change,POL I3,3.1625897884368896,False,24
train_000211,rms_change,POL I4,2.8471736907958984,False,46
train_000211,rms_change,POL I5,3.144481897354126,False,27
train_000211,rms_change,POL I6,2.5249812602996826,False,79
train_000211,rms_change,POL I7,2.5341737270355225,False,78
train_000211,rms_change,POL I8,2.0336620807647705,False,108
train_000211,rms_change,POL I9,1.5880615711212158,False,146
train_000211,rms_change,POL I10,1.5292093753814697,False,152
train_000211,rms_change,POL I11,1.7492834329605103,False,128
train_000211,rms_change,POL I12,2.2379350662231445,False,99
train_000211,rms_change,POL I13,2.4420783519744873,False,87
train_000211,rms_change,POL I14,1.9914963245391846,False,112
train_000211,rms_change,POL I15,1.8877450227737427,False,118
train_000211,rms_change,POL I16,2.009211301803589,False,110
train_000211,rms_change,POL J1,2.210355758666992,False,101
train_000211,rms_change,POL J2,2.9635770320892334,False,37
train_000211,rms_change,POL J3,3.520049571990967,False,13
train_000211,rms_change,POL J4,3.4236629009246826,False,18
train_000211,rms_change,POL J5,3.088644504547119,False,31
train_000211,rms_change,POL J6,2.6836538314819336,False,64
train_000211,rms_change,POL J7,3.069481611251831,False,32
train_000211,rms_change,POL J8,2.7143232822418213,False,61
train_000211,rms_change,POL J9,2.7253241539001465,False,60
train_000211,rms_change,POL J10,2.753464698791504,False,55
train_000211,rms_change,POL J11,2.5911648273468018,False,72
train_000211,rms_change,POL J12,2.9916250705718994,False,35
train_000211,rms_change,POL J13,1.5788153409957886,False,147
train_000211,rms_change,EEG M1-Ref,3.4982142448425293,False,15
train_000211,rms_change,EEG M2-Ref,2.783221483230591,False,52
train_000211,rms_change,POL M3,2.3843796253204346,False,89
train_000211,rms_change,POL M4,2.4840376377105713,False,84
train_000211,rms_change,POL M5,2.0559797286987305,False,107
train_000211,rms_change,POL M6,2.2151169776916504,False,100
train_000211,rms_change,POL M7,2.775599718093872,False,53
train_000211,rms_change,POL M8,3.02052903175354,False,34
train_000211,rms_change,POL M9,2.955984592437744,False,40
train_000211,rms_change,POL M10,2.345008373260498,False,94
train_000211,rms_change,POL M11,2.382356882095337,False,90
train_000211,rms_change,POL M12,3.5090420246124268,False,14
train_000211,rms_change,POL M13,3.2126591205596924,False,22
train_000211,rms_change,POL M14,2.4885337352752686,False,83
train_000211,rms_change,POL M15,1.987026572227478,False,113
train_000211,rms_change,POL M16,2.1151983737945557,False,103
train_000211,rms_change,POL pMC1,1.278663992881775,False,158
train_000211,rms_change,POL pMC2,1.7023308277130127,False,134
train_000211,rms_change,POL pMC3,3.3384897708892822,False,20
train_000211,rms_change,POL pMC4,2.614109754562378,False,70
train_000211,rms_change,POL pMC5,2.0026066303253174,False,111
train_000211,rms_change,POL pMC6,2.712338924407959,False,62
train_000211,rms_change,POL pMC7,2.9579477310180664,False,39
train_000211,rms_change,POL pMC8,4.1875224113464355,False,2
train_000211,rms_change,POL pMC9,4.039065361022949,False,4
train_000211,rms_change,POL pMC10,3.2961654663085938,False,21
train_000211,rms_change,POL pMC11,3.6718878746032715,False,9
train_000211,rms_change,POL pMC12,3.3629722595214844,False,19
train_000211,rms_change,POL pMC13,4.095259666442871,False,3
train_000211,rms_change,POL aMC1,1.9262745380401611,False,116
train_000211,rms_change,POL aMC2,2.267580986022949,False,97
train_000211,rms_change,POL aMC3,2.4933042526245117,False,82
train_000211,rms_change,POL aMC4,1.973050832748413,False,114
train_000211,rms_change,POL aMC5,2.021298408508301,False,109
train_000211,rms_change,POL aMC6,1.792210340499878,False,124
train_000211,rms_change,POL aMC7,1.8267332315444946,False,121
train_000211,rms_change,POL aMC8,2.3910672664642334,False,88
train_000211,rms_change,POL aMC9,3.0678305625915527,False,33
train_000211,rms_change,POL aMC10,3.154320001602173,False,26
train_000211,rms_change,POL aMC11,2.698310136795044,False,63
train_000211,rms_change,POL aMC12,1.7635632753372192,False,126
train_000211,rms_change,POL aMC13,1.5568441152572632,False,150
train_000211,rms_change,POL AC1,1.6487282514572144,False,141
train_000211,rms_change,POL AC2,0.9901496171951294,False,162
train_000211,rms_change,POL AC3,3.774155855178833,False,7
train_000211,rms_change,POL AC4,1.6807936429977417,False,137
train_000211,rms_change,POL AC5,1.862655758857727,False,120
train_000211,rms_change,POL AC6,1.7522830963134766,False,127
train_000211,rms_change,POL AC7,2.271008014678955,False,96
train_000211,rms_change,POL AC8,1.957341194152832,False,115
train_000211,rms_change,POL AC9,1.408026933670044,False,157
train_000211,rms_change,POL AC10,1.6502916812896729,False,140
train_000211,rms_change,POL AC11,1.6043204069137573,False,145
train_000211,rms_change,POL AC12,1.7337257862091064,False,129
train_000211,rms_change,POL AC13,2.5031754970550537,False,81
train_000211,rms_change,POL AC14,2.7382214069366455,False,57
train_000211,rms_change,POL AC15,2.0622692108154297,False,106
train_000211,rms_change,POL AC16,1.0905208587646484,False,161
train_000211,rms_change,EEG PO1-Ref,1.7256923913955688,False,131
train_000211,rms_change,EEG PO2-Ref,1.567062497138977,False,148
train_000211,rms_change,EEG PO3-Ref,1.7013094425201416,False,135
train_000211,rms_change,EEG PO4-Ref,1.4165408611297607,False,156
train_000211,rms_change,EEG PO5-Ref,1.605426549911499,False,144
train_000211,rms_change,EEG PO6-Ref,1.709643006324768,False,132
train_000211,rms_change,EEG PO7-Ref,1.9147253036499023,False,117
train_000211,rms_change,EEG PO8-Ref,1.7840832471847534,False,125
train_000211,rms_change,EEG PO9-Ref,4.28236722946167,False,1
train_000211,rms_change,EEG PO10-Ref,2.663519859313965,False,66
train_000211,rms_change,POL PO11,3.980074644088745,False,6
train_000211,rms_change,POL PO12,1.217604160308838,False,159
train_000211,rms_change,POL PO13,1.1860523223876953,False,160
train_000211,rms_change,POL PO14,0.8119965195655823,False,163
train_000211,rms_change,POL PO15,2.0703420639038086,False,105
train_000211,rms_change,POL PO16,4.03761100769043,False,5
train_000211,teager_energy,POL E1,-0.14039380848407745,True,128
train_000211,teager_energy,POL E2,0.6759076118469238,True,52
train_000211,teager_energy,POL E3,0.9120252728462219,True,37
train_000211,teager_energy,POL E4,-0.10756839066743851,False,125
train_000211,teager_energy,POL E5,0.09909450262784958,False,109
train_000211,teager_energy,POL E6,0.14678232371807098,False,106
train_000211,teager_energy,POL E7,-0.12890906631946564,False,127
train_000211,teager_energy,POL E8,-0.45060721039772034,False,151
train_000211,teager_energy,POL E9,-0.5977487564086914,False,154
train_000211,teager_energy,POL E10,-0.40349048376083374,False,147
train_000211,teager_energy,POL E13,0.023070598021149635,False,116
train_000211,teager_energy,POL E14,0.19599632918834686,False,100
train_000211,teager_energy,EEG F1-Ref,3.2636613845825195,True,1
train_000211,teager_energy,EEG F2-Ref,2.8896572589874268,True,2
train_000211,teager_energy,EEG F3-Ref,1.9368664026260376,False,16
train_000211,teager_energy,EEG F4-Ref,0.6338982582092285,False,57
train_000211,teager_energy,EEG F5-Ref,-0.20079290866851807,False,134
train_000211,teager_energy,EEG F6-Ref,-0.3000381588935852,False,141
train_000211,teager_energy,EEG F7-Ref,-0.2214638739824295,False,137
train_000211,teager_energy,EEG F8-Ref,0.031910695135593414,False,114
train_000211,teager_energy,EEG F9-Ref,-0.33966678380966187,False,143
train_000211,teager_energy,POL E11,-0.19951178133487701,False,133
train_000211,teager_energy,POL E12,-0.14375098049640656,False,129
train_000211,teager_energy,EEG F10-Ref,-0.799980878829956,False,156
train_000211,teager_energy,POL F11,-0.5581983923912048,False,153
train_000211,teager_energy,POL F12,-0.685285747051239,False,155
train_000211,teager_energy,POL F13,-0.49287769198417664,False,152
train_000211,teager_energy,POL F14,-0.2507561445236206,False,138
train_000211,teager_energy,POL F15,-0.32276594638824463,False,142
train_000211,teager_energy,POL G1,2.450169563293457,True,10
train_000211,teager_energy,POL G2,0.8415389060974121,True,44
train_000211,teager_energy,POL G3,0.13421113789081573,False,107
train_000211,teager_energy,POL G4,0.4296092092990875,False,79
train_000211,teager_energy,POL G5,-0.08697222173213959,False,122
train_000211,teager_energy,POL G6,-0.08990789204835892,False,123
train_000211,teager_energy,POL G7,-0.3758183419704437,False,146
train_000211,teager_energy,POL G8,-0.170750692486763,False,132
train_000211,teager_energy,POL G9,-0.34843266010284424,False,144
train_000211,teager_energy,POL G10,-0.4078972637653351,False,148
train_000211,teager_energy,POL G11,-0.14524835348129272,False,130
train_000211,teager_energy,POL G12,-0.2081955373287201,False,135
train_000211,teager_energy,POL G13,0.260803759098053,False,96
train_000211,teager_energy,POL G14,0.274811714887619,False,94
train_000211,teager_energy,POL G15,0.4126833379268646,False,81
train_000211,teager_energy,POL G16,0.565819501876831,False,62
train_000211,teager_energy,POL H1,0.47288045287132263,True,75
train_000211,teager_energy,POL H2,0.030313698574900627,True,115
train_000211,teager_energy,POL H3,-0.2574115991592407,True,139
train_000211,teager_energy,POL H4,0.15711696445941925,False,103
train_000211,teager_energy,POL H5,0.05775880813598633,False,112
train_000211,teager_energy,POL H6,0.08232323825359344,False,110
train_000211,teager_energy,POL H7,-0.09094195812940598,False,124
train_000211,teager_energy,POL H8,-0.11332165449857712,False,126
train_000211,teager_energy,POL H9,-0.4394231140613556,False,150
train_000211,teager_energy,POL H10,-0.8098010420799255,False,157
train_000211,teager_energy,POL H11,-0.9430229067802429,False,160
train_000211,teager_energy,POL H12,-1.2489107847213745,False,162
train_000211,teager_energy,POL H13,-0.9127503037452698,False,159
train_000211,teager_energy,POL H14,-0.02725675143301487,False,119
train_000211,teager_energy,POL H15,0.06945604085922241,False,111
train_000211,teager_energy,POL I1,1.5519567728042603,False,20
train_000211,teager_energy,POL I2,1.321417212486267,False,23
train_000211,teager_energy,POL I3,0.8092909455299377,False,46
train_000211,teager_energy,POL I4,0.5658993721008301,False,61
train_000211,teager_energy,POL I5,0.38063672184944153,False,85
train_000211,teager_energy,POL I6,0.40936899185180664,False,82
train_000211,teager_energy,POL I7,0.4929282069206238,False,72
train_000211,teager_energy,POL I8,0.3480224907398224,False,88
train_000211,teager_energy,POL I9,0.3856331706047058,False,83
train_000211,teager_energy,POL I10,0.8674743175506592,False,41
train_000211,teager_energy,POL I11,0.47171512246131897,False,76
train_000211,teager_energy,POL I12,0.661957323551178,False,55
train_000211,teager_energy,POL I13,1.064670205116272,False,33
train_000211,teager_energy,POL I14,1.0148252248764038,False,35
train_000211,teager_energy,POL I15,1.0007808208465576,False,36
train_000211,teager_energy,POL I16,0.5367690920829773,False,68
train_000211,teager_energy,POL J1,1.211931586265564,False,28
train_000211,teager_energy,POL J2,0.4360123872756958,False,78
train_000211,teager_energy,POL J3,0.22978092730045319,False,98
train_000211,teager_energy,POL J4,0.3552946448326111,False,87
train_000211,teager_energy,POL J5,0.6362538933753967,False,56
train_000211,teager_energy,POL J6,0.532366931438446,False,69
train_000211,teager_energy,POL J7,0.5992326140403748,False,58
train_000211,teager_energy,POL J8,0.7153666615486145,False,49
train_000211,teager_energy,POL J9,0.6644824743270874,False,54
train_000211,teager_energy,POL J10,1.1794495582580566,False,30
train_000211,teager_energy,POL J11,1.2037127017974854,False,29
train_000211,teager_energy,POL J12,0.0036010860931128263,False,118
train_000211,teager_energy,POL J13,0.2656232714653015,False,95
train_000211,teager_energy,EEG M1-Ref,2.8385322093963623,False,3
train_000211,teager_energy,EEG M2-Ref,2.2702252864837646,False,13
train_000211,teager_energy,POL M3,2.7694997787475586,False,4
train_000211,teager_energy,POL M4,1.2181440591812134,False,27
train_000211,teager_energy,POL M5,0.5737268328666687,False,60
train_000211,teager_energy,POL M6,0.5636099576950073,False,63
train_000211,teager_energy,POL M7,0.33394259214401245,False,90
train_000211,teager_energy,POL M8,0.8161620497703552,False,45
train_000211,teager_energy,POL M9,0.37300464510917664,False,86
train_000211,teager_energy,POL M10,0.1763657033443451,False,102
train_000211,teager_energy,POL M11,0.00574321486055851,False,117
train_000211,teager_energy,POL M12,0.846928596496582,False,43
train_000211,teager_energy,POL M13,1.4402830600738525,False,22
train_000211,teager_energy,POL M14,1.163611888885498,False,31
train_000211,teager_energy,POL M15,0.5405372381210327,False,66
train_000211,teager_energy,POL M16,0.26070043444633484,False,97
train_000211,teager_energy,POL pMC1,0.3020058572292328,False,91
train_000211,teager_energy,POL pMC2,-0.21926283836364746,False,136
train_000211,teager_energy,POL pMC3,2.049351215362549,False,15
train_000211,teager_energy,POL pMC4,1.447007417678833,False,21
train_000211,teager_energy,POL pMC5,0.3420524001121521,False,89
train_000211,teager_energy,POL pMC6,0.22878916561603546,False,99
train_000211,teager_energy,POL pMC7,0.3850438892841339,False,84
train_000211,teager_energy,POL pMC8,0.13203613460063934,False,108
train_000211,teager_energy,POL pMC9,-0.044988904148340225,False,120
train_000211,teager_energy,POL pMC10,-0.43533432483673096,False,149
train_000211,teager_energy,POL pMC11,-0.889828622341156,False,158
train_000211,teager_energy,POL pMC12,-1.012178897857666,False,161
train_000211,teager_energy,POL pMC13,-1.6421297788619995,False,163
train_000211,teager_energy,POL aMC1,0.4763224720954895,False,74
train_000211,teager_energy,POL aMC2,1.1348987817764282,False,32
train_000211,teager_energy,POL aMC3,0.5251188278198242,False,70
train_000211,teager_energy,POL aMC4,0.05222664400935173,False,113
train_000211,teager_energy,POL aMC5,0.15090811252593994,False,104
train_000211,teager_energy,POL aMC6,-0.16445063054561615,False,131
train_000211,teager_energy,POL aMC7,-0.36609315872192383,False,145
train_000211,teager_energy,POL aMC8,0.2775101959705353,False,93
train_000211,teager_energy,POL aMC9,0.90691077709198,False,38
train_000211,teager_energy,POL aMC10,0.29042676091194153,False,92
train_000211,teager_energy,POL aMC11,-0.07614100724458694,False,121
train_000211,teager_energy,POL aMC12,0.6700055599212646,False,53
train_000211,teager_energy,POL aMC13,0.7397626042366028,False,48
train_000211,teager_energy,POL AC1,0.8853873610496521,False,39
train_000211,teager_energy,POL AC2,0.5590918064117432,False,64
train_000211,teager_energy,POL AC3,2.615143060684204,False,7
train_000211,teager_energy,POL AC4,0.8743559122085571,False,40
train_000211,teager_energy,POL AC5,0.6905674338340759,False,51
train_000211,teager_energy,POL AC6,-0.2652631103992462,False,140
train_000211,teager_energy,POL AC7,0.8604920506477356,False,42
train_000211,teager_energy,POL AC8,0.5504440069198608,False,65
train_000211,teager_energy,POL AC9,0.5400485396385193,False,67
train_000211,teager_energy,POL AC10,0.5072059631347656,False,71
train_000211,teager_energy,POL AC11,0.5748058557510376,False,59
train_000211,teager_energy,POL AC12,1.2994645833969116,False,24
train_000211,teager_energy,POL AC13,1.2743839025497437,False,25
train_000211,teager_energy,POL AC14,1.6115909814834595,False,19
train_000211,teager_energy,POL AC15,1.898856282234192,False,17
train_000211,teager_energy,POL AC16,1.0607972145080566,False,34
train_000211,teager_energy,EEG PO1-Ref,0.7925531268119812,False,47
train_000211,teager_energy,EEG PO2-Ref,0.6922308206558228,False,50
train_000211,teager_energy,EEG PO3-Ref,0.4227796792984009,False,80
train_000211,teager_energy,EEG PO4-Ref,0.17984074354171753,False,101
train_000211,teager_energy,EEG PO5-Ref,0.45435771346092224,False,77
train_000211,teager_energy,EEG PO6-Ref,0.47866708040237427,False,73
train_000211,teager_energy,EEG PO7-Ref,0.1492546647787094,False,105
train_000211,teager_energy,EEG PO8-Ref,1.2399787902832031,False,26
train_000211,teager_energy,EEG PO9-Ref,2.769026756286621,False,5
train_000211,teager_energy,EEG PO10-Ref,2.4377193450927734,False,11
train_000211,teager_energy,POL PO11,2.138594150543213,False,14
train_000211,teager_energy,POL PO12,2.4967586994171143,False,9
train_000211,teager_energy,POL PO13,2.6539864540100098,False,6
train_000211,teager_energy,POL PO14,2.6122729778289795,False,8
train_000211,teager_energy,POL PO15,1.7058669328689575,False,18
train_000211,teager_energy,POL PO16,2.3358452320098877,False,12
train_000211,kurtosis,POL E1,2.1378142833709717,True,71
train_000211,kurtosis,POL E2,1.7347317934036255,True,99
train_000211,kurtosis,POL E3,1.3808673620224,True,126
train_000211,kurtosis,POL E4,2.754812002182007,False,38
train_000211,kurtosis,POL E5,2.5446481704711914,False,52
train_000211,kurtosis,POL E6,2.180288553237915,False,67
train_000211,kurtosis,POL E7,1.652739405632019,False,108
train_000211,kurtosis,POL E8,1.2415876388549805,False,138
train_000211,kurtosis,POL E9,2.460672616958618,False,56
train_000211,kurtosis,POL E10,1.7588602304458618,False,96
train_000211,kurtosis,POL E13,3.163360118865967,False,25
train_000211,kurtosis,POL E14,2.445047616958618,False,58
train_000211,kurtosis,EEG F1-Ref,1.2511931657791138,True,136
train_000211,kurtosis,EEG F2-Ref,3.5953259468078613,True,17
train_000211,kurtosis,EEG F3-Ref,2.1889989376068115,False,65
train_000211,kurtosis,EEG F4-Ref,1.2792506217956543,False,132
train_000211,kurtosis,EEG F5-Ref,1.2919127941131592,False,130
train_000211,kurtosis,EEG F6-Ref,1.1953949928283691,False,140
train_000211,kurtosis,EEG F7-Ref,0.5338592529296875,False,161
train_000211,kurtosis,EEG F8-Ref,0.4925580322742462,False,162
train_000211,kurtosis,EEG F9-Ref,0.5950208902359009,False,160
train_000211,kurtosis,POL E11,2.0594799518585205,False,79
train_000211,kurtosis,POL E12,3.513740062713623,False,20
train_000211,kurtosis,EEG F10-Ref,1.7297701835632324,False,101
train_000211,kurtosis,POL F11,1.799714207649231,False,95
train_000211,kurtosis,POL F12,0.739581286907196,False,159
train_000211,kurtosis,POL F13,1.2854176759719849,False,131
train_000211,kurtosis,POL F14,2.169459819793701,False,68
train_000211,kurtosis,POL F15,0.7705694437026978,False,156
train_000211,kurtosis,POL G1,4.1194987297058105,True,8
train_000211,kurtosis,POL G2,2.0645272731781006,True,77
train_000211,kurtosis,POL G3,1.4118317365646362,False,125
train_000211,kurtosis,POL G4,1.5220472812652588,False,118
train_000211,kurtosis,POL G5,1.4541343450546265,False,122
train_000211,kurtosis,POL G6,1.7310539484024048,False,100
train_000211,kurtosis,POL G7,1.8843358755111694,False,90
train_000211,kurtosis,POL G8,2.3295819759368896,False,61
train_000211,kurtosis,POL G9,2.627485990524292,False,46
train_000211,kurtosis,POL G10,1.2928225994110107,False,129
train_000211,kurtosis,POL G11,0.7833139896392822,False,155
train_000211,kurtosis,POL G12,1.4935932159423828,False,120
train_000211,kurtosis,POL G13,2.093574047088623,False,74
train_000211,kurtosis,POL G14,2.947917938232422,False,34
train_000211,kurtosis,POL G15,3.615614652633667,False,16
train_000211,kurtosis,POL G16,4.404116630554199,False,7
train_000211,kurtosis,POL H1,0.7997696995735168,True,152
train_000211,kurtosis,POL H2,1.364128589630127,True,127
train_000211,kurtosis,POL H3,1.5656962394714355,True,116
train_000211,kurtosis,POL H4,1.5910005569458008,False,114
train_000211,kurtosis,POL H5,1.6590025424957275,False,107
train_000211,kurtosis,POL H6,1.1044018268585205,False,142
train_000211,kurtosis,POL H7,1.4306353330612183,False,124
train_000211,kurtosis,POL H8,2.116330623626709,False,73
train_000211,kurtosis,POL H9,2.121180772781372,False,72
train_000211,kurtosis,POL H10,2.391540050506592,False,60
train_000211,kurtosis,POL H11,3.0292131900787354,False,32
train_000211,kurtosis,POL H12,1.2452577352523804,False,137
train_000211,kurtosis,POL H13,1.0230755805969238,False,147
train_000211,kurtosis,POL H14,2.472184658050537,False,55
train_000211,kurtosis,POL H15,2.184816360473633,False,66
train_000211,kurtosis,POL I1,2.902404546737671,False,35
train_000211,kurtosis,POL I2,2.7110958099365234,False,41
train_000211,kurtosis,POL I3,2.148689031600952,False,70
train_000211,kurtosis,POL I4,2.075511932373047,False,75
train_000211,kurtosis,POL I5,1.8193320035934448,False,92
train_000211,kurtosis,POL I6,1.723515510559082,False,102
train_000211,kurtosis,POL I7,1.6893291473388672,False,106
train_000211,kurtosis,POL I8,3.4087839126586914,False,21
train_000211,kurtosis,POL I9,3.794729471206665,False,13
train_000211,kurtosis,POL I10,2.7490622997283936,False,39
train_000211,kurtosis,POL I11,2.2361180782318115,False,64
train_000211,kurtosis,POL I12,1.0930728912353516,False,144
train_000211,kurtosis,POL I13,1.5380779504776,False,117
train_000211,kurtosis,POL I14,1.8152114152908325,False,93
train_000211,kurtosis,POL I15,2.57498836517334,False,49
train_000211,kurtosis,POL I16,3.1016390323638916,False,27
train_000211,kurtosis,POL J1,2.067265272140503,False,76
train_000211,kurtosis,POL J2,1.4813954830169678,False,121
train_000211,kurtosis,POL J3,1.9326965808868408,False,86
train_000211,kurtosis,POL J4,1.914552927017212,False,88
train_000211,kurtosis,POL J5,1.9544116258621216,False,84
train_000211,kurtosis,POL J6,1.6371890306472778,False,110
train_000211,kurtosis,POL J7,3.029268741607666,False,31
train_000211,kurtosis,POL J8,4.086721897125244,False,10
train_000211,kurtosis,POL J9,5.739205837249756,False,3
train_000211,kurtosis,POL J10,5.885133266448975,False,2
train_000211,kurtosis,POL J11,6.935307502746582,False,1
train_000211,kurtosis,POL J12,1.2379138469696045,False,139
train_000211,kurtosis,POL J13,1.2515552043914795,False,135
train_000211,kurtosis,EEG M1-Ref,2.6031689643859863,False,48
train_000211,kurtosis,EEG M2-Ref,2.6652581691741943,False,43
train_000211,kurtosis,POL M3,2.5698254108428955,False,50
train_000211,kurtosis,POL M4,0.7558234930038452,False,157
train_000211,kurtosis,POL M5,2.793368101119995,False,36
train_000211,kurtosis,POL M6,2.6339690685272217,False,44
train_000211,kurtosis,POL M7,2.609400987625122,False,47
train_000211,kurtosis,POL M8,2.445756435394287,False,57
train_000211,kurtosis,POL M9,4.94596529006958,False,5
train_000211,kurtosis,POL M10,3.959073781967163,False,12
train_000211,kurtosis,POL M11,1.6960207223892212,False,105
train_000211,kurtosis,POL M12,3.116330862045288,False,26
train_000211,kurtosis,POL M13,4.927394866943359,False,6
train_000211,kurtosis,POL M14,1.758165955543518,False,97
train_000211,kurtosis,POL M15,1.0617640018463135,False,145
train_000211,kurtosis,POL M16,1.9640693664550781,False,83
train_000211,kurtosis,POL pMC1,1.8311628103256226,False,91
train_000211,kurtosis,POL pMC2,2.6300299167633057,False,45
train_000211,kurtosis,POL pMC3,5.334730625152588,False,4
train_000211,kurtosis,POL pMC4,1.9925377368927002,False,80
train_000211,kurtosis,POL pMC5,0.7425991296768188,False,158
train_000211,kurtosis,POL pMC6,1.5153909921646118,False,119
train_000211,kurtosis,POL pMC7,2.405377149581909,False,59
train_000211,kurtosis,POL pMC8,3.1772172451019287,False,24
train_000211,kurtosis,POL pMC9,4.0960869789123535,False,9
train_000211,kurtosis,POL pMC10,3.0594048500061035,False,29
train_000211,kurtosis,POL pMC11,1.9740475416183472,False,82
train_000211,kurtosis,POL pMC12,1.8105361461639404,False,94
train_000211,kurtosis,POL pMC13,1.7199602127075195,False,103
train_000211,kurtosis,POL aMC1,1.5990095138549805,False,113
train_000211,kurtosis,POL aMC2,3.7835826873779297,False,14
train_000211,kurtosis,POL aMC3,1.8865456581115723,False,89
train_000211,kurtosis,POL aMC4,4.006196022033691,False,11
train_000211,kurtosis,POL aMC5,3.665867805480957,False,15
train_000211,kurtosis,POL aMC6,3.178511142730713,False,23
train_000211,kurtosis,POL aMC7,2.5163979530334473,False,53
train_000211,kurtosis,POL aMC8,2.756643533706665,False,37
train_000211,kurtosis,POL aMC9,3.360535144805908,False,22
train_000211,kurtosis,POL aMC10,2.3174245357513428,False,62
train_000211,kurtosis,POL aMC11,2.1599130630493164,False,69
train_000211,kurtosis,POL aMC12,1.2682393789291382,False,133
train_000211,kurtosis,POL aMC13,1.0596238374710083,False,146
train_000211,kurtosis,POL AC1,1.1009349822998047,False,143
train_000211,kurtosis,POL AC2,1.9869266748428345,False,81
train_000211,kurtosis,POL AC3,2.5684988498687744,False,51
train_000211,kurtosis,POL AC4,0.876512348651886,False,151
train_000211,kurtosis,POL AC5,1.7542088031768799,False,98
train_000211,kurtosis,POL AC6,2.7414257526397705,False,40
train_000211,kurtosis,POL AC7,2.9672255516052246,False,33
train_000211,kurtosis,POL AC8,3.0760953426361084,False,28
train_000211,kurtosis,POL AC9,2.2987112998962402,False,63
train_000211,kurtosis,POL AC10,2.0616698265075684,False,78
train_000211,kurtosis,POL AC11,2.4737136363983154,False,54
train_000211,kurtosis,POL AC12,1.922288417816162,False,87
train_000211,kurtosis,POL AC13,1.610547423362732,False,111
train_000211,kurtosis,POL AC14,1.2633087635040283,False,134
train_000211,kurtosis,POL AC15,1.3101879358291626,False,128
train_000211,kurtosis,POL AC16,1.9416460990905762,False,85
train_000211,kurtosis,EEG PO1-Ref,1.6090844869613647,False,112
train_000211,kurtosis,EEG PO2-Ref,0.9828898310661316,False,149
train_000211,kurtosis,EEG PO3-Ref,1.4338788986206055,False,123
train_000211,kurtosis,EEG PO4-Ref,0.7982807755470276,False,153
train_000211,kurtosis,EEG PO5-Ref,1.7003763914108276,False,104
train_000211,kurtosis,EEG PO6-Ref,1.6513755321502686,False,109
train_000211,kurtosis,EEG PO7-Ref,0.9566150307655334,False,150
train_000211,kurtosis,EEG PO8-Ref,1.5909351110458374,False,115
train_000211,kurtosis,EEG PO9-Ref,3.560812473297119,False,18
train_000211,kurtosis,EEG PO10-Ref,2.6919121742248535,False,42
train_000211,kurtosis,POL PO11,3.037898063659668,False,30
train_000211,kurtosis,POL PO12,0.998589277267456,False,148
train_000211,kurtosis,POL PO13,0.4864369034767151,False,163
train_000211,kurtosis,POL PO14,0.7933350205421448,False,154
train_000211,kurtosis,POL PO15,1.1838442087173462,False,141
train_000211,kurtosis,POL PO16,3.559906244277954,False,19
train_000211,beta_power,POL E1,0.8745898008346558,True,71
train_000211,beta_power,POL E2,0.9251489043235779,True,66
train_000211,beta_power,POL E3,0.9448582530021667,True,62
train_000211,beta_power,POL E4,1.3979129791259766,False,28
train_000211,beta_power,POL E5,1.2107003927230835,False,37
train_000211,beta_power,POL E6,0.42718395590782166,False,125
train_000211,beta_power,POL E7,0.14320068061351776,False,142
train_000211,beta_power,POL E8,0.11710186302661896,False,144
train_000211,beta_power,POL E9,0.24480652809143066,False,137
train_000211,beta_power,POL E10,0.4171713888645172,False,126
train_000211,beta_power,POL E13,0.6106528043746948,False,105
train_000211,beta_power,POL E14,0.5045004487037659,False,116
train_000211,beta_power,EEG F1-Ref,2.06152606010437,True,9
train_000211,beta_power,EEG F2-Ref,1.7848588228225708,True,13
train_000211,beta_power,EEG F3-Ref,1.235318660736084,False,35
train_000211,beta_power,EEG F4-Ref,0.833763599395752,False,75
train_000211,beta_power,EEG F5-Ref,0.5965591669082642,False,107
train_000211,beta_power,EEG F6-Ref,0.34519171714782715,False,133
train_000211,beta_power,EEG F7-Ref,0.34352657198905945,False,134
train_000211,beta_power,EEG F8-Ref,0.12255892157554626,False,143
train_000211,beta_power,EEG F9-Ref,-0.13972429931163788,False,149
train_000211,beta_power,POL E11,0.43327194452285767,False,124
train_000211,beta_power,POL E12,0.3726663887500763,False,131
train_000211,beta_power,EEG F10-Ref,-0.3642033636569977,False,152
train_000211,beta_power,POL F11,-0.46868935227394104,False,157
train_000211,beta_power,POL F12,-0.41860729455947876,False,155
train_000211,beta_power,POL F13,0.06806465983390808,False,146
train_000211,beta_power,POL F14,0.5512391328811646,False,112
train_000211,beta_power,POL F15,0.7236889600753784,False,85
train_000211,beta_power,POL G1,0.9246599674224854,True,67
train_000211,beta_power,POL G2,0.7162264585494995,True,87
train_000211,beta_power,POL G3,0.5182064771652222,False,115
train_000211,beta_power,POL G4,0.6038960218429565,False,106
train_000211,beta_power,POL G5,0.48599183559417725,False,120
train_000211,beta_power,POL G6,0.5472536087036133,False,113
train_000211,beta_power,POL G7,0.45213523507118225,False,123
train_000211,beta_power,POL G8,0.6146446466445923,False,104
train_000211,beta_power,POL G9,0.38934555649757385,False,129
train_000211,beta_power,POL G10,0.46327632665634155,False,122
train_000211,beta_power,POL G11,0.6197764277458191,False,102
train_000211,beta_power,POL G12,0.8060121536254883,False,79
train_000211,beta_power,POL G13,0.7801398634910583,False,81
train_000211,beta_power,POL G14,0.7247805595397949,False,84
train_000211,beta_power,POL G15,0.2848372161388397,False,135
train_000211,beta_power,POL G16,0.09948448836803436,False,145
train_000211,beta_power,POL H1,1.5427905321121216,True,18
train_000211,beta_power,POL H2,0.864597737789154,True,72
train_000211,beta_power,POL H3,0.7546064257621765,True,83
train_000211,beta_power,POL H4,0.6786956191062927,False,93
train_000211,beta_power,POL H5,1.0126588344573975,False,55
train_000211,beta_power,POL H6,0.6644462943077087,False,96
train_000211,beta_power,POL H7,0.5524235367774963,False,111
train_000211,beta_power,POL H8,0.15128779411315918,False,140
train_000211,beta_power,POL H9,-0.0721735879778862,False,148
train_000211,beta_power,POL H10,-0.3782373070716858,False,154
train_000211,beta_power,POL H11,-0.3670988976955414,False,153
train_000211,beta_power,POL H12,-0.4217442572116852,False,156
train_000211,beta_power,POL H13,-0.18063993752002716,False,150
train_000211,beta_power,POL H14,0.4820389747619629,False,121
train_000211,beta_power,POL H15,0.8608313798904419,False,73
train_000211,beta_power,POL I1,1.3020498752593994,False,31
train_000211,beta_power,POL I2,0.6725272536277771,False,94
train_000211,beta_power,POL I3,0.5900555849075317,False,108
train_000211,beta_power,POL I4,0.6202449202537537,False,101
train_000211,beta_power,POL I5,0.628017008304596,False,100
train_000211,beta_power,POL I6,0.7117146253585815,False,89
train_000211,beta_power,POL I7,0.8085249662399292,False,78
train_000211,beta_power,POL I8,0.6196029186248779,False,103
train_000211,beta_power,POL I9,0.6709578037261963,False,95
train_000211,beta_power,POL I10,0.5039297342300415,False,117
train_000211,beta_power,POL I11,1.1358097791671753,False,46
train_000211,beta_power,POL I12,0.8523853421211243,False,74
train_000211,beta_power,POL I13,0.9686069488525391,False,60
train_000211,beta_power,POL I14,1.1997302770614624,False,38
train_000211,beta_power,POL I15,1.1210771799087524,False,48
train_000211,beta_power,POL I16,2.0454108715057373,False,10
train_000211,beta_power,POL J1,0.6623075604438782,False,97
train_000211,beta_power,POL J2,0.35831138491630554,False,132
train_000211,beta_power,POL J3,0.397799551486969,False,128
train_000211,beta_power,POL J4,0.7100575566291809,False,90
train_000211,beta_power,POL J5,0.6451370716094971,False,99
train_000211,beta_power,POL J6,0.7118726968765259,False,88
train_000211,beta_power,POL J7,0.9699689745903015,False,59
train_000211,beta_power,POL J8,1.1160629987716675,False,49
train_000211,beta_power,POL J9,1.1604326963424683,False,42
train_000211,beta_power,POL J10,0.7684404253959656,False,82
train_000211,beta_power,POL J11,0.37896889448165894,False,130
train_000211,beta_power,POL J12,1.2267935276031494,False,36
train_000211,beta_power,POL J13,2.0620534420013428,False,8
train_000211,beta_power,EEG M1-Ref,1.4153250455856323,False,26
train_000211,beta_power,EEG M2-Ref,1.1858502626419067,False,40
train_000211,beta_power,POL M3,1.1492865085601807,False,43
train_000211,beta_power,POL M4,0.8007648587226868,False,80
train_000211,beta_power,POL M5,0.5027465224266052,False,118
train_000211,beta_power,POL M6,0.588394045829773,False,109
train_000211,beta_power,POL M7,1.101685881614685,False,50
train_000211,beta_power,POL M8,0.9617215394973755,False,61
train_000211,beta_power,POL M9,1.1435842514038086,False,44
train_000211,beta_power,POL M10,1.142816424369812,False,45
train_000211,beta_power,POL M11,0.9994961023330688,False,57
train_000211,beta_power,POL M12,1.5567282438278198,False,16
train_000211,beta_power,POL M13,2.5166263580322266,False,5
train_000211,beta_power,POL M14,1.4139152765274048,False,27
train_000211,beta_power,POL M15,1.0688954591751099,False,52
train_000211,beta_power,POL M16,2.407970905303955,False,7
train_000211,beta_power,POL pMC1,1.1875067949295044,False,39
train_000211,beta_power,POL pMC2,1.1629998683929443,False,41
train_000211,beta_power,POL pMC3,1.1265138387680054,False,47
train_000211,beta_power,POL pMC4,0.5285332202911377,False,114
train_000211,beta_power,POL pMC5,0.14503997564315796,False,141
train_000211,beta_power,POL pMC6,-0.019901331514120102,False,147
train_000211,beta_power,POL pMC7,-0.24619077146053314,False,151
train_000211,beta_power,POL pMC8,-0.49308526515960693,False,159
train_000211,beta_power,POL pMC9,-0.6130661964416504,False,160
train_000211,beta_power,POL pMC10,-0.6469763517379761,False,162
train_000211,beta_power,POL pMC11,-0.6392055153846741,False,161
train_000211,beta_power,POL pMC12,-0.4826695919036865,False,158
train_000211,beta_power,POL pMC13,-0.6999695301055908,False,163
train_000211,beta_power,POL aMC1,0.8308492302894592,False,76
train_000211,beta_power,POL aMC2,0.8889317512512207,False,69
train_000211,beta_power,POL aMC3,0.2836000919342041,False,136
train_000211,beta_power,POL aMC4,0.2072165310382843,False,139
train_000211,beta_power,POL aMC5,0.24020370841026306,False,138
train_000211,beta_power,POL aMC6,0.4091239869594574,False,127
train_000211,beta_power,POL aMC7,0.5868663191795349,False,110
train_000211,beta_power,POL aMC8,0.9265828132629395,False,65
train_000211,beta_power,POL aMC9,1.2779945135116577,False,33
train_000211,beta_power,POL aMC10,0.8115360736846924,False,77
train_000211,beta_power,POL aMC11,0.7233726978302002,False,86
train_000211,beta_power,POL aMC12,0.939328670501709,False,63
train_000211,beta_power,POL aMC13,1.096692442893982,False,51
train_000211,beta_power,POL AC1,1.6343727111816406,False,14
train_000211,beta_power,POL AC2,0.8758946657180786,False,70
train_000211,beta_power,POL AC3,1.0365593433380127,False,53
train_000211,beta_power,POL AC4,0.9021417498588562,False,68
train_000211,beta_power,POL AC5,0.9974185228347778,False,58
train_000211,beta_power,POL AC6,1.458016037940979,False,23
train_000211,beta_power,POL AC7,1.2646312713623047,False,34
train_000211,beta_power,POL AC8,0.92852783203125,False,64
train_000211,beta_power,POL AC9,1.3609780073165894,False,30
train_000211,beta_power,POL AC10,1.5332142114639282,False,19
train_000211,beta_power,POL AC11,1.8181720972061157,False,12
train_000211,beta_power,POL AC12,2.4151930809020996,False,6
train_000211,beta_power,POL AC13,3.0035228729248047,False,3
train_000211,beta_power,POL AC14,3.3043088912963867,False,1
train_000211,beta_power,POL AC15,3.1238415241241455,False,2
train_000211,beta_power,POL AC16,2.973541736602783,False,4
train_000211,beta_power,EEG PO1-Ref,1.4450525045394897,False,24
train_000211,beta_power,EEG PO2-Ref,1.3765569925308228,False,29
train_000211,beta_power,EEG PO3-Ref,1.0139923095703125,False,54
train_000211,beta_power,EEG PO4-Ref,0.6506964564323425,False,98
train_000211,beta_power,EEG PO5-Ref,0.6975487470626831,False,91
train_000211,beta_power,EEG PO6-Ref,0.6829773783683777,False,92
train_000211,beta_power,EEG PO7-Ref,0.49452638626098633,False,119
train_000211,beta_power,EEG PO8-Ref,1.4443079233169556,False,25
train_000211,beta_power,EEG PO9-Ref,1.522007703781128,False,20
train_000211,beta_power,EEG PO10-Ref,1.4633194208145142,False,21
train_000211,beta_power,POL PO11,1.458275556564331,False,22
train_000211,beta_power,POL PO12,1.8967324495315552,False,11
train_000211,beta_power,POL PO13,1.5520927906036377,False,17
train_000211,beta_power,POL PO14,1.6272032260894775,False,15
train_000211,beta_power,POL PO15,1.2883223295211792,False,32
train_000211,beta_power,POL PO16,1.0040515661239624,False,56
train_000211,low_gamma_power,POL E1,3.647690534591675,True,2
train_000211,low_gamma_power,POL E2,2.96570086479187,True,5
train_000211,low_gamma_power,POL E3,1.6716328859329224,True,38
train_000211,low_gamma_power,POL E4,0.06071383133530617,False,158
train_000211,low_gamma_power,POL E5,0.23584826290607452,False,155
train_000211,low_gamma_power,POL E6,0.4737829864025116,False,133
train_000211,low_gamma_power,POL E7,0.3314889669418335,False,147
train_000211,low_gamma_power,POL E8,0.734261155128479,False,113
train_000211,low_gamma_power,POL E9,0.7661817073822021,False,111
train_000211,low_gamma_power,POL E10,1.6385760307312012,False,42
train_000211,low_gamma_power,POL E13,1.5758569240570068,False,45
train_000211,low_gamma_power,POL E14,0.7247953414916992,False,114
train_000211,low_gamma_power,EEG F1-Ref,3.079540967941284,True,3
train_000211,low_gamma_power,EEG F2-Ref,4.850570201873779,True,1
train_000211,low_gamma_power,EEG F3-Ref,2.1520557403564453,False,14
train_000211,low_gamma_power,EEG F4-Ref,0.5654832124710083,False,126
train_000211,low_gamma_power,EEG F5-Ref,0.3541737496852875,False,144
train_000211,low_gamma_power,EEG F6-Ref,0.3416632413864136,False,145
train_000211,low_gamma_power,EEG F7-Ref,-0.3112129867076874,False,163
train_000211,low_gamma_power,EEG F8-Ref,0.23602333664894104,False,154
train_000211,low_gamma_power,EEG F9-Ref,0.5639615058898926,False,127
train_000211,low_gamma_power,POL E11,1.1284780502319336,False,77
train_000211,low_gamma_power,POL E12,2.1232011318206787,False,15
train_000211,low_gamma_power,EEG F10-Ref,1.1970561742782593,False,70
train_000211,low_gamma_power,POL F11,1.309556484222412,False,62
train_000211,low_gamma_power,POL F12,1.553985834121704,False,48
train_000211,low_gamma_power,POL F13,1.6476082801818848,False,41
train_000211,low_gamma_power,POL F14,1.0860496759414673,False,81
train_000211,low_gamma_power,POL F15,1.4262009859085083,False,56
train_000211,low_gamma_power,POL G1,1.2019232511520386,True,68
train_000211,low_gamma_power,POL G2,1.7167972326278687,True,34
train_000211,low_gamma_power,POL G3,0.7798740863800049,False,109
train_000211,low_gamma_power,POL G4,0.8196049928665161,False,104
train_000211,low_gamma_power,POL G5,0.5437024831771851,False,128
train_000211,low_gamma_power,POL G6,0.6134538650512695,False,120
train_000211,low_gamma_power,POL G7,1.0357834100723267,False,86
train_000211,low_gamma_power,POL G8,1.081854224205017,False,82
train_000211,low_gamma_power,POL G9,1.4993600845336914,False,51
train_000211,low_gamma_power,POL G10,1.8068562746047974,False,28
train_000211,low_gamma_power,POL G11,1.8357939720153809,False,26
train_000211,low_gamma_power,POL G12,1.1318018436431885,False,75
train_000211,low_gamma_power,POL G13,0.4070310890674591,False,138
train_000211,low_gamma_power,POL G14,0.8603230118751526,False,100
train_000211,low_gamma_power,POL G15,1.3565772771835327,False,59
train_000211,low_gamma_power,POL G16,1.485541582107544,False,53
train_000211,low_gamma_power,POL H1,1.094546914100647,True,80
train_000211,low_gamma_power,POL H2,0.5828226208686829,True,123
train_000211,low_gamma_power,POL H3,0.8729516863822937,True,98
train_000211,low_gamma_power,POL H4,2.0100133419036865,False,20
train_000211,low_gamma_power,POL H5,0.9724025130271912,False,93
train_000211,low_gamma_power,POL H6,0.401353657245636,False,139
train_000211,low_gamma_power,POL H7,0.24620792269706726,False,152
train_000211,low_gamma_power,POL H8,0.1813639998435974,False,157
train_000211,low_gamma_power,POL H9,0.38947489857673645,False,140
train_000211,low_gamma_power,POL H10,0.5986684560775757,False,122
train_000211,low_gamma_power,POL H11,1.654104232788086,False,40
train_000211,low_gamma_power,POL H12,2.519166946411133,False,8
train_000211,low_gamma_power,POL H13,2.8601973056793213,False,6
train_000211,low_gamma_power,POL H14,1.3427683115005493,False,60
train_000211,low_gamma_power,POL H15,0.5815973281860352,False,124
train_000211,low_gamma_power,POL I1,1.1446391344070435,False,74
train_000211,low_gamma_power,POL I2,0.4645175337791443,False,136
train_000211,low_gamma_power,POL I3,-0.13484497368335724,False,162
train_000211,low_gamma_power,POL I4,-0.032991424202919006,False,161
train_000211,low_gamma_power,POL I5,-0.013566563837230206,False,159
train_000211,low_gamma_power,POL I6,0.48904162645339966,False,131
train_000211,low_gamma_power,POL I7,0.5111183524131775,False,130
train_000211,low_gamma_power,POL I8,0.662156343460083,False,115
train_000211,low_gamma_power,POL I9,1.1301406621932983,False,76
train_000211,low_gamma_power,POL I10,0.8792442083358765,False,97
train_000211,low_gamma_power,POL I11,1.9993425607681274,False,21
train_000211,low_gamma_power,POL I12,0.7407651543617249,False,112
train_000211,low_gamma_power,POL I13,0.7919604182243347,False,107
train_000211,low_gamma_power,POL I14,1.1552597284317017,False,73
train_000211,low_gamma_power,POL I15,1.477638840675354,False,54
train_000211,low_gamma_power,POL I16,0.4579656720161438,False,137
train_000211,low_gamma_power,POL J1,1.258081316947937,False,66
train_000211,low_gamma_power,POL J2,1.0660616159439087,False,84
train_000211,low_gamma_power,POL J3,0.4665400981903076,False,135
train_000211,low_gamma_power,POL J4,0.6014187932014465,False,121
train_000211,low_gamma_power,POL J5,0.5330396294593811,False,129
train_000211,low_gamma_power,POL J6,0.7679968476295471,False,110
train_000211,low_gamma_power,POL J7,0.33721670508384705,False,146
train_000211,low_gamma_power,POL J8,0.27150958776474,False,151
train_000211,low_gamma_power,POL J9,0.30462759733200073,False,148
train_000211,low_gamma_power,POL J10,0.24435558915138245,False,153
train_000211,low_gamma_power,POL J11,0.9750215411186218,False,92
train_000211,low_gamma_power,POL J12,0.8652369379997253,False,99
train_000211,low_gamma_power,POL J13,0.7807477116584778,False,108
train_000211,low_gamma_power,EEG M1-Ref,1.370375633239746,False,57
train_000211,low_gamma_power,EEG M2-Ref,1.294679880142212,False,64
train_000211,low_gamma_power,POL M3,0.6201192736625671,False,119
train_000211,low_gamma_power,POL M4,0.2747003734111786,False,150
train_000211,low_gamma_power,POL M5,0.4680230915546417,False,134
train_000211,low_gamma_power,POL M6,0.6312218904495239,False,116
train_000211,low_gamma_power,POL M7,0.6201198697090149,False,118
train_000211,low_gamma_power,POL M8,0.9254881143569946,False,95
train_000211,low_gamma_power,POL M9,1.279240608215332,False,65
train_000211,low_gamma_power,POL M10,0.38040438294410706,False,141
train_000211,low_gamma_power,POL M11,-0.021206239238381386,False,160
train_000211,low_gamma_power,POL M12,0.36616188287734985,False,143
train_000211,low_gamma_power,POL M13,1.1813994646072388,False,71
train_000211,low_gamma_power,POL M14,2.2460920810699463,False,13
train_000211,low_gamma_power,POL M15,1.0748260021209717,False,83
train_000211,low_gamma_power,POL M16,1.654402732849121,False,39
train_000211,low_gamma_power,POL pMC1,1.612600564956665,False,43
train_000211,low_gamma_power,POL pMC2,2.101837396621704,False,17
train_000211,low_gamma_power,POL pMC3,0.990115225315094,False,90
train_000211,low_gamma_power,POL pMC4,1.51029372215271,False,50
train_000211,low_gamma_power,POL pMC5,2.039004325866699,False,19
train_000211,low_gamma_power,POL pMC6,1.3299862146377563,False,61
train_000211,low_gamma_power,POL pMC7,1.006069540977478,False,88
train_000211,low_gamma_power,POL pMC8,0.48261314630508423,False,132
train_000211,low_gamma_power,POL pMC9,0.29890596866607666,False,149
train_000211,low_gamma_power,POL pMC10,0.37396305799484253,False,142
train_000211,low_gamma_power,POL pMC11,0.5680938363075256,False,125
train_000211,low_gamma_power,POL pMC12,0.8160397410392761,False,105
train_000211,low_gamma_power,POL pMC13,1.71114182472229,False,35
train_000211,low_gamma_power,POL aMC1,1.059441089630127,False,85
train_000211,low_gamma_power,POL aMC2,0.8338886499404907,False,102
train_000211,low_gamma_power,POL aMC3,1.1782128810882568,False,72
train_000211,low_gamma_power,POL aMC4,1.5860003232955933,False,44
train_000211,low_gamma_power,POL aMC5,1.7742016315460205,False,30
train_000211,low_gamma_power,POL aMC6,1.6896734237670898,False,36
train_000211,low_gamma_power,POL aMC7,1.8349190950393677,False,27
train_000211,low_gamma_power,POL aMC8,1.8478306531906128,False,24
train_000211,low_gamma_power,POL aMC9,1.8544269800186157,False,23
train_000211,low_gamma_power,POL aMC10,2.9942078590393066,False,4
train_000211,low_gamma_power,POL aMC11,2.5987188816070557,False,7
train_000211,low_gamma_power,POL aMC12,2.2748944759368896,False,11
train_000211,low_gamma_power,POL aMC13,1.0218616724014282,False,87
train_000211,low_gamma_power,POL AC1,1.3646812438964844,False,58
train_000211,low_gamma_power,POL AC2,1.1982437372207642,False,69
train_000211,low_gamma_power,POL AC3,1.7288479804992676,False,33
train_000211,low_gamma_power,POL AC4,1.5552191734313965,False,47
train_000211,low_gamma_power,POL AC5,1.846569538116455,False,25
train_000211,low_gamma_power,POL AC6,1.46441650390625,False,55
train_000211,low_gamma_power,POL AC7,1.753238320350647,False,31
train_000211,low_gamma_power,POL AC8,1.7842638492584229,False,29
train_000211,low_gamma_power,POL AC9,2.271275043487549,False,12
train_000211,low_gamma_power,POL AC10,2.3736445903778076,False,10
train_000211,low_gamma_power,POL AC11,2.1184275150299072,False,16
train_000211,low_gamma_power,POL AC12,1.5341061353683472,False,49
train_000211,low_gamma_power,POL AC13,1.6744463443756104,False,37
train_000211,low_gamma_power,POL AC14,1.1211150884628296,False,78
train_000211,low_gamma_power,POL AC15,0.8455451726913452,False,101
train_000211,low_gamma_power,POL AC16,1.2468239068984985,False,67
train_000211,low_gamma_power,EEG PO1-Ref,1.494467854499817,False,52
train_000211,low_gamma_power,EEG PO2-Ref,2.1012983322143555,False,18
train_000211,low_gamma_power,EEG PO3-Ref,0.8989229798316956,False,96
train_000211,low_gamma_power,EEG PO4-Ref,1.0000567436218262,False,89
train_000211,low_gamma_power,EEG PO5-Ref,1.7422913312911987,False,32
train_000211,low_gamma_power,EEG PO6-Ref,0.628194272518158,False,117
train_000211,low_gamma_power,EEG PO7-Ref,1.572088360786438,False,46
train_000211,low_gamma_power,EEG PO8-Ref,1.1120916604995728,False,79
train_000211,low_gamma_power,EEG PO9-Ref,0.826860249042511,False,103
train_000211,low_gamma_power,EEG PO10-Ref,0.9771063327789307,False,91
train_000211,low_gamma_power,POL PO11,0.7994685173034668,False,106
train_000211,low_gamma_power,POL PO12,1.3042117357254028,False,63
train_000211,low_gamma_power,POL PO13,0.22773267328739166,False,156
train_000211,low_gamma_power,POL PO14,0.9537640810012817,False,94
train_000211,low_gamma_power,POL PO15,1.9475735425949097,False,22
train_000211,low_gamma_power,POL PO16,2.3850505352020264,False,9
train_000211,high_gamma_power,POL E1,4.248779296875,True,14
train_000211,high_gamma_power,POL E2,4.697835445404053,True,7
train_000211,high_gamma_power,POL E3,2.0334157943725586,True,116
train_000211,high_gamma_power,POL E4,1.7525320053100586,False,136
train_000211,high_gamma_power,POL E5,1.1542102098464966,False,160
train_000211,high_gamma_power,POL E6,1.620360255241394,False,140
train_000211,high_gamma_power,POL E7,2.1283836364746094,False,110
train_000211,high_gamma_power,POL E8,2.790165901184082,False,65
train_000211,high_gamma_power,POL E9,3.1026926040649414,False,45
train_000211,high_gamma_power,POL E10,3.2833499908447266,False,43
train_000211,high_gamma_power,POL E13,3.139488697052002,False,44
train_000211,high_gamma_power,POL E14,4.183797359466553,False,16
train_000211,high_gamma_power,EEG F1-Ref,10.163793563842773,True,1
train_000211,high_gamma_power,EEG F2-Ref,7.778707027435303,True,3
train_000211,high_gamma_power,EEG F3-Ref,3.6081552505493164,False,32
train_000211,high_gamma_power,EEG F4-Ref,2.048844337463379,False,113
train_000211,high_gamma_power,EEG F5-Ref,3.6558585166931152,False,30
train_000211,high_gamma_power,EEG F6-Ref,1.7748266458511353,False,131
train_000211,high_gamma_power,EEG F7-Ref,2.230828285217285,False,106
train_000211,high_gamma_power,EEG F8-Ref,1.7243409156799316,False,137
train_000211,high_gamma_power,EEG F9-Ref,2.287301778793335,False,102
train_000211,high_gamma_power,POL E11,3.354001522064209,False,41
train_000211,high_gamma_power,POL E12,2.783449411392212,False,66
train_000211,high_gamma_power,EEG F10-Ref,5.073677062988281,False,5
train_000211,high_gamma_power,POL F11,5.195921897888184,False,4
train_000211,high_gamma_power,POL F12,3.8848650455474854,False,26
train_000211,high_gamma_power,POL F13,3.535552740097046,False,35
train_000211,high_gamma_power,POL F14,2.4968767166137695,False,89
train_000211,high_gamma_power,POL F15,2.3564178943634033,False,98
train_000211,high_gamma_power,POL G1,1.3041819334030151,True,154
train_000211,high_gamma_power,POL G2,2.927544355392456,True,54
train_000211,high_gamma_power,POL G3,2.930108070373535,False,53
train_000211,high_gamma_power,POL G4,2.633368730545044,False,73
train_000211,high_gamma_power,POL G5,1.8562315702438354,False,127
train_000211,high_gamma_power,POL G6,2.4769420623779297,False,92
train_000211,high_gamma_power,POL G7,1.5228843688964844,False,144
train_000211,high_gamma_power,POL G8,2.2476003170013428,False,104
train_000211,high_gamma_power,POL G9,2.977057695388794,False,49
train_000211,high_gamma_power,POL G10,4.589879035949707,False,9
train_000211,high_gamma_power,POL G11,2.9474937915802,False,51
train_000211,high_gamma_power,POL G12,3.3126473426818848,False,42
train_000211,high_gamma_power,POL G13,3.0629725456237793,False,48
train_000211,high_gamma_power,POL G14,2.744506597518921,False,68
train_000211,high_gamma_power,POL G15,2.6496620178222656,False,72
train_000211,high_gamma_power,POL G16,2.217578887939453,False,108
train_000211,high_gamma_power,POL H1,1.5232447385787964,True,143
train_000211,high_gamma_power,POL H2,4.323342800140381,True,11
train_000211,high_gamma_power,POL H3,2.8285865783691406,True,64
train_000211,high_gamma_power,POL H4,4.138551235198975,False,17
train_000211,high_gamma_power,POL H5,1.4122425317764282,False,150
train_000211,high_gamma_power,POL H6,1.8802001476287842,False,125
train_000211,high_gamma_power,POL H7,2.301576614379883,False,101
train_000211,high_gamma_power,POL H8,2.8856918811798096,False,58
train_000211,high_gamma_power,POL H9,4.2563862800598145,False,13
train_000211,high_gamma_power,POL H10,3.8319427967071533,False,27
train_000211,high_gamma_power,POL H11,3.401715040206909,False,40
train_000211,high_gamma_power,POL H12,3.7264773845672607,False,28
train_000211,high_gamma_power,POL H13,4.616178035736084,False,8
train_000211,high_gamma_power,POL H14,5.014976501464844,False,6
train_000211,high_gamma_power,POL H15,3.971309185028076,False,23
train_000211,high_gamma_power,POL I1,4.0524187088012695,False,20
train_000211,high_gamma_power,POL I2,3.908109188079834,False,24
train_000211,high_gamma_power,POL I3,2.7058162689208984,False,70
train_000211,high_gamma_power,POL I4,2.440857172012329,False,94
train_000211,high_gamma_power,POL I5,1.761017084121704,False,134
train_000211,high_gamma_power,POL I6,2.8480098247528076,False,61
train_000211,high_gamma_power,POL I7,2.0351402759552,False,115
train_000211,high_gamma_power,POL I8,1.953208565711975,False,121
train_000211,high_gamma_power,POL I9,1.9819982051849365,False,120
train_000211,high_gamma_power,POL I10,1.4995489120483398,False,146
train_000211,high_gamma_power,POL I11,2.5021190643310547,False,88
train_000211,high_gamma_power,POL I12,2.834165096282959,False,62
train_000211,high_gamma_power,POL I13,2.8895463943481445,False,57
train_000211,high_gamma_power,POL I14,2.3676834106445312,False,97
train_000211,high_gamma_power,POL I15,2.565469741821289,False,83
train_000211,high_gamma_power,POL I16,2.5465145111083984,False,84
train_000211,high_gamma_power,POL J1,9.468265533447266,False,2
train_000211,high_gamma_power,POL J2,3.8875513076782227,False,25
train_000211,high_gamma_power,POL J3,3.1013169288635254,False,46
train_000211,high_gamma_power,POL J4,1.899993658065796,False,123
train_000211,high_gamma_power,POL J5,1.4954733848571777,False,147
train_000211,high_gamma_power,POL J6,2.8843204975128174,False,59
train_000211,high_gamma_power,POL J7,1.602105975151062,False,142
train_000211,high_gamma_power,POL J8,1.7694296836853027,False,132
train_000211,high_gamma_power,POL J9,1.8165603876113892,False,129
train_000211,high_gamma_power,POL J10,2.543135643005371,False,85
train_000211,high_gamma_power,POL J11,1.7155417203903198,False,138
train_000211,high_gamma_power,POL J12,2.862014055252075,False,60
train_000211,high_gamma_power,POL J13,1.9991902112960815,False,119
train_000211,high_gamma_power,EEG M1-Ref,3.4937844276428223,False,38
train_000211,high_gamma_power,EEG M2-Ref,2.4864649772644043,False,90
train_000211,high_gamma_power,POL M3,2.324193239212036,False,100
train_000211,high_gamma_power,POL M4,2.8997859954833984,False,55
train_000211,high_gamma_power,POL M5,3.47355318069458,False,39
train_000211,high_gamma_power,POL M6,2.676913022994995,False,71
train_000211,high_gamma_power,POL M7,1.8696074485778809,False,126
train_000211,high_gamma_power,POL M8,2.2208590507507324,False,107
train_000211,high_gamma_power,POL M9,2.124692916870117,False,111
train_000211,high_gamma_power,POL M10,2.062746286392212,False,112
train_000211,high_gamma_power,POL M11,2.4302213191986084,False,95
train_000211,high_gamma_power,POL M12,2.2441837787628174,False,105
train_000211,high_gamma_power,POL M13,2.5666143894195557,False,82
train_000211,high_gamma_power,POL M14,1.2699568271636963,False,156
train_000211,high_gamma_power,POL M15,1.2281678915023804,False,157
train_000211,high_gamma_power,POL M16,2.036947250366211,False,114
train_000211,high_gamma_power,POL pMC1,3.4992849826812744,False,37
train_000211,high_gamma_power,POL pMC2,2.5746796131134033,False,81
train_000211,high_gamma_power,POL pMC3,2.7510414123535156,False,67
train_000211,high_gamma_power,POL pMC4,4.287623882293701,False,12
train_000211,high_gamma_power,POL pMC5,2.83300518989563,False,63
train_000211,high_gamma_power,POL pMC6,3.583179235458374,False,33
train_000211,high_gamma_power,POL pMC7,4.124011516571045,False,18
train_000211,high_gamma_power,POL pMC8,3.9909024238586426,False,22
train_000211,high_gamma_power,POL pMC9,4.568450927734375,False,10
train_000211,high_gamma_power,POL pMC10,4.038135528564453,False,21
train_000211,high_gamma_power,POL pMC11,4.202960968017578,False,15
train_000211,high_gamma_power,POL pMC12,3.714505195617676,False,29
train_000211,high_gamma_power,POL pMC13,3.5590016841888428,False,34
train_000211,high_gamma_power,POL aMC1,2.6332311630249023,False,74
train_000211,high_gamma_power,POL aMC2,2.6102869510650635,False,76
train_000211,high_gamma_power,POL aMC3,2.386223554611206,False,96
train_000211,high_gamma_power,POL aMC4,2.5110597610473633,False,87
train_000211,high_gamma_power,POL aMC5,3.622997999191284,False,31
train_000211,high_gamma_power,POL aMC6,2.340583324432373,False,99
train_000211,high_gamma_power,POL aMC7,2.630539894104004,False,75
train_000211,high_gamma_power,POL aMC8,2.5227134227752686,False,86
train_000211,high_gamma_power,POL aMC9,3.5005393028259277,False,36
train_000211,high_gamma_power,POL aMC10,2.5982353687286377,False,78
train_000211,high_gamma_power,POL aMC11,2.4840331077575684,False,91
train_000211,high_gamma_power,POL aMC12,4.095120429992676,False,19
train_000211,high_gamma_power,POL aMC13,2.4467813968658447,False,93
train_000211,high_gamma_power,POL AC1,1.1915720701217651,False,158
train_000211,high_gamma_power,POL AC2,2.0088186264038086,False,118
train_000211,high_gamma_power,POL AC3,3.0657615661621094,False,47
train_000211,high_gamma_power,POL AC4,0.983826220035553,False,161
train_000211,high_gamma_power,POL AC5,1.8037402629852295,False,130
train_000211,high_gamma_power,POL AC6,1.7681779861450195,False,133
train_000211,high_gamma_power,POL AC7,1.327171802520752,False,152
train_000211,high_gamma_power,POL AC8,2.965686559677124,False,50
train_000211,high_gamma_power,POL AC9,2.588470697402954,False,79
train_000211,high_gamma_power,POL AC10,2.0151610374450684,False,117
train_000211,high_gamma_power,POL AC11,2.576629400253296,False,80
train_000211,high_gamma_power,POL AC12,1.615579605102539,False,141
train_000211,high_gamma_power,POL AC13,1.6984785795211792,False,139
train_000211,high_gamma_power,POL AC14,1.4778162240982056,False,148
train_000211,high_gamma_power,POL AC15,1.753316879272461,False,135
train_000211,high_gamma_power,POL AC16,2.217377185821533,False,109
train_000211,high_gamma_power,EEG PO1-Ref,1.299514889717102,False,155
train_000211,high_gamma_power,EEG PO2-Ref,1.4417619705200195,False,149
train_000211,high_gamma_power,EEG PO3-Ref,2.6066298484802246,False,77
train_000211,high_gamma_power,EEG PO4-Ref,2.9356942176818848,False,52
train_000211,high_gamma_power,EEG PO5-Ref,1.8997693061828613,False,124
train_000211,high_gamma_power,EEG PO6-Ref,2.2585935592651367,False,103
train_000211,high_gamma_power,EEG PO7-Ref,1.9087995290756226,False,122
train_000211,high_gamma_power,EEG PO8-Ref,0.9264238476753235,False,162
train_000211,high_gamma_power,EEG PO9-Ref,1.842822551727295,False,128
train_000211,high_gamma_power,EEG PO10-Ref,1.308161735534668,False,153
train_000211,high_gamma_power,POL PO11,0.808786153793335,False,163
train_000211,high_gamma_power,POL PO12,1.1582543849945068,False,159
train_000211,high_gamma_power,POL PO13,2.7144956588745117,False,69
train_000211,high_gamma_power,POL PO14,1.4003989696502686,False,151
train_000211,high_gamma_power,POL PO15,1.5187418460845947,False,145
train_000211,high_gamma_power,POL PO16,2.8899128437042236,False,56
train_000211,ripple_power,POL E1,1.9569287300109863,True,84
train_000211,ripple_power,POL E2,1.680037498474121,True,112
train_000211,ripple_power,POL E3,1.804896593093872,True,98
train_000211,ripple_power,POL E4,1.8381309509277344,False,95
train_000211,ripple_power,POL E5,2.0927376747131348,False,74
train_000211,ripple_power,POL E6,1.5347107648849487,False,124
train_000211,ripple_power,POL E7,2.4512529373168945,False,54
train_000211,ripple_power,POL E8,2.5998587608337402,False,45
train_000211,ripple_power,POL E9,2.3220372200012207,False,60
train_000211,ripple_power,POL E10,3.1049153804779053,False,23
train_000211,ripple_power,POL E13,3.5805602073669434,False,12
train_000211,ripple_power,POL E14,2.448535680770874,False,55
train_000211,ripple_power,EEG F1-Ref,9.250707626342773,True,1
train_000211,ripple_power,EEG F2-Ref,5.490403652191162,True,2
train_000211,ripple_power,EEG F3-Ref,3.437687873840332,False,14
train_000211,ripple_power,EEG F4-Ref,3.251187324523926,False,19
train_000211,ripple_power,EEG F5-Ref,2.778794765472412,False,32
train_000211,ripple_power,EEG F6-Ref,1.5042996406555176,False,126
train_000211,ripple_power,EEG F7-Ref,2.1048622131347656,False,71
train_000211,ripple_power,EEG F8-Ref,1.7342599630355835,False,104
train_000211,ripple_power,EEG F9-Ref,2.9217543601989746,False,28
train_000211,ripple_power,POL E11,2.841864585876465,False,30
train_000211,ripple_power,POL E12,1.855953574180603,False,94
train_000211,ripple_power,EEG F10-Ref,4.0568742752075195,False,5
train_000211,ripple_power,POL F11,4.756681442260742,False,4
train_000211,ripple_power,POL F12,3.954737424850464,False,7
train_000211,ripple_power,POL F13,3.870837926864624,False,10
train_000211,ripple_power,POL F14,3.1677308082580566,False,20
train_000211,ripple_power,POL F15,2.75646710395813,False,33
train_000211,ripple_power,POL G1,1.4679553508758545,True,128
train_000211,ripple_power,POL G2,1.4630435705184937,True,129
train_000211,ripple_power,POL G3,1.9682683944702148,False,81
train_000211,ripple_power,POL G4,1.7257425785064697,False,106
train_000211,ripple_power,POL G5,1.4073811769485474,False,134
train_000211,ripple_power,POL G6,2.5671520233154297,False,47
train_000211,ripple_power,POL G7,0.27445030212402344,False,163
train_000211,ripple_power,POL G8,1.2948362827301025,False,141
train_000211,ripple_power,POL G9,1.5919020175933838,False,123
train_000211,ripple_power,POL G10,1.360257625579834,False,139
train_000211,ripple_power,POL G11,3.0083303451538086,False,24
train_000211,ripple_power,POL G12,2.3042969703674316,False,61
train_000211,ripple_power,POL G13,2.97790789604187,False,25
train_000211,ripple_power,POL G14,2.92192006111145,False,27
train_000211,ripple_power,POL G15,3.3033275604248047,False,16
train_000211,ripple_power,POL G16,2.453571319580078,False,53
train_000211,ripple_power,POL H1,2.443852186203003,True,56
train_000211,ripple_power,POL H2,1.9839345216751099,True,80
train_000211,ripple_power,POL H3,1.7720003128051758,True,101
train_000211,ripple_power,POL H4,1.0594444274902344,False,154
train_000211,ripple_power,POL H5,2.025129795074463,False,77
train_000211,ripple_power,POL H6,1.7973307371139526,False,99
train_000211,ripple_power,POL H7,2.7440710067749023,False,35
train_000211,ripple_power,POL H8,1.177425503730774,False,148
train_000211,ripple_power,POL H9,1.9387022256851196,False,87
train_000211,ripple_power,POL H10,3.275588035583496,False,17
train_000211,ripple_power,POL H11,2.7509119510650635,False,34
train_000211,ripple_power,POL H12,2.592643976211548,False,46
train_000211,ripple_power,POL H13,2.7357168197631836,False,36
train_000211,ripple_power,POL H14,3.161109209060669,False,21
train_000211,ripple_power,POL H15,2.9274168014526367,False,26
train_000211,ripple_power,POL I1,1.966809630393982,False,82
train_000211,ripple_power,POL I2,1.9035483598709106,False,88
train_000211,ripple_power,POL I3,1.6231014728546143,False,120
train_000211,ripple_power,POL I4,2.7296299934387207,False,38
train_000211,ripple_power,POL I5,2.7051169872283936,False,39
train_000211,ripple_power,POL I6,2.265005350112915,False,65
train_000211,ripple_power,POL I7,1.9542326927185059,False,85
train_000211,ripple_power,POL I8,1.2406169176101685,False,146
train_000211,ripple_power,POL I9,1.01112699508667,False,157
train_000211,ripple_power,POL I10,1.1860997676849365,False,147
train_000211,ripple_power,POL I11,1.8662973642349243,False,93
train_000211,ripple_power,POL I12,1.1340824365615845,False,150
train_000211,ripple_power,POL I13,0.9411808252334595,False,158
train_000211,ripple_power,POL I14,1.732649564743042,False,105
train_000211,ripple_power,POL I15,1.986240029335022,False,79
train_000211,ripple_power,POL I16,1.8295830488204956,False,96
train_000211,ripple_power,POL J1,1.8126699924468994,False,97
train_000211,ripple_power,POL J2,3.1591947078704834,False,22
train_000211,ripple_power,POL J3,1.4287950992584229,False,132
train_000211,ripple_power,POL J4,2.733771324157715,False,37
train_000211,ripple_power,POL J5,1.5958940982818604,False,122
train_000211,ripple_power,POL J6,0.9281619191169739,False,159
train_000211,ripple_power,POL J7,1.704498529434204,False,109
train_000211,ripple_power,POL J8,1.7817810773849487,False,100
train_000211,ripple_power,POL J9,1.0154905319213867,False,156
train_000211,ripple_power,POL J10,1.6686362028121948,False,116
train_000211,ripple_power,POL J11,2.2918684482574463,False,63
train_000211,ripple_power,POL J12,1.8934776782989502,False,89
train_000211,ripple_power,POL J13,1.2895352840423584,False,142
train_000211,ripple_power,EEG M1-Ref,1.641922950744629,False,119
train_000211,ripple_power,EEG M2-Ref,0.864898145198822,False,160
train_000211,ripple_power,POL M3,1.675071120262146,False,115
train_000211,ripple_power,POL M4,2.0993571281433105,False,72
train_000211,ripple_power,POL M5,1.159095287322998,False,149
train_000211,ripple_power,POL M6,1.0734057426452637,False,152
train_000211,ripple_power,POL M7,0.5513952374458313,False,162
train_000211,ripple_power,POL M8,1.7171319723129272,False,107
train_000211,ripple_power,POL M9,1.692257285118103,False,110
train_000211,ripple_power,POL M10,2.0953891277313232,False,73
train_000211,ripple_power,POL M11,1.4179972410202026,False,133
train_000211,ripple_power,POL M12,1.382442593574524,False,137
train_000211,ripple_power,POL M13,1.5979377031326294,False,121
train_000211,ripple_power,POL M14,1.0556126832962036,False,155
train_000211,ripple_power,POL M15,1.0649158954620361,False,153
train_000211,ripple_power,POL M16,2.1091127395629883,False,70
train_000211,ripple_power,POL pMC1,1.9607752561569214,False,83
train_000211,ripple_power,POL pMC2,1.4061901569366455,False,135
train_000211,ripple_power,POL pMC3,3.9857981204986572,False,6
train_000211,ripple_power,POL pMC4,2.4899730682373047,False,51
train_000211,ripple_power,POL pMC5,3.946723222732544,False,8
train_000211,ripple_power,POL pMC6,2.4315850734710693,False,57
train_000211,ripple_power,POL pMC7,1.3823097944259644,False,138
train_000211,ripple_power,POL pMC8,1.2493101358413696,False,144
train_000211,ripple_power,POL pMC9,2.07674241065979,False,75
train_000211,ripple_power,POL pMC10,2.8410134315490723,False,31
train_000211,ripple_power,POL pMC11,1.7162598371505737,False,108
train_000211,ripple_power,POL pMC12,3.5502796173095703,False,13
train_000211,ripple_power,POL pMC13,4.9055495262146,False,3
train_000211,ripple_power,POL aMC1,1.743998646736145,False,103
train_000211,ripple_power,POL aMC2,3.3581552505493164,False,15
train_000211,ripple_power,POL aMC3,1.8749769926071167,False,92
train_000211,ripple_power,POL aMC4,2.3412246704101562,False,59
train_000211,ripple_power,POL aMC5,2.2005202770233154,False,68
train_000211,ripple_power,POL aMC6,1.6461176872253418,False,118
train_000211,ripple_power,POL aMC7,1.690799355506897,False,111
train_000211,ripple_power,POL aMC8,2.1165695190429688,False,69
train_000211,ripple_power,POL aMC9,1.8752964735031128,False,91
train_000211,ripple_power,POL aMC10,1.9889342784881592,False,78
train_000211,ripple_power,POL aMC11,3.6621217727661133,False,11
train_000211,ripple_power,POL aMC12,2.6239824295043945,False,43
train_000211,ripple_power,POL aMC13,3.875516414642334,False,9
train_000211,ripple_power,POL AC1,1.6797288656234741,False,113
train_000211,ripple_power,POL AC2,2.414767026901245,False,58
train_000211,ripple_power,POL AC3,2.0271670818328857,False,76
train_000211,ripple_power,POL AC4,2.6122961044311523,False,44
train_000211,ripple_power,POL AC5,2.5272910594940186,False,48
train_000211,ripple_power,POL AC6,2.515695810317993,False,50
train_000211,ripple_power,POL AC7,1.5174782276153564,False,125
train_000211,ripple_power,POL AC8,3.258068323135376,False,18
train_000211,ripple_power,POL AC9,2.2536556720733643,False,66
train_000211,ripple_power,POL AC10,1.9484573602676392,False,86
train_000211,ripple_power,POL AC11,1.4868007898330688,False,127
train_000211,ripple_power,POL AC12,1.7480751276016235,False,102
train_000211,ripple_power,POL AC13,1.2795785665512085,False,143
train_000211,ripple_power,POL AC14,1.8924736976623535,False,90
train_000211,ripple_power,POL AC15,1.6584608554840088,False,117
train_000211,ripple_power,POL AC16,2.6555800437927246,False,41
train_000211,ripple_power,EEG PO1-Ref,2.3017585277557373,False,62
train_000211,ripple_power,EEG PO2-Ref,1.4572575092315674,False,130
train_000211,ripple_power,EEG PO3-Ref,2.656970977783203,False,40
train_000211,ripple_power,EEG PO4-Ref,2.520648241043091,False,49
train_000211,ripple_power,EEG PO5-Ref,2.271205186843872,False,64
train_000211,ripple_power,EEG PO6-Ref,2.2135021686553955,False,67
train_000211,ripple_power,EEG PO7-Ref,2.4840991497039795,False,52
train_000211,ripple_power,EEG PO8-Ref,0.6845229864120483,False,161
train_000211,ripple_power,EEG PO9-Ref,1.1163538694381714,False,151
train_000211,ripple_power,EEG PO10-Ref,1.248469352722168,False,145
train_000211,ripple_power,POL PO11,1.4526294469833374,False,131
train_000211,ripple_power,POL PO12,2.861895799636841,False,29
train_000211,ripple_power,POL PO13,1.3596231937408447,False,140
train_000211,ripple_power,POL PO14,1.6791175603866577,False,114
train_000211,ripple_power,POL PO15,2.6502654552459717,False,42
train_000211,ripple_power,POL PO16,1.3931083679199219,False,136
train_000211,fast_ripple_power,POL E1,2.1215901374816895,True,88
train_000211,fast_ripple_power,POL E2,3.0602033138275146,True,38
train_000211,fast_ripple_power,POL E3,1.1645358800888062,True,147
train_000211,fast_ripple_power,POL E4,0.3833441138267517,False,162
train_000211,fast_ripple_power,POL E5,2.164026975631714,False,86
train_000211,fast_ripple_power,POL E6,3.3580868244171143,False,27
train_000211,fast_ripple_power,POL E7,1.5658490657806396,False,123
train_000211,fast_ripple_power,POL E8,3.3580386638641357,False,28
train_000211,fast_ripple_power,POL E9,2.7928168773651123,False,50
train_000211,fast_ripple_power,POL E10,2.6980371475219727,False,52
train_000211,fast_ripple_power,POL E13,4.0126519203186035,False,11
train_000211,fast_ripple_power,POL E14,3.249082326889038,False,30
train_000211,fast_ripple_power,EEG F1-Ref,12.574838638305664,True,1
train_000211,fast_ripple_power,EEG F2-Ref,9.25538158416748,True,2
train_000211,fast_ripple_power,EEG F3-Ref,2.2220306396484375,False,81
train_000211,fast_ripple_power,EEG F4-Ref,2.2896759510040283,False,77
train_000211,fast_ripple_power,EEG F5-Ref,1.943071961402893,False,101
train_000211,fast_ripple_power,EEG F6-Ref,2.4727890491485596,False,71
train_000211,fast_ripple_power,EEG F7-Ref,1.3135368824005127,False,136
train_000211,fast_ripple_power,EEG F8-Ref,2.696178913116455,False,53
train_000211,fast_ripple_power,EEG F9-Ref,1.3815187215805054,False,131
train_000211,fast_ripple_power,POL E11,3.62919020652771,False,18
train_000211,fast_ripple_power,POL E12,2.616976022720337,False,56
train_000211,fast_ripple_power,EEG F10-Ref,3.3838348388671875,False,26
train_000211,fast_ripple_power,POL F11,3.339837074279785,False,29
train_000211,fast_ripple_power,POL F12,2.4828834533691406,False,69
train_000211,fast_ripple_power,POL F13,2.669597625732422,False,54
train_000211,fast_ripple_power,POL F14,3.19043231010437,False,33
train_000211,fast_ripple_power,POL F15,2.005274534225464,False,97
train_000211,fast_ripple_power,POL G1,1.699477195739746,True,116
train_000211,fast_ripple_power,POL G2,2.9142189025878906,True,44
train_000211,fast_ripple_power,POL G3,2.1719493865966797,False,85
train_000211,fast_ripple_power,POL G4,1.747694730758667,False,115
train_000211,fast_ripple_power,POL G5,3.846047878265381,False,14
train_000211,fast_ripple_power,POL G6,1.085618019104004,False,150
train_000211,fast_ripple_power,POL G7,0.3429955840110779,False,163
train_000211,fast_ripple_power,POL G8,1.2595316171646118,False,140
train_000211,fast_ripple_power,POL G9,1.9580485820770264,False,100
train_000211,fast_ripple_power,POL G10,2.601505756378174,False,58
train_000211,fast_ripple_power,POL G11,1.7668169736862183,False,114
train_000211,fast_ripple_power,POL G12,4.076136589050293,False,9
train_000211,fast_ripple_power,POL G13,3.0165960788726807,False,40
train_000211,fast_ripple_power,POL G14,4.704952239990234,False,4
train_000211,fast_ripple_power,POL G15,2.0506319999694824,False,95
train_000211,fast_ripple_power,POL G16,2.44057559967041,False,72
train_000211,fast_ripple_power,POL H1,2.2830562591552734,True,78
train_000211,fast_ripple_power,POL H2,3.3914742469787598,True,25
train_000211,fast_ripple_power,POL H3,1.4690903425216675,True,127
train_000211,fast_ripple_power,POL H4,2.0033962726593018,False,98
train_000211,fast_ripple_power,POL H5,3.051100969314575,False,39
train_000211,fast_ripple_power,POL H6,1.8667995929718018,False,107
train_000211,fast_ripple_power,POL H7,1.4989851713180542,False,126
train_000211,fast_ripple_power,POL H8,2.5600643157958984,False,64
train_000211,fast_ripple_power,POL H9,1.1852327585220337,False,144
train_000211,fast_ripple_power,POL H10,4.072436809539795,False,10
train_000211,fast_ripple_power,POL H11,3.2074220180511475,False,32
train_000211,fast_ripple_power,POL H12,4.125386714935303,False,8
train_000211,fast_ripple_power,POL H13,4.56895637512207,False,6
train_000211,fast_ripple_power,POL H14,3.075502634048462,False,37
train_000211,fast_ripple_power,POL H15,2.7973525524139404,False,49
train_000211,fast_ripple_power,POL I1,3.0009336471557617,False,41
train_000211,fast_ripple_power,POL I2,1.0429954528808594,False,154
train_000211,fast_ripple_power,POL I3,1.16487717628479,False,146
train_000211,fast_ripple_power,POL I4,2.1074788570404053,False,89
train_000211,fast_ripple_power,POL I5,1.90812087059021,False,105
train_000211,fast_ripple_power,POL I6,1.8563364744186401,False,110
train_000211,fast_ripple_power,POL I7,2.0717110633850098,False,91
train_000211,fast_ripple_power,POL I8,2.9521329402923584,False,43
train_000211,fast_ripple_power,POL I9,1.6528093814849854,False,120
train_000211,fast_ripple_power,POL I10,1.1720905303955078,False,145
train_000211,fast_ripple_power,POL I11,2.773735761642456,False,51
train_000211,fast_ripple_power,POL I12,2.5600786209106445,False,63
train_000211,fast_ripple_power,POL I13,2.195944309234619,False,83
train_000211,fast_ripple_power,POL I14,3.102548599243164,False,36
train_000211,fast_ripple_power,POL I15,1.835223913192749,False,111
train_000211,fast_ripple_power,POL I16,4.24235200881958,False,7
train_000211,fast_ripple_power,POL J1,2.633213520050049,False,55
train_000211,fast_ripple_power,POL J2,3.443664789199829,False,22
train_000211,fast_ripple_power,POL J3,1.0555987358093262,False,153
train_000211,fast_ripple_power,POL J4,1.0819002389907837,False,151
train_000211,fast_ripple_power,POL J5,2.571099042892456,False,62
train_000211,fast_ripple_power,POL J6,1.8028098344802856,False,113
train_000211,fast_ripple_power,POL J7,0.7285974621772766,False,160
train_000211,fast_ripple_power,POL J8,0.8260053992271423,False,158
train_000211,fast_ripple_power,POL J9,1.409422516822815,False,130
train_000211,fast_ripple_power,POL J10,1.4138917922973633,False,129
train_000211,fast_ripple_power,POL J11,1.8206274509429932,False,112
train_000211,fast_ripple_power,POL J12,2.8958380222320557,False,45
train_000211,fast_ripple_power,POL J13,1.2319408655166626,False,142
train_000211,fast_ripple_power,EEG M1-Ref,2.0737619400024414,False,90
train_000211,fast_ripple_power,EEG M2-Ref,1.4161490201950073,False,128
train_000211,fast_ripple_power,POL M3,1.9170050621032715,False,103
train_000211,fast_ripple_power,POL M4,1.508118748664856,False,125
train_000211,fast_ripple_power,POL M5,2.1791303157806396,False,84
train_000211,fast_ripple_power,POL M6,2.8862321376800537,False,46
train_000211,fast_ripple_power,POL M7,1.1358593702316284,False,148
train_000211,fast_ripple_power,POL M8,3.531454563140869,False,20
train_000211,fast_ripple_power,POL M9,0.5547665357589722,False,161
train_000211,fast_ripple_power,POL M10,2.0589377880096436,False,94
train_000211,fast_ripple_power,POL M11,2.060177803039551,False,93
train_000211,fast_ripple_power,POL M12,1.8566678762435913,False,109
train_000211,fast_ripple_power,POL M13,1.3086020946502686,False,137
train_000211,fast_ripple_power,POL M14,2.3110241889953613,False,76
train_000211,fast_ripple_power,POL M15,1.115433931350708,False,149
train_000211,fast_ripple_power,POL M16,1.0658607482910156,False,152
train_000211,fast_ripple_power,POL pMC1,2.359984874725342,False,74
train_000211,fast_ripple_power,POL pMC2,2.4287405014038086,False,73
train_000211,fast_ripple_power,POL pMC3,3.4354281425476074,False,23
train_000211,fast_ripple_power,POL pMC4,4.68973445892334,False,5
train_000211,fast_ripple_power,POL pMC5,3.6536450386047363,False,17
train_000211,fast_ripple_power,POL pMC6,2.1542110443115234,False,87
train_000211,fast_ripple_power,POL pMC7,1.9351270198822021,False,102
train_000211,fast_ripple_power,POL pMC8,2.592487335205078,False,59
train_000211,fast_ripple_power,POL pMC9,4.005648136138916,False,12
train_000211,fast_ripple_power,POL pMC10,3.8011624813079834,False,16
train_000211,fast_ripple_power,POL pMC11,5.110611915588379,False,3
train_000211,fast_ripple_power,POL pMC12,2.8323163986206055,False,48
train_000211,fast_ripple_power,POL pMC13,3.4979326725006104,False,21
train_000211,fast_ripple_power,POL aMC1,1.3612419366836548,False,133
train_000211,fast_ripple_power,POL aMC2,2.501577615737915,False,65
train_000211,fast_ripple_power,POL aMC3,1.6556750535964966,False,119
train_000211,fast_ripple_power,POL aMC4,2.3257837295532227,False,75
train_000211,fast_ripple_power,POL aMC5,0.7902899980545044,False,159
train_000211,fast_ripple_power,POL aMC6,1.3554692268371582,False,134
train_000211,fast_ripple_power,POL aMC7,0.849443256855011,False,157
train_000211,fast_ripple_power,POL aMC8,2.8551907539367676,False,47
train_000211,fast_ripple_power,POL aMC9,1.299578309059143,False,139
train_000211,fast_ripple_power,POL aMC10,1.5895650386810303,False,122
train_000211,fast_ripple_power,POL aMC11,1.9160692691802979,False,104
train_000211,fast_ripple_power,POL aMC12,2.4988887310028076,False,67
train_000211,fast_ripple_power,POL aMC13,3.8142220973968506,False,15
train_000211,fast_ripple_power,POL AC1,2.2240519523620605,False,80
train_000211,fast_ripple_power,POL AC2,1.633514165878296,False,121
train_000211,fast_ripple_power,POL AC3,1.3456064462661743,False,135
train_000211,fast_ripple_power,POL AC4,1.8668900728225708,False,106
train_000211,fast_ripple_power,POL AC5,3.2184221744537354,False,31
train_000211,fast_ripple_power,POL AC6,2.2029685974121094,False,82
train_000211,fast_ripple_power,POL AC7,2.5852816104888916,False,61
train_000211,fast_ripple_power,POL AC8,1.970207929611206,False,99
train_000211,fast_ripple_power,POL AC9,2.5879712104797363,False,60
train_000211,fast_ripple_power,POL AC10,3.9642393589019775,False,13
train_000211,fast_ripple_power,POL AC11,1.56220281124115,False,124
train_000211,fast_ripple_power,POL AC12,2.9962806701660156,False,42
train_000211,fast_ripple_power,POL AC13,2.4838075637817383,False,68
train_000211,fast_ripple_power,POL AC14,2.614952802658081,False,57
train_000211,fast_ripple_power,POL AC15,2.4812228679656982,False,70
train_000211,fast_ripple_power,POL AC16,3.5409600734710693,False,19
train_000211,fast_ripple_power,EEG PO1-Ref,3.184863805770874,False,34
train_000211,fast_ripple_power,EEG PO2-Ref,3.429095506668091,False,24
train_000211,fast_ripple_power,EEG PO3-Ref,2.2547695636749268,False,79
train_000211,fast_ripple_power,EEG PO4-Ref,2.5014102458953857,False,66
train_000211,fast_ripple_power,EEG PO5-Ref,1.859198808670044,False,108
train_000211,fast_ripple_power,EEG PO6-Ref,2.060854911804199,False,92
train_000211,fast_ripple_power,EEG PO7-Ref,1.3068087100982666,False,138
train_000211,fast_ripple_power,EEG PO8-Ref,1.6622774600982666,False,118
train_000211,fast_ripple_power,EEG PO9-Ref,1.2180086374282837,False,143
train_000211,fast_ripple_power,EEG PO10-Ref,2.011981248855591,False,96
train_000211,fast_ripple_power,POL PO11,1.0049724578857422,False,155
train_000211,fast_ripple_power,POL PO12,0.9749100208282471,False,156
train_000211,fast_ripple_power,POL PO13,1.6975609064102173,False,117
train_000211,fast_ripple_power,POL PO14,1.24740469455719,False,141
train_000211,fast_ripple_power,POL PO15,1.3760695457458496,False,132
train_000211,fast_ripple_power,POL PO16,3.1093573570251465,False,35
train_000211,high_low_ratio,POL E1,1.6757746934890747,True,52
train_000211,high_low_ratio,POL E2,1.997233510017395,True,19
train_000211,high_low_ratio,POL E3,2.200770378112793,True,9
train_000211,high_low_ratio,POL E4,2.090369939804077,False,15
train_000211,high_low_ratio,POL E5,1.291357398033142,False,95
train_000211,high_low_ratio,POL E6,1.0610138177871704,False,120
train_000211,high_low_ratio,POL E7,0.8164489269256592,False,148
train_000211,high_low_ratio,POL E8,0.8652371168136597,False,144
train_000211,high_low_ratio,POL E9,1.5665204524993896,False,60
train_000211,high_low_ratio,POL E10,1.3799433708190918,False,83
train_000211,high_low_ratio,POL E13,0.6668571829795837,False,156
train_000211,high_low_ratio,POL E14,1.7855299711227417,False,37
train_000211,high_low_ratio,EEG F1-Ref,1.766658067703247,True,38
train_000211,high_low_ratio,EEG F2-Ref,2.167414665222168,True,11
train_000211,high_low_ratio,EEG F3-Ref,1.8401107788085938,False,31
train_000211,high_low_ratio,EEG F4-Ref,1.209373116493225,False,102
train_000211,high_low_ratio,EEG F5-Ref,0.9040085077285767,False,136
train_000211,high_low_ratio,EEG F6-Ref,0.8213710188865662,False,147
train_000211,high_low_ratio,EEG F7-Ref,1.4112132787704468,False,77
train_000211,high_low_ratio,EEG F8-Ref,1.6423091888427734,False,54
train_000211,high_low_ratio,EEG F9-Ref,1.714503288269043,False,46
train_000211,high_low_ratio,POL E11,1.025390625,False,129
train_000211,high_low_ratio,POL E12,0.8771196007728577,False,142
train_000211,high_low_ratio,EEG F10-Ref,1.5230108499526978,False,67
train_000211,high_low_ratio,POL F11,1.9522960186004639,False,22
train_000211,high_low_ratio,POL F12,1.8743834495544434,False,28
train_000211,high_low_ratio,POL F13,1.4076675176620483,False,78
train_000211,high_low_ratio,POL F14,1.8551288843154907,False,30
train_000211,high_low_ratio,POL F15,1.9736864566802979,False,20
train_000211,high_low_ratio,POL G1,2.011711835861206,True,16
train_000211,high_low_ratio,POL G2,1.5295714139938354,True,66
train_000211,high_low_ratio,POL G3,0.8733923435211182,False,143
train_000211,high_low_ratio,POL G4,1.0706238746643066,False,116
train_000211,high_low_ratio,POL G5,0.885471761226654,False,140
train_000211,high_low_ratio,POL G6,1.1809415817260742,False,105
train_000211,high_low_ratio,POL G7,1.3912104368209839,False,81
train_000211,high_low_ratio,POL G8,1.3707501888275146,False,84
train_000211,high_low_ratio,POL G9,1.094672441482544,False,113
train_000211,high_low_ratio,POL G10,1.1200299263000488,False,109
train_000211,high_low_ratio,POL G11,1.277172565460205,False,97
train_000211,high_low_ratio,POL G12,0.8341748714447021,False,146
train_000211,high_low_ratio,POL G13,0.687625527381897,False,154
train_000211,high_low_ratio,POL G14,0.9023089408874512,False,137
train_000211,high_low_ratio,POL G15,1.0111544132232666,False,130
train_000211,high_low_ratio,POL G16,1.1165966987609863,False,110
train_000211,high_low_ratio,POL H1,1.6492348909378052,True,53
train_000211,high_low_ratio,POL H2,1.4014174938201904,True,79
train_000211,high_low_ratio,POL H3,1.5464460849761963,True,63
train_000211,high_low_ratio,POL H4,1.4902665615081787,False,68
train_000211,high_low_ratio,POL H5,1.696504831314087,False,48
train_000211,high_low_ratio,POL H6,1.0641510486602783,False,118
train_000211,high_low_ratio,POL H7,1.1071819067001343,False,111
train_000211,high_low_ratio,POL H8,1.0651475191116333,False,117
train_000211,high_low_ratio,POL H9,0.9699053764343262,False,134
train_000211,high_low_ratio,POL H10,0.7815351486206055,False,150
train_000211,high_low_ratio,POL H11,0.7293261289596558,False,152
train_000211,high_low_ratio,POL H12,1.3072855472564697,False,93
train_000211,high_low_ratio,POL H13,1.1432714462280273,False,108
train_000211,high_low_ratio,POL H14,1.6216377019882202,False,58
train_000211,high_low_ratio,POL H15,2.292468547821045,False,7
train_000211,high_low_ratio,POL I1,2.1270880699157715,False,14
train_000211,high_low_ratio,POL I2,2.1844615936279297,False,10
train_000211,high_low_ratio,POL I3,1.7376439571380615,False,41
train_000211,high_low_ratio,POL I4,1.6759802103042603,False,51
train_000211,high_low_ratio,POL I5,1.5333008766174316,False,65
train_000211,high_low_ratio,POL I6,1.3925702571868896,False,80
train_000211,high_low_ratio,POL I7,1.4644775390625,False,73
train_000211,high_low_ratio,POL I8,1.448447585105896,False,75
train_000211,high_low_ratio,POL I9,1.0399090051651,False,124
train_000211,high_low_ratio,POL I10,0.8881346583366394,False,139
train_000211,high_low_ratio,POL I11,1.2078745365142822,False,104
train_000211,high_low_ratio,POL I12,1.322749137878418,False,90
train_000211,high_low_ratio,POL I13,1.4683008193969727,False,72
train_000211,high_low_ratio,POL I14,1.3583790063858032,False,87
train_000211,high_low_ratio,POL I15,0.9636623859405518,False,135
train_000211,high_low_ratio,POL I16,1.7232036590576172,False,45
train_000211,high_low_ratio,POL J1,1.737633466720581,False,42
train_000211,high_low_ratio,POL J2,1.7240495681762695,False,44
train_000211,high_low_ratio,POL J3,1.9432806968688965,False,23
train_000211,high_low_ratio,POL J4,1.8768043518066406,False,27
train_000211,high_low_ratio,POL J5,1.6899138689041138,False,49
train_000211,high_low_ratio,POL J6,1.2899277210235596,False,96
train_000211,high_low_ratio,POL J7,1.5850335359573364,False,59
train_000211,high_low_ratio,POL J8,1.3666256666183472,False,85
train_000211,high_low_ratio,POL J9,1.6811397075653076,False,50
train_000211,high_low_ratio,POL J10,1.4620548486709595,False,74
train_000211,high_low_ratio,POL J11,1.3080204725265503,False,92
train_000211,high_low_ratio,POL J12,1.2737878561019897,False,98
train_000211,high_low_ratio,POL J13,1.5514647960662842,False,62
train_000211,high_low_ratio,EEG M1-Ref,1.0476058721542358,False,122
train_000211,high_low_ratio,EEG M2-Ref,1.798153042793274,False,35
train_000211,high_low_ratio,POL M3,1.361449956893921,False,86
train_000211,high_low_ratio,POL M4,1.860814094543457,False,29
train_000211,high_low_ratio,POL M5,1.7538663148880005,False,39
train_000211,high_low_ratio,POL M6,1.3483009338378906,False,88
train_000211,high_low_ratio,POL M7,1.4277563095092773,False,76
train_000211,high_low_ratio,POL M8,1.4700208902359009,False,70
train_000211,high_low_ratio,POL M9,1.790408730506897,False,36
train_000211,high_low_ratio,POL M10,1.080434799194336,False,115
train_000211,high_low_ratio,POL M11,1.09092378616333,False,114
train_000211,high_low_ratio,POL M12,2.137786626815796,False,13
train_000211,high_low_ratio,POL M13,2.403095245361328,False,5
train_000211,high_low_ratio,POL M14,1.99808669090271,False,18
train_000211,high_low_ratio,POL M15,1.2576854228973389,False,100
train_000211,high_low_ratio,POL M16,1.6272014379501343,False,56
train_000211,high_low_ratio,POL pMC1,1.5535746812820435,False,61
train_000211,high_low_ratio,POL pMC2,1.2689605951309204,False,99
train_000211,high_low_ratio,POL pMC3,1.8025175333023071,False,34
train_000211,high_low_ratio,POL pMC4,1.3107002973556519,False,91
train_000211,high_low_ratio,POL pMC5,0.7459903955459595,False,151
train_000211,high_low_ratio,POL pMC6,1.3881561756134033,False,82
train_000211,high_low_ratio,POL pMC7,1.038527011871338,False,125
train_000211,high_low_ratio,POL pMC8,0.9824699759483337,False,132
train_000211,high_low_ratio,POL pMC9,0.5707130432128906,False,159
train_000211,high_low_ratio,POL pMC10,0.19970017671585083,False,162
train_000211,high_low_ratio,POL pMC11,0.18560394644737244,False,163
train_000211,high_low_ratio,POL pMC12,0.3665252923965454,False,160
train_000211,high_low_ratio,POL pMC13,1.621958613395691,False,57
train_000211,high_low_ratio,POL aMC1,0.5974225401878357,False,158
train_000211,high_low_ratio,POL aMC2,0.8817179203033447,False,141
train_000211,high_low_ratio,POL aMC3,1.5381624698638916,False,64
train_000211,high_low_ratio,POL aMC4,1.1793476343154907,False,106
train_000211,high_low_ratio,POL aMC5,1.8831394910812378,False,26
train_000211,high_low_ratio,POL aMC6,1.4695444107055664,False,71
train_000211,high_low_ratio,POL aMC7,1.033643126487732,False,126
train_000211,high_low_ratio,POL aMC8,0.8134530186653137,False,149
train_000211,high_low_ratio,POL aMC9,0.6718908548355103,False,155
train_000211,high_low_ratio,POL aMC10,0.2656152844429016,False,161
train_000211,high_low_ratio,POL aMC11,0.6566968560218811,False,157
train_000211,high_low_ratio,POL aMC12,1.90410578250885,False,25
train_000211,high_low_ratio,POL aMC13,1.098125696182251,False,112
train_000211,high_low_ratio,POL AC1,2.599599838256836,False,2
train_000211,high_low_ratio,POL AC2,0.6944037079811096,False,153
train_000211,high_low_ratio,POL AC3,1.1581147909164429,False,107
train_000211,high_low_ratio,POL AC4,1.028894066810608,False,127
train_000211,high_low_ratio,POL AC5,1.0571610927581787,False,121
train_000211,high_low_ratio,POL AC6,1.4796106815338135,False,69
train_000211,high_low_ratio,POL AC7,1.2088496685028076,False,103
train_000211,high_low_ratio,POL AC8,1.0270174741744995,False,128
train_000211,high_low_ratio,POL AC9,0.8421964049339294,False,145
train_000211,high_low_ratio,POL AC10,1.2171415090560913,False,101
train_000211,high_low_ratio,POL AC11,1.7366108894348145,False,43
train_000211,high_low_ratio,POL AC12,1.3423010110855103,False,89
train_000211,high_low_ratio,POL AC13,1.63514244556427,False,55
train_000211,high_low_ratio,POL AC14,2.329223155975342,False,6
train_000211,high_low_ratio,POL AC15,1.966868281364441,False,21
train_000211,high_low_ratio,POL AC16,1.701488971710205,False,47
train_000211,high_low_ratio,EEG PO1-Ref,1.743524432182312,False,40
train_000211,high_low_ratio,EEG PO2-Ref,2.00300931930542,False,17
train_000211,high_low_ratio,EEG PO3-Ref,1.3013083934783936,False,94
train_000211,high_low_ratio,EEG PO4-Ref,1.005394697189331,False,131
train_000211,high_low_ratio,EEG PO5-Ref,1.0399219989776611,False,123
train_000211,high_low_ratio,EEG PO6-Ref,0.8902420997619629,False,138
train_000211,high_low_ratio,EEG PO7-Ref,1.0629838705062866,False,119
train_000211,high_low_ratio,EEG PO8-Ref,1.8364887237548828,False,32
train_000211,high_low_ratio,EEG PO9-Ref,2.148136854171753,False,12
train_000211,high_low_ratio,EEG PO10-Ref,2.4981045722961426,False,3
train_000211,high_low_ratio,POL PO11,2.4128904342651367,False,4
train_000211,high_low_ratio,POL PO12,2.2688193321228027,False,8
train_000211,high_low_ratio,POL PO13,1.9110108613967896,False,24
train_000211,high_low_ratio,POL PO14,2.846029281616211,False,1
train_000211,high_low_ratio,POL PO15,1.813328742980957,False,33
train_000211,high_low_ratio,POL PO16,0.9713202118873596,False,133
train_000211,low_frequency_suppression,POL E1,2.8510327339172363,True,26
train_000211,low_frequency_suppression,POL E2,2.2092912197113037,True,69
train_000211,low_frequency_suppression,POL E3,2.5305066108703613,True,43
train_000211,low_frequency_suppression,POL E4,3.29390287399292,False,10
train_000211,low_frequency_suppression,POL E5,2.3027727603912354,False,61
train_000211,low_frequency_suppression,POL E6,2.0477101802825928,False,86
train_000211,low_frequency_suppression,POL E7,2.2028896808624268,False,70
train_000211,low_frequency_suppression,POL E8,1.9754250049591064,False,100
train_000211,low_frequency_suppression,POL E9,2.0461905002593994,False,87
train_000211,low_frequency_suppression,POL E10,2.5846846103668213,False,41
train_000211,low_frequency_suppression,POL E13,1.5739814043045044,False,131
train_000211,low_frequency_suppression,POL E14,1.9836688041687012,False,96
train_000211,low_frequency_suppression,EEG F1-Ref,1.6363506317138672,True,126
train_000211,low_frequency_suppression,EEG F2-Ref,2.058201313018799,True,84
train_000211,low_frequency_suppression,EEG F3-Ref,2.0945520401000977,False,82
train_000211,low_frequency_suppression,EEG F4-Ref,2.3485970497131348,False,54
train_000211,low_frequency_suppression,EEG F5-Ref,1.791178584098816,False,116
train_000211,low_frequency_suppression,EEG F6-Ref,2.0178356170654297,False,91
train_000211,low_frequency_suppression,EEG F7-Ref,2.1002373695373535,False,81
train_000211,low_frequency_suppression,EEG F8-Ref,2.1482279300689697,False,75
train_000211,low_frequency_suppression,EEG F9-Ref,2.5865273475646973,False,40
train_000211,low_frequency_suppression,POL E11,2.009282350540161,False,93
train_000211,low_frequency_suppression,POL E12,1.791566014289856,False,115
train_000211,low_frequency_suppression,EEG F10-Ref,3.0670113563537598,False,19
train_000211,low_frequency_suppression,POL F11,2.9358062744140625,False,21
train_000211,low_frequency_suppression,POL F12,2.7858810424804688,False,29
train_000211,low_frequency_suppression,POL F13,2.4210081100463867,False,50
train_000211,low_frequency_suppression,POL F14,2.473524570465088,False,47
train_000211,low_frequency_suppression,POL F15,1.9090895652770996,False,107
train_000211,low_frequency_suppression,POL G1,2.575655460357666,True,42
train_000211,low_frequency_suppression,POL G2,2.3328444957733154,True,56
train_000211,low_frequency_suppression,POL G3,1.9489591121673584,False,105
train_000211,low_frequency_suppression,POL G4,2.3678884506225586,False,52
train_000211,low_frequency_suppression,POL G5,2.039794683456421,False,88
train_000211,low_frequency_suppression,POL G6,2.110086441040039,False,79
train_000211,low_frequency_suppression,POL G7,2.183201551437378,False,72
train_000211,low_frequency_suppression,POL G8,1.9594420194625854,False,103
train_000211,low_frequency_suppression,POL G9,1.4379044771194458,False,137
train_000211,low_frequency_suppression,POL G10,1.236738681793213,False,150
train_000211,low_frequency_suppression,POL G11,1.2135777473449707,False,152
train_000211,low_frequency_suppression,POL G12,1.3589591979980469,False,141
train_000211,low_frequency_suppression,POL G13,0.9430173635482788,False,159
train_000211,low_frequency_suppression,POL G14,1.2436721324920654,False,148
train_000211,low_frequency_suppression,POL G15,1.244118571281433,False,147
train_000211,low_frequency_suppression,POL G16,1.6299678087234497,False,127
train_000211,low_frequency_suppression,POL H1,1.8287136554718018,True,114
train_000211,low_frequency_suppression,POL H2,1.9826979637145996,True,97
train_000211,low_frequency_suppression,POL H3,2.303933620452881,True,60
train_000211,low_frequency_suppression,POL H4,2.220864772796631,False,66
train_000211,low_frequency_suppression,POL H5,2.3318490982055664,False,57
train_000211,low_frequency_suppression,POL H6,1.9696602821350098,False,101
train_000211,low_frequency_suppression,POL H7,1.9808489084243774,False,98
train_000211,low_frequency_suppression,POL H8,1.8344359397888184,False,113
train_000211,low_frequency_suppression,POL H9,2.1102046966552734,False,78
train_000211,low_frequency_suppression,POL H10,2.065887212753296,False,83
train_000211,low_frequency_suppression,POL H11,2.6379411220550537,False,34
train_000211,low_frequency_suppression,POL H12,3.220581531524658,False,17
train_000211,low_frequency_suppression,POL H13,3.3047823905944824,False,8
train_000211,low_frequency_suppression,POL H14,1.8362246751785278,False,111
train_000211,low_frequency_suppression,POL H15,2.3088879585266113,False,58
train_000211,low_frequency_suppression,POL I1,2.7338709831237793,False,30
train_000211,low_frequency_suppression,POL I2,2.3600738048553467,False,53
train_000211,low_frequency_suppression,POL I3,2.686113119125366,False,33
train_000211,low_frequency_suppression,POL I4,2.6326558589935303,False,35
train_000211,low_frequency_suppression,POL I5,2.5992202758789062,False,38
train_000211,low_frequency_suppression,POL I6,2.2137134075164795,False,67
train_000211,low_frequency_suppression,POL I7,2.4825825691223145,False,45
train_000211,low_frequency_suppression,POL I8,2.2546839714050293,False,64
train_000211,low_frequency_suppression,POL I9,1.7242729663848877,False,117
train_000211,low_frequency_suppression,POL I10,1.3247941732406616,False,142
train_000211,low_frequency_suppression,POL I11,1.8648369312286377,False,109
train_000211,low_frequency_suppression,POL I12,2.015377998352051,False,92
train_000211,low_frequency_suppression,POL I13,2.3069629669189453,False,59
train_000211,low_frequency_suppression,POL I14,1.8555353879928589,False,110
train_000211,low_frequency_suppression,POL I15,1.5821813344955444,False,130
train_000211,low_frequency_suppression,POL I16,1.6921669244766235,False,120
train_000211,low_frequency_suppression,POL J1,3.3739943504333496,False,7
train_000211,low_frequency_suppression,POL J2,2.89561128616333,False,22
train_000211,low_frequency_suppression,POL J3,3.302762985229492,False,9
train_000211,low_frequency_suppression,POL J4,2.816814661026001,False,28
train_000211,low_frequency_suppression,POL J5,2.6861178874969482,False,32
train_000211,low_frequency_suppression,POL J6,2.476646661758423,False,46
train_000211,low_frequency_suppression,POL J7,3.2218215465545654,False,15
train_000211,low_frequency_suppression,POL J8,3.2873215675354004,False,11
train_000211,low_frequency_suppression,POL J9,3.2684500217437744,False,13
train_000211,low_frequency_suppression,POL J10,3.786012887954712,False,5
train_000211,low_frequency_suppression,POL J11,3.22092342376709,False,16
train_000211,low_frequency_suppression,POL J12,2.4011731147766113,False,51
train_000211,low_frequency_suppression,POL J13,1.9788002967834473,False,99
train_000211,low_frequency_suppression,EEG M1-Ref,2.119770050048828,False,76
train_000211,low_frequency_suppression,EEG M2-Ref,1.4076781272888184,False,139
train_000211,low_frequency_suppression,POL M3,2.2104756832122803,False,68
train_000211,low_frequency_suppression,POL M4,1.959954857826233,False,102
train_000211,low_frequency_suppression,POL M5,2.047905921936035,False,85
train_000211,low_frequency_suppression,POL M6,1.6918737888336182,False,122
train_000211,low_frequency_suppression,POL M7,2.229374885559082,False,65
train_000211,low_frequency_suppression,POL M8,2.4532408714294434,False,48
train_000211,low_frequency_suppression,POL M9,2.8828959465026855,False,23
train_000211,low_frequency_suppression,POL M10,2.3347678184509277,False,55
train_000211,low_frequency_suppression,POL M11,3.074751853942871,False,18
train_000211,low_frequency_suppression,POL M12,3.9760377407073975,False,4
train_000211,low_frequency_suppression,POL M13,3.5032103061676025,False,6
train_000211,low_frequency_suppression,POL M14,4.687656402587891,False,2
train_000211,low_frequency_suppression,POL M15,1.480697751045227,False,135
train_000211,low_frequency_suppression,POL M16,1.276709794998169,False,145
train_000211,low_frequency_suppression,POL pMC1,1.2804697751998901,False,144
train_000211,low_frequency_suppression,POL pMC2,1.3236589431762695,False,143
train_000211,low_frequency_suppression,POL pMC3,4.441571235656738,False,3
train_000211,low_frequency_suppression,POL pMC4,2.0006613731384277,False,94
train_000211,low_frequency_suppression,POL pMC5,2.038076400756836,False,89
train_000211,low_frequency_suppression,POL pMC6,3.280214309692383,False,12
train_000211,low_frequency_suppression,POL pMC7,2.590581178665161,False,39
train_000211,low_frequency_suppression,POL pMC8,3.2225632667541504,False,14
train_000211,low_frequency_suppression,POL pMC9,2.483231544494629,False,44
train_000211,low_frequency_suppression,POL pMC10,2.1700448989868164,False,74
train_000211,low_frequency_suppression,POL pMC11,2.1142256259918213,False,77
train_000211,low_frequency_suppression,POL pMC12,2.266049861907959,False,62
train_000211,low_frequency_suppression,POL pMC13,5.749800205230713,False,1
train_000211,low_frequency_suppression,POL aMC1,0.8783630728721619,False,161
train_000211,low_frequency_suppression,POL aMC2,1.5876169204711914,False,129
train_000211,low_frequency_suppression,POL aMC3,2.717177391052246,False,31
train_000211,low_frequency_suppression,POL aMC4,2.2631776332855225,False,63
train_000211,low_frequency_suppression,POL aMC5,2.613415002822876,False,37
train_000211,low_frequency_suppression,POL aMC6,2.108036994934082,False,80
train_000211,low_frequency_suppression,POL aMC7,1.4113363027572632,False,138
train_000211,low_frequency_suppression,POL aMC8,1.572019100189209,False,132
train_000211,low_frequency_suppression,POL aMC9,1.661096453666687,False,124
train_000211,low_frequency_suppression,POL aMC10,1.219100832939148,False,151
train_000211,low_frequency_suppression,POL aMC11,1.465004801750183,False,136
train_000211,low_frequency_suppression,POL aMC12,1.9557764530181885,False,104
train_000211,low_frequency_suppression,POL aMC13,1.1184393167495728,False,157
train_000211,low_frequency_suppression,POL AC1,2.8693206310272217,False,24
train_000211,low_frequency_suppression,POL AC2,0.8881319761276245,False,160
train_000211,low_frequency_suppression,POL AC3,0.7151256799697876,False,162
train_000211,low_frequency_suppression,POL AC4,1.1447175741195679,False,154
train_000211,low_frequency_suppression,POL AC5,1.3993102312088013,False,140
train_000211,low_frequency_suppression,POL AC6,1.6920783519744873,False,121
train_000211,low_frequency_suppression,POL AC7,1.712855577468872,False,118
train_000211,low_frequency_suppression,POL AC8,1.6097733974456787,False,128
train_000211,low_frequency_suppression,POL AC9,1.1778600215911865,False,153
train_000211,low_frequency_suppression,POL AC10,1.132161021232605,False,155
train_000211,low_frequency_suppression,POL AC11,1.2718393802642822,False,146
train_000211,low_frequency_suppression,POL AC12,1.5105060338974,False,133
train_000211,low_frequency_suppression,POL AC13,1.1261646747589111,False,156
train_000211,low_frequency_suppression,POL AC14,0.9520924091339111,False,158
train_000211,low_frequency_suppression,POL AC15,0.5885580778121948,False,163
train_000211,low_frequency_suppression,POL AC16,2.8186419010162354,False,27
train_000211,low_frequency_suppression,EEG PO1-Ref,1.6387596130371094,False,125
train_000211,low_frequency_suppression,EEG PO2-Ref,1.8874220848083496,False,108
train_000211,low_frequency_suppression,EEG PO3-Ref,1.4925047159194946,False,134
train_000211,low_frequency_suppression,EEG PO4-Ref,1.6866557598114014,False,123
train_000211,low_frequency_suppression,EEG PO5-Ref,1.9410990476608276,False,106
train_000211,low_frequency_suppression,EEG PO6-Ref,1.836181640625,False,112
train_000211,low_frequency_suppression,EEG PO7-Ref,1.2400636672973633,False,149
train_000211,low_frequency_suppression,EEG PO8-Ref,2.1985764503479004,False,71
train_000211,low_frequency_suppression,EEG PO9-Ref,2.4390599727630615,False,49
train_000211,low_frequency_suppression,EEG PO10-Ref,2.854383945465088,False,25
train_000211,low_frequency_suppression,POL PO11,2.6307430267333984,False,36
train_000211,low_frequency_suppression,POL PO12,1.6977955102920532,False,119
train_000211,low_frequency_suppression,POL PO13,2.0345773696899414,False,90
train_000211,low_frequency_suppression,POL PO14,3.0247929096221924,False,20
train_000211,low_frequency_suppression,POL PO15,2.177995204925537,False,73
train_000211,low_frequency_suppression,POL PO16,1.9958794116973877,False,95
train_000211,spectral_centroid,POL E1,1.7503336668014526,True,56
train_000211,spectral_centroid,POL E2,1.633614182472229,True,69
train_000211,spectral_centroid,POL E3,1.526830792427063,True,82
train_000211,spectral_centroid,POL E4,2.2609193325042725,False,21
train_000211,spectral_centroid,POL E5,1.5843473672866821,False,74
train_000211,spectral_centroid,POL E6,1.0446313619613647,False,142
train_000211,spectral_centroid,POL E7,1.18382728099823,False,129
train_000211,spectral_centroid,POL E8,1.5136252641677856,False,85
train_000211,spectral_centroid,POL E9,1.9909836053848267,False,34
train_000211,spectral_centroid,POL E10,3.1644318103790283,False,6
train_000211,spectral_centroid,POL E13,0.7887834906578064,False,156
train_000211,spectral_centroid,POL E14,1.5305835008621216,False,81
train_000211,spectral_centroid,EEG F1-Ref,2.0857455730438232,True,30
train_000211,spectral_centroid,EEG F2-Ref,2.606337547302246,True,11
train_000211,spectral_centroid,EEG F3-Ref,1.619277834892273,False,70
train_000211,spectral_centroid,EEG F4-Ref,1.480472207069397,False,90
train_000211,spectral_centroid,EEG F5-Ref,1.1022217273712158,False,135
train_000211,spectral_centroid,EEG F6-Ref,1.51822030544281,False,83
train_000211,spectral_centroid,EEG F7-Ref,2.071506977081299,False,31
train_000211,spectral_centroid,EEG F8-Ref,2.1280736923217773,False,28
train_000211,spectral_centroid,EEG F9-Ref,2.260651111602783,False,22
train_000211,spectral_centroid,POL E11,3.250631332397461,False,5
train_000211,spectral_centroid,POL E12,1.4286571741104126,False,96
train_000211,spectral_centroid,EEG F10-Ref,3.7701921463012695,False,2
train_000211,spectral_centroid,POL F11,3.700298547744751,False,3
train_000211,spectral_centroid,POL F12,2.772108793258667,False,8
train_000211,spectral_centroid,POL F13,2.5278074741363525,False,12
train_000211,spectral_centroid,POL F14,2.6697990894317627,False,9
train_000211,spectral_centroid,POL F15,1.5607173442840576,False,78
train_000211,spectral_centroid,POL G1,2.033933639526367,True,32
train_000211,spectral_centroid,POL G2,2.5047574043273926,True,13
train_000211,spectral_centroid,POL G3,1.2044111490249634,False,124
train_000211,spectral_centroid,POL G4,1.448269009590149,False,93
train_000211,spectral_centroid,POL G5,1.5315145254135132,False,80
train_000211,spectral_centroid,POL G6,1.7530736923217773,False,54
train_000211,spectral_centroid,POL G7,2.4271438121795654,False,15
train_000211,spectral_centroid,POL G8,2.2222471237182617,False,24
train_000211,spectral_centroid,POL G9,1.9625279903411865,False,36
train_000211,spectral_centroid,POL G10,1.405940055847168,False,97
train_000211,spectral_centroid,POL G11,1.4029871225357056,False,98
train_000211,spectral_centroid,POL G12,1.0746514797210693,False,139
train_000211,spectral_centroid,POL G13,0.8854401707649231,False,154
train_000211,spectral_centroid,POL G14,1.0439672470092773,False,143
train_000211,spectral_centroid,POL G15,1.469133973121643,False,92
train_000211,spectral_centroid,POL G16,2.1400468349456787,False,26
train_000211,spectral_centroid,POL H1,1.3823144435882568,True,103
train_000211,spectral_centroid,POL H2,1.3496580123901367,True,110
train_000211,spectral_centroid,POL H3,1.4887696504592896,True,89
train_000211,spectral_centroid,POL H4,1.6650829315185547,False,66
train_000211,spectral_centroid,POL H5,1.6829087734222412,False,64
train_000211,spectral_centroid,POL H6,1.1591871976852417,False,132
train_000211,spectral_centroid,POL H7,1.384595513343811,False,102
train_000211,spectral_centroid,POL H8,1.1154824495315552,False,134
train_000211,spectral_centroid,POL H9,1.0315110683441162,False,145
train_000211,spectral_centroid,POL H10,1.1845757961273193,False,128
train_000211,spectral_centroid,POL H11,1.9397480487823486,False,38
train_000211,spectral_centroid,POL H12,1.6111868619918823,False,71
train_000211,spectral_centroid,POL H13,1.513824701309204,False,84
train_000211,spectral_centroid,POL H14,1.5406882762908936,False,79
train_000211,spectral_centroid,POL H15,1.7707399129867554,False,51
train_000211,spectral_centroid,POL I1,1.3601233959197998,False,108
train_000211,spectral_centroid,POL I2,0.9806503057479858,False,149
train_000211,spectral_centroid,POL I3,1.3688563108444214,False,106
train_000211,spectral_centroid,POL I4,1.7258145809173584,False,58
train_000211,spectral_centroid,POL I5,1.6370292901992798,False,68
train_000211,spectral_centroid,POL I6,1.4010058641433716,False,99
train_000211,spectral_centroid,POL I7,1.7275214195251465,False,57
train_000211,spectral_centroid,POL I8,1.7746409177780151,False,50
train_000211,spectral_centroid,POL I9,1.4387636184692383,False,94
train_000211,spectral_centroid,POL I10,1.5117908716201782,False,86
train_000211,spectral_centroid,POL I11,1.5664136409759521,False,76
train_000211,spectral_centroid,POL I12,1.5085755586624146,False,87
train_000211,spectral_centroid,POL I13,1.7806462049484253,False,49
train_000211,spectral_centroid,POL I14,1.50005304813385,False,88
train_000211,spectral_centroid,POL I15,1.400636911392212,False,100
train_000211,spectral_centroid,POL I16,1.5810059309005737,False,75
train_000211,spectral_centroid,POL J1,1.2976415157318115,False,115
train_000211,spectral_centroid,POL J2,1.0928452014923096,False,136
train_000211,spectral_centroid,POL J3,1.6912511587142944,False,63
train_000211,spectral_centroid,POL J4,1.9433306455612183,False,37
train_000211,spectral_centroid,POL J5,1.9243601560592651,False,40
train_000211,spectral_centroid,POL J6,1.7820589542388916,False,48
train_000211,spectral_centroid,POL J7,2.3232502937316895,False,20
train_000211,spectral_centroid,POL J8,1.911674976348877,False,41
train_000211,spectral_centroid,POL J9,1.8404638767242432,False,45
train_000211,spectral_centroid,POL J10,2.342923879623413,False,17
train_000211,spectral_centroid,POL J11,2.380805730819702,False,16
train_000211,spectral_centroid,POL J12,1.4316860437393188,False,95
train_000211,spectral_centroid,POL J13,1.1737505197525024,False,130
train_000211,spectral_centroid,EEG M1-Ref,1.2181675434112549,False,121
train_000211,spectral_centroid,EEG M2-Ref,1.2176152467727661,False,122
train_000211,spectral_centroid,POL M3,0.995566189289093,False,147
train_000211,spectral_centroid,POL M4,1.0656263828277588,False,140
train_000211,spectral_centroid,POL M5,0.9686351418495178,False,151
train_000211,spectral_centroid,POL M6,0.9360058307647705,False,152
train_000211,spectral_centroid,POL M7,1.191730260848999,False,127
train_000211,spectral_centroid,POL M8,1.7158844470977783,False,60
train_000211,spectral_centroid,POL M9,2.339381694793701,False,18
train_000211,spectral_centroid,POL M10,1.764362096786499,False,52
train_000211,spectral_centroid,POL M11,1.7009764909744263,False,61
train_000211,spectral_centroid,POL M12,2.4896016120910645,False,14
train_000211,spectral_centroid,POL M13,1.9347116947174072,False,39
train_000211,spectral_centroid,POL M14,4.1553497314453125,False,1
train_000211,spectral_centroid,POL M15,1.2117185592651367,False,123
train_000211,spectral_centroid,POL M16,1.8927459716796875,False,42
train_000211,spectral_centroid,POL pMC1,1.563286304473877,False,77
train_000211,spectral_centroid,POL pMC2,1.4777543544769287,False,91
train_000211,spectral_centroid,POL pMC3,3.362712860107422,False,4
train_000211,spectral_centroid,POL pMC4,2.128713607788086,False,27
train_000211,spectral_centroid,POL pMC5,1.7514042854309082,False,55
train_000211,spectral_centroid,POL pMC6,1.807715892791748,False,47
train_000211,spectral_centroid,POL pMC7,1.8199093341827393,False,46
train_000211,spectral_centroid,POL pMC8,2.6254966259002686,False,10
train_000211,spectral_centroid,POL pMC9,2.1761391162872314,False,25
train_000211,spectral_centroid,POL pMC10,1.380751371383667,False,104
train_000211,spectral_centroid,POL pMC11,1.0798513889312744,False,138
train_000211,spectral_centroid,POL pMC12,1.1980881690979004,False,125
train_000211,spectral_centroid,POL pMC13,3.0567703247070312,False,7
train_000211,spectral_centroid,POL aMC1,0.6616129875183105,False,159
train_000211,spectral_centroid,POL aMC2,1.2470470666885376,False,119
train_000211,spectral_centroid,POL aMC3,1.757962942123413,False,53
train_000211,spectral_centroid,POL aMC4,1.6937568187713623,False,62
train_000211,spectral_centroid,POL aMC5,2.1251542568206787,False,29
train_000211,spectral_centroid,POL aMC6,1.3917814493179321,False,101
train_000211,spectral_centroid,POL aMC7,1.3307998180389404,False,112
train_000211,spectral_centroid,POL aMC8,1.2661179304122925,False,117
train_000211,spectral_centroid,POL aMC9,1.249014139175415,False,118
train_000211,spectral_centroid,POL aMC10,0.8869290351867676,False,153
train_000211,spectral_centroid,POL aMC11,1.2928166389465332,False,116
train_000211,spectral_centroid,POL aMC12,2.3340888023376465,False,19
train_000211,spectral_centroid,POL aMC13,0.982207715511322,False,148
train_000211,spectral_centroid,POL AC1,1.717992901802063,False,59
train_000211,spectral_centroid,POL AC2,1.0303057432174683,False,146
train_000211,spectral_centroid,POL AC3,0.4934568703174591,False,163
train_000211,spectral_centroid,POL AC4,1.1657801866531372,False,131
train_000211,spectral_centroid,POL AC5,1.9797760248184204,False,35
train_000211,spectral_centroid,POL AC6,2.0234947204589844,False,33
train_000211,spectral_centroid,POL AC7,1.3252414464950562,False,113
train_000211,spectral_centroid,POL AC8,0.7674147486686707,False,157
train_000211,spectral_centroid,POL AC9,0.5838046073913574,False,162
train_000211,spectral_centroid,POL AC10,0.6587949991226196,False,160
train_000211,spectral_centroid,POL AC11,1.0911865234375,False,137
train_000211,spectral_centroid,POL AC12,1.1273609399795532,False,133
train_000211,spectral_centroid,POL AC13,0.9705544114112854,False,150
train_000211,spectral_centroid,POL AC14,0.8064832091331482,False,155
train_000211,spectral_centroid,POL AC15,0.6370909214019775,False,161
train_000211,spectral_centroid,POL AC16,1.8522788286209106,False,44
train_000211,spectral_centroid,EEG PO1-Ref,1.0561565160751343,False,141
train_000211,spectral_centroid,EEG PO2-Ref,1.3777309656143188,False,105
train_000211,spectral_centroid,EEG PO3-Ref,1.3226945400238037,False,114
train_000211,spectral_centroid,EEG PO4-Ref,1.2396137714385986,False,120
train_000211,spectral_centroid,EEG PO5-Ref,1.1973191499710083,False,126
train_000211,spectral_centroid,EEG PO6-Ref,1.3603254556655884,False,107
train_000211,spectral_centroid,EEG PO7-Ref,0.7406740784645081,False,158
train_000211,spectral_centroid,EEG PO8-Ref,1.0333079099655151,False,144
train_000211,spectral_centroid,EEG PO9-Ref,1.345299243927002,False,111
train_000211,spectral_centroid,EEG PO10-Ref,1.642516851425171,False,67
train_000211,spectral_centroid,POL PO11,1.3501019477844238,False,109
train_000211,spectral_centroid,POL PO12,2.2601046562194824,False,23
train_000211,spectral_centroid,POL PO13,1.5919981002807617,False,73
train_000211,spectral_centroid,POL PO14,1.6077173948287964,False,72
train_000211,spectral_centroid,POL PO15,1.8845176696777344,False,43
train_000211,spectral_centroid,POL PO16,1.6746376752853394,False,65
train_000211,spectral_entropy_change,POL E1,1.2846156358718872,True,122
train_000211,spectral_entropy_change,POL E2,1.330629587173462,True,112
train_000211,spectral_entropy_change,POL E3,1.4577816724777222,True,90
train_000211,spectral_entropy_change,POL E4,1.5157791376113892,False,81
train_000211,spectral_entropy_change,POL E5,1.4582891464233398,False,89
train_000211,spectral_entropy_change,POL E6,1.1136977672576904,False,144
train_000211,spectral_entropy_change,POL E7,0.9317642450332642,False,158
train_000211,spectral_entropy_change,POL E8,1.3683127164840698,False,104
train_000211,spectral_entropy_change,POL E9,1.3434473276138306,False,109
train_000211,spectral_entropy_change,POL E10,1.724519968032837,False,56
train_000211,spectral_entropy_change,POL E13,1.322496771812439,False,117
train_000211,spectral_entropy_change,POL E14,1.684759259223938,False,63
train_000211,spectral_entropy_change,EEG F1-Ref,1.7598110437393188,True,51
train_000211,spectral_entropy_change,EEG F2-Ref,1.8001421689987183,True,48
train_000211,spectral_entropy_change,EEG F3-Ref,1.5729049444198608,False,72
train_000211,spectral_entropy_change,EEG F4-Ref,1.260069727897644,False,126
train_000211,spectral_entropy_change,EEG F5-Ref,1.140006422996521,False,140
train_000211,spectral_entropy_change,EEG F6-Ref,1.3433793783187866,False,110
train_000211,spectral_entropy_change,EEG F7-Ref,1.5105563402175903,False,83
train_000211,spectral_entropy_change,EEG F8-Ref,1.358418345451355,False,106
train_000211,spectral_entropy_change,EEG F9-Ref,1.668488621711731,False,64
train_000211,spectral_entropy_change,POL E11,1.534541368484497,False,78
train_000211,spectral_entropy_change,POL E12,1.267064094543457,False,124
train_000211,spectral_entropy_change,EEG F10-Ref,2.250723123550415,False,19
train_000211,spectral_entropy_change,POL F11,2.7366015911102295,False,12
train_000211,spectral_entropy_change,POL F12,3.035520315170288,False,6
train_000211,spectral_entropy_change,POL F13,1.88117516040802,False,39
train_000211,spectral_entropy_change,POL F14,1.810158610343933,False,47
train_000211,spectral_entropy_change,POL F15,1.076271891593933,False,146
train_000211,spectral_entropy_change,POL G1,1.930001139640808,True,34
train_000211,spectral_entropy_change,POL G2,1.7364000082015991,True,53
train_000211,spectral_entropy_change,POL G3,1.2289037704467773,False,131
train_000211,spectral_entropy_change,POL G4,0.9987621307373047,False,149
train_000211,spectral_entropy_change,POL G5,1.1833239793777466,False,137
train_000211,spectral_entropy_change,POL G6,1.1314456462860107,False,143
train_000211,spectral_entropy_change,POL G7,1.397127389907837,False,98
train_000211,spectral_entropy_change,POL G8,1.504614233970642,False,84
train_000211,spectral_entropy_change,POL G9,1.3782117366790771,False,101
train_000211,spectral_entropy_change,POL G10,1.0440267324447632,False,148
train_000211,spectral_entropy_change,POL G11,0.9230421185493469,False,160
train_000211,spectral_entropy_change,POL G12,0.9399588108062744,False,156
train_000211,spectral_entropy_change,POL G13,0.9945715665817261,False,150
train_000211,spectral_entropy_change,POL G14,0.9553387761116028,False,154
train_000211,spectral_entropy_change,POL G15,1.2353994846343994,False,128
train_000211,spectral_entropy_change,POL G16,1.3140368461608887,False,119
train_000211,spectral_entropy_change,POL H1,1.3916481733322144,True,99
train_000211,spectral_entropy_change,POL H2,1.432546854019165,True,91
train_000211,spectral_entropy_change,POL H3,1.517536997795105,True,80
train_000211,spectral_entropy_change,POL H4,1.5554674863815308,False,75
train_000211,spectral_entropy_change,POL H5,1.4260677099227905,False,92
train_000211,spectral_entropy_change,POL H6,1.0959738492965698,False,145
train_000211,spectral_entropy_change,POL H7,1.3281514644622803,False,113
train_000211,spectral_entropy_change,POL H8,0.9385741949081421,False,157
train_000211,spectral_entropy_change,POL H9,0.9804674386978149,False,152
train_000211,spectral_entropy_change,POL H10,0.9885382056236267,False,151
train_000211,spectral_entropy_change,POL H11,1.5842171907424927,False,69
train_000211,spectral_entropy_change,POL H12,2.1704418659210205,False,23
train_000211,spectral_entropy_change,POL H13,1.7184215784072876,False,57
train_000211,spectral_entropy_change,POL H14,1.3711998462677002,False,102
train_000211,spectral_entropy_change,POL H15,1.3509877920150757,False,108
train_000211,spectral_entropy_change,POL I1,1.2609769105911255,False,125
train_000211,spectral_entropy_change,POL I2,1.2070156335830688,False,134
train_000211,spectral_entropy_change,POL I3,1.3221795558929443,False,118
train_000211,spectral_entropy_change,POL I4,1.7290807962417603,False,55
train_000211,spectral_entropy_change,POL I5,1.8273285627365112,False,46
train_000211,spectral_entropy_change,POL I6,1.6998727321624756,False,60
train_000211,spectral_entropy_change,POL I7,1.911142110824585,False,37
train_000211,spectral_entropy_change,POL I8,1.40341317653656,False,97
train_000211,spectral_entropy_change,POL I9,1.2304335832595825,False,130
train_000211,spectral_entropy_change,POL I10,1.0706698894500732,False,147
train_000211,spectral_entropy_change,POL I11,0.8035827279090881,False,163
train_000211,spectral_entropy_change,POL I12,1.496221899986267,False,87
train_000211,spectral_entropy_change,POL I13,1.905882477760315,False,38
train_000211,spectral_entropy_change,POL I14,2.199749231338501,False,21
train_000211,spectral_entropy_change,POL I15,2.1416940689086914,False,25
train_000211,spectral_entropy_change,POL I16,1.1397954225540161,False,141
train_000211,spectral_entropy_change,POL J1,1.575200080871582,False,71
train_000211,spectral_entropy_change,POL J2,1.3000544309616089,False,121
train_000211,spectral_entropy_change,POL J3,1.6475119590759277,False,65
train_000211,spectral_entropy_change,POL J4,1.8764313459396362,False,41
train_000211,spectral_entropy_change,POL J5,2.1850600242614746,False,22
train_000211,spectral_entropy_change,POL J6,1.841874599456787,False,44
train_000211,spectral_entropy_change,POL J7,1.7071677446365356,False,59
train_000211,spectral_entropy_change,POL J8,1.2351421117782593,False,129
train_000211,spectral_entropy_change,POL J9,1.3836456537246704,False,100
train_000211,spectral_entropy_change,POL J10,2.229405641555786,False,20
train_000211,spectral_entropy_change,POL J11,2.511223554611206,False,17
train_000211,spectral_entropy_change,POL J12,1.2706108093261719,False,123
train_000211,spectral_entropy_change,POL J13,1.8412705659866333,False,45
train_000211,spectral_entropy_change,EEG M1-Ref,5.660400867462158,False,1
train_000211,spectral_entropy_change,EEG M2-Ref,1.986591100692749,False,31
train_000211,spectral_entropy_change,POL M3,2.5319862365722656,False,16
train_000211,spectral_entropy_change,POL M4,1.203539490699768,False,135
train_000211,spectral_entropy_change,POL M5,1.2447527647018433,False,127
train_000211,spectral_entropy_change,POL M6,1.5484849214553833,False,76
train_000211,spectral_entropy_change,POL M7,1.499732494354248,False,86
train_000211,spectral_entropy_change,POL M8,1.7144204378128052,False,58
train_000211,spectral_entropy_change,POL M9,1.981889009475708,False,32
train_000211,spectral_entropy_change,POL M10,1.4224945306777954,False,93
train_000211,spectral_entropy_change,POL M11,1.410020351409912,False,96
train_000211,spectral_entropy_change,POL M12,1.326466679573059,False,115
train_000211,spectral_entropy_change,POL M13,1.3085209131240845,False,120
train_000211,spectral_entropy_change,POL M14,3.067939281463623,False,4
train_000211,spectral_entropy_change,POL M15,1.4858275651931763,False,88
train_000211,spectral_entropy_change,POL M16,1.3230507373809814,False,116
train_000211,spectral_entropy_change,POL pMC1,1.3535709381103516,False,107
train_000211,spectral_entropy_change,POL pMC2,1.5001580715179443,False,85
train_000211,spectral_entropy_change,POL pMC3,2.659813165664673,False,13
train_000211,spectral_entropy_change,POL pMC4,1.9417147636413574,False,33
train_000211,spectral_entropy_change,POL pMC5,1.8499282598495483,False,43
train_000211,spectral_entropy_change,POL pMC6,1.7357728481292725,False,54
train_000211,spectral_entropy_change,POL pMC7,2.369438648223877,False,18
train_000211,spectral_entropy_change,POL pMC8,2.9569413661956787,False,7
train_000211,spectral_entropy_change,POL pMC9,2.7950069904327393,False,11
train_000211,spectral_entropy_change,POL pMC10,2.631368637084961,False,14
train_000211,spectral_entropy_change,POL pMC11,2.5515198707580566,False,15
train_000211,spectral_entropy_change,POL pMC12,2.80734920501709,False,10
train_000211,spectral_entropy_change,POL pMC13,3.4828295707702637,False,3
train_000211,spectral_entropy_change,POL aMC1,0.8845922946929932,False,162
train_000211,spectral_entropy_change,POL aMC2,1.1621060371398926,False,139
train_000211,spectral_entropy_change,POL aMC3,1.5684832334518433,False,73
train_000211,spectral_entropy_change,POL aMC4,1.7592865228652954,False,52
train_000211,spectral_entropy_change,POL aMC5,1.6911654472351074,False,62
train_000211,spectral_entropy_change,POL aMC6,1.6063799858093262,False,67
train_000211,spectral_entropy_change,POL aMC7,1.6352529525756836,False,66
train_000211,spectral_entropy_change,POL aMC8,2.0153884887695312,False,29
train_000211,spectral_entropy_change,POL aMC9,1.871652364730835,False,42
train_000211,spectral_entropy_change,POL aMC10,1.7901420593261719,False,49
train_000211,spectral_entropy_change,POL aMC11,1.6956483125686646,False,61
train_000211,spectral_entropy_change,POL aMC12,3.0641207695007324,False,5
train_000211,spectral_entropy_change,POL aMC13,2.9132447242736816,False,9
train_000211,spectral_entropy_change,POL AC1,1.1996276378631592,False,136
train_000211,spectral_entropy_change,POL AC2,1.5134249925613403,False,82
train_000211,spectral_entropy_change,POL AC3,2.950213670730591,False,8
train_000211,spectral_entropy_change,POL AC4,1.2118102312088013,False,133
train_000211,spectral_entropy_change,POL AC5,1.580134391784668,False,70
train_000211,spectral_entropy_change,POL AC6,1.3314366340637207,False,111
train_000211,spectral_entropy_change,POL AC7,0.9246947169303894,False,159
train_000211,spectral_entropy_change,POL AC8,0.9600310921669006,False,153
train_000211,spectral_entropy_change,POL AC9,1.138672113418579,False,142
train_000211,spectral_entropy_change,POL AC10,1.1665148735046387,False,138
train_000211,spectral_entropy_change,POL AC11,1.5673631429672241,False,74
train_000211,spectral_entropy_change,POL AC12,2.161013603210449,False,24
train_000211,spectral_entropy_change,POL AC13,2.0593883991241455,False,28
train_000211,spectral_entropy_change,POL AC14,2.0793533325195312,False,26
train_000211,spectral_entropy_change,POL AC15,1.5434534549713135,False,77
train_000211,spectral_entropy_change,POL AC16,1.8787379264831543,False,40
train_000211,spectral_entropy_change,EEG PO1-Ref,1.418012261390686,False,94
train_000211,spectral_entropy_change,EEG PO2-Ref,1.3270376920700073,False,114
train_000211,spectral_entropy_change,EEG PO3-Ref,0.900886058807373,False,161
train_000211,spectral_entropy_change,EEG PO4-Ref,1.3685840368270874,False,103
train_000211,spectral_entropy_change,EEG PO5-Ref,1.3593270778656006,False,105
train_000211,spectral_entropy_change,EEG PO6-Ref,1.7645847797393799,False,50
train_000211,spectral_entropy_change,EEG PO7-Ref,1.4126681089401245,False,95
train_000211,spectral_entropy_change,EEG PO8-Ref,1.5878422260284424,False,68
train_000211,spectral_entropy_change,EEG PO9-Ref,2.0788915157318115,False,27
train_000211,spectral_entropy_change,EEG PO10-Ref,1.9139386415481567,False,36
train_000211,spectral_entropy_change,POL PO11,1.9948056936264038,False,30
train_000211,spectral_entropy_change,POL PO12,1.9187678098678589,False,35
train_000211,spectral_entropy_change,POL PO13,1.2177586555480957,False,132
train_000211,spectral_entropy_change,POL PO14,0.955110490322113,False,155
train_000211,spectral_entropy_change,POL PO15,1.5317240953445435,False,79
train_000211,spectral_entropy_change,POL PO16,4.866341590881348,False,2
train_000211,rhythmicity,POL E1,1.1933135986328125,True,60
train_000211,rhythmicity,POL E2,1.1601405143737793,True,67
train_000211,rhythmicity,POL E3,1.1345127820968628,True,70
train_000211,rhythmicity,POL E4,1.1725997924804688,False,65
train_000211,rhythmicity,POL E5,1.0254638195037842,False,89
train_000211,rhythmicity,POL E6,1.1859424114227295,False,63
train_000211,rhythmicity,POL E7,0.9093374609947205,False,105
train_000211,rhythmicity,POL E8,0.3648865222930908,False,151
train_000211,rhythmicity,POL E9,0.12784649431705475,False,161
train_000211,rhythmicity,POL E10,0.11360251158475876,False,162
train_000211,rhythmicity,POL E13,0.5771158337593079,False,140
train_000211,rhythmicity,POL E14,0.8543144464492798,False,111
train_000211,rhythmicity,EEG F1-Ref,1.081485629081726,True,80
train_000211,rhythmicity,EEG F2-Ref,1.377694845199585,True,41
train_000211,rhythmicity,EEG F3-Ref,1.4188416004180908,False,36
train_000211,rhythmicity,EEG F4-Ref,0.9637566804885864,False,95
train_000211,rhythmicity,EEG F5-Ref,1.1337453126907349,False,71
train_000211,rhythmicity,EEG F6-Ref,0.8849148750305176,False,107
train_000211,rhythmicity,EEG F7-Ref,0.513363242149353,False,147
train_000211,rhythmicity,EEG F8-Ref,0.5102487802505493,False,148
train_000211,rhythmicity,EEG F9-Ref,0.7401911616325378,False,126
train_000211,rhythmicity,POL E11,0.16809828579425812,False,160
train_000211,rhythmicity,POL E12,0.5221664905548096,False,145
train_000211,rhythmicity,EEG F10-Ref,0.8253828287124634,False,115
train_000211,rhythmicity,POL F11,0.7383637428283691,False,127
train_000211,rhythmicity,POL F12,0.984565258026123,False,93
train_000211,rhythmicity,POL F13,1.0170481204986572,False,91
train_000211,rhythmicity,POL F14,0.9489057064056396,False,98
train_000211,rhythmicity,POL F15,0.756449282169342,False,125
train_000211,rhythmicity,POL G1,0.9382610321044922,True,100
train_000211,rhythmicity,POL G2,1.3861145973205566,True,39
train_000211,rhythmicity,POL G3,1.2484828233718872,False,53
train_000211,rhythmicity,POL G4,0.7714104056358337,False,122
train_000211,rhythmicity,POL G5,0.5386359095573425,False,144
train_000211,rhythmicity,POL G6,0.545004665851593,False,143
train_000211,rhythmicity,POL G7,0.3602668046951294,False,152
train_000211,rhythmicity,POL G8,0.26449576020240784,False,155
train_000211,rhythmicity,POL G9,0.18540985882282257,False,159
train_000211,rhythmicity,POL G10,0.10269173979759216,False,163
train_000211,rhythmicity,POL G11,0.2096422165632248,False,157
train_000211,rhythmicity,POL G12,0.3037138879299164,False,153
train_000211,rhythmicity,POL G13,0.254517138004303,False,156
train_000211,rhythmicity,POL G14,0.5208266377449036,False,146
train_000211,rhythmicity,POL G15,1.223374843597412,False,56
train_000211,rhythmicity,POL G16,1.134765625,False,69
train_000211,rhythmicity,POL H1,0.9528859853744507,True,96
train_000211,rhythmicity,POL H2,1.1826633214950562,True,64
train_000211,rhythmicity,POL H3,1.1238160133361816,True,74
train_000211,rhythmicity,POL H4,1.0801085233688354,False,81
train_000211,rhythmicity,POL H5,1.2863558530807495,False,49
train_000211,rhythmicity,POL H6,1.1659566164016724,False,66
train_000211,rhythmicity,POL H7,0.8226338624954224,False,116
train_000211,rhythmicity,POL H8,0.6888282299041748,False,131
train_000211,rhythmicity,POL H9,0.5887912511825562,False,137
train_000211,rhythmicity,POL H10,0.7154529690742493,False,129
train_000211,rhythmicity,POL H11,0.887437105178833,False,106
train_000211,rhythmicity,POL H12,0.7980645895004272,False,119
train_000211,rhythmicity,POL H13,0.6523400545120239,False,133
train_000211,rhythmicity,POL H14,0.4406517446041107,False,150
train_000211,rhythmicity,POL H15,0.550767183303833,False,141
train_000211,rhythmicity,POL I1,1.138162612915039,False,68
train_000211,rhythmicity,POL I2,1.0987669229507446,False,76
train_000211,rhythmicity,POL I3,1.0372204780578613,False,87
train_000211,rhythmicity,POL I4,1.1329375505447388,False,73
train_000211,rhythmicity,POL I5,1.1334030628204346,False,72
train_000211,rhythmicity,POL I6,1.1990714073181152,False,59
train_000211,rhythmicity,POL I7,1.3225054740905762,False,44
train_000211,rhythmicity,POL I8,1.3113206624984741,False,46
train_000211,rhythmicity,POL I9,1.218437671661377,False,57
train_000211,rhythmicity,POL I10,1.1192476749420166,False,75
train_000211,rhythmicity,POL I11,1.0470482110977173,False,85
train_000211,rhythmicity,POL I12,1.8501904010772705,False,11
train_000211,rhythmicity,POL I13,2.1177618503570557,False,7
train_000211,rhythmicity,POL I14,2.186161518096924,False,6
train_000211,rhythmicity,POL I15,1.6971344947814941,False,16
train_000211,rhythmicity,POL I16,1.2902377843856812,False,48
train_000211,rhythmicity,POL J1,1.0731881856918335,False,82
train_000211,rhythmicity,POL J2,1.2920647859573364,False,47
train_000211,rhythmicity,POL J3,1.039054036140442,False,86
train_000211,rhythmicity,POL J4,1.0860660076141357,False,79
train_000211,rhythmicity,POL J5,1.384594202041626,False,40
train_000211,rhythmicity,POL J6,1.2588927745819092,False,52
train_000211,rhythmicity,POL J7,1.4263200759887695,False,35
train_000211,rhythmicity,POL J8,1.4308719635009766,False,33
train_000211,rhythmicity,POL J9,1.1873425245285034,False,62
train_000211,rhythmicity,POL J10,1.5655473470687866,False,25
train_000211,rhythmicity,POL J11,1.3398563861846924,False,43
train_000211,rhythmicity,POL J12,1.029475450515747,False,88
train_000211,rhythmicity,POL J13,1.2773348093032837,False,50
train_000211,rhythmicity,EEG M1-Ref,2.6234161853790283,False,3
train_000211,rhythmicity,EEG M2-Ref,2.2972981929779053,False,5
train_000211,rhythmicity,POL M3,2.353065013885498,False,4
train_000211,rhythmicity,POL M4,1.7960416078567505,False,13
train_000211,rhythmicity,POL M5,1.4578710794448853,False,32
train_000211,rhythmicity,POL M6,1.613674283027649,False,24
train_000211,rhythmicity,POL M7,1.8157117366790771,False,12
train_000211,rhythmicity,POL M8,1.6490089893341064,False,21
train_000211,rhythmicity,POL M9,1.5406773090362549,False,26
train_000211,rhythmicity,POL M10,1.3884412050247192,False,38
train_000211,rhythmicity,POL M11,0.4656246304512024,False,149
train_000211,rhythmicity,POL M12,0.6275193095207214,False,135
train_000211,rhythmicity,POL M13,0.5781739354133606,False,139
train_000211,rhythmicity,POL M14,0.5469163656234741,False,142
train_000211,rhythmicity,POL M15,1.2411463260650635,False,54
train_000211,rhythmicity,POL M16,0.7913514375686646,False,120
train_000211,rhythmicity,POL pMC1,0.8265845775604248,False,114
train_000211,rhythmicity,POL pMC2,0.8839448094367981,False,108
train_000211,rhythmicity,POL pMC3,1.3563873767852783,False,42
train_000211,rhythmicity,POL pMC4,0.9488158822059631,False,99
train_000211,rhythmicity,POL pMC5,0.6953988671302795,False,130
train_000211,rhythmicity,POL pMC6,0.6569128632545471,False,132
train_000211,rhythmicity,POL pMC7,0.8312883973121643,False,113
train_000211,rhythmicity,POL pMC8,0.7680144309997559,False,124
train_000211,rhythmicity,POL pMC9,0.9191383719444275,False,103
train_000211,rhythmicity,POL pMC10,1.002659797668457,False,92
train_000211,rhythmicity,POL pMC11,0.8406899571418762,False,112
train_000211,rhythmicity,POL pMC12,0.9329131245613098,False,101
train_000211,rhythmicity,POL pMC13,1.409509301185608,False,37
train_000211,rhythmicity,POL aMC1,1.0237040519714355,False,90
train_000211,rhythmicity,POL aMC2,1.0893808603286743,False,77
train_000211,rhythmicity,POL aMC3,1.3158652782440186,False,45
train_000211,rhythmicity,POL aMC4,1.2765170335769653,False,51
train_000211,rhythmicity,POL aMC5,1.0885002613067627,False,78
train_000211,rhythmicity,POL aMC6,0.7693114280700684,False,123
train_000211,rhythmicity,POL aMC7,0.8208316564559937,False,117
train_000211,rhythmicity,POL aMC8,0.9518751502037048,False,97
train_000211,rhythmicity,POL aMC9,1.240946650505066,False,55
train_000211,rhythmicity,POL aMC10,0.5859797596931458,False,138
train_000211,rhythmicity,POL aMC11,0.18632511794567108,False,158
train_000211,rhythmicity,POL aMC12,1.8521486520767212,False,10
train_000211,rhythmicity,POL aMC13,2.9909775257110596,False,1
train_000211,rhythmicity,POL AC1,1.4720449447631836,False,31
train_000211,rhythmicity,POL AC2,1.4835290908813477,False,29
train_000211,rhythmicity,POL AC3,1.6516969203948975,False,20
train_000211,rhythmicity,POL AC4,0.8104369640350342,False,118
train_000211,rhythmicity,POL AC5,0.2898695766925812,False,154
train_000211,rhythmicity,POL AC6,0.7365507483482361,False,128
train_000211,rhythmicity,POL AC7,0.8600257039070129,False,110
train_000211,rhythmicity,POL AC8,0.9328897595405579,False,102
train_000211,rhythmicity,POL AC9,0.7717400193214417,False,121
train_000211,rhythmicity,POL AC10,0.909672737121582,False,104
train_000211,rhythmicity,POL AC11,1.0473239421844482,False,84
train_000211,rhythmicity,POL AC12,1.8826918601989746,False,9
train_000211,rhythmicity,POL AC13,2.0917067527770996,False,8
train_000211,rhythmicity,POL AC14,1.7663347721099854,False,15
train_000211,rhythmicity,POL AC15,1.4283443689346313,False,34
train_000211,rhythmicity,POL AC16,1.1994173526763916,False,58
train_000211,rhythmicity,EEG PO1-Ref,0.6229797601699829,False,136
train_000211,rhythmicity,EEG PO2-Ref,0.9714974761009216,False,94
train_000211,rhythmicity,EEG PO3-Ref,0.8692685961723328,False,109
train_000211,rhythmicity,EEG PO4-Ref,1.4929074048995972,False,28
train_000211,rhythmicity,EEG PO5-Ref,1.6782437562942505,False,19
train_000211,rhythmicity,EEG PO6-Ref,1.6842799186706543,False,18
train_000211,rhythmicity,EEG PO7-Ref,1.6861871480941772,False,17
train_000211,rhythmicity,EEG PO8-Ref,1.6438698768615723,False,22
train_000211,rhythmicity,EEG PO9-Ref,1.7721495628356934,False,14
train_000211,rhythmicity,EEG PO10-Ref,1.6211014986038208,False,23
train_000211,rhythmicity,POL PO11,1.5187957286834717,False,27
train_000211,rhythmicity,POL PO12,1.4798448085784912,False,30
train_000211,rhythmicity,POL PO13,0.6348458528518677,False,134
train_000211,rhythmicity,POL PO14,1.0694513320922852,False,83
train_000211,rhythmicity,POL PO15,1.1895357370376587,False,61
train_000211,rhythmicity,POL PO16,2.9801323413848877,False,2
train_000211,multiband_fast_activity,POL E1,3.647690534591675,True,2
train_000211,multiband_fast_activity,POL E2,2.96570086479187,True,4
train_000211,multiband_fast_activity,POL E3,1.636736273765564,True,18
train_000211,multiband_fast_activity,POL E4,0.5316963791847229,False,139
train_000211,multiband_fast_activity,POL E5,0.4558504819869995,False,146
train_000211,multiband_fast_activity,POL E6,0.4427452087402344,False,149
train_000211,multiband_fast_activity,POL E7,0.3314889669418335,False,157
train_000211,multiband_fast_activity,POL E8,0.734261155128479,False,110
train_000211,multiband_fast_activity,POL E9,0.7661817073822021,False,105
train_000211,multiband_fast_activity,POL E10,1.6385760307312012,False,17
train_000211,multiband_fast_activity,POL E13,1.5758569240570068,False,21
train_000211,multiband_fast_activity,POL E14,0.7247953414916992,False,112
train_000211,multiband_fast_activity,EEG F1-Ref,3.079540967941284,True,3
train_000211,multiband_fast_activity,EEG F2-Ref,4.850570201873779,True,1
train_000211,multiband_fast_activity,EEG F3-Ref,1.9193379878997803,False,11
train_000211,multiband_fast_activity,EEG F4-Ref,0.6557711362838745,False,121
train_000211,multiband_fast_activity,EEG F5-Ref,0.5965591669082642,False,131
train_000211,multiband_fast_activity,EEG F6-Ref,0.3416632413864136,False,156
train_000211,multiband_fast_activity,EEG F7-Ref,0.34352657198905945,False,155
train_000211,multiband_fast_activity,EEG F8-Ref,0.22191180288791656,False,160
train_000211,multiband_fast_activity,EEG F9-Ref,0.5639615058898926,False,136
train_000211,multiband_fast_activity,POL E11,1.1284780502319336,False,55
train_000211,multiband_fast_activity,POL E12,1.2974345684051514,False,41
train_000211,multiband_fast_activity,EEG F10-Ref,1.1970561742782593,False,47
train_000211,multiband_fast_activity,POL F11,1.309556484222412,False,38
train_000211,multiband_fast_activity,POL F12,1.553985834121704,False,22
train_000211,multiband_fast_activity,POL F13,1.6476082801818848,False,16
train_000211,multiband_fast_activity,POL F14,0.7544840574264526,False,107
train_000211,multiband_fast_activity,POL F15,1.017538070678711,False,69
train_000211,multiband_fast_activity,POL G1,0.6023613214492798,True,129
train_000211,multiband_fast_activity,POL G2,0.7568076848983765,True,106
train_000211,multiband_fast_activity,POL G3,0.44522732496261597,False,148
train_000211,multiband_fast_activity,POL G4,0.8196049928665161,False,96
train_000211,multiband_fast_activity,POL G5,0.5437024831771851,False,138
train_000211,multiband_fast_activity,POL G6,0.6134538650512695,False,128
train_000211,multiband_fast_activity,POL G7,0.5672369599342346,False,135
train_000211,multiband_fast_activity,POL G8,1.081854224205017,False,62
train_000211,multiband_fast_activity,POL G9,1.3850369453430176,False,32
train_000211,multiband_fast_activity,POL G10,1.2980947494506836,False,40
train_000211,multiband_fast_activity,POL G11,1.2862099409103394,False,43
train_000211,multiband_fast_activity,POL G12,1.1318018436431885,False,53
train_000211,multiband_fast_activity,POL G13,0.7801398634910583,False,101
train_000211,multiband_fast_activity,POL G14,0.8603230118751526,False,92
train_000211,multiband_fast_activity,POL G15,1.3565772771835327,False,34
train_000211,multiband_fast_activity,POL G16,0.8041377663612366,False,99
train_000211,multiband_fast_activity,POL H1,1.1108999252319336,True,58
train_000211,multiband_fast_activity,POL H2,0.864597737789154,True,90
train_000211,multiband_fast_activity,POL H3,0.8729516863822937,True,89
train_000211,multiband_fast_activity,POL H4,2.0100133419036865,False,10
train_000211,multiband_fast_activity,POL H5,0.9419634342193604,False,84
train_000211,multiband_fast_activity,POL H6,0.4541207253932953,False,147
train_000211,multiband_fast_activity,POL H7,0.5159597396850586,False,140
train_000211,multiband_fast_activity,POL H8,0.1813639998435974,False,163
train_000211,multiband_fast_activity,POL H9,0.38947489857673645,False,151
train_000211,multiband_fast_activity,POL H10,0.5986684560775757,False,130
train_000211,multiband_fast_activity,POL H11,1.654104232788086,False,15
train_000211,multiband_fast_activity,POL H12,2.519166946411133,False,6
train_000211,multiband_fast_activity,POL H13,2.8601973056793213,False,5
train_000211,multiband_fast_activity,POL H14,1.3427683115005493,False,35
train_000211,multiband_fast_activity,POL H15,0.8608313798904419,False,91
train_000211,multiband_fast_activity,POL I1,1.0829575061798096,False,61
train_000211,multiband_fast_activity,POL I2,0.6725272536277771,False,118
train_000211,multiband_fast_activity,POL I3,0.5900555849075317,False,132
train_000211,multiband_fast_activity,POL I4,0.6202449202537537,False,127
train_000211,multiband_fast_activity,POL I5,0.628017008304596,False,125
train_000211,multiband_fast_activity,POL I6,0.7117146253585815,False,113
train_000211,multiband_fast_activity,POL I7,0.8085249662399292,False,98
train_000211,multiband_fast_activity,POL I8,0.662156343460083,False,120
train_000211,multiband_fast_activity,POL I9,1.1301406621932983,False,54
train_000211,multiband_fast_activity,POL I10,0.44264209270477295,False,150
train_000211,multiband_fast_activity,POL I11,1.4434552192687988,False,27
train_000211,multiband_fast_activity,POL I12,0.8523853421211243,False,94
train_000211,multiband_fast_activity,POL I13,0.9686069488525391,False,80
train_000211,multiband_fast_activity,POL I14,1.1997302770614624,False,46
train_000211,multiband_fast_activity,POL I15,1.1210771799087524,False,57
train_000211,multiband_fast_activity,POL I16,1.0136570930480957,False,71
train_000211,multiband_fast_activity,POL J1,1.258081316947937,False,44
train_000211,multiband_fast_activity,POL J2,1.0660616159439087,False,64
train_000211,multiband_fast_activity,POL J3,0.4665400981903076,False,145
train_000211,multiband_fast_activity,POL J4,0.7100575566291809,False,114
train_000211,multiband_fast_activity,POL J5,0.6451370716094971,False,122
train_000211,multiband_fast_activity,POL J6,0.7679968476295471,False,104
train_000211,multiband_fast_activity,POL J7,0.9699689745903015,False,79
train_000211,multiband_fast_activity,POL J8,0.6869731545448303,False,117
train_000211,multiband_fast_activity,POL J9,0.8555912971496582,False,93
train_000211,multiband_fast_activity,POL J10,0.24364875257015228,False,159
train_000211,multiband_fast_activity,POL J11,0.2848411500453949,False,158
train_000211,multiband_fast_activity,POL J12,0.9727617502212524,False,78
train_000211,multiband_fast_activity,POL J13,0.38372620940208435,False,152
train_000211,multiband_fast_activity,EEG M1-Ref,1.4153250455856323,False,29
train_000211,multiband_fast_activity,EEG M2-Ref,1.294679880142212,False,42
train_000211,multiband_fast_activity,POL M3,1.1492865085601807,False,52
train_000211,multiband_fast_activity,POL M4,0.5147435069084167,False,141
train_000211,multiband_fast_activity,POL M5,0.5027465224266052,False,143
train_000211,multiband_fast_activity,POL M6,0.6312218904495239,False,123
train_000211,multiband_fast_activity,POL M7,1.0360757112503052,False,66
train_000211,multiband_fast_activity,POL M8,0.9617215394973755,False,82
train_000211,multiband_fast_activity,POL M9,1.0320773124694824,False,67
train_000211,multiband_fast_activity,POL M10,0.6245194673538208,False,126
train_000211,multiband_fast_activity,POL M11,0.9994961023330688,False,74
train_000211,multiband_fast_activity,POL M12,0.96598219871521,False,81
train_000211,multiband_fast_activity,POL M13,1.1813994646072388,False,48
train_000211,multiband_fast_activity,POL M14,1.4087241888046265,False,30
train_000211,multiband_fast_activity,POL M15,0.20993205904960632,False,161
train_000211,multiband_fast_activity,POL M16,0.9518622159957886,False,83
train_000211,multiband_fast_activity,POL pMC1,1.612600564956665,False,20
train_000211,multiband_fast_activity,POL pMC2,2.101837396621704,False,8
train_000211,multiband_fast_activity,POL pMC3,0.990115225315094,False,76
train_000211,multiband_fast_activity,POL pMC4,1.51029372215271,False,26
train_000211,multiband_fast_activity,POL pMC5,1.5524901151657104,False,23
train_000211,multiband_fast_activity,POL pMC6,1.3299862146377563,False,36
train_000211,multiband_fast_activity,POL pMC7,1.006069540977478,False,72
train_000211,multiband_fast_activity,POL pMC8,0.48261314630508423,False,144
train_000211,multiband_fast_activity,POL pMC9,0.1948719173669815,False,162
train_000211,multiband_fast_activity,POL pMC10,0.37396305799484253,False,154
train_000211,multiband_fast_activity,POL pMC11,0.5680938363075256,False,134
train_000211,multiband_fast_activity,POL pMC12,0.5144245624542236,False,142
train_000211,multiband_fast_activity,POL pMC13,0.7323512434959412,False,111
train_000211,multiband_fast_activity,POL aMC1,1.059441089630127,False,65
train_000211,multiband_fast_activity,POL aMC2,0.6911830902099609,False,116
train_000211,multiband_fast_activity,POL aMC3,0.88343745470047,False,88
train_000211,multiband_fast_activity,POL aMC4,1.023809552192688,False,68
train_000211,multiband_fast_activity,POL aMC5,0.8962609767913818,False,87
train_000211,multiband_fast_activity,POL aMC6,0.5551995038986206,False,137
train_000211,multiband_fast_activity,POL aMC7,0.698650062084198,False,115
train_000211,multiband_fast_activity,POL aMC8,0.8451493382453918,False,95
train_000211,multiband_fast_activity,POL aMC9,1.181315541267395,False,49
train_000211,multiband_fast_activity,POL aMC10,1.0855756998062134,False,60
train_000211,multiband_fast_activity,POL aMC11,0.6716358065605164,False,119
train_000211,multiband_fast_activity,POL aMC12,0.939328670501709,False,85
train_000211,multiband_fast_activity,POL aMC13,1.096692442893982,False,59
train_000211,multiband_fast_activity,POL AC1,0.7462232708930969,False,108
train_000211,multiband_fast_activity,POL AC2,0.7351131439208984,False,109
train_000211,multiband_fast_activity,POL AC3,1.7288479804992676,False,13
train_000211,multiband_fast_activity,POL AC4,0.5810748934745789,False,133
train_000211,multiband_fast_activity,POL AC5,0.9974185228347778,False,75
train_000211,multiband_fast_activity,POL AC6,1.357961654663086,False,33
train_000211,multiband_fast_activity,POL AC7,1.327171802520752,False,37
train_000211,multiband_fast_activity,POL AC8,1.7172191143035889,False,14
train_000211,multiband_fast_activity,POL AC9,2.0756773948669434,False,9
train_000211,multiband_fast_activity,POL AC10,1.6181597709655762,False,19
train_000211,multiband_fast_activity,POL AC11,2.1184275150299072,False,7
train_000211,multiband_fast_activity,POL AC12,1.5341061353683472,False,24
train_000211,multiband_fast_activity,POL AC13,1.1696803569793701,False,50
train_000211,multiband_fast_activity,POL AC14,0.7708480358123779,False,103
train_000211,multiband_fast_activity,POL AC15,0.7777628302574158,False,102
train_000211,multiband_fast_activity,POL AC16,1.2468239068984985,False,45
train_000211,multiband_fast_activity,EEG PO1-Ref,1.299514889717102,False,39
train_000211,multiband_fast_activity,EEG PO2-Ref,1.1571097373962402,False,51
train_000211,multiband_fast_activity,EEG PO3-Ref,1.0139923095703125,False,70
train_000211,multiband_fast_activity,EEG PO4-Ref,1.0000567436218262,False,73
train_000211,multiband_fast_activity,EEG PO5-Ref,1.1243188381195068,False,56
train_000211,multiband_fast_activity,EEG PO6-Ref,0.628194272518158,False,124
train_000211,multiband_fast_activity,EEG PO7-Ref,1.4312689304351807,False,28
train_000211,multiband_fast_activity,EEG PO8-Ref,0.9264238476753235,False,86
train_000211,multiband_fast_activity,EEG PO9-Ref,1.522007703781128,False,25
train_000211,multiband_fast_activity,EEG PO10-Ref,0.7883009314537048,False,100
train_000211,multiband_fast_activity,POL PO11,0.808786153793335,False,97
train_000211,multiband_fast_activity,POL PO12,0.9773316383361816,False,77
train_000211,multiband_fast_activity,POL PO13,0.3819400370121002,False,153
train_000211,multiband_fast_activity,POL PO14,1.4003989696502686,False,31
train_000211,multiband_fast_activity,POL PO15,1.0692992210388184,False,63
train_000211,multiband_fast_activity,POL PO16,1.8434345722198486,False,12
train_000211,fast_suppression_joint,POL E1,2.0914361476898193,True,2
train_000211,fast_suppression_joint,POL E2,1.5419484376907349,True,11
train_000211,fast_suppression_joint,POL E3,1.2866495847702026,True,33
train_000211,fast_suppression_joint,POL E4,0.6621456742286682,False,142
train_000211,fast_suppression_joint,POL E5,0.5080152750015259,False,154
train_000211,fast_suppression_joint,POL E6,0.5695735812187195,False,149
train_000211,fast_suppression_joint,POL E7,0.5719940066337585,False,148
train_000211,fast_suppression_joint,POL E8,0.9537094235420227,False,94
train_000211,fast_suppression_joint,POL E9,1.2011966705322266,False,41
train_000211,fast_suppression_joint,POL E10,2.0579607486724854,False,3
train_000211,fast_suppression_joint,POL E13,0.8728337287902832,False,110
train_000211,fast_suppression_joint,POL E14,1.0003807544708252,False,87
train_000211,fast_suppression_joint,EEG F1-Ref,1.4269640445709229,True,19
train_000211,fast_suppression_joint,EEG F2-Ref,1.8358540534973145,True,6
train_000211,fast_suppression_joint,EEG F3-Ref,1.0821338891983032,False,69
train_000211,fast_suppression_joint,EEG F4-Ref,0.9330824017524719,False,101
train_000211,fast_suppression_joint,EEG F5-Ref,0.6917018294334412,False,138
train_000211,fast_suppression_joint,EEG F6-Ref,0.8077309727668762,False,125
train_000211,fast_suppression_joint,EEG F7-Ref,0.45392459630966187,False,158
train_000211,fast_suppression_joint,EEG F8-Ref,0.5874850749969482,False,146
train_000211,fast_suppression_joint,EEG F9-Ref,1.1339483261108398,False,57
train_000211,fast_suppression_joint,POL E11,1.5057991743087769,False,13
train_000211,fast_suppression_joint,POL E12,1.0272693634033203,False,79
train_000211,fast_suppression_joint,EEG F10-Ref,1.6868342161178589,False,7
train_000211,fast_suppression_joint,POL F11,1.9002866744995117,False,5
train_000211,fast_suppression_joint,POL F12,1.4517148733139038,False,18
train_000211,fast_suppression_joint,POL F13,1.652060866355896,False,9
train_000211,fast_suppression_joint,POL F14,1.183794617652893,False,46
train_000211,fast_suppression_joint,POL F15,1.0025485754013062,False,86
train_000211,fast_suppression_joint,POL G1,0.37433817982673645,True,161
train_000211,fast_suppression_joint,POL G2,0.94182288646698,True,96
train_000211,fast_suppression_joint,POL G3,0.8077662587165833,False,124
train_000211,fast_suppression_joint,POL G4,1.1462384462356567,False,51
train_000211,fast_suppression_joint,POL G5,0.9943152070045471,False,88
train_000211,fast_suppression_joint,POL G6,1.043561577796936,False,77
train_000211,fast_suppression_joint,POL G7,1.1128308773040771,False,62
train_000211,fast_suppression_joint,POL G8,1.4559638500213623,False,17
train_000211,fast_suppression_joint,POL G9,1.4112231731414795,False,20
train_000211,fast_suppression_joint,POL G10,1.2670453786849976,False,35
train_000211,fast_suppression_joint,POL G11,1.2205595970153809,False,40
train_000211,fast_suppression_joint,POL G12,0.6929867267608643,False,137
train_000211,fast_suppression_joint,POL G13,0.49443018436431885,False,155
train_000211,fast_suppression_joint,POL G14,0.8392624855041504,False,120
train_000211,fast_suppression_joint,POL G15,0.9882740378379822,False,92
train_000211,fast_suppression_joint,POL G16,0.8814402222633362,False,108
train_000211,fast_suppression_joint,POL H1,1.0195510387420654,True,81
train_000211,fast_suppression_joint,POL H2,1.064241647720337,True,72
train_000211,fast_suppression_joint,POL H3,1.084644079208374,True,67
train_000211,fast_suppression_joint,POL H4,1.2264331579208374,False,38
train_000211,fast_suppression_joint,POL H5,1.2882516384124756,False,31
train_000211,fast_suppression_joint,POL H6,0.8457279205322266,False,117
train_000211,fast_suppression_joint,POL H7,0.8652006387710571,False,111
train_000211,fast_suppression_joint,POL H8,0.4150769114494324,False,160
train_000211,fast_suppression_joint,POL H9,0.5391404032707214,False,151
train_000211,fast_suppression_joint,POL H10,0.8518427610397339,False,116
train_000211,fast_suppression_joint,POL H11,1.4788689613342285,False,15
train_000211,fast_suppression_joint,POL H12,1.9916948080062866,False,4
train_000211,fast_suppression_joint,POL H13,2.093297243118286,False,1
train_000211,fast_suppression_joint,POL H14,1.1290736198425293,False,58
train_000211,fast_suppression_joint,POL H15,1.4098097085952759,False,21
train_000211,fast_suppression_joint,POL I1,1.4848601818084717,False,14
train_000211,fast_suppression_joint,POL I2,1.1379934549331665,False,56
train_000211,fast_suppression_joint,POL I3,1.083244800567627,False,68
train_000211,fast_suppression_joint,POL I4,0.9009048938751221,False,105
train_000211,fast_suppression_joint,POL I5,0.8580011129379272,False,113
train_000211,fast_suppression_joint,POL I6,1.0122286081314087,False,83
train_000211,fast_suppression_joint,POL I7,1.1264517307281494,False,59
train_000211,fast_suppression_joint,POL I8,1.2218647003173828,False,39
train_000211,fast_suppression_joint,POL I9,1.395948052406311,False,22
train_000211,fast_suppression_joint,POL I10,0.7420729994773865,False,132
train_000211,fast_suppression_joint,POL I11,1.640673279762268,False,10
train_000211,fast_suppression_joint,POL I12,1.18115234375,False,47
train_000211,fast_suppression_joint,POL I13,0.7228237986564636,False,134
train_000211,fast_suppression_joint,POL I14,0.5259925723075867,False,152
train_000211,fast_suppression_joint,POL I15,0.6182176470756531,False,144
train_000211,fast_suppression_joint,POL I16,1.1037614345550537,False,64
train_000211,fast_suppression_joint,POL J1,1.143420696258545,False,53
train_000211,fast_suppression_joint,POL J2,1.046521544456482,False,76
train_000211,fast_suppression_joint,POL J3,0.9313501119613647,False,102
train_000211,fast_suppression_joint,POL J4,1.3015702962875366,False,28
train_000211,fast_suppression_joint,POL J5,1.196581482887268,False,44
train_000211,fast_suppression_joint,POL J6,1.2912899255752563,False,30
train_000211,fast_suppression_joint,POL J7,0.9224870204925537,False,103
train_000211,fast_suppression_joint,POL J8,0.938227653503418,False,97
train_000211,fast_suppression_joint,POL J9,1.351999044418335,False,25
train_000211,fast_suppression_joint,POL J10,0.6685784459114075,False,139
train_000211,fast_suppression_joint,POL J11,0.6342744827270508,False,143
train_000211,fast_suppression_joint,POL J12,0.7783721089363098,False,129
train_000211,fast_suppression_joint,POL J13,0.46994873881340027,False,157
train_000211,fast_suppression_joint,EEG M1-Ref,0.9073372483253479,False,104
train_000211,fast_suppression_joint,EEG M2-Ref,1.2920122146606445,False,29
train_000211,fast_suppression_joint,POL M3,1.0495045185089111,False,75
train_000211,fast_suppression_joint,POL M4,1.004427194595337,False,85
train_000211,fast_suppression_joint,POL M5,0.6666435599327087,False,140
train_000211,fast_suppression_joint,POL M6,0.8394433259963989,False,119
train_000211,fast_suppression_joint,POL M7,0.7410308122634888,False,133
train_000211,fast_suppression_joint,POL M8,1.0238233804702759,False,80
train_000211,fast_suppression_joint,POL M9,1.142205834388733,False,55
train_000211,fast_suppression_joint,POL M10,0.8081009387969971,False,123
train_000211,fast_suppression_joint,POL M11,0.8529012203216553,False,115
train_000211,fast_suppression_joint,POL M12,0.7670066952705383,False,130
train_000211,fast_suppression_joint,POL M13,0.0,False,162
train_000211,fast_suppression_joint,POL M14,0.5874130725860596,False,147
train_000211,fast_suppression_joint,POL M15,0.525367021560669,False,153
train_000211,fast_suppression_joint,POL M16,1.0965542793273926,False,65
train_000211,fast_suppression_joint,POL pMC1,1.3072391748428345,False,27
train_000211,fast_suppression_joint,POL pMC2,1.6679675579071045,False,8
train_000211,fast_suppression_joint,POL pMC3,1.0513542890548706,False,74
train_000211,fast_suppression_joint,POL pMC4,1.0770007371902466,False,70
train_000211,fast_suppression_joint,POL pMC5,1.5406495332717896,False,12
train_000211,fast_suppression_joint,POL pMC6,1.387123465538025,False,23
train_000211,fast_suppression_joint,POL pMC7,1.1251206398010254,False,60
train_000211,fast_suppression_joint,POL pMC8,0.9610503315925598,False,93
train_000211,fast_suppression_joint,POL pMC9,0.6956378817558289,False,136
train_000211,fast_suppression_joint,POL pMC10,0.8425316214561462,False,118
train_000211,fast_suppression_joint,POL pMC11,0.9333981871604919,False,100
train_000211,fast_suppression_joint,POL pMC12,0.8572126030921936,False,114
train_000211,fast_suppression_joint,POL pMC13,1.3711826801300049,False,24
train_000211,fast_suppression_joint,POL aMC1,0.8743686676025391,False,109
train_000211,fast_suppression_joint,POL aMC2,0.663459837436676,False,141
train_000211,fast_suppression_joint,POL aMC3,1.1689316034317017,False,49
train_000211,fast_suppression_joint,POL aMC4,0.8235037922859192,False,121
train_000211,fast_suppression_joint,POL aMC5,1.1457322835922241,False,52
train_000211,fast_suppression_joint,POL aMC6,1.0394692420959473,False,78
train_000211,fast_suppression_joint,POL aMC7,0.9929905533790588,False,91
train_000211,fast_suppression_joint,POL aMC8,1.1526451110839844,False,50
train_000211,fast_suppression_joint,POL aMC9,1.0878857374191284,False,66
train_000211,fast_suppression_joint,POL aMC10,0.9934912919998169,False,90
train_000211,fast_suppression_joint,POL aMC11,0.7117379903793335,False,135
train_000211,fast_suppression_joint,POL aMC12,1.186514139175415,False,45
train_000211,fast_suppression_joint,POL aMC13,0.7492570877075195,False,131
train_000211,fast_suppression_joint,POL AC1,1.2320640087127686,False,36
train_000211,fast_suppression_joint,POL AC2,0.7975666522979736,False,127
train_000211,fast_suppression_joint,POL AC3,0.416143536567688,False,159
train_000211,fast_suppression_joint,POL AC4,0.8155774474143982,False,122
train_000211,fast_suppression_joint,POL AC5,0.9941002130508423,False,89
train_000211,fast_suppression_joint,POL AC6,1.2878702878952026,False,32
train_000211,fast_suppression_joint,POL AC7,1.1986944675445557,False,42
train_000211,fast_suppression_joint,POL AC8,1.0668234825134277,False,71
train_000211,fast_suppression_joint,POL AC9,0.9455165266990662,False,95
train_000211,fast_suppression_joint,POL AC10,0.9339572191238403,False,98
train_000211,fast_suppression_joint,POL AC11,1.1744401454925537,False,48
train_000211,fast_suppression_joint,POL AC12,1.0161038637161255,False,82
train_000211,fast_suppression_joint,POL AC13,0.8640921115875244,False,112
train_000211,fast_suppression_joint,POL AC14,0.6144243478775024,False,145
train_000211,fast_suppression_joint,POL AC15,0.0,False,163
train_000211,fast_suppression_joint,POL AC16,1.1145151853561401,False,61
train_000211,fast_suppression_joint,EEG PO1-Ref,1.4593123197555542,False,16
train_000211,fast_suppression_joint,EEG PO2-Ref,1.0619453191757202,False,73
train_000211,fast_suppression_joint,EEG PO3-Ref,1.2301985025405884,False,37
train_000211,fast_suppression_joint,EEG PO4-Ref,0.9335477352142334,False,99
train_000211,fast_suppression_joint,EEG PO5-Ref,0.8936288356781006,False,106
train_000211,fast_suppression_joint,EEG PO6-Ref,0.5495621562004089,False,150
train_000211,fast_suppression_joint,EEG PO7-Ref,0.7831881046295166,False,128
train_000211,fast_suppression_joint,EEG PO8-Ref,1.1060160398483276,False,63
train_000211,fast_suppression_joint,EEG PO9-Ref,1.315209150314331,False,26
train_000211,fast_suppression_joint,EEG PO10-Ref,1.1425753831863403,False,54
train_000211,fast_suppression_joint,POL PO11,1.1982935667037964,False,43
train_000211,fast_suppression_joint,POL PO12,0.8068922758102417,False,126
train_000211,fast_suppression_joint,POL PO13,0.8815251588821411,False,107
train_000211,fast_suppression_joint,POL PO14,1.2813358306884766,False,34
train_000211,fast_suppression_joint,POL PO15,0.4898775517940521,False,156
train_000211,fast_suppression_joint,POL PO16,1.0050439834594727,False,84
train_000211,physiology_composite,POL E1,2.5878562927246094,True,2
train_000211,physiology_composite,POL E2,1.9837727546691895,True,3
train_000211,physiology_composite,POL E3,1.395279884338379,True,19
train_000211,physiology_composite,POL E4,1.0451849699020386,False,70
train_000211,physiology_composite,POL E5,0.645678699016571,False,138
train_000211,physiology_composite,POL E6,0.6328380703926086,False,141
train_000211,physiology_composite,POL E7,0.47982481122016907,False,158
train_000211,physiology_composite,POL E8,0.56529700756073,False,145
train_000211,physiology_composite,POL E9,0.9360664486885071,False,90
train_000211,physiology_composite,POL E10,1.5092597007751465,False,14
train_000211,physiology_composite,POL E13,1.0087672472000122,False,76
train_000211,physiology_composite,POL E14,1.1450152397155762,False,51
train_000211,physiology_composite,EEG F1-Ref,1.8900038003921509,True,4
train_000211,physiology_composite,EEG F2-Ref,2.6364922523498535,True,1
train_000211,physiology_composite,EEG F3-Ref,1.3124388456344604,False,25
train_000211,physiology_composite,EEG F4-Ref,0.9325721263885498,False,92
train_000211,physiology_composite,EEG F5-Ref,0.6372557878494263,False,140
train_000211,physiology_composite,EEG F6-Ref,0.5482033491134644,False,149
train_000211,physiology_composite,EEG F7-Ref,0.7056066393852234,False,131
train_000211,physiology_composite,EEG F8-Ref,0.8211545944213867,False,107
train_000211,physiology_composite,EEG F9-Ref,0.9112043976783752,False,96
train_000211,physiology_composite,POL E11,1.0769343376159668,False,62
train_000211,physiology_composite,POL E12,0.8336808681488037,False,104
train_000211,physiology_composite,EEG F10-Ref,1.2253787517547607,False,36
train_000211,physiology_composite,POL F11,1.5336897373199463,False,12
train_000211,physiology_composite,POL F12,1.2184805870056152,False,38
train_000211,physiology_composite,POL F13,1.3779382705688477,False,22
train_000211,physiology_composite,POL F14,0.9827641844749451,False,81
train_000211,physiology_composite,POL F15,0.870906412601471,False,101
train_000211,physiology_composite,POL G1,1.005855917930603,True,77
train_000211,physiology_composite,POL G2,0.8120609521865845,True,108
train_000211,physiology_composite,POL G3,0.5485772490501404,False,148
train_000211,physiology_composite,POL G4,0.7522706389427185,False,122
train_000211,physiology_composite,POL G5,0.6662818193435669,False,136
train_000211,physiology_composite,POL G6,0.8006925582885742,False,112
train_000211,physiology_composite,POL G7,0.9792237281799316,False,82
train_000211,physiology_composite,POL G8,1.226302146911621,False,35
train_000211,physiology_composite,POL G9,1.2398546934127808,False,33
train_000211,physiology_composite,POL G10,1.1783843040466309,False,44
train_000211,physiology_composite,POL G11,1.2177163362503052,False,39
train_000211,physiology_composite,POL G12,0.5796034336090088,False,143
train_000211,physiology_composite,POL G13,0.4927212595939636,False,156
train_000211,physiology_composite,POL G14,0.555046558380127,False,147
train_000211,physiology_composite,POL G15,0.6479958295822144,False,137
train_000211,physiology_composite,POL G16,0.5582983493804932,False,146
train_000211,physiology_composite,POL H1,1.108829379081726,True,55
train_000211,physiology_composite,POL H2,1.0872914791107178,True,60
train_000211,physiology_composite,POL H3,1.095391869544983,True,58
train_000211,physiology_composite,POL H4,1.5106124877929688,False,13
train_000211,physiology_composite,POL H5,1.3093304634094238,False,26
train_000211,physiology_composite,POL H6,0.759135901927948,False,119
train_000211,physiology_composite,POL H7,0.8115708231925964,False,109
train_000211,physiology_composite,POL H8,0.5875279903411865,False,142
train_000211,physiology_composite,POL H9,0.4849526882171631,False,157
train_000211,physiology_composite,POL H10,0.49942052364349365,False,155
train_000211,physiology_composite,POL H11,0.7828896045684814,False,116
train_000211,physiology_composite,POL H12,1.3392400741577148,False,23
train_000211,physiology_composite,POL H13,1.3813573122024536,False,21
train_000211,physiology_composite,POL H14,1.0518383979797363,False,68
train_000211,physiology_composite,POL H15,1.5766499042510986,False,9
train_000211,physiology_composite,POL I1,1.4260567426681519,False,16
train_000211,physiology_composite,POL I2,1.2990714311599731,False,27
train_000211,physiology_composite,POL I3,1.1638498306274414,False,46
train_000211,physiology_composite,POL I4,1.0566459894180298,False,66
train_000211,physiology_composite,POL I5,0.8756796717643738,False,100
train_000211,physiology_composite,POL I6,0.9408059120178223,False,88
train_000211,physiology_composite,POL I7,0.9615129232406616,False,83
train_000211,physiology_composite,POL I8,1.0553019046783447,False,67
train_000211,physiology_composite,POL I9,1.0850248336791992,False,61
train_000211,physiology_composite,POL I10,0.5257487297058105,False,152
train_000211,physiology_composite,POL I11,1.1834666728973389,False,43
train_000211,physiology_composite,POL I12,1.0875672101974487,False,59
train_000211,physiology_composite,POL I13,0.7341504096984863,False,126
train_000211,physiology_composite,POL I14,0.673401951789856,False,135
train_000211,physiology_composite,POL I15,0.739975094795227,False,124
train_000211,physiology_composite,POL I16,1.1077661514282227,False,56
train_000211,physiology_composite,POL J1,1.1999704837799072,False,41
train_000211,physiology_composite,POL J2,1.0268561840057373,False,73
train_000211,physiology_composite,POL J3,1.1615568399429321,False,48
train_000211,physiology_composite,POL J4,1.2391115427017212,False,34
train_000211,physiology_composite,POL J5,1.1114767789840698,False,54
train_000211,physiology_composite,POL J6,1.028962254524231,False,72
train_000211,physiology_composite,POL J7,0.9083206057548523,False,97
train_000211,physiology_composite,POL J8,0.9379753470420837,False,89
train_000211,physiology_composite,POL J9,1.2607063055038452,False,32
train_000211,physiology_composite,POL J10,0.7953389286994934,False,113
train_000211,physiology_composite,POL J11,0.7164491415023804,False,130
train_000211,physiology_composite,POL J12,0.6380955576896667,False,139
train_000211,physiology_composite,POL J13,1.105403184890747,False,57
train_000211,physiology_composite,EEG M1-Ref,0.8897157907485962,False,98
train_000211,physiology_composite,EEG M2-Ref,1.2967641353607178,False,28
train_000211,physiology_composite,POL M3,0.959947943687439,False,84
train_000211,physiology_composite,POL M4,1.1877788305282593,False,42
train_000211,physiology_composite,POL M5,0.9854375720024109,False,80
train_000211,physiology_composite,POL M6,0.7576262354850769,False,120
train_000211,physiology_composite,POL M7,0.8644245862960815,False,102
train_000211,physiology_composite,POL M8,0.7832736968994141,False,115
train_000211,physiology_composite,POL M9,1.1214758157730103,False,53
train_000211,physiology_composite,POL M10,0.7222951650619507,False,129
train_000211,physiology_composite,POL M11,0.8573768734931946,False,103
train_000211,physiology_composite,POL M12,1.068893313407898,False,64
train_000211,physiology_composite,POL M13,1.201547622680664,False,40
train_000211,physiology_composite,POL M14,1.0732567310333252,False,63
train_000211,physiology_composite,POL M15,0.7338087558746338,False,127
train_000211,physiology_composite,POL M16,1.4147378206253052,False,17
train_000211,physiology_composite,POL pMC1,1.0090053081512451,False,75
train_000211,physiology_composite,POL pMC2,1.2963097095489502,False,29
train_000211,physiology_composite,POL pMC3,0.9217171669006348,False,95
train_000211,physiology_composite,POL pMC4,1.2937616109848022,False,30
train_000211,physiology_composite,POL pMC5,1.0131791830062866,False,74
train_000211,physiology_composite,POL pMC6,0.9432878494262695,False,87
train_000211,physiology_composite,POL pMC7,0.7424377799034119,False,123
train_000211,physiology_composite,POL pMC8,0.5023559927940369,False,154
train_000211,physiology_composite,POL pMC9,0.38279247283935547,False,160
train_000211,physiology_composite,POL pMC10,0.26633334159851074,False,163
train_000211,physiology_composite,POL pMC11,0.3575987219810486,False,161
train_000211,physiology_composite,POL pMC12,0.29248595237731934,False,162
train_000211,physiology_composite,POL pMC13,0.8109793066978455,False,110
train_000211,physiology_composite,POL aMC1,0.5155488848686218,False,153
train_000211,physiology_composite,POL aMC2,0.6886047720909119,False,133
train_000211,physiology_composite,POL aMC3,0.7702369689941406,False,117
train_000211,physiology_composite,POL aMC4,0.7394981980323792,False,125
train_000211,physiology_composite,POL aMC5,1.0670034885406494,False,65
train_000211,physiology_composite,POL aMC6,0.8813467025756836,False,99
train_000211,physiology_composite,POL aMC7,0.8268853425979614,False,105
train_000211,physiology_composite,POL aMC8,0.8077757358551025,False,111
train_000211,physiology_composite,POL aMC9,0.692184567451477,False,132
train_000211,physiology_composite,POL aMC10,0.4546090066432953,False,159
train_000211,physiology_composite,POL aMC11,0.5671858787536621,False,144
train_000211,physiology_composite,POL aMC12,1.2190377712249756,False,37
train_000211,physiology_composite,POL aMC13,0.9592546224594116,False,85
train_000211,physiology_composite,POL AC1,1.5643192529678345,False,10
train_000211,physiology_composite,POL AC2,0.5467601418495178,False,150
train_000211,physiology_composite,POL AC3,0.6829800605773926,False,134
train_000211,physiology_composite,POL AC4,0.9504858255386353,False,86
train_000211,physiology_composite,POL AC5,0.7609512805938721,False,118
train_000211,physiology_composite,POL AC6,1.2709496021270752,False,31
train_000211,physiology_composite,POL AC7,0.9878480434417725,False,78
train_000211,physiology_composite,POL AC8,0.9233624935150146,False,93
train_000211,physiology_composite,POL AC9,0.7249378561973572,False,128
train_000211,physiology_composite,POL AC10,0.9342749118804932,False,91
train_000211,physiology_composite,POL AC11,1.17816960811615,False,45
train_000211,physiology_composite,POL AC12,1.045353889465332,False,69
train_000211,physiology_composite,POL AC13,0.986923336982727,False,79
train_000211,physiology_composite,POL AC14,1.339173674583435,False,24
train_000211,physiology_composite,POL AC15,1.1626075506210327,False,47
train_000211,physiology_composite,POL AC16,1.389819860458374,False,20
train_000211,physiology_composite,EEG PO1-Ref,1.469137191772461,False,15
train_000211,physiology_composite,EEG PO2-Ref,1.1575782299041748,False,50
train_000211,physiology_composite,EEG PO3-Ref,1.157650351524353,False,49
train_000211,physiology_composite,EEG PO4-Ref,0.8245632648468018,False,106
train_000211,physiology_composite,EEG PO5-Ref,0.7897802591323853,False,114
train_000211,physiology_composite,EEG PO6-Ref,0.5382486581802368,False,151
train_000211,physiology_composite,EEG PO7-Ref,0.7562498450279236,False,121
train_000211,physiology_composite,EEG PO8-Ref,1.5931413173675537,False,7
train_000211,physiology_composite,EEG PO9-Ref,1.541803002357483,False,11
train_000211,physiology_composite,EEG PO10-Ref,1.7742524147033691,False,5
train_000211,physiology_composite,POL PO11,1.6025197505950928,False,6
train_000211,physiology_composite,POL PO12,1.4115064144134521,False,18
train_000211,physiology_composite,POL PO13,1.1408330202102661,False,52
train_000211,physiology_composite,POL PO14,1.5899014472961426,False,8
train_000211,physiology_composite,POL PO15,1.041268229484558,False,71
train_000211,physiology_composite,POL PO16,0.9217172861099243,False,94
train_000274,line_length,EEG A1-Ref,0.08393722772598267,True,120
train_000274,line_length,EEG A2-Ref,0.0004485758545342833,True,122
train_000274,line_length,POL A3,-0.03136076405644417,True,124
train_000274,line_length,POL A4,0.08317465335130692,True,121
train_000274,line_length,POL A5,0.2931826412677765,False,112
train_000274,line_length,POL A6,0.3401366174221039,False,101
train_000274,line_length,POL A7,0.39489448070526123,False,94
train_000274,line_length,POL A8,0.3828958570957184,False,95
train_000274,line_length,POL A9,0.5343689918518066,False,71
train_000274,line_length,POL A10,0.40531861782073975,False,90
train_000274,line_length,POL B1,0.2338332086801529,True,116
train_000274,line_length,POL B2,0.34624961018562317,False,99
train_000274,line_length,POL B3,0.5981503129005432,False,56
train_000274,line_length,POL B4,0.5513643622398376,False,66
train_000274,line_length,POL B5,0.5401560664176941,False,70
train_000274,line_length,POL B6,0.6367625594139099,False,48
train_000274,line_length,POL B7,0.5429494380950928,False,68
train_000274,line_length,POL B8,0.4272019863128662,False,86
train_000274,line_length,POL B9,0.4149082899093628,False,88
train_000274,line_length,POL B10,0.33023881912231445,False,104
train_000274,line_length,POL B11,0.29855257272720337,False,111
train_000274,line_length,POL A11,-0.018032783642411232,False,123
train_000274,line_length,POL A12,0.30033186078071594,False,108
train_000274,line_length,POL U1,0.8173828721046448,True,21
train_000274,line_length,POL U2,1.1269289255142212,False,6
train_000274,line_length,POL U3,0.8634536266326904,False,18
train_000274,line_length,POL U4,0.9346476793289185,False,11
train_000274,line_length,POL U5,0.7660518884658813,False,30
train_000274,line_length,POL U6,0.6033083200454712,False,55
train_000274,line_length,POL U7,0.6971535086631775,False,37
train_000274,line_length,POL U8,0.7052716016769409,False,34
train_000274,line_length,POL T1,0.3391250967979431,False,102
train_000274,line_length,POL T2,0.8173509240150452,False,22
train_000274,line_length,EEG T3-Ref,0.5739339590072632,False,61
train_000274,line_length,EEG T4-Ref,0.9873007535934448,False,8
train_000274,line_length,EEG T5-Ref,0.5675035715103149,False,62
train_000274,line_length,EEG T6-Ref,0.35935622453689575,False,98
train_000274,line_length,EEG T7-Ref,0.21145494282245636,False,117
train_000274,line_length,EEG T8-Ref,0.2100347876548767,False,118
train_000274,line_length,EEG T9-Ref,0.26625657081604004,False,114
train_000274,line_length,EEG T10-Ref,0.6152012348175049,False,51
train_000274,line_length,POL T11,0.9134144186973572,False,14
train_000274,line_length,POL T12,0.5020021200180054,False,76
train_000274,line_length,POL J1,0.96080482006073,False,9
train_000274,line_length,POL J2,1.1981950998306274,False,5
train_000274,line_length,POL J3,1.4430067539215088,False,2
train_000274,line_length,POL J4,1.7774286270141602,False,1
train_000274,line_length,POL J5,1.0884968042373657,False,7
train_000274,line_length,POL J6,0.6867157816886902,False,43
train_000274,line_length,POL J7,0.26788997650146484,False,113
train_000274,line_length,POL K1,0.34149622917175293,True,100
train_000274,line_length,POL K2,0.8361898064613342,False,19
train_000274,line_length,POL K3,0.6953980922698975,False,39
train_000274,line_length,POL K4,0.5930895209312439,False,57
train_000274,line_length,POL K5,0.7932593822479248,False,25
train_000274,line_length,POL K6,0.7771512866020203,False,26
train_000274,line_length,POL K7,0.8006716370582581,False,24
train_000274,line_length,POL K8,0.9231063723564148,False,12
train_000274,line_length,POL L1,0.49385929107666016,False,80
train_000274,line_length,POL L2,0.8206024169921875,False,20
train_000274,line_length,POL L3,0.6641689538955688,False,45
train_000274,line_length,POL L4,0.49873772263526917,False,79
train_000274,line_length,POL L5,0.7726357579231262,False,28
train_000274,line_length,POL L6,0.6263343691825867,False,50
train_000274,line_length,POL L7,0.6269623041152954,False,49
train_000274,line_length,POL L8,0.40872111916542053,False,89
train_000274,line_length,EEG M1-Ref,0.6383440494537354,False,47
train_000274,line_length,EEG M2-Ref,0.3313862383365631,False,103
train_000274,line_length,POL M3,0.5020304918289185,False,75
train_000274,line_length,POL M4,0.6832302808761597,False,44
train_000274,line_length,POL M5,0.6522905230522156,True,46
train_000274,line_length,POL M6,0.9178590178489685,True,13
train_000274,line_length,POL M7,0.8976923227310181,True,15
train_000274,line_length,POL M8,1.200491189956665,False,4
train_000274,line_length,POL M9,0.7545499205589294,False,31
train_000274,line_length,POL N1,0.7469937205314636,False,32
train_000274,line_length,POL N2,0.5003036856651306,False,78
train_000274,line_length,POL N3,0.5111405253410339,False,74
train_000274,line_length,POL N4,0.46423137187957764,False,84
train_000274,line_length,POL N5,0.46704423427581787,False,83
train_000274,line_length,POL N6,0.5445039868354797,False,67
train_000274,line_length,POL N7,0.521517813205719,False,73
train_000274,line_length,POL N8,0.40024620294570923,False,93
train_000274,line_length,POL N9,0.46720024943351746,False,82
train_000274,line_length,EEG P1-Ref,0.7669816613197327,False,29
train_000274,line_length,EEG P2-Ref,0.5831271409988403,False,60
train_000274,line_length,EEG P3-Ref,0.5409343838691711,False,69
train_000274,line_length,EEG P4-Ref,0.5886074304580688,False,59
train_000274,line_length,EEG P5-Ref,0.6960704922676086,False,38
train_000274,line_length,EEG P6-Ref,0.8830228447914124,False,16
train_000274,line_length,EEG P7-Ref,0.6120264530181885,False,53
train_000274,line_length,EEG P8-Ref,0.4231191873550415,False,87
train_000274,line_length,POL R1,0.7739395499229431,False,27
train_000274,line_length,POL R2,0.5520090460777283,False,65
train_000274,line_length,POL R3,0.5898568034172058,False,58
train_000274,line_length,POL R4,0.9545596241950989,False,10
train_000274,line_length,POL R5,0.8071401715278625,False,23
train_000274,line_length,POL R6,0.5254415273666382,False,72
train_000274,line_length,POL R7,0.8763805627822876,False,17
train_000274,line_length,POL R8,0.6895859241485596,False,42
train_000274,line_length,POL R9,0.6991927623748779,False,36
train_000274,line_length,POL R10,0.5565400123596191,False,64
train_000274,line_length,POL R11,0.694257915019989,False,40
train_000274,line_length,POL R12,0.4469132721424103,False,85
train_000274,line_length,POL R13,0.5616243481636047,False,63
train_000274,line_length,POL R14,0.5003401637077332,False,77
train_000274,line_length,POL R15,0.7284799218177795,False,33
train_000274,line_length,POL R16,0.7029140591621399,False,35
train_000274,line_length,POL AC1,0.298608660697937,False,110
train_000274,line_length,POL AC2,0.3032945692539215,False,107
train_000274,line_length,POL AC3,0.15950430929660797,False,119
train_000274,line_length,POL AC4,0.29974526166915894,False,109
train_000274,line_length,POL AC5,0.2627859115600586,False,115
train_000274,line_length,POL AC6,0.3232063949108124,False,106
train_000274,line_length,POL AC7,0.32743027806282043,False,105
train_000274,line_length,POL AC8,0.4052773714065552,False,91
train_000274,line_length,POL AC9,0.3735347092151642,False,97
train_000274,line_length,POL AC10,0.40245890617370605,False,92
train_000274,line_length,POL AC11,0.4754500389099121,False,81
train_000274,line_length,POL AC12,0.37541812658309937,False,96
train_000274,line_length,POL AC13,0.6897003054618835,False,41
train_000274,line_length,POL AC14,0.6134688258171082,False,52
train_000274,line_length,POL AC15,1.437990665435791,False,3
train_000274,line_length,POL AC16,0.6078207492828369,False,54
train_000274,rms_change,EEG A1-Ref,1.60565984249115,True,28
train_000274,rms_change,EEG A2-Ref,1.0545108318328857,True,77
train_000274,rms_change,POL A3,0.6953516006469727,True,122
train_000274,rms_change,POL A4,1.105198860168457,True,69
train_000274,rms_change,POL A5,0.7147429585456848,False,120
train_000274,rms_change,POL A6,0.8178929090499878,False,113
train_000274,rms_change,POL A7,1.6494038105010986,False,21
train_000274,rms_change,POL A8,2.1032443046569824,False,5
train_000274,rms_change,POL A9,2.050163984298706,False,6
train_000274,rms_change,POL A10,2.00653076171875,False,8
train_000274,rms_change,POL B1,1.6377182006835938,True,24
train_000274,rms_change,POL B2,1.8729952573776245,False,12
train_000274,rms_change,POL B3,1.34611177444458,False,52
train_000274,rms_change,POL B4,1.6812113523483276,False,19
train_000274,rms_change,POL B5,1.509954571723938,False,38
train_000274,rms_change,POL B6,1.4368919134140015,False,43
train_000274,rms_change,POL B7,1.2905076742172241,False,57
train_000274,rms_change,POL B8,1.4674476385116577,False,42
train_000274,rms_change,POL B9,1.498213291168213,False,39
train_000274,rms_change,POL B10,1.483432650566101,False,41
train_000274,rms_change,POL B11,1.8454296588897705,False,14
train_000274,rms_change,POL A11,1.6607164144515991,False,20
train_000274,rms_change,POL A12,2.353562116622925,False,2
train_000274,rms_change,POL U1,1.3654996156692505,True,48
train_000274,rms_change,POL U2,1.3723266124725342,False,47
train_000274,rms_change,POL U3,1.2710944414138794,False,58
train_000274,rms_change,POL U4,1.3728766441345215,False,46
train_000274,rms_change,POL U5,1.5157920122146606,False,37
train_000274,rms_change,POL U6,1.3601022958755493,False,49
train_000274,rms_change,POL U7,1.7992697954177856,False,16
train_000274,rms_change,POL U8,3.3310112953186035,False,1
train_000274,rms_change,POL T1,1.0240933895111084,False,82
train_000274,rms_change,POL T2,0.7470452189445496,False,117
train_000274,rms_change,EEG T3-Ref,0.8908664584159851,False,104
train_000274,rms_change,EEG T4-Ref,1.7385692596435547,False,18
train_000274,rms_change,EEG T5-Ref,1.9848082065582275,False,9
train_000274,rms_change,EEG T6-Ref,1.0751222372055054,False,75
train_000274,rms_change,EEG T7-Ref,1.5673553943634033,False,31
train_000274,rms_change,EEG T8-Ref,1.5450693368911743,False,34
train_000274,rms_change,EEG T9-Ref,1.629414439201355,False,25
train_000274,rms_change,EEG T10-Ref,1.8050297498703003,False,15
train_000274,rms_change,POL T11,1.9296268224716187,False,10
train_000274,rms_change,POL T12,1.628083348274231,False,26
train_000274,rms_change,POL J1,1.5555909872055054,False,32
train_000274,rms_change,POL J2,1.571671485900879,False,30
train_000274,rms_change,POL J3,0.9536400437355042,False,92
train_000274,rms_change,POL J4,0.8020051121711731,False,114
train_000274,rms_change,POL J5,0.9215766787528992,False,98
train_000274,rms_change,POL J6,1.0908576250076294,False,71
train_000274,rms_change,POL J7,1.0804389715194702,False,72
train_000274,rms_change,POL K1,1.0174648761749268,True,84
train_000274,rms_change,POL K2,0.7025744915008545,False,121
train_000274,rms_change,POL K3,1.0714646577835083,False,76
train_000274,rms_change,POL K4,1.516467809677124,False,36
train_000274,rms_change,POL K5,1.355666995048523,False,50
train_000274,rms_change,POL K6,0.8814345002174377,False,107
train_000274,rms_change,POL K7,0.9073606729507446,False,101
train_000274,rms_change,POL K8,0.9905641078948975,False,88
train_000274,rms_change,POL L1,2.1955387592315674,False,4
train_000274,rms_change,POL L2,1.1045653820037842,False,70
train_000274,rms_change,POL L3,2.2364633083343506,False,3
train_000274,rms_change,POL L4,1.043830394744873,False,81
train_000274,rms_change,POL L5,1.0790107250213623,False,73
train_000274,rms_change,POL L6,0.8333381414413452,False,112
train_000274,rms_change,POL L7,0.9245885610580444,False,97
train_000274,rms_change,POL L8,0.6724766492843628,False,123
train_000274,rms_change,EEG M1-Ref,1.1131755113601685,False,67
train_000274,rms_change,EEG M2-Ref,0.9818857908248901,False,89
train_000274,rms_change,POL M3,0.8992853760719299,False,103
train_000274,rms_change,POL M4,0.788587212562561,False,116
train_000274,rms_change,POL M5,0.8663521409034729,True,110
train_000274,rms_change,POL M6,1.2353817224502563,True,60
train_000274,rms_change,POL M7,1.5299128293991089,True,35
train_000274,rms_change,POL M8,1.3091048002243042,False,54
train_000274,rms_change,POL M9,0.6511614322662354,False,124
train_000274,rms_change,POL N1,0.8714334964752197,False,109
train_000274,rms_change,POL N2,0.8751339316368103,False,108
train_000274,rms_change,POL N3,0.7899397611618042,False,115
train_000274,rms_change,POL N4,1.4225698709487915,False,44
train_000274,rms_change,POL N5,2.0375630855560303,False,7
train_000274,rms_change,POL N6,1.641874074935913,False,22
train_000274,rms_change,POL N7,1.7425754070281982,False,17
train_000274,rms_change,POL N8,1.0519598722457886,False,79
train_000274,rms_change,POL N9,1.2537360191345215,False,59
train_000274,rms_change,EEG P1-Ref,1.1260762214660645,False,65
train_000274,rms_change,EEG P2-Ref,1.308377981185913,False,55
train_000274,rms_change,EEG P3-Ref,1.1913028955459595,False,61
train_000274,rms_change,EEG P4-Ref,1.5810420513153076,False,29
train_000274,rms_change,EEG P5-Ref,1.2967729568481445,False,56
train_000274,rms_change,EEG P6-Ref,1.54599928855896,False,33
train_000274,rms_change,EEG P7-Ref,1.6399593353271484,False,23
train_000274,rms_change,EEG P8-Ref,1.6090755462646484,False,27
train_000274,rms_change,POL R1,1.8494346141815186,False,13
train_000274,rms_change,POL R2,1.914918065071106,False,11
train_000274,rms_change,POL R3,1.4914379119873047,False,40
train_000274,rms_change,POL R4,1.11198890209198,False,68
train_000274,rms_change,POL R5,0.9943760633468628,False,87
train_000274,rms_change,POL R6,1.3491672277450562,False,51
train_000274,rms_change,POL R7,0.9518089294433594,False,93
train_000274,rms_change,POL R8,1.3820172548294067,False,45
train_000274,rms_change,POL R9,1.1259969472885132,False,66
train_000274,rms_change,POL R10,1.1314697265625,False,64
train_000274,rms_change,POL R11,1.053865671157837,False,78
train_000274,rms_change,POL R12,0.9170047044754028,False,99
train_000274,rms_change,POL R13,1.1861746311187744,False,62
train_000274,rms_change,POL R14,1.0049951076507568,False,86
train_000274,rms_change,POL R15,0.740665078163147,False,118
train_000274,rms_change,POL R16,1.0100501775741577,False,85
train_000274,rms_change,POL AC1,1.3439249992370605,False,53
train_000274,rms_change,POL AC2,1.0196441411972046,False,83
train_000274,rms_change,POL AC3,0.945705235004425,False,94
train_000274,rms_change,POL AC4,0.9138402938842773,False,100
train_000274,rms_change,POL AC5,0.8864360451698303,False,105
train_000274,rms_change,POL AC6,0.8420470952987671,False,111
train_000274,rms_change,POL AC7,0.8850030303001404,False,106
train_000274,rms_change,POL AC8,0.9794890880584717,False,90
train_000274,rms_change,POL AC9,1.0494228601455688,False,80
train_000274,rms_change,POL AC10,0.9350593686103821,False,96
train_000274,rms_change,POL AC11,0.9395079612731934,False,95
train_000274,rms_change,POL AC12,0.9759353399276733,False,91
train_000274,rms_change,POL AC13,0.717708945274353,False,119
train_000274,rms_change,POL AC14,0.9005488753318787,False,102
train_000274,rms_change,POL AC15,1.0755681991577148,False,74
train_000274,rms_change,POL AC16,1.1500540971755981,False,63
train_000274,teager_energy,EEG A1-Ref,0.31145134568214417,True,101
train_000274,teager_energy,EEG A2-Ref,0.46316611766815186,True,78
train_000274,teager_energy,POL A3,0.3146893382072449,True,99
train_000274,teager_energy,POL A4,0.5600542426109314,True,70
train_000274,teager_energy,POL A5,0.4624699354171753,False,79
train_000274,teager_energy,POL A6,0.4397815465927124,False,82
train_000274,teager_energy,POL A7,0.39802518486976624,False,89
train_000274,teager_energy,POL A8,-0.14112257957458496,False,122
train_000274,teager_energy,POL A9,0.0035498831421136856,False,120
train_000274,teager_energy,POL A10,0.438563734292984,False,83
train_000274,teager_energy,POL B1,0.5619782209396362,True,69
train_000274,teager_energy,POL B2,0.911835789680481,False,51
train_000274,teager_energy,POL B3,1.1217761039733887,False,33
train_000274,teager_energy,POL B4,0.4663836359977722,False,77
train_000274,teager_energy,POL B5,0.036912042647600174,False,118
train_000274,teager_energy,POL B6,0.28978756070137024,False,103
train_000274,teager_energy,POL B7,0.8280059099197388,False,55
train_000274,teager_energy,POL B8,1.0966525077819824,False,36
train_000274,teager_energy,POL B9,1.1025294065475464,False,35
train_000274,teager_energy,POL B10,0.5393626689910889,False,73
train_000274,teager_energy,POL B11,0.28799545764923096,False,105
train_000274,teager_energy,POL A11,0.5507977604866028,False,71
train_000274,teager_energy,POL A12,0.3269466757774353,False,98
train_000274,teager_energy,POL U1,1.1264227628707886,True,32
train_000274,teager_energy,POL U2,1.2616009712219238,False,22
train_000274,teager_energy,POL U3,1.0089693069458008,False,41
train_000274,teager_energy,POL U4,0.7504492998123169,False,60
train_000274,teager_energy,POL U5,0.7425260543823242,False,62
train_000274,teager_energy,POL U6,0.6113015413284302,False,67
train_000274,teager_energy,POL U7,0.2431899607181549,False,108
train_000274,teager_energy,POL U8,0.34656214714050293,False,96
train_000274,teager_energy,POL T1,0.44872838258743286,False,81
train_000274,teager_energy,POL T2,0.4953337609767914,False,75
train_000274,teager_energy,EEG T3-Ref,0.7937566637992859,False,59
train_000274,teager_energy,EEG T4-Ref,1.4976640939712524,False,12
train_000274,teager_energy,EEG T5-Ref,1.3279229402542114,False,19
train_000274,teager_energy,EEG T6-Ref,0.030612168833613396,False,119
train_000274,teager_energy,EEG T7-Ref,1.1217410564422607,False,34
train_000274,teager_energy,EEG T8-Ref,1.280857801437378,False,21
train_000274,teager_energy,EEG T9-Ref,1.6724481582641602,False,9
train_000274,teager_energy,EEG T10-Ref,1.4086666107177734,False,14
train_000274,teager_energy,POL T11,1.3709073066711426,False,18
train_000274,teager_energy,POL T12,0.7400408983230591,False,63
train_000274,teager_energy,POL J1,0.3619470000267029,False,94
train_000274,teager_energy,POL J2,0.6830205917358398,False,64
train_000274,teager_energy,POL J3,0.49257907271385193,False,76
train_000274,teager_energy,POL J4,0.31299328804016113,False,100
train_000274,teager_energy,POL J5,0.4970361590385437,False,74
train_000274,teager_energy,POL J6,-0.21957585215568542,False,124
train_000274,teager_energy,POL J7,-0.17409758269786835,False,123
train_000274,teager_energy,POL K1,0.07729582488536835,True,117
train_000274,teager_energy,POL K2,0.5904918313026428,False,68
train_000274,teager_energy,POL K3,0.19671662151813507,False,112
train_000274,teager_energy,POL K4,0.26291054487228394,False,107
train_000274,teager_energy,POL K5,0.33201470971107483,False,97
train_000274,teager_energy,POL K6,0.418570339679718,False,87
train_000274,teager_energy,POL K7,0.38829636573791504,False,91
train_000274,teager_energy,POL K8,0.3910480737686157,False,90
train_000274,teager_energy,POL L1,0.1302461326122284,False,114
train_000274,teager_energy,POL L2,0.2660579979419708,False,106
train_000274,teager_energy,POL L3,-0.03714295104146004,False,121
train_000274,teager_energy,POL L4,0.09269446134567261,False,116
train_000274,teager_energy,POL L5,0.42772653698921204,False,86
train_000274,teager_energy,POL L6,0.3656298518180847,False,93
train_000274,teager_energy,POL L7,0.545613169670105,False,72
train_000274,teager_energy,POL L8,0.4093914330005646,False,88
train_000274,teager_energy,EEG M1-Ref,0.21130988001823425,False,110
train_000274,teager_energy,EEG M2-Ref,0.20353096723556519,False,111
train_000274,teager_energy,POL M3,0.18641258776187897,False,113
train_000274,teager_energy,POL M4,0.34931254386901855,False,95
train_000274,teager_energy,POL M5,0.10238084942102432,True,115
train_000274,teager_energy,POL M6,0.2889150083065033,True,104
train_000274,teager_energy,POL M7,1.3925464153289795,True,15
train_000274,teager_energy,POL M8,1.2539974451065063,False,24
train_000274,teager_energy,POL M9,0.3010207414627075,False,102
train_000274,teager_energy,POL N1,0.3666002154350281,False,92
train_000274,teager_energy,POL N2,0.4298889935016632,False,85
train_000274,teager_energy,POL N3,0.6760866045951843,False,65
train_000274,teager_energy,POL N4,1.955079197883606,False,7
train_000274,teager_energy,POL N5,2.805145263671875,False,1
train_000274,teager_energy,POL N6,2.571192741394043,False,3
train_000274,teager_energy,POL N7,2.6051878929138184,False,2
train_000274,teager_energy,POL N8,0.9663113355636597,False,46
train_000274,teager_energy,POL N9,0.9028109908103943,False,52
train_000274,teager_energy,EEG P1-Ref,0.6684303283691406,False,66
train_000274,teager_energy,EEG P2-Ref,0.43266376852989197,False,84
train_000274,teager_energy,EEG P3-Ref,0.8702807426452637,False,54
train_000274,teager_energy,EEG P4-Ref,0.9932329058647156,False,43
train_000274,teager_energy,EEG P5-Ref,1.2208986282348633,False,26
train_000274,teager_energy,EEG P6-Ref,2.187194585800171,False,5
train_000274,teager_energy,EEG P7-Ref,2.449455738067627,False,4
train_000274,teager_energy,EEG P8-Ref,1.9994934797286987,False,6
train_000274,teager_energy,POL R1,1.664646863937378,False,10
train_000274,teager_energy,POL R2,1.6730895042419434,False,8
train_000274,teager_energy,POL R3,0.8789985179901123,False,53
train_000274,teager_energy,POL R4,0.9158615469932556,False,50
train_000274,teager_energy,POL R5,1.0921686887741089,False,37
train_000274,teager_energy,POL R6,0.21144171059131622,False,109
train_000274,teager_energy,POL R7,0.8238933682441711,False,56
train_000274,teager_energy,POL R8,0.8205559849739075,False,57
train_000274,teager_energy,POL R9,0.45879554748535156,False,80
train_000274,teager_energy,POL R10,0.7461845874786377,False,61
train_000274,teager_energy,POL R11,0.9841291904449463,False,45
train_000274,teager_energy,POL R12,0.9990730285644531,False,42
train_000274,teager_energy,POL R13,0.9881680011749268,False,44
train_000274,teager_energy,POL R14,0.9401091933250427,False,49
train_000274,teager_energy,POL R15,1.053656816482544,False,39
train_000274,teager_energy,POL R16,1.0706075429916382,False,38
train_000274,teager_energy,POL AC1,1.565216302871704,False,11
train_000274,teager_energy,POL AC2,1.2100971937179565,False,28
train_000274,teager_energy,POL AC3,1.1577569246292114,False,31
train_000274,teager_energy,POL AC4,1.254448413848877,False,23
train_000274,teager_energy,POL AC5,1.3047218322753906,False,20
train_000274,teager_energy,POL AC6,1.3808696269989014,False,16
train_000274,teager_energy,POL AC7,1.4662857055664062,False,13
train_000274,teager_energy,POL AC8,1.3776483535766602,False,17
train_000274,teager_energy,POL AC9,1.202562689781189,False,29
train_000274,teager_energy,POL AC10,1.2214322090148926,False,25
train_000274,teager_energy,POL AC11,1.191267490386963,False,30
train_000274,teager_energy,POL AC12,1.210925817489624,False,27
train_000274,teager_energy,POL AC13,0.8002972602844238,False,58
train_000274,teager_energy,POL AC14,1.039424180984497,False,40
train_000274,teager_energy,POL AC15,0.948390781879425,False,48
train_000274,teager_energy,POL AC16,0.9564231634140015,False,47
train_000274,kurtosis,EEG A1-Ref,0.10234613716602325,True,124
train_000274,kurtosis,EEG A2-Ref,0.6471312046051025,True,121
train_000274,kurtosis,POL A3,0.6707357168197632,True,120
train_000274,kurtosis,POL A4,0.6197231411933899,True,122
train_000274,kurtosis,POL A5,1.641191840171814,False,85
train_000274,kurtosis,POL A6,2.9457826614379883,False,34
train_000274,kurtosis,POL A7,2.1478188037872314,False,62
train_000274,kurtosis,POL A8,2.2529845237731934,False,58
train_000274,kurtosis,POL A9,1.548276424407959,False,93
train_000274,kurtosis,POL A10,1.8808717727661133,False,76
train_000274,kurtosis,POL B1,1.64091157913208,True,86
train_000274,kurtosis,POL B2,1.9392322301864624,False,72
train_000274,kurtosis,POL B3,3.074920177459717,False,28
train_000274,kurtosis,POL B4,2.3617911338806152,False,54
train_000274,kurtosis,POL B5,1.5313432216644287,False,94
train_000274,kurtosis,POL B6,1.4735597372055054,False,97
train_000274,kurtosis,POL B7,2.159870147705078,False,60
train_000274,kurtosis,POL B8,1.6926344633102417,False,84
train_000274,kurtosis,POL B9,1.8065825700759888,False,79
train_000274,kurtosis,POL B10,2.5348219871520996,False,50
train_000274,kurtosis,POL B11,3.3213417530059814,False,21
train_000274,kurtosis,POL A11,0.6852421760559082,False,119
train_000274,kurtosis,POL A12,1.7470170259475708,False,81
train_000274,kurtosis,POL U1,2.824441432952881,True,39
train_000274,kurtosis,POL U2,2.730684518814087,False,42
train_000274,kurtosis,POL U3,2.3432674407958984,False,55
train_000274,kurtosis,POL U4,1.913690447807312,False,74
train_000274,kurtosis,POL U5,2.977660655975342,False,32
train_000274,kurtosis,POL U6,1.5717411041259766,False,90
train_000274,kurtosis,POL U7,0.8735508322715759,False,114
train_000274,kurtosis,POL U8,4.771812438964844,False,2
train_000274,kurtosis,POL T1,4.526676654815674,False,5
train_000274,kurtosis,POL T2,2.78427791595459,False,41
train_000274,kurtosis,EEG T3-Ref,2.630106210708618,False,46
train_000274,kurtosis,EEG T4-Ref,3.6326448917388916,False,15
train_000274,kurtosis,EEG T5-Ref,0.7958810925483704,False,118
train_000274,kurtosis,EEG T6-Ref,3.435559034347534,False,20
train_000274,kurtosis,EEG T7-Ref,3.2541046142578125,False,25
train_000274,kurtosis,EEG T8-Ref,1.1240572929382324,False,111
train_000274,kurtosis,EEG T9-Ref,3.293421506881714,False,23
train_000274,kurtosis,EEG T10-Ref,1.4493054151535034,False,99
train_000274,kurtosis,POL T11,2.794243812561035,False,40
train_000274,kurtosis,POL T12,2.3854455947875977,False,53
train_000274,kurtosis,POL J1,1.717607855796814,False,83
train_000274,kurtosis,POL J2,1.486631989479065,False,95
train_000274,kurtosis,POL J3,1.7878100872039795,False,80
train_000274,kurtosis,POL J4,1.8155758380889893,False,78
train_000274,kurtosis,POL J5,1.2785717248916626,False,106
train_000274,kurtosis,POL J6,0.3119666576385498,False,123
train_000274,kurtosis,POL J7,2.1700472831726074,False,59
train_000274,kurtosis,POL K1,1.4561371803283691,True,98
train_000274,kurtosis,POL K2,0.7978067398071289,False,117
train_000274,kurtosis,POL K3,1.397473931312561,False,102
train_000274,kurtosis,POL K4,2.865933418273926,False,38
train_000274,kurtosis,POL K5,2.7128238677978516,False,44
train_000274,kurtosis,POL K6,3.03619122505188,False,29
train_000274,kurtosis,POL K7,3.076669931411743,False,27
train_000274,kurtosis,POL K8,2.923189878463745,False,35
train_000274,kurtosis,POL L1,1.8790373802185059,False,77
train_000274,kurtosis,POL L2,3.3174564838409424,False,22
train_000274,kurtosis,POL L3,1.914293885231018,False,73
train_000274,kurtosis,POL L4,1.6034283638000488,False,88
train_000274,kurtosis,POL L5,2.721554756164551,False,43
train_000274,kurtosis,POL L6,2.5868494510650635,False,47
train_000274,kurtosis,POL L7,2.044123649597168,False,68
train_000274,kurtosis,POL L8,2.2874529361724854,False,56
train_000274,kurtosis,EEG M1-Ref,1.3839267492294312,False,105
train_000274,kurtosis,EEG M2-Ref,1.2163875102996826,False,108
train_000274,kurtosis,POL M3,2.3946189880371094,False,52
train_000274,kurtosis,POL M4,1.9056129455566406,False,75
train_000274,kurtosis,POL M5,1.2760030031204224,True,107
train_000274,kurtosis,POL M6,0.8030999898910522,True,116
train_000274,kurtosis,POL M7,2.1436333656311035,True,63
train_000274,kurtosis,POL M8,1.9866772890090942,False,70
train_000274,kurtosis,POL M9,1.5692949295043945,False,92
train_000274,kurtosis,POL N1,4.244959831237793,False,9
train_000274,kurtosis,POL N2,4.561590194702148,False,3
train_000274,kurtosis,POL N3,3.7408859729766846,False,13
train_000274,kurtosis,POL N4,4.296786308288574,False,8
train_000274,kurtosis,POL N5,4.539298057556152,False,4
train_000274,kurtosis,POL N6,3.092288017272949,False,26
train_000274,kurtosis,POL N7,3.5990943908691406,False,16
train_000274,kurtosis,POL N8,3.643498659133911,False,14
train_000274,kurtosis,POL N9,2.8875718116760254,False,36
train_000274,kurtosis,EEG P1-Ref,2.9491469860076904,False,33
train_000274,kurtosis,EEG P2-Ref,2.8837759494781494,False,37
train_000274,kurtosis,EEG P3-Ref,1.4452075958251953,False,100
train_000274,kurtosis,EEG P4-Ref,2.0239107608795166,False,69
train_000274,kurtosis,EEG P5-Ref,2.1100308895111084,False,65
train_000274,kurtosis,EEG P6-Ref,1.7457969188690186,False,82
train_000274,kurtosis,EEG P7-Ref,1.1276283264160156,False,110
train_000274,kurtosis,EEG P8-Ref,1.1651558876037598,False,109
train_000274,kurtosis,POL R1,4.356074333190918,False,6
train_000274,kurtosis,POL R2,3.2822115421295166,False,24
train_000274,kurtosis,POL R3,4.032597541809082,False,10
train_000274,kurtosis,POL R4,1.391322135925293,False,103
train_000274,kurtosis,POL R5,2.9956517219543457,False,30
train_000274,kurtosis,POL R6,1.6065659523010254,False,87
train_000274,kurtosis,POL R7,2.1541271209716797,False,61
train_000274,kurtosis,POL R8,2.4498801231384277,False,51
train_000274,kurtosis,POL R9,2.101217031478882,False,66
train_000274,kurtosis,POL R10,2.5810368061065674,False,48
train_000274,kurtosis,POL R11,3.9018099308013916,False,11
train_000274,kurtosis,POL R12,2.9885830879211426,False,31
train_000274,kurtosis,POL R13,2.26719069480896,False,57
train_000274,kurtosis,POL R14,2.579512357711792,False,49
train_000274,kurtosis,POL R15,3.5335676670074463,False,17
train_000274,kurtosis,POL R16,3.899108409881592,False,12
train_000274,kurtosis,POL AC1,5.127091884613037,False,1
train_000274,kurtosis,POL AC2,4.32075309753418,False,7
train_000274,kurtosis,POL AC3,3.4673218727111816,False,18
train_000274,kurtosis,POL AC4,3.4460830688476562,False,19
train_000274,kurtosis,POL AC5,2.6428933143615723,False,45
train_000274,kurtosis,POL AC6,2.1306896209716797,False,64
train_000274,kurtosis,POL AC7,1.5703436136245728,False,91
train_000274,kurtosis,POL AC8,1.3906341791152954,False,104
train_000274,kurtosis,POL AC9,1.421478033065796,False,101
train_000274,kurtosis,POL AC10,1.4823276996612549,False,96
train_000274,kurtosis,POL AC11,0.8554630279541016,False,115
train_000274,kurtosis,POL AC12,0.9244339466094971,False,113
train_000274,kurtosis,POL AC13,1.0927568674087524,False,112
train_000274,kurtosis,POL AC14,1.6016842126846313,False,89
train_000274,kurtosis,POL AC15,2.096646547317505,False,67
train_000274,kurtosis,POL AC16,1.9844681024551392,False,71
train_000274,beta_power,EEG A1-Ref,1.3296643495559692,True,58
train_000274,beta_power,EEG A2-Ref,1.2882031202316284,True,68
train_000274,beta_power,POL A3,1.3541507720947266,True,55
train_000274,beta_power,POL A4,0.7271445393562317,True,111
train_000274,beta_power,POL A5,0.8461380004882812,False,104
train_000274,beta_power,POL A6,0.8002845048904419,False,107
train_000274,beta_power,POL A7,1.1984132528305054,False,77
train_000274,beta_power,POL A8,1.5264757871627808,False,43
train_000274,beta_power,POL A9,1.6598145961761475,False,37
train_000274,beta_power,POL A10,2.230661392211914,False,15
train_000274,beta_power,POL B1,1.7940951585769653,True,32
train_000274,beta_power,POL B2,1.7750496864318848,False,33
train_000274,beta_power,POL B3,1.9214732646942139,False,26
train_000274,beta_power,POL B4,1.33090341091156,False,57
train_000274,beta_power,POL B5,0.9479910731315613,False,92
train_000274,beta_power,POL B6,0.9683541059494019,False,90
train_000274,beta_power,POL B7,1.5590333938598633,False,41
train_000274,beta_power,POL B8,1.4047503471374512,False,48
train_000274,beta_power,POL B9,1.9718891382217407,False,23
train_000274,beta_power,POL B10,1.9739878177642822,False,22
train_000274,beta_power,POL B11,2.3059144020080566,False,13
train_000274,beta_power,POL A11,1.9812346696853638,False,21
train_000274,beta_power,POL A12,2.638880491256714,False,4
train_000274,beta_power,POL U1,0.908516526222229,True,100
train_000274,beta_power,POL U2,0.24538064002990723,False,123
train_000274,beta_power,POL U3,0.6125723719596863,False,118
train_000274,beta_power,POL U4,0.6929837465286255,False,113
train_000274,beta_power,POL U5,0.9366841912269592,False,95
train_000274,beta_power,POL U6,0.761939287185669,False,110
train_000274,beta_power,POL U7,1.3174285888671875,False,60
train_000274,beta_power,POL U8,1.5255413055419922,False,44
train_000274,beta_power,POL T1,1.9923193454742432,False,20
train_000274,beta_power,POL T2,1.2512290477752686,False,70
train_000274,beta_power,EEG T3-Ref,1.8508474826812744,False,29
train_000274,beta_power,EEG T4-Ref,-0.022707311436533928,False,124
train_000274,beta_power,EEG T5-Ref,0.7008513808250427,False,112
train_000274,beta_power,EEG T6-Ref,1.3114354610443115,False,64
train_000274,beta_power,EEG T7-Ref,3.00970721244812,False,3
train_000274,beta_power,EEG T8-Ref,3.098634958267212,False,2
train_000274,beta_power,EEG T9-Ref,2.586984395980835,False,5
train_000274,beta_power,EEG T10-Ref,1.3134496212005615,False,62
train_000274,beta_power,POL T11,0.6701788902282715,False,114
train_000274,beta_power,POL T12,0.621418297290802,False,117
train_000274,beta_power,POL J1,0.6332647800445557,False,116
train_000274,beta_power,POL J2,0.9146130681037903,False,99
train_000274,beta_power,POL J3,1.3551955223083496,False,54
train_000274,beta_power,POL J4,3.11165452003479,False,1
train_000274,beta_power,POL J5,2.392202854156494,False,9
train_000274,beta_power,POL J6,1.375327229499817,False,52
train_000274,beta_power,POL J7,0.4277041256427765,False,121
train_000274,beta_power,POL K1,1.5415884256362915,True,42
train_000274,beta_power,POL K2,1.108221173286438,False,83
train_000274,beta_power,POL K3,2.542309284210205,False,6
train_000274,beta_power,POL K4,1.4356735944747925,False,46
train_000274,beta_power,POL K5,1.208471417427063,False,74
train_000274,beta_power,POL K6,0.9391191601753235,False,94
train_000274,beta_power,POL K7,1.2044554948806763,False,75
train_000274,beta_power,POL K8,1.1876083612442017,False,78
train_000274,beta_power,POL L1,1.6862071752548218,False,35
train_000274,beta_power,POL L2,1.1288602352142334,False,82
train_000274,beta_power,POL L3,1.1986397504806519,False,76
train_000274,beta_power,POL L4,1.403828740119934,False,49
train_000274,beta_power,POL L5,1.9228731393814087,False,25
train_000274,beta_power,POL L6,2.1376068592071533,False,18
train_000274,beta_power,POL L7,1.6160521507263184,False,40
train_000274,beta_power,POL L8,0.9196180701255798,False,98
train_000274,beta_power,EEG M1-Ref,1.829644799232483,False,30
train_000274,beta_power,EEG M2-Ref,0.9447134137153625,False,93
train_000274,beta_power,POL M3,0.644206166267395,False,115
train_000274,beta_power,POL M4,0.592435359954834,False,119
train_000274,beta_power,POL M5,0.872307300567627,True,102
train_000274,beta_power,POL M6,0.9229456782341003,True,97
train_000274,beta_power,POL M7,0.9306035041809082,True,96
train_000274,beta_power,POL M8,0.7994750738143921,False,108
train_000274,beta_power,POL M9,1.4419909715652466,False,45
train_000274,beta_power,POL N1,1.016880989074707,False,88
train_000274,beta_power,POL N2,1.854388952255249,False,28
train_000274,beta_power,POL N3,1.659619688987732,False,38
train_000274,beta_power,POL N4,1.3169642686843872,False,61
train_000274,beta_power,POL N5,1.2443090677261353,False,71
train_000274,beta_power,POL N6,0.9686009883880615,False,89
train_000274,beta_power,POL N7,0.8016224503517151,False,106
train_000274,beta_power,POL N8,0.38512560725212097,False,122
train_000274,beta_power,POL N9,1.2086504697799683,False,73
train_000274,beta_power,EEG P1-Ref,0.8339250683784485,False,105
train_000274,beta_power,EEG P2-Ref,0.773385226726532,False,109
train_000274,beta_power,EEG P3-Ref,1.6421679258346558,False,39
train_000274,beta_power,EEG P4-Ref,1.66439688205719,False,36
train_000274,beta_power,EEG P5-Ref,2.147125482559204,False,17
train_000274,beta_power,EEG P6-Ref,2.2352046966552734,False,14
train_000274,beta_power,EEG P7-Ref,2.4508047103881836,False,7
train_000274,beta_power,EEG P8-Ref,1.9208917617797852,False,27
train_000274,beta_power,POL R1,1.2783626317977905,False,69
train_000274,beta_power,POL R2,1.0718566179275513,False,85
train_000274,beta_power,POL R3,1.2889529466629028,False,67
train_000274,beta_power,POL R4,1.1559470891952515,False,79
train_000274,beta_power,POL R5,2.2159061431884766,False,16
train_000274,beta_power,POL R6,2.337639093399048,False,10
train_000274,beta_power,POL R7,1.3722445964813232,False,53
train_000274,beta_power,POL R8,1.7974023818969727,False,31
train_000274,beta_power,POL R9,2.321697473526001,False,11
train_000274,beta_power,POL R10,0.9589895606040955,False,91
train_000274,beta_power,POL R11,1.1007026433944702,False,84
train_000274,beta_power,POL R12,2.0429465770721436,False,19
train_000274,beta_power,POL R13,1.9525270462036133,False,24
train_000274,beta_power,POL R14,1.7077257633209229,False,34
train_000274,beta_power,POL R15,1.394945740699768,False,50
train_000274,beta_power,POL R16,0.8684337735176086,False,103
train_000274,beta_power,POL AC1,2.405595302581787,False,8
train_000274,beta_power,POL AC2,1.2962819337844849,False,66
train_000274,beta_power,POL AC3,1.3279589414596558,False,59
train_000274,beta_power,POL AC4,1.3858076333999634,False,51
train_000274,beta_power,POL AC5,1.2408846616744995,False,72
train_000274,beta_power,POL AC6,1.1534956693649292,False,80
train_000274,beta_power,POL AC7,1.3029767274856567,False,65
train_000274,beta_power,POL AC8,1.336416244506836,False,56
train_000274,beta_power,POL AC9,1.0178519487380981,False,87
train_000274,beta_power,POL AC10,1.416159987449646,False,47
train_000274,beta_power,POL AC11,2.30855655670166,False,12
train_000274,beta_power,POL AC12,1.3131517171859741,False,63
train_000274,beta_power,POL AC13,0.8790002465248108,False,101
train_000274,beta_power,POL AC14,0.5836486220359802,False,120
train_000274,beta_power,POL AC15,1.1396257877349854,False,81
train_000274,beta_power,POL AC16,1.0356559753417969,False,86
train_000274,low_gamma_power,EEG A1-Ref,0.35105833411216736,True,119
train_000274,low_gamma_power,EEG A2-Ref,0.44447261095046997,True,113
train_000274,low_gamma_power,POL A3,0.4547201991081238,True,111
train_000274,low_gamma_power,POL A4,0.599122941493988,True,102
train_000274,low_gamma_power,POL A5,0.8559365272521973,False,78
train_000274,low_gamma_power,POL A6,0.842122495174408,False,81
train_000274,low_gamma_power,POL A7,0.7538918852806091,False,93
train_000274,low_gamma_power,POL A8,0.7778486013412476,False,90
train_000274,low_gamma_power,POL A9,0.8515303134918213,False,79
train_000274,low_gamma_power,POL A10,0.7863268852233887,False,89
train_000274,low_gamma_power,POL B1,1.2462821006774902,True,36
train_000274,low_gamma_power,POL B2,0.49475568532943726,False,110
train_000274,low_gamma_power,POL B3,1.5495665073394775,False,23
train_000274,low_gamma_power,POL B4,0.7571554780006409,False,92
train_000274,low_gamma_power,POL B5,0.34587717056274414,False,120
train_000274,low_gamma_power,POL B6,0.2256891280412674,False,123
train_000274,low_gamma_power,POL B7,0.5228924751281738,False,108
train_000274,low_gamma_power,POL B8,0.5296884179115295,False,105
train_000274,low_gamma_power,POL B9,0.5294533967971802,False,107
train_000274,low_gamma_power,POL B10,0.4179655909538269,False,116
train_000274,low_gamma_power,POL B11,0.451595276594162,False,112
train_000274,low_gamma_power,POL A11,0.8204624056816101,False,84
train_000274,low_gamma_power,POL A12,0.6824018955230713,False,97
train_000274,low_gamma_power,POL U1,1.4491608142852783,True,27
train_000274,low_gamma_power,POL U2,0.9416317343711853,False,66
train_000274,low_gamma_power,POL U3,0.4392777979373932,False,114
train_000274,low_gamma_power,POL U4,0.3923667371273041,False,118
train_000274,low_gamma_power,POL U5,0.5296325087547302,False,106
train_000274,low_gamma_power,POL U6,0.6663073897361755,False,98
train_000274,low_gamma_power,POL U7,0.922576904296875,False,67
train_000274,low_gamma_power,POL U8,1.0452836751937866,False,54
train_000274,low_gamma_power,POL T1,0.29090481996536255,False,122
train_000274,low_gamma_power,POL T2,0.7602581977844238,False,91
train_000274,low_gamma_power,EEG T3-Ref,1.1458733081817627,False,47
train_000274,low_gamma_power,EEG T4-Ref,2.5593180656433105,False,2
train_000274,low_gamma_power,EEG T5-Ref,1.864351511001587,False,12
train_000274,low_gamma_power,EEG T6-Ref,0.3979814350605011,False,117
train_000274,low_gamma_power,EEG T7-Ref,0.8774250149726868,False,76
train_000274,low_gamma_power,EEG T8-Ref,2.3330986499786377,False,5
train_000274,low_gamma_power,EEG T9-Ref,1.0753655433654785,False,53
train_000274,low_gamma_power,EEG T10-Ref,1.5904011726379395,False,19
train_000274,low_gamma_power,POL T11,1.3886374235153198,False,29
train_000274,low_gamma_power,POL T12,0.05367264151573181,False,124
train_000274,low_gamma_power,POL J1,0.32539963722229004,False,121
train_000274,low_gamma_power,POL J2,0.5775390267372131,False,103
train_000274,low_gamma_power,POL J3,0.8445925116539001,False,80
train_000274,low_gamma_power,POL J4,0.8739460110664368,False,77
train_000274,low_gamma_power,POL J5,0.5557615756988525,False,104
train_000274,low_gamma_power,POL J6,1.0094013214111328,False,57
train_000274,low_gamma_power,POL J7,0.6512539386749268,False,100
train_000274,low_gamma_power,POL K1,0.4338325262069702,True,115
train_000274,low_gamma_power,POL K2,0.6281781196594238,False,101
train_000274,low_gamma_power,POL K3,0.832014799118042,False,82
train_000274,low_gamma_power,POL K4,0.7991592884063721,False,87
train_000274,low_gamma_power,POL K5,0.5116655826568604,False,109
train_000274,low_gamma_power,POL K6,0.7373994588851929,False,94
train_000274,low_gamma_power,POL K7,0.9060620665550232,False,69
train_000274,low_gamma_power,POL K8,0.8841440677642822,False,74
train_000274,low_gamma_power,POL L1,0.8167957663536072,False,85
train_000274,low_gamma_power,POL L2,1.1734553575515747,False,42
train_000274,low_gamma_power,POL L3,0.7088403105735779,False,95
train_000274,low_gamma_power,POL L4,1.0187106132507324,False,56
train_000274,low_gamma_power,POL L5,0.6564903259277344,False,99
train_000274,low_gamma_power,POL L6,0.6957528591156006,False,96
train_000274,low_gamma_power,POL L7,0.893782913684845,False,71
train_000274,low_gamma_power,POL L8,0.877939760684967,False,75
train_000274,low_gamma_power,EEG M1-Ref,1.5539151430130005,False,21
train_000274,low_gamma_power,EEG M2-Ref,0.9499717354774475,False,64
train_000274,low_gamma_power,POL M3,1.2233033180236816,False,38
train_000274,low_gamma_power,POL M4,1.3201172351837158,False,33
train_000274,low_gamma_power,POL M5,1.5515589714050293,True,22
train_000274,low_gamma_power,POL M6,1.6231790781021118,True,18
train_000274,low_gamma_power,POL M7,1.0876038074493408,True,52
train_000274,low_gamma_power,POL M8,1.310935378074646,False,34
train_000274,low_gamma_power,POL M9,0.9018760323524475,False,70
train_000274,low_gamma_power,POL N1,2.0782742500305176,False,10
train_000274,low_gamma_power,POL N2,2.0596394538879395,False,11
train_000274,low_gamma_power,POL N3,1.483351707458496,False,26
train_000274,low_gamma_power,POL N4,1.242279052734375,False,37
train_000274,low_gamma_power,POL N5,0.7985531687736511,False,88
train_000274,low_gamma_power,POL N6,0.8874841332435608,False,72
train_000274,low_gamma_power,POL N7,1.3380974531173706,False,31
train_000274,low_gamma_power,POL N8,1.0092216730117798,False,58
train_000274,low_gamma_power,POL N9,0.8859387636184692,False,73
train_000274,low_gamma_power,EEG P1-Ref,2.2483503818511963,False,7
train_000274,low_gamma_power,EEG P2-Ref,2.5927019119262695,False,1
train_000274,low_gamma_power,EEG P3-Ref,2.334158182144165,False,4
train_000274,low_gamma_power,EEG P4-Ref,2.255375862121582,False,6
train_000274,low_gamma_power,EEG P5-Ref,2.184492588043213,False,8
train_000274,low_gamma_power,EEG P6-Ref,1.85430908203125,False,14
train_000274,low_gamma_power,EEG P7-Ref,1.308221459388733,False,35
train_000274,low_gamma_power,EEG P8-Ref,1.4922735691070557,False,25
train_000274,low_gamma_power,POL R1,1.7414002418518066,False,17
train_000274,low_gamma_power,POL R2,2.0838375091552734,False,9
train_000274,low_gamma_power,POL R3,2.519524097442627,False,3
train_000274,low_gamma_power,POL R4,0.9732042551040649,False,62
train_000274,low_gamma_power,POL R5,1.8291079998016357,False,15
train_000274,low_gamma_power,POL R6,1.8610631227493286,False,13
train_000274,low_gamma_power,POL R7,0.9194995760917664,False,68
train_000274,low_gamma_power,POL R8,1.1612234115600586,False,45
train_000274,low_gamma_power,POL R9,1.3341336250305176,False,32
train_000274,low_gamma_power,POL R10,1.133302092552185,False,48
train_000274,low_gamma_power,POL R11,1.435447096824646,False,28
train_000274,low_gamma_power,POL R12,1.0059058666229248,False,59
train_000274,low_gamma_power,POL R13,1.1164324283599854,False,49
train_000274,low_gamma_power,POL R14,1.2197449207305908,False,39
train_000274,low_gamma_power,POL R15,1.2169777154922485,False,40
train_000274,low_gamma_power,POL R16,1.1717231273651123,False,43
train_000274,low_gamma_power,POL AC1,1.3731693029403687,False,30
train_000274,low_gamma_power,POL AC2,1.1710140705108643,False,44
train_000274,low_gamma_power,POL AC3,1.0895198583602905,False,51
train_000274,low_gamma_power,POL AC4,0.9997158646583557,False,60
train_000274,low_gamma_power,POL AC5,1.0924535989761353,False,50
train_000274,low_gamma_power,POL AC6,1.1525202989578247,False,46
train_000274,low_gamma_power,POL AC7,1.1768851280212402,False,41
train_000274,low_gamma_power,POL AC8,0.9825522899627686,False,61
train_000274,low_gamma_power,POL AC9,0.942434549331665,False,65
train_000274,low_gamma_power,POL AC10,0.8288145065307617,False,83
train_000274,low_gamma_power,POL AC11,0.9677292108535767,False,63
train_000274,low_gamma_power,POL AC12,1.7853094339370728,False,16
train_000274,low_gamma_power,POL AC13,1.588973045349121,False,20
train_000274,low_gamma_power,POL AC14,1.5156515836715698,False,24
train_000274,low_gamma_power,POL AC15,0.8051296472549438,False,86
train_000274,low_gamma_power,POL AC16,1.042896032333374,False,55
train_000274,high_gamma_power,EEG A1-Ref,0.9764952063560486,True,2
train_000274,high_gamma_power,EEG A2-Ref,0.5734921097755432,True,3
train_000274,high_gamma_power,POL A3,0.25901976227760315,True,36
train_000274,high_gamma_power,POL A4,0.327246755361557,True,15
train_000274,high_gamma_power,POL A5,0.25535741448402405,False,38
train_000274,high_gamma_power,POL A6,0.21890728175640106,False,57
train_000274,high_gamma_power,POL A7,0.10449457913637161,False,86
train_000274,high_gamma_power,POL A8,0.3000968396663666,False,19
train_000274,high_gamma_power,POL A9,0.39953339099884033,False,7
train_000274,high_gamma_power,POL A10,0.37949565052986145,False,8
train_000274,high_gamma_power,POL B1,-0.14726857841014862,True,120
train_000274,high_gamma_power,POL B2,0.16050195693969727,False,71
train_000274,high_gamma_power,POL B3,0.08746723085641861,False,88
train_000274,high_gamma_power,POL B4,0.22315312922000885,False,56
train_000274,high_gamma_power,POL B5,0.2836450934410095,False,28
train_000274,high_gamma_power,POL B6,0.28488367795944214,False,26
train_000274,high_gamma_power,POL B7,0.36043235659599304,False,12
train_000274,high_gamma_power,POL B8,0.37463706731796265,False,10
train_000274,high_gamma_power,POL B9,0.26712724566459656,False,35
train_000274,high_gamma_power,POL B10,0.2903871536254883,False,24
train_000274,high_gamma_power,POL B11,0.07636629790067673,False,93
train_000274,high_gamma_power,POL A11,-0.0498235747218132,False,112
train_000274,high_gamma_power,POL A12,0.36435773968696594,False,11
train_000274,high_gamma_power,POL U1,0.2421262413263321,True,47
train_000274,high_gamma_power,POL U2,0.14393053948879242,False,76
train_000274,high_gamma_power,POL U3,0.41343551874160767,False,6
train_000274,high_gamma_power,POL U4,0.2825356423854828,False,30
train_000274,high_gamma_power,POL U5,0.2150089591741562,False,60
train_000274,high_gamma_power,POL U6,0.2991328835487366,False,21
train_000274,high_gamma_power,POL U7,0.25465038418769836,False,39
train_000274,high_gamma_power,POL U8,0.2429497390985489,False,46
train_000274,high_gamma_power,POL T1,0.06095279008150101,False,96
train_000274,high_gamma_power,POL T2,0.2495347112417221,False,41
train_000274,high_gamma_power,EEG T3-Ref,0.23231445252895355,False,54
train_000274,high_gamma_power,EEG T4-Ref,0.08481638133525848,False,90
train_000274,high_gamma_power,EEG T5-Ref,0.3765815794467926,False,9
train_000274,high_gamma_power,EEG T6-Ref,-0.009543177671730518,False,111
train_000274,high_gamma_power,EEG T7-Ref,-0.0002935084339696914,False,107
train_000274,high_gamma_power,EEG T8-Ref,0.1157485693693161,False,83
train_000274,high_gamma_power,EEG T9-Ref,0.23641139268875122,False,49
train_000274,high_gamma_power,EEG T10-Ref,0.12138617038726807,False,80
train_000274,high_gamma_power,POL T11,0.1908891201019287,False,66
train_000274,high_gamma_power,POL T12,-0.18504919111728668,False,123
train_000274,high_gamma_power,POL J1,0.23268428444862366,False,53
train_000274,high_gamma_power,POL J2,0.2570940852165222,False,37
train_000274,high_gamma_power,POL J3,0.2861860394477844,False,25
train_000274,high_gamma_power,POL J4,0.32232725620269775,False,16
train_000274,high_gamma_power,POL J5,0.30370354652404785,False,17
train_000274,high_gamma_power,POL J6,0.28321340680122375,False,29
train_000274,high_gamma_power,POL J7,0.20407555997371674,False,62
train_000274,high_gamma_power,POL K1,0.24472951889038086,True,44
train_000274,high_gamma_power,POL K2,0.30352383852005005,False,18
train_000274,high_gamma_power,POL K3,0.2766644358634949,False,31
train_000274,high_gamma_power,POL K4,0.28439658880233765,False,27
train_000274,high_gamma_power,POL K5,0.2461051195859909,False,43
train_000274,high_gamma_power,POL K6,0.2717031240463257,False,33
train_000274,high_gamma_power,POL K7,0.23367361724376678,False,52
train_000274,high_gamma_power,POL K8,0.1995925009250641,False,65
train_000274,high_gamma_power,POL L1,0.33103373646736145,False,13
train_000274,high_gamma_power,POL L2,0.14810334146022797,False,74
train_000274,high_gamma_power,POL L3,0.27376365661621094,False,32
train_000274,high_gamma_power,POL L4,0.238740935921669,False,48
train_000274,high_gamma_power,POL L5,0.24646520614624023,False,42
train_000274,high_gamma_power,POL L6,0.2979276478290558,False,22
train_000274,high_gamma_power,POL L7,0.2679789066314697,False,34
train_000274,high_gamma_power,POL L8,0.5284605622291565,False,4
train_000274,high_gamma_power,EEG M1-Ref,-0.007566869258880615,False,109
train_000274,high_gamma_power,EEG M2-Ref,0.03752864524722099,False,103
train_000274,high_gamma_power,POL M3,-0.09954633563756943,False,118
train_000274,high_gamma_power,POL M4,-0.09568262845277786,False,117
train_000274,high_gamma_power,POL M5,-0.12086431682109833,True,119
train_000274,high_gamma_power,POL M6,-0.17786343395709991,True,122
train_000274,high_gamma_power,POL M7,-0.1501864194869995,True,121
train_000274,high_gamma_power,POL M8,-0.007881726138293743,False,110
train_000274,high_gamma_power,POL M9,0.14971141517162323,False,73
train_000274,high_gamma_power,POL N1,0.15831667184829712,False,72
train_000274,high_gamma_power,POL N2,0.20227272808551788,False,64
train_000274,high_gamma_power,POL N3,0.2505832314491272,False,40
train_000274,high_gamma_power,POL N4,0.18312135338783264,False,67
train_000274,high_gamma_power,POL N5,0.23573508858680725,False,50
train_000274,high_gamma_power,POL N6,0.296568363904953,False,23
train_000274,high_gamma_power,POL N7,0.1133527159690857,False,84
train_000274,high_gamma_power,POL N8,0.1734999120235443,False,69
train_000274,high_gamma_power,POL N9,0.21615658700466156,False,59
train_000274,high_gamma_power,EEG P1-Ref,0.32846447825431824,False,14
train_000274,high_gamma_power,EEG P2-Ref,0.21710066497325897,False,58
train_000274,high_gamma_power,EEG P3-Ref,0.1479400396347046,False,75
train_000274,high_gamma_power,EEG P4-Ref,0.0229633916169405,False,105
train_000274,high_gamma_power,EEG P5-Ref,-0.18873950839042664,False,124
train_000274,high_gamma_power,EEG P6-Ref,0.03782765194773674,False,102
train_000274,high_gamma_power,EEG P7-Ref,0.02347617968916893,False,104
train_000274,high_gamma_power,EEG P8-Ref,0.04658536612987518,False,101
train_000274,high_gamma_power,POL R1,0.11825081706047058,False,82
train_000274,high_gamma_power,POL R2,0.08338896185159683,False,91
train_000274,high_gamma_power,POL R3,0.17033907771110535,False,70
train_000274,high_gamma_power,POL R4,0.18059948086738586,False,68
train_000274,high_gamma_power,POL R5,0.29958370327949524,False,20
train_000274,high_gamma_power,POL R6,0.22590023279190063,False,55
train_000274,high_gamma_power,POL R7,0.05393322557210922,False,99
train_000274,high_gamma_power,POL R8,0.05464805290102959,False,98
train_000274,high_gamma_power,POL R9,0.08224178105592728,False,92
train_000274,high_gamma_power,POL R10,0.24446989595890045,False,45
train_000274,high_gamma_power,POL R11,0.48770126700401306,False,5
train_000274,high_gamma_power,POL R12,0.20330587029457092,False,63
train_000274,high_gamma_power,POL R13,0.20916566252708435,False,61
train_000274,high_gamma_power,POL R14,0.06749479472637177,False,94
train_000274,high_gamma_power,POL R15,0.12691010534763336,False,78
train_000274,high_gamma_power,POL R16,0.06569018214941025,False,95
train_000274,high_gamma_power,POL AC1,0.23457501828670502,False,51
train_000274,high_gamma_power,POL AC2,0.1339692771434784,False,77
train_000274,high_gamma_power,POL AC3,0.12483061105012894,False,79
train_000274,high_gamma_power,POL AC4,0.10880973935127258,False,85
train_000274,high_gamma_power,POL AC5,0.08538569509983063,False,89
train_000274,high_gamma_power,POL AC6,0.0898560956120491,False,87
train_000274,high_gamma_power,POL AC7,0.0034797387197613716,False,106
train_000274,high_gamma_power,POL AC8,0.0509369857609272,False,100
train_000274,high_gamma_power,POL AC9,-0.0015860312851145864,False,108
train_000274,high_gamma_power,POL AC10,-0.07959876954555511,False,115
train_000274,high_gamma_power,POL AC11,0.05740853771567345,False,97
train_000274,high_gamma_power,POL AC12,-0.07688204944133759,False,114
train_000274,high_gamma_power,POL AC13,0.12138127535581589,False,81
train_000274,high_gamma_power,POL AC14,-0.0874132513999939,False,116
train_000274,high_gamma_power,POL AC15,1.060960292816162,False,1
train_000274,high_gamma_power,POL AC16,-0.06748043745756149,False,113
train_000274,ripple_power,EEG A1-Ref,1.2898129224777222,True,78
train_000274,ripple_power,EEG A2-Ref,1.2731491327285767,True,83
train_000274,ripple_power,POL A3,1.3509055376052856,True,64
train_000274,ripple_power,POL A4,1.5124152898788452,True,27
train_000274,ripple_power,POL A5,1.675932765007019,False,12
train_000274,ripple_power,POL A6,1.3924214839935303,False,49
train_000274,ripple_power,POL A7,1.4053164720535278,False,47
train_000274,ripple_power,POL A8,1.5360445976257324,False,24
train_000274,ripple_power,POL A9,1.3691476583480835,False,57
train_000274,ripple_power,POL A10,1.3448727130889893,False,66
train_000274,ripple_power,POL B1,0.7796550393104553,True,122
train_000274,ripple_power,POL B2,2.068540096282959,False,1
train_000274,ripple_power,POL B3,1.761276125907898,False,10
train_000274,ripple_power,POL B4,1.6119508743286133,False,17
train_000274,ripple_power,POL B5,1.5612766742706299,False,22
train_000274,ripple_power,POL B6,1.4084217548370361,False,45
train_000274,ripple_power,POL B7,1.4656733274459839,False,33
train_000274,ripple_power,POL B8,1.6224817037582397,False,16
train_000274,ripple_power,POL B9,1.3918660879135132,False,50
train_000274,ripple_power,POL B10,1.4292176961898804,False,39
train_000274,ripple_power,POL B11,1.3232686519622803,False,68
train_000274,ripple_power,POL A11,1.201156735420227,False,96
train_000274,ripple_power,POL A12,1.3954869508743286,False,48
train_000274,ripple_power,POL U1,1.4259668588638306,True,41
train_000274,ripple_power,POL U2,1.3172403573989868,False,71
train_000274,ripple_power,POL U3,1.3587732315063477,False,62
train_000274,ripple_power,POL U4,1.8082764148712158,False,7
train_000274,ripple_power,POL U5,1.505092740058899,False,29
train_000274,ripple_power,POL U6,1.5319440364837646,False,25
train_000274,ripple_power,POL U7,1.5728423595428467,False,21
train_000274,ripple_power,POL U8,1.801132082939148,False,8
train_000274,ripple_power,POL T1,1.885249376296997,False,4
train_000274,ripple_power,POL T2,1.4771199226379395,False,31
train_000274,ripple_power,EEG T3-Ref,1.5882821083068848,False,18
train_000274,ripple_power,EEG T4-Ref,1.0423474311828613,False,114
train_000274,ripple_power,EEG T5-Ref,1.238128662109375,False,91
train_000274,ripple_power,EEG T6-Ref,0.9554628133773804,False,117
train_000274,ripple_power,EEG T7-Ref,1.0620218515396118,False,112
train_000274,ripple_power,EEG T8-Ref,0.7605310082435608,False,124
train_000274,ripple_power,EEG T9-Ref,1.0632514953613281,False,111
train_000274,ripple_power,EEG T10-Ref,1.6696454286575317,False,13
train_000274,ripple_power,POL T11,1.7776682376861572,False,9
train_000274,ripple_power,POL T12,1.911030650138855,False,3
train_000274,ripple_power,POL J1,1.4395637512207031,False,37
train_000274,ripple_power,POL J2,1.455409288406372,False,35
train_000274,ripple_power,POL J3,1.5410823822021484,False,23
train_000274,ripple_power,POL J4,1.4128671884536743,False,43
train_000274,ripple_power,POL J5,1.2647639513015747,False,85
train_000274,ripple_power,POL J6,1.2598870992660522,False,86
train_000274,ripple_power,POL J7,0.7743011713027954,False,123
train_000274,ripple_power,POL K1,1.2008187770843506,True,97
train_000274,ripple_power,POL K2,1.7189676761627197,False,11
train_000274,ripple_power,POL K3,1.6640348434448242,False,14
train_000274,ripple_power,POL K4,1.429177165031433,False,40
train_000274,ripple_power,POL K5,1.3912500143051147,False,51
train_000274,ripple_power,POL K6,1.467221975326538,False,32
train_000274,ripple_power,POL K7,1.3865282535552979,False,52
train_000274,ripple_power,POL K8,1.197278380393982,False,99
train_000274,ripple_power,POL L1,1.277700424194336,False,81
train_000274,ripple_power,POL L2,1.3826571702957153,False,53
train_000274,ripple_power,POL L3,1.4814079999923706,False,30
train_000274,ripple_power,POL L4,1.2430139780044556,False,89
train_000274,ripple_power,POL L5,1.3182728290557861,False,70
train_000274,ripple_power,POL L6,1.416486144065857,False,42
train_000274,ripple_power,POL L7,0.9472097158432007,False,118
train_000274,ripple_power,POL L8,0.888962984085083,False,121
train_000274,ripple_power,EEG M1-Ref,1.5827677249908447,False,19
train_000274,ripple_power,EEG M2-Ref,1.9111511707305908,False,2
train_000274,ripple_power,POL M3,1.3155653476715088,False,72
train_000274,ripple_power,POL M4,1.353865385055542,False,63
train_000274,ripple_power,POL M5,1.2835595607757568,True,80
train_000274,ripple_power,POL M6,1.239922046661377,True,90
train_000274,ripple_power,POL M7,1.0854545831680298,True,110
train_000274,ripple_power,POL M8,1.1960982084274292,False,100
train_000274,ripple_power,POL M9,1.1286054849624634,False,108
train_000274,ripple_power,POL N1,1.8222100734710693,False,5
train_000274,ripple_power,POL N2,1.8158377408981323,False,6
train_000274,ripple_power,POL N3,1.6362214088439941,False,15
train_000274,ripple_power,POL N4,1.3733876943588257,False,55
train_000274,ripple_power,POL N5,1.2865723371505737,False,79
train_000274,ripple_power,POL N6,1.3236724138259888,False,67
train_000274,ripple_power,POL N7,1.272868037223816,False,84
train_000274,ripple_power,POL N8,1.2488205432891846,False,88
train_000274,ripple_power,POL N9,0.940483570098877,False,119
train_000274,ripple_power,EEG P1-Ref,1.1142268180847168,False,109
train_000274,ripple_power,EEG P2-Ref,1.2003426551818848,False,98
train_000274,ripple_power,EEG P3-Ref,1.0089306831359863,False,116
train_000274,ripple_power,EEG P4-Ref,1.040297031402588,False,115
train_000274,ripple_power,EEG P5-Ref,1.166543960571289,False,104
train_000274,ripple_power,EEG P6-Ref,1.1869478225708008,False,102
train_000274,ripple_power,EEG P7-Ref,1.3137818574905396,False,73
train_000274,ripple_power,EEG P8-Ref,1.2960975170135498,False,76
train_000274,ripple_power,POL R1,1.5232216119766235,False,26
train_000274,ripple_power,POL R2,1.4500831365585327,False,36
train_000274,ripple_power,POL R3,1.2959529161453247,False,77
train_000274,ripple_power,POL R4,1.318314790725708,False,69
train_000274,ripple_power,POL R5,1.141412377357483,False,106
train_000274,ripple_power,POL R6,1.4569741487503052,False,34
train_000274,ripple_power,POL R7,1.2567082643508911,False,87
train_000274,ripple_power,POL R8,1.2144908905029297,False,93
train_000274,ripple_power,POL R9,1.3667622804641724,False,59
train_000274,ripple_power,POL R10,1.3687974214553833,False,58
train_000274,ripple_power,POL R11,1.508917212486267,False,28
train_000274,ripple_power,POL R12,1.349766731262207,False,65
train_000274,ripple_power,POL R13,1.2357044219970703,False,92
train_000274,ripple_power,POL R14,1.3695693016052246,False,56
train_000274,ripple_power,POL R15,1.1776742935180664,False,103
train_000274,ripple_power,POL R16,1.0495401620864868,False,113
train_000274,ripple_power,POL AC1,1.2072728872299194,False,95
train_000274,ripple_power,POL AC2,1.3650895357131958,False,60
train_000274,ripple_power,POL AC3,1.4105864763259888,False,44
train_000274,ripple_power,POL AC4,1.4370125532150269,False,38
train_000274,ripple_power,POL AC5,1.2079111337661743,False,94
train_000274,ripple_power,POL AC6,1.3129788637161255,False,74
train_000274,ripple_power,POL AC7,1.3777896165847778,False,54
train_000274,ripple_power,POL AC8,1.304053783416748,False,75
train_000274,ripple_power,POL AC9,1.1899341344833374,False,101
train_000274,ripple_power,POL AC10,1.2751696109771729,False,82
train_000274,ripple_power,POL AC11,1.5737402439117432,False,20
train_000274,ripple_power,POL AC12,0.9144110679626465,False,120
train_000274,ripple_power,POL AC13,1.4063035249710083,False,46
train_000274,ripple_power,POL AC14,1.35991370677948,False,61
train_000274,ripple_power,POL AC15,1.146066665649414,False,105
train_000274,ripple_power,POL AC16,1.1318448781967163,False,107
train_000274,fast_ripple_power,EEG A1-Ref,0.2342309206724167,True,120
train_000274,fast_ripple_power,EEG A2-Ref,0.22779685258865356,True,122
train_000274,fast_ripple_power,POL A3,0.26562511920928955,True,116
train_000274,fast_ripple_power,POL A4,0.5732174515724182,True,64
train_000274,fast_ripple_power,POL A5,0.4405302107334137,False,86
train_000274,fast_ripple_power,POL A6,0.729472279548645,False,38
train_000274,fast_ripple_power,POL A7,0.33423665165901184,False,107
train_000274,fast_ripple_power,POL A8,0.6154143214225769,False,59
train_000274,fast_ripple_power,POL A9,0.8479116559028625,False,25
train_000274,fast_ripple_power,POL A10,0.8328076601028442,False,28
train_000274,fast_ripple_power,POL B1,-0.2158835381269455,True,124
train_000274,fast_ripple_power,POL B2,0.2420741766691208,False,118
train_000274,fast_ripple_power,POL B3,0.5391181707382202,False,69
train_000274,fast_ripple_power,POL B4,0.548355758190155,False,68
train_000274,fast_ripple_power,POL B5,0.4686982333660126,False,82
train_000274,fast_ripple_power,POL B6,0.47585830092430115,False,81
train_000274,fast_ripple_power,POL B7,0.8134775757789612,False,29
train_000274,fast_ripple_power,POL B8,0.434129923582077,False,90
train_000274,fast_ripple_power,POL B9,0.6419371962547302,False,52
train_000274,fast_ripple_power,POL B10,0.6400713920593262,False,53
train_000274,fast_ripple_power,POL B11,1.160245418548584,False,9
train_000274,fast_ripple_power,POL A11,0.8692103028297424,False,21
train_000274,fast_ripple_power,POL A12,0.7969346642494202,False,30
train_000274,fast_ripple_power,POL U1,0.23097416758537292,True,121
train_000274,fast_ripple_power,POL U2,0.2742694318294525,False,114
train_000274,fast_ripple_power,POL U3,0.42169424891471863,False,95
train_000274,fast_ripple_power,POL U4,0.4772670567035675,False,80
train_000274,fast_ripple_power,POL U5,0.43916311860084534,False,87
train_000274,fast_ripple_power,POL U6,0.6489765048027039,False,51
train_000274,fast_ripple_power,POL U7,0.6842703223228455,False,45
train_000274,fast_ripple_power,POL U8,0.527818500995636,False,72
train_000274,fast_ripple_power,POL T1,0.7170203328132629,False,40
train_000274,fast_ripple_power,POL T2,0.8587262034416199,False,23
train_000274,fast_ripple_power,EEG T3-Ref,0.3159060478210449,False,109
train_000274,fast_ripple_power,EEG T4-Ref,0.36177778244018555,False,106
train_000274,fast_ripple_power,EEG T5-Ref,0.23622667789459229,False,119
train_000274,fast_ripple_power,EEG T6-Ref,0.5916353464126587,False,61
train_000274,fast_ripple_power,EEG T7-Ref,0.2665320634841919,False,115
train_000274,fast_ripple_power,EEG T8-Ref,0.029219208285212517,False,123
train_000274,fast_ripple_power,EEG T9-Ref,0.27606940269470215,False,113
train_000274,fast_ripple_power,EEG T10-Ref,0.30586788058280945,False,111
train_000274,fast_ripple_power,POL T11,0.7764503359794617,False,33
train_000274,fast_ripple_power,POL T12,0.24383167922496796,False,117
train_000274,fast_ripple_power,POL J1,0.6637416481971741,False,48
train_000274,fast_ripple_power,POL J2,0.5795124173164368,False,62
train_000274,fast_ripple_power,POL J3,0.7130662798881531,False,42
train_000274,fast_ripple_power,POL J4,1.1023846864700317,False,11
train_000274,fast_ripple_power,POL J5,0.6300478577613831,False,56
train_000274,fast_ripple_power,POL J6,0.6339854598045349,False,55
train_000274,fast_ripple_power,POL J7,0.6358566880226135,False,54
train_000274,fast_ripple_power,POL K1,0.4051366150379181,True,99
train_000274,fast_ripple_power,POL K2,0.43499910831451416,False,89
train_000274,fast_ripple_power,POL K3,0.506679356098175,False,77
train_000274,fast_ripple_power,POL K4,0.847480833530426,False,26
train_000274,fast_ripple_power,POL K5,0.7858015298843384,False,31
train_000274,fast_ripple_power,POL K6,0.83568274974823,False,27
train_000274,fast_ripple_power,POL K7,1.364018440246582,False,5
train_000274,fast_ripple_power,POL K8,1.4683200120925903,False,3
train_000274,fast_ripple_power,POL L1,0.40856730937957764,False,98
train_000274,fast_ripple_power,POL L2,0.8544164299964905,False,24
train_000274,fast_ripple_power,POL L3,0.672657310962677,False,47
train_000274,fast_ripple_power,POL L4,1.0725139379501343,False,12
train_000274,fast_ripple_power,POL L5,0.9318071603775024,False,18
train_000274,fast_ripple_power,POL L6,0.9474977850914001,False,16
train_000274,fast_ripple_power,POL L7,1.698330283164978,False,2
train_000274,fast_ripple_power,POL L8,1.822935700416565,False,1
train_000274,fast_ripple_power,EEG M1-Ref,0.5666443705558777,False,66
train_000274,fast_ripple_power,EEG M2-Ref,0.939200758934021,False,17
train_000274,fast_ripple_power,POL M3,1.0301095247268677,False,15
train_000274,fast_ripple_power,POL M4,0.9038707613945007,False,19
train_000274,fast_ripple_power,POL M5,0.8980012536048889,True,20
train_000274,fast_ripple_power,POL M6,0.7524928450584412,True,35
train_000274,fast_ripple_power,POL M7,1.1945818662643433,True,8
train_000274,fast_ripple_power,POL M8,1.2996933460235596,False,6
train_000274,fast_ripple_power,POL M9,1.249375343322754,False,7
train_000274,fast_ripple_power,POL N1,0.7136034965515137,False,41
train_000274,fast_ripple_power,POL N2,0.5781843066215515,False,63
train_000274,fast_ripple_power,POL N3,0.5697027444839478,False,65
train_000274,fast_ripple_power,POL N4,0.6768220663070679,False,46
train_000274,fast_ripple_power,POL N5,0.4308021366596222,False,92
train_000274,fast_ripple_power,POL N6,0.7392140030860901,False,37
train_000274,fast_ripple_power,POL N7,0.661896824836731,False,50
train_000274,fast_ripple_power,POL N8,1.4022138118743896,False,4
train_000274,fast_ripple_power,POL N9,1.1180094480514526,False,10
train_000274,fast_ripple_power,EEG P1-Ref,0.3672778904438019,False,103
train_000274,fast_ripple_power,EEG P2-Ref,0.39869385957717896,False,100
train_000274,fast_ripple_power,EEG P3-Ref,0.690254271030426,False,44
train_000274,fast_ripple_power,EEG P4-Ref,0.3643206059932709,False,105
train_000274,fast_ripple_power,EEG P5-Ref,0.5594557523727417,False,67
train_000274,fast_ripple_power,EEG P6-Ref,0.4187473952770233,False,96
train_000274,fast_ripple_power,EEG P7-Ref,0.5110363960266113,False,75
train_000274,fast_ripple_power,EEG P8-Ref,0.7738624811172485,False,34
train_000274,fast_ripple_power,POL R1,1.0694323778152466,False,13
train_000274,fast_ripple_power,POL R2,0.6069381833076477,False,60
train_000274,fast_ripple_power,POL R3,0.8648006319999695,False,22
train_000274,fast_ripple_power,POL R4,0.6955824494361877,False,43
train_000274,fast_ripple_power,POL R5,0.7196729183197021,False,39
train_000274,fast_ripple_power,POL R6,0.4433068633079529,False,85
train_000274,fast_ripple_power,POL R7,0.4617175757884979,False,83
train_000274,fast_ripple_power,POL R8,0.39413079619407654,False,101
train_000274,fast_ripple_power,POL R9,0.5355975031852722,False,70
train_000274,fast_ripple_power,POL R10,0.7792671918869019,False,32
train_000274,fast_ripple_power,POL R11,0.4972812831401825,False,78
train_000274,fast_ripple_power,POL R12,0.5247711539268494,False,73
train_000274,fast_ripple_power,POL R13,0.3663633465766907,False,104
train_000274,fast_ripple_power,POL R14,0.421867311000824,False,94
train_000274,fast_ripple_power,POL R15,0.3781912624835968,False,102
train_000274,fast_ripple_power,POL R16,0.5325431823730469,False,71
train_000274,fast_ripple_power,POL AC1,0.30654850602149963,False,110
train_000274,fast_ripple_power,POL AC2,0.4115733802318573,False,97
train_000274,fast_ripple_power,POL AC3,0.512243390083313,False,74
train_000274,fast_ripple_power,POL AC4,0.43534600734710693,False,88
train_000274,fast_ripple_power,POL AC5,0.28920161724090576,False,112
train_000274,fast_ripple_power,POL AC6,0.5100334286689758,False,76
train_000274,fast_ripple_power,POL AC7,0.4573829770088196,False,84
train_000274,fast_ripple_power,POL AC8,0.4777335524559021,False,79
train_000274,fast_ripple_power,POL AC9,0.3338926434516907,False,108
train_000274,fast_ripple_power,POL AC10,0.43375077843666077,False,91
train_000274,fast_ripple_power,POL AC11,0.661902666091919,False,49
train_000274,fast_ripple_power,POL AC12,0.7478785514831543,False,36
train_000274,fast_ripple_power,POL AC13,0.6190396547317505,False,58
train_000274,fast_ripple_power,POL AC14,0.6291120052337646,False,57
train_000274,fast_ripple_power,POL AC15,1.0428893566131592,False,14
train_000274,fast_ripple_power,POL AC16,0.42970147728919983,False,93
train_000274,high_low_ratio,EEG A1-Ref,1.339356780052185,True,58
train_000274,high_low_ratio,EEG A2-Ref,0.9248550534248352,True,94
train_000274,high_low_ratio,POL A3,0.8321017026901245,True,101
train_000274,high_low_ratio,POL A4,0.8419408798217773,True,99
train_000274,high_low_ratio,POL A5,0.746263325214386,False,108
train_000274,high_low_ratio,POL A6,0.5983001589775085,False,114
train_000274,high_low_ratio,POL A7,0.8503023386001587,False,98
train_000274,high_low_ratio,POL A8,1.8180943727493286,False,23
train_000274,high_low_ratio,POL A9,2.1214253902435303,False,13
train_000274,high_low_ratio,POL A10,1.710497498512268,False,27
train_000274,high_low_ratio,POL B1,2.7816150188446045,True,4
train_000274,high_low_ratio,POL B2,1.3155829906463623,False,61
train_000274,high_low_ratio,POL B3,2.010484457015991,False,15
train_000274,high_low_ratio,POL B4,1.5896635055541992,False,33
train_000274,high_low_ratio,POL B5,1.2357878684997559,False,67
train_000274,high_low_ratio,POL B6,1.8601419925689697,False,22
train_000274,high_low_ratio,POL B7,1.5690268278121948,False,37
train_000274,high_low_ratio,POL B8,1.678883671760559,False,28
train_000274,high_low_ratio,POL B9,1.314997673034668,False,62
train_000274,high_low_ratio,POL B10,1.3612473011016846,False,53
train_000274,high_low_ratio,POL B11,1.2254176139831543,False,70
train_000274,high_low_ratio,POL A11,2.155012845993042,False,11
train_000274,high_low_ratio,POL A12,2.2665302753448486,False,7
train_000274,high_low_ratio,POL U1,0.26837557554244995,True,118
train_000274,high_low_ratio,POL U2,-0.37428194284439087,False,124
train_000274,high_low_ratio,POL U3,0.00995494332164526,False,122
train_000274,high_low_ratio,POL U4,1.451232671737671,False,51
train_000274,high_low_ratio,POL U5,1.5718154907226562,False,36
train_000274,high_low_ratio,POL U6,1.1247299909591675,False,78
train_000274,high_low_ratio,POL U7,1.2039222717285156,False,73
train_000274,high_low_ratio,POL U8,3.5044374465942383,False,2
train_000274,high_low_ratio,POL T1,1.6445790529251099,False,32
train_000274,high_low_ratio,POL T2,0.14138950407505035,False,120
train_000274,high_low_ratio,EEG T3-Ref,0.82528156042099,False,102
train_000274,high_low_ratio,EEG T4-Ref,0.17273114621639252,False,119
train_000274,high_low_ratio,EEG T5-Ref,0.0011415518820285797,False,123
train_000274,high_low_ratio,EEG T6-Ref,1.74113130569458,False,25
train_000274,high_low_ratio,EEG T7-Ref,1.6588025093078613,False,31
train_000274,high_low_ratio,EEG T8-Ref,0.6137569546699524,False,112
train_000274,high_low_ratio,EEG T9-Ref,1.484149694442749,False,45
train_000274,high_low_ratio,EEG T10-Ref,0.616756021976471,False,111
train_000274,high_low_ratio,POL T11,0.7872620820999146,False,106
train_000274,high_low_ratio,POL T12,1.4644967317581177,False,49
train_000274,high_low_ratio,POL J1,1.9672900438308716,False,18
train_000274,high_low_ratio,POL J2,1.486759066581726,False,44
train_000274,high_low_ratio,POL J3,1.2996609210968018,False,63
train_000274,high_low_ratio,POL J4,1.6759328842163086,False,29
train_000274,high_low_ratio,POL J5,0.599414587020874,False,113
train_000274,high_low_ratio,POL J6,0.6753389239311218,False,110
train_000274,high_low_ratio,POL J7,1.3325047492980957,False,59
train_000274,high_low_ratio,POL K1,0.7835268378257751,True,107
train_000274,high_low_ratio,POL K2,0.2910475730895996,False,117
train_000274,high_low_ratio,POL K3,0.9122900366783142,False,95
train_000274,high_low_ratio,POL K4,0.9399944543838501,False,91
train_000274,high_low_ratio,POL K5,1.2172720432281494,False,71
train_000274,high_low_ratio,POL K6,1.665090560913086,False,30
train_000274,high_low_ratio,POL K7,1.5236231088638306,False,42
train_000274,high_low_ratio,POL K8,1.2303940057754517,False,68
train_000274,high_low_ratio,POL L1,1.9794071912765503,False,16
train_000274,high_low_ratio,POL L2,1.217164397239685,False,72
train_000274,high_low_ratio,POL L3,1.7691833972930908,False,24
train_000274,high_low_ratio,POL L4,0.932468831539154,False,92
train_000274,high_low_ratio,POL L5,1.3229472637176514,False,60
train_000274,high_low_ratio,POL L6,1.1414246559143066,False,76
train_000274,high_low_ratio,POL L7,1.2272762060165405,False,69
train_000274,high_low_ratio,POL L8,1.0689597129821777,False,81
train_000274,high_low_ratio,EEG M1-Ref,1.13499915599823,False,77
train_000274,high_low_ratio,EEG M2-Ref,0.7958862781524658,False,105
train_000274,high_low_ratio,POL M3,1.0317989587783813,False,84
train_000274,high_low_ratio,POL M4,0.8385567665100098,False,100
train_000274,high_low_ratio,POL M5,0.9303594827651978,True,93
train_000274,high_low_ratio,POL M6,2.197354793548584,True,9
train_000274,high_low_ratio,POL M7,2.51824951171875,True,5
train_000274,high_low_ratio,POL M8,2.0686612129211426,False,14
train_000274,high_low_ratio,POL M9,1.8786706924438477,False,21
train_000274,high_low_ratio,POL N1,3.6355111598968506,False,1
train_000274,high_low_ratio,POL N2,2.2285091876983643,False,8
train_000274,high_low_ratio,POL N3,1.3572313785552979,False,55
train_000274,high_low_ratio,POL N4,0.37166455388069153,False,116
train_000274,high_low_ratio,POL N5,0.13666509091854095,False,121
train_000274,high_low_ratio,POL N6,1.0381016731262207,False,83
train_000274,high_low_ratio,POL N7,0.85835200548172,False,97
train_000274,high_low_ratio,POL N8,1.5653250217437744,False,38
train_000274,high_low_ratio,POL N9,1.5644458532333374,False,39
train_000274,high_low_ratio,EEG P1-Ref,1.5365911722183228,False,41
train_000274,high_low_ratio,EEG P2-Ref,1.3458623886108398,False,57
train_000274,high_low_ratio,EEG P3-Ref,1.738154649734497,False,26
train_000274,high_low_ratio,EEG P4-Ref,3.4972825050354004,False,3
train_000274,high_low_ratio,EEG P5-Ref,1.3554229736328125,False,56
train_000274,high_low_ratio,EEG P6-Ref,0.6909174919128418,False,109
train_000274,high_low_ratio,EEG P7-Ref,0.45707255601882935,False,115
train_000274,high_low_ratio,EEG P8-Ref,1.4757113456726074,False,47
train_000274,high_low_ratio,POL R1,1.077579379081726,False,80
train_000274,high_low_ratio,POL R2,1.0054006576538086,False,87
train_000274,high_low_ratio,POL R3,0.9576526880264282,False,89
train_000274,high_low_ratio,POL R4,1.4386017322540283,False,52
train_000274,high_low_ratio,POL R5,1.0428261756896973,False,82
train_000274,high_low_ratio,POL R6,1.9188060760498047,False,19
train_000274,high_low_ratio,POL R7,1.4874732494354248,False,43
train_000274,high_low_ratio,POL R8,1.1667506694793701,False,74
train_000274,high_low_ratio,POL R9,1.27045738697052,False,65
train_000274,high_low_ratio,POL R10,1.0168441534042358,False,86
train_000274,high_low_ratio,POL R11,1.476335883140564,False,46
train_000274,high_low_ratio,POL R12,1.9123107194900513,False,20
train_000274,high_low_ratio,POL R13,2.284789800643921,False,6
train_000274,high_low_ratio,POL R14,2.170018434524536,False,10
train_000274,high_low_ratio,POL R15,1.4593619108200073,False,50
train_000274,high_low_ratio,POL R16,1.5548486709594727,False,40
train_000274,high_low_ratio,POL AC1,0.8980301022529602,False,96
train_000274,high_low_ratio,POL AC2,0.9997546672821045,False,88
train_000274,high_low_ratio,POL AC3,1.5801817178726196,False,35
train_000274,high_low_ratio,POL AC4,1.5891793966293335,False,34
train_000274,high_low_ratio,POL AC5,1.2954134941101074,False,64
train_000274,high_low_ratio,POL AC6,1.1236827373504639,False,79
train_000274,high_low_ratio,POL AC7,0.7968556880950928,False,104
train_000274,high_low_ratio,POL AC8,1.01912522315979,False,85
train_000274,high_low_ratio,POL AC9,1.1496769189834595,False,75
train_000274,high_low_ratio,POL AC10,0.9475539326667786,False,90
train_000274,high_low_ratio,POL AC11,2.131164312362671,False,12
train_000274,high_low_ratio,POL AC12,1.97458815574646,False,17
train_000274,high_low_ratio,POL AC13,1.4721064567565918,False,48
train_000274,high_low_ratio,POL AC14,0.8136104345321655,False,103
train_000274,high_low_ratio,POL AC15,1.2695612907409668,False,66
train_000274,high_low_ratio,POL AC16,1.3595877885818481,False,54
train_000274,low_frequency_suppression,EEG A1-Ref,1.4139044284820557,True,81
train_000274,low_frequency_suppression,EEG A2-Ref,1.4620202779769897,True,74
train_000274,low_frequency_suppression,POL A3,1.7657945156097412,True,55
train_000274,low_frequency_suppression,POL A4,1.6122153997421265,True,65
train_000274,low_frequency_suppression,POL A5,1.4581295251846313,False,75
train_000274,low_frequency_suppression,POL A6,1.436084508895874,False,78
train_000274,low_frequency_suppression,POL A7,1.368554949760437,False,87
train_000274,low_frequency_suppression,POL A8,1.9725912809371948,False,37
train_000274,low_frequency_suppression,POL A9,2.0959439277648926,False,29
train_000274,low_frequency_suppression,POL A10,1.791122555732727,False,50
train_000274,low_frequency_suppression,POL B1,1.4443131685256958,True,76
train_000274,low_frequency_suppression,POL B2,2.3547911643981934,False,20
train_000274,low_frequency_suppression,POL B3,1.831316590309143,False,49
train_000274,low_frequency_suppression,POL B4,2.495107412338257,False,15
train_000274,low_frequency_suppression,POL B5,2.424647331237793,False,16
train_000274,low_frequency_suppression,POL B6,2.6081461906433105,False,12
train_000274,low_frequency_suppression,POL B7,2.1066644191741943,False,28
train_000274,low_frequency_suppression,POL B8,2.0781168937683105,False,30
train_000274,low_frequency_suppression,POL B9,1.7054470777511597,False,59
train_000274,low_frequency_suppression,POL B10,1.8750863075256348,False,45
train_000274,low_frequency_suppression,POL B11,1.7407563924789429,False,57
train_000274,low_frequency_suppression,POL A11,2.3954505920410156,False,18
train_000274,low_frequency_suppression,POL A12,2.746703863143921,False,8
train_000274,low_frequency_suppression,POL U1,0.5456001162528992,True,118
train_000274,low_frequency_suppression,POL U2,0.03679381310939789,False,124
train_000274,low_frequency_suppression,POL U3,0.5122895240783691,False,121
train_000274,low_frequency_suppression,POL U4,2.1158089637756348,False,27
train_000274,low_frequency_suppression,POL U5,2.0322413444519043,False,33
train_000274,low_frequency_suppression,POL U6,1.4870076179504395,False,70
train_000274,low_frequency_suppression,POL U7,1.3716851472854614,False,86
train_000274,low_frequency_suppression,POL U8,3.8985037803649902,False,1
train_000274,low_frequency_suppression,POL T1,2.2363405227661133,False,24
train_000274,low_frequency_suppression,POL T2,0.9256622195243835,False,107
train_000274,low_frequency_suppression,EEG T3-Ref,1.0986226797103882,False,102
train_000274,low_frequency_suppression,EEG T4-Ref,0.40333348512649536,False,122
train_000274,low_frequency_suppression,EEG T5-Ref,0.36393213272094727,False,123
train_000274,low_frequency_suppression,EEG T6-Ref,1.5595992803573608,False,66
train_000274,low_frequency_suppression,EEG T7-Ref,2.0314512252807617,False,34
train_000274,low_frequency_suppression,EEG T8-Ref,0.835766077041626,False,110
train_000274,low_frequency_suppression,EEG T9-Ref,1.300986886024475,False,91
train_000274,low_frequency_suppression,EEG T10-Ref,0.570042610168457,False,117
train_000274,low_frequency_suppression,POL T11,0.7710210084915161,False,114
train_000274,low_frequency_suppression,POL T12,1.5326863527297974,False,68
train_000274,low_frequency_suppression,POL J1,2.8883161544799805,False,5
train_000274,low_frequency_suppression,POL J2,2.4951438903808594,False,14
train_000274,low_frequency_suppression,POL J3,1.4090638160705566,False,82
train_000274,low_frequency_suppression,POL J4,1.3986124992370605,False,84
train_000274,low_frequency_suppression,POL J5,0.859444260597229,False,109
train_000274,low_frequency_suppression,POL J6,0.9880879521369934,False,105
train_000274,low_frequency_suppression,POL J7,2.0676567554473877,False,31
train_000274,low_frequency_suppression,POL K1,1.3424296379089355,True,89
train_000274,low_frequency_suppression,POL K2,0.5308297276496887,False,119
train_000274,low_frequency_suppression,POL K3,1.4036182165145874,False,83
train_000274,low_frequency_suppression,POL K4,1.1947016716003418,False,97
train_000274,low_frequency_suppression,POL K5,1.3530800342559814,False,88
train_000274,low_frequency_suppression,POL K6,1.6627671718597412,False,63
train_000274,low_frequency_suppression,POL K7,1.7349900007247925,False,58
train_000274,low_frequency_suppression,POL K8,1.4373297691345215,False,77
train_000274,low_frequency_suppression,POL L1,2.761030673980713,False,7
train_000274,low_frequency_suppression,POL L2,1.4252142906188965,False,80
train_000274,low_frequency_suppression,POL L3,2.689021587371826,False,10
train_000274,low_frequency_suppression,POL L4,0.9321179986000061,False,106
train_000274,low_frequency_suppression,POL L5,1.19094717502594,False,99
train_000274,low_frequency_suppression,POL L6,1.2722989320755005,False,93
train_000274,low_frequency_suppression,POL L7,1.6951923370361328,False,60
train_000274,low_frequency_suppression,POL L8,1.2323224544525146,False,96
train_000274,low_frequency_suppression,EEG M1-Ref,1.6670866012573242,False,62
train_000274,low_frequency_suppression,EEG M2-Ref,2.0055768489837646,False,36
train_000274,low_frequency_suppression,POL M3,1.540486454963684,False,67
train_000274,low_frequency_suppression,POL M4,1.0450884103775024,False,103
train_000274,low_frequency_suppression,POL M5,1.1931401491165161,True,98
train_000274,low_frequency_suppression,POL M6,1.9606993198394775,True,40
train_000274,low_frequency_suppression,POL M7,2.8116931915283203,True,6
train_000274,low_frequency_suppression,POL M8,2.3970677852630615,False,17
train_000274,low_frequency_suppression,POL M9,1.8712129592895508,False,46
train_000274,low_frequency_suppression,POL N1,3.5104739665985107,False,2
train_000274,low_frequency_suppression,POL N2,2.2994651794433594,False,22
train_000274,low_frequency_suppression,POL N3,1.2404674291610718,False,95
train_000274,low_frequency_suppression,POL N4,0.8357083797454834,False,111
train_000274,low_frequency_suppression,POL N5,0.7066916823387146,False,116
train_000274,low_frequency_suppression,POL N6,1.1905540227890015,False,100
train_000274,low_frequency_suppression,POL N7,0.7840939164161682,False,113
train_000274,low_frequency_suppression,POL N8,1.941227912902832,False,42
train_000274,low_frequency_suppression,POL N9,2.572873830795288,False,13
train_000274,low_frequency_suppression,EEG P1-Ref,2.6178243160247803,False,11
train_000274,low_frequency_suppression,EEG P2-Ref,2.33306884765625,False,21
train_000274,low_frequency_suppression,EEG P3-Ref,2.3836185932159424,False,19
train_000274,low_frequency_suppression,EEG P4-Ref,3.270399570465088,False,3
train_000274,low_frequency_suppression,EEG P5-Ref,1.2998656034469604,False,92
train_000274,low_frequency_suppression,EEG P6-Ref,0.91228187084198,False,108
train_000274,low_frequency_suppression,EEG P7-Ref,0.5188180804252625,False,120
train_000274,low_frequency_suppression,EEG P8-Ref,1.029536247253418,False,104
train_000274,low_frequency_suppression,POL R1,1.9464116096496582,False,41
train_000274,low_frequency_suppression,POL R2,1.2422841787338257,False,94
train_000274,low_frequency_suppression,POL R3,1.4869675636291504,False,71
train_000274,low_frequency_suppression,POL R4,1.8936052322387695,False,44
train_000274,low_frequency_suppression,POL R5,1.5302656888961792,False,69
train_000274,low_frequency_suppression,POL R6,3.118640899658203,False,4
train_000274,low_frequency_suppression,POL R7,1.7479045391082764,False,56
train_000274,low_frequency_suppression,POL R8,1.7737547159194946,False,53
train_000274,low_frequency_suppression,POL R9,1.6846359968185425,False,61
train_000274,low_frequency_suppression,POL R10,0.7557865977287292,False,115
train_000274,low_frequency_suppression,POL R11,1.9063482284545898,False,43
train_000274,low_frequency_suppression,POL R12,1.7722926139831543,False,54
train_000274,low_frequency_suppression,POL R13,1.1544404029846191,False,101
train_000274,low_frequency_suppression,POL R14,1.9644980430603027,False,39
train_000274,low_frequency_suppression,POL R15,1.9686534404754639,False,38
train_000274,low_frequency_suppression,POL R16,2.2255611419677734,False,25
train_000274,low_frequency_suppression,POL AC1,1.4822598695755005,False,72
train_000274,low_frequency_suppression,POL AC2,2.061296224594116,False,32
train_000274,low_frequency_suppression,POL AC3,2.7453298568725586,False,9
train_000274,low_frequency_suppression,POL AC4,2.2178714275360107,False,26
train_000274,low_frequency_suppression,POL AC5,2.2929251194000244,False,23
train_000274,low_frequency_suppression,POL AC6,2.027930736541748,False,35
train_000274,low_frequency_suppression,POL AC7,1.6449767351150513,False,64
train_000274,low_frequency_suppression,POL AC8,1.4620765447616577,False,73
train_000274,low_frequency_suppression,POL AC9,1.7764678001403809,False,52
train_000274,low_frequency_suppression,POL AC10,1.8412538766860962,False,48
train_000274,low_frequency_suppression,POL AC11,1.8452861309051514,False,47
train_000274,low_frequency_suppression,POL AC12,1.4286612272262573,False,79
train_000274,low_frequency_suppression,POL AC13,1.3229789733886719,False,90
train_000274,low_frequency_suppression,POL AC14,1.3908175230026245,False,85
train_000274,low_frequency_suppression,POL AC15,0.7896754741668701,False,112
train_000274,low_frequency_suppression,POL AC16,1.7870444059371948,False,51
train_000274,spectral_centroid,EEG A1-Ref,1.5698338747024536,True,92
train_000274,spectral_centroid,EEG A2-Ref,1.1769837141036987,True,104
train_000274,spectral_centroid,POL A3,0.7500177025794983,True,115
train_000274,spectral_centroid,POL A4,0.5962928533554077,True,119
train_000274,spectral_centroid,POL A5,0.6683321595191956,False,117
train_000274,spectral_centroid,POL A6,1.0878125429153442,False,106
train_000274,spectral_centroid,POL A7,1.7251396179199219,False,85
train_000274,spectral_centroid,POL A8,3.797262668609619,False,25
train_000274,spectral_centroid,POL A9,4.8985748291015625,False,11
train_000274,spectral_centroid,POL A10,4.285569667816162,False,15
train_000274,spectral_centroid,POL B1,3.8735978603363037,True,21
train_000274,spectral_centroid,POL B2,5.250665187835693,False,7
train_000274,spectral_centroid,POL B3,2.5374598503112793,False,50
train_000274,spectral_centroid,POL B4,4.391343593597412,False,14
train_000274,spectral_centroid,POL B5,3.514561653137207,False,26
train_000274,spectral_centroid,POL B6,4.576420307159424,False,12
train_000274,spectral_centroid,POL B7,3.3225409984588623,False,30
train_000274,spectral_centroid,POL B8,3.3448197841644287,False,29
train_000274,spectral_centroid,POL B9,2.6243953704833984,False,48
train_000274,spectral_centroid,POL B10,3.866046667098999,False,22
train_000274,spectral_centroid,POL B11,3.186121940612793,False,34
train_000274,spectral_centroid,POL A11,5.1425065994262695,False,9
train_000274,spectral_centroid,POL A12,6.768685817718506,False,2
train_000274,spectral_centroid,POL U1,1.082197666168213,True,107
train_000274,spectral_centroid,POL U2,0.1326204538345337,False,124
train_000274,spectral_centroid,POL U3,0.21841339766979218,False,123
train_000274,spectral_centroid,POL U4,5.215167999267578,False,8
train_000274,spectral_centroid,POL U5,4.1877665519714355,False,16
train_000274,spectral_centroid,POL U6,2.3414430618286133,False,61
train_000274,spectral_centroid,POL U7,1.9574159383773804,False,76
train_000274,spectral_centroid,POL U8,4.395871162414551,False,13
train_000274,spectral_centroid,POL T1,2.2595198154449463,False,64
train_000274,spectral_centroid,POL T2,0.271099716424942,False,122
train_000274,spectral_centroid,EEG T3-Ref,1.2774385213851929,False,103
train_000274,spectral_centroid,EEG T4-Ref,0.6489512324333191,False,118
train_000274,spectral_centroid,EEG T5-Ref,0.8891807794570923,False,109
train_000274,spectral_centroid,EEG T6-Ref,2.493947744369507,False,55
train_000274,spectral_centroid,EEG T7-Ref,5.439262866973877,False,6
train_000274,spectral_centroid,EEG T8-Ref,1.466944932937622,False,95
train_000274,spectral_centroid,EEG T9-Ref,1.4064180850982666,False,96
train_000274,spectral_centroid,EEG T10-Ref,0.8875748515129089,False,110
train_000274,spectral_centroid,POL T11,1.7979899644851685,False,83
train_000274,spectral_centroid,POL T12,1.934786319732666,False,77
train_000274,spectral_centroid,POL J1,6.622030735015869,False,3
train_000274,spectral_centroid,POL J2,3.9185736179351807,False,18
train_000274,spectral_centroid,POL J3,2.15693736076355,False,70
train_000274,spectral_centroid,POL J4,3.91104793548584,False,19
train_000274,spectral_centroid,POL J5,2.5189003944396973,False,52
train_000274,spectral_centroid,POL J6,0.7999681234359741,False,113
train_000274,spectral_centroid,POL J7,1.8063068389892578,False,82
train_000274,spectral_centroid,POL K1,1.0555577278137207,True,108
train_000274,spectral_centroid,POL K2,0.34012073278427124,False,121
train_000274,spectral_centroid,POL K3,2.699247360229492,False,46
train_000274,spectral_centroid,POL K4,3.0708296298980713,False,36
train_000274,spectral_centroid,POL K5,2.4318995475769043,False,58
train_000274,spectral_centroid,POL K6,3.840590715408325,False,23
train_000274,spectral_centroid,POL K7,2.872803211212158,False,41
train_000274,spectral_centroid,POL K8,1.8548216819763184,False,80
train_000274,spectral_centroid,POL L1,3.893554449081421,False,20
train_000274,spectral_centroid,POL L2,2.9449477195739746,False,40
train_000274,spectral_centroid,POL L3,5.139262676239014,False,10
train_000274,spectral_centroid,POL L4,1.316191554069519,False,99
train_000274,spectral_centroid,POL L5,2.521458625793457,False,51
train_000274,spectral_centroid,POL L6,2.5003814697265625,False,54
train_000274,spectral_centroid,POL L7,3.5061891078948975,False,27
train_000274,spectral_centroid,POL L8,2.2410318851470947,False,66
train_000274,spectral_centroid,EEG M1-Ref,1.2862497568130493,False,101
train_000274,spectral_centroid,EEG M2-Ref,1.8367550373077393,False,81
train_000274,spectral_centroid,POL M3,2.0489368438720703,False,72
train_000274,spectral_centroid,POL M4,1.7159287929534912,False,86
train_000274,spectral_centroid,POL M5,2.3882477283477783,True,59
train_000274,spectral_centroid,POL M6,2.6711716651916504,True,47
train_000274,spectral_centroid,POL M7,3.045060396194458,True,38
train_000274,spectral_centroid,POL M8,3.2925968170166016,False,32
train_000274,spectral_centroid,POL M9,2.8631889820098877,False,42
train_000274,spectral_centroid,POL N1,7.125765800476074,False,1
train_000274,spectral_centroid,POL N2,6.474942684173584,False,4
train_000274,spectral_centroid,POL N3,1.6877355575561523,False,87
train_000274,spectral_centroid,POL N4,0.8324220180511475,False,112
train_000274,spectral_centroid,POL N5,0.5371614098548889,False,120
train_000274,spectral_centroid,POL N6,2.7009031772613525,False,45
train_000274,spectral_centroid,POL N7,2.017942428588867,False,73
train_000274,spectral_centroid,POL N8,3.022233486175537,False,39
train_000274,spectral_centroid,POL N9,3.1171934604644775,False,35
train_000274,spectral_centroid,EEG P1-Ref,3.8404529094696045,False,24
train_000274,spectral_centroid,EEG P2-Ref,3.303455352783203,False,31
train_000274,spectral_centroid,EEG P3-Ref,4.148530960083008,False,17
train_000274,spectral_centroid,EEG P4-Ref,6.338900566101074,False,5
train_000274,spectral_centroid,EEG P5-Ref,2.234161615371704,False,67
train_000274,spectral_centroid,EEG P6-Ref,1.3392951488494873,False,98
train_000274,spectral_centroid,EEG P7-Ref,0.7164397239685059,False,116
train_000274,spectral_centroid,EEG P8-Ref,1.3776534795761108,False,97
train_000274,spectral_centroid,POL R1,3.1922268867492676,False,33
train_000274,spectral_centroid,POL R2,1.862443208694458,False,79
train_000274,spectral_centroid,POL R3,2.469355583190918,False,56
train_000274,spectral_centroid,POL R4,3.0516631603240967,False,37
train_000274,spectral_centroid,POL R5,3.4842312335968018,False,28
train_000274,spectral_centroid,POL R6,2.7156970500946045,False,44
train_000274,spectral_centroid,POL R7,1.5655748844146729,False,93
train_000274,spectral_centroid,POL R8,0.8692277669906616,False,111
train_000274,spectral_centroid,POL R9,1.5036470890045166,False,94
train_000274,spectral_centroid,POL R10,0.76384437084198,False,114
train_000274,spectral_centroid,POL R11,1.902637004852295,False,78
train_000274,spectral_centroid,POL R12,1.2993812561035156,False,100
train_000274,spectral_centroid,POL R13,1.1100538969039917,False,105
train_000274,spectral_centroid,POL R14,1.6035348176956177,False,90
train_000274,spectral_centroid,POL R15,1.5813215970993042,False,91
train_000274,spectral_centroid,POL R16,2.5123448371887207,False,53
train_000274,spectral_centroid,POL AC1,1.282531976699829,False,102
train_000274,spectral_centroid,POL AC2,2.3350977897644043,False,62
train_000274,spectral_centroid,POL AC3,2.8453750610351562,False,43
train_000274,spectral_centroid,POL AC4,2.5538525581359863,False,49
train_000274,spectral_centroid,POL AC5,2.380295515060425,False,60
train_000274,spectral_centroid,POL AC6,2.2325010299682617,False,68
train_000274,spectral_centroid,POL AC7,1.7576026916503906,False,84
train_000274,spectral_centroid,POL AC8,1.9981337785720825,False,74
train_000274,spectral_centroid,POL AC9,2.4651875495910645,False,57
train_000274,spectral_centroid,POL AC10,2.1478195190429688,False,71
train_000274,spectral_centroid,POL AC11,2.2885992527008057,False,63
train_000274,spectral_centroid,POL AC12,2.1794731616973877,False,69
train_000274,spectral_centroid,POL AC13,1.9716827869415283,False,75
train_000274,spectral_centroid,POL AC14,1.640429973602295,False,89
train_000274,spectral_centroid,POL AC15,1.6565673351287842,False,88
train_000274,spectral_centroid,POL AC16,2.2531449794769287,False,65
train_000274,spectral_entropy_change,EEG A1-Ref,1.3074065446853638,True,99
train_000274,spectral_entropy_change,EEG A2-Ref,1.0157033205032349,True,115
train_000274,spectral_entropy_change,POL A3,1.0655590295791626,True,111
train_000274,spectral_entropy_change,POL A4,1.0240952968597412,True,114
train_000274,spectral_entropy_change,POL A5,0.8913930654525757,False,119
train_000274,spectral_entropy_change,POL A6,1.0568434000015259,False,112
train_000274,spectral_entropy_change,POL A7,1.1383230686187744,False,108
train_000274,spectral_entropy_change,POL A8,2.0188918113708496,False,38
train_000274,spectral_entropy_change,POL A9,2.7557713985443115,False,10
train_000274,spectral_entropy_change,POL A10,2.912790298461914,False,6
train_000274,spectral_entropy_change,POL B1,1.4151362180709839,True,86
train_000274,spectral_entropy_change,POL B2,1.7423663139343262,False,61
train_000274,spectral_entropy_change,POL B3,1.9355037212371826,False,48
train_000274,spectral_entropy_change,POL B4,2.247234582901001,False,27
train_000274,spectral_entropy_change,POL B5,2.3297176361083984,False,23
train_000274,spectral_entropy_change,POL B6,1.7261292934417725,False,63
train_000274,spectral_entropy_change,POL B7,1.0766043663024902,False,110
train_000274,spectral_entropy_change,POL B8,0.9747682809829712,False,118
train_000274,spectral_entropy_change,POL B9,0.9916723966598511,False,116
train_000274,spectral_entropy_change,POL B10,1.4934558868408203,False,76
train_000274,spectral_entropy_change,POL B11,2.26129150390625,False,26
train_000274,spectral_entropy_change,POL A11,3.2237987518310547,False,3
train_000274,spectral_entropy_change,POL A12,4.266790866851807,False,1
train_000274,spectral_entropy_change,POL U1,0.9767364263534546,True,117
train_000274,spectral_entropy_change,POL U2,1.1026631593704224,False,109
train_000274,spectral_entropy_change,POL U3,1.040145993232727,False,113
train_000274,spectral_entropy_change,POL U4,1.986572265625,False,46
train_000274,spectral_entropy_change,POL U5,2.076483726501465,False,35
train_000274,spectral_entropy_change,POL U6,1.2679033279418945,False,101
train_000274,spectral_entropy_change,POL U7,1.5676898956298828,False,73
train_000274,spectral_entropy_change,POL U8,2.634838581085205,False,13
train_000274,spectral_entropy_change,POL T1,1.9029569625854492,False,51
train_000274,spectral_entropy_change,POL T2,0.886565089225769,False,120
train_000274,spectral_entropy_change,EEG T3-Ref,1.3805434703826904,False,90
train_000274,spectral_entropy_change,EEG T4-Ref,1.3264802694320679,False,98
train_000274,spectral_entropy_change,EEG T5-Ref,1.1895800828933716,False,106
train_000274,spectral_entropy_change,EEG T6-Ref,1.6761397123336792,False,64
train_000274,spectral_entropy_change,EEG T7-Ref,2.5731027126312256,False,15
train_000274,spectral_entropy_change,EEG T8-Ref,1.635719895362854,False,69
train_000274,spectral_entropy_change,EEG T9-Ref,1.6551172733306885,False,67
train_000274,spectral_entropy_change,EEG T10-Ref,1.2448090314865112,False,102
train_000274,spectral_entropy_change,POL T11,1.3845773935317993,False,89
train_000274,spectral_entropy_change,POL T12,1.8410226106643677,False,55
train_000274,spectral_entropy_change,POL J1,2.3374979496002197,False,22
train_000274,spectral_entropy_change,POL J2,1.3866314888000488,False,88
train_000274,spectral_entropy_change,POL J3,1.1903870105743408,False,105
train_000274,spectral_entropy_change,POL J4,2.954395055770874,False,5
train_000274,spectral_entropy_change,POL J5,1.8083853721618652,False,57
train_000274,spectral_entropy_change,POL J6,0.7608093619346619,False,123
train_000274,spectral_entropy_change,POL J7,1.5546648502349854,False,74
train_000274,spectral_entropy_change,POL K1,1.4277819395065308,True,84
train_000274,spectral_entropy_change,POL K2,0.8633697032928467,False,121
train_000274,spectral_entropy_change,POL K3,1.3477888107299805,False,93
train_000274,spectral_entropy_change,POL K4,2.7499279975891113,False,11
train_000274,spectral_entropy_change,POL K5,1.8040827512741089,False,58
train_000274,spectral_entropy_change,POL K6,2.6228222846984863,False,14
train_000274,spectral_entropy_change,POL K7,2.1476147174835205,False,32
train_000274,spectral_entropy_change,POL K8,1.462087869644165,False,79
train_000274,spectral_entropy_change,POL L1,2.848069190979004,False,9
train_000274,spectral_entropy_change,POL L2,2.5388853549957275,False,17
train_000274,spectral_entropy_change,POL L3,2.902941942214966,False,7
train_000274,spectral_entropy_change,POL L4,1.337984561920166,False,96
train_000274,spectral_entropy_change,POL L5,2.226088523864746,False,29
train_000274,spectral_entropy_change,POL L6,2.014585018157959,False,41
train_000274,spectral_entropy_change,POL L7,2.4230337142944336,False,20
train_000274,spectral_entropy_change,POL L8,2.2418160438537598,False,28
train_000274,spectral_entropy_change,EEG M1-Ref,0.8334555625915527,False,122
train_000274,spectral_entropy_change,EEG M2-Ref,1.4620170593261719,False,80
train_000274,spectral_entropy_change,POL M3,1.3459163904190063,False,94
train_000274,spectral_entropy_change,POL M4,1.3381925821304321,False,95
train_000274,spectral_entropy_change,POL M5,1.374943733215332,True,91
train_000274,spectral_entropy_change,POL M6,1.942763328552246,True,47
train_000274,spectral_entropy_change,POL M7,2.8704822063446045,True,8
train_000274,spectral_entropy_change,POL M8,2.6625139713287354,False,12
train_000274,spectral_entropy_change,POL M9,1.903062105178833,False,50
train_000274,spectral_entropy_change,POL N1,3.9062113761901855,False,2
train_000274,spectral_entropy_change,POL N2,2.5505452156066895,False,16
train_000274,spectral_entropy_change,POL N3,1.3707056045532227,False,92
train_000274,spectral_entropy_change,POL N4,1.4935157299041748,False,75
train_000274,spectral_entropy_change,POL N5,1.419618844985962,False,85
train_000274,spectral_entropy_change,POL N6,1.4867067337036133,False,77
train_000274,spectral_entropy_change,POL N7,1.3370293378829956,False,97
train_000274,spectral_entropy_change,POL N8,1.8833626508712769,False,52
train_000274,spectral_entropy_change,POL N9,2.1983845233917236,False,30
train_000274,spectral_entropy_change,EEG P1-Ref,2.073117733001709,False,36
train_000274,spectral_entropy_change,EEG P2-Ref,1.658060073852539,False,66
train_000274,spectral_entropy_change,EEG P3-Ref,1.9908263683319092,False,43
train_000274,spectral_entropy_change,EEG P4-Ref,2.9729795455932617,False,4
train_000274,spectral_entropy_change,EEG P5-Ref,1.8417043685913086,False,54
train_000274,spectral_entropy_change,EEG P6-Ref,1.3032708168029785,False,100
train_000274,spectral_entropy_change,EEG P7-Ref,1.1942614316940308,False,104
train_000274,spectral_entropy_change,EEG P8-Ref,1.6623106002807617,False,65
train_000274,spectral_entropy_change,POL R1,1.9184924364089966,False,49
train_000274,spectral_entropy_change,POL R2,1.3895225524902344,False,87
train_000274,spectral_entropy_change,POL R3,1.7324069738388062,False,62
train_000274,spectral_entropy_change,POL R4,2.0177481174468994,False,39
train_000274,spectral_entropy_change,POL R5,2.1474862098693848,False,33
train_000274,spectral_entropy_change,POL R6,2.291863441467285,False,25
train_000274,spectral_entropy_change,POL R7,1.1424204111099243,False,107
train_000274,spectral_entropy_change,POL R8,1.62383234500885,False,71
train_000274,spectral_entropy_change,POL R9,1.8235719203948975,False,56
train_000274,spectral_entropy_change,POL R10,0.7464362382888794,False,124
train_000274,spectral_entropy_change,POL R11,1.8498514890670776,False,53
train_000274,spectral_entropy_change,POL R12,1.4358794689178467,False,83
train_000274,spectral_entropy_change,POL R13,1.2105141878128052,False,103
train_000274,spectral_entropy_change,POL R14,1.4521558284759521,False,81
train_000274,spectral_entropy_change,POL R15,1.4792524576187134,False,78
train_000274,spectral_entropy_change,POL R16,1.4403269290924072,False,82
train_000274,spectral_entropy_change,POL AC1,1.7793762683868408,False,59
train_000274,spectral_entropy_change,POL AC2,1.6472922563552856,False,68
train_000274,spectral_entropy_change,POL AC3,2.4246368408203125,False,19
train_000274,spectral_entropy_change,POL AC4,2.322089433670044,False,24
train_000274,spectral_entropy_change,POL AC5,2.399381160736084,False,21
train_000274,spectral_entropy_change,POL AC6,2.1682281494140625,False,31
train_000274,spectral_entropy_change,POL AC7,1.598742961883545,False,72
train_000274,spectral_entropy_change,POL AC8,1.9906229972839355,False,44
train_000274,spectral_entropy_change,POL AC9,2.0561749935150146,False,37
train_000274,spectral_entropy_change,POL AC10,2.0093953609466553,False,42
train_000274,spectral_entropy_change,POL AC11,1.9878696203231812,False,45
train_000274,spectral_entropy_change,POL AC12,1.768322467803955,False,60
train_000274,spectral_entropy_change,POL AC13,2.0146303176879883,False,40
train_000274,spectral_entropy_change,POL AC14,1.6302374601364136,False,70
train_000274,spectral_entropy_change,POL AC15,2.0880284309387207,False,34
train_000274,spectral_entropy_change,POL AC16,2.4971237182617188,False,18
train_000274,rhythmicity,EEG A1-Ref,0.9916175603866577,True,31
train_000274,rhythmicity,EEG A2-Ref,0.8337415456771851,True,57
train_000274,rhythmicity,POL A3,0.8692655563354492,True,50
train_000274,rhythmicity,POL A4,0.8528825640678406,True,53
train_000274,rhythmicity,POL A5,0.9645019769668579,False,37
train_000274,rhythmicity,POL A6,0.9989894032478333,False,28
train_000274,rhythmicity,POL A7,0.9611209630966187,False,38
train_000274,rhythmicity,POL A8,0.8473137021064758,False,54
train_000274,rhythmicity,POL A9,0.8360684514045715,False,56
train_000274,rhythmicity,POL A10,1.0240401029586792,False,21
train_000274,rhythmicity,POL B1,0.8832218647003174,True,49
train_000274,rhythmicity,POL B2,0.621155858039856,False,91
train_000274,rhythmicity,POL B3,0.5789382457733154,False,99
train_000274,rhythmicity,POL B4,0.6587773561477661,False,86
train_000274,rhythmicity,POL B5,0.5289360880851746,False,108
train_000274,rhythmicity,POL B6,0.6676368117332458,False,85
train_000274,rhythmicity,POL B7,0.8154212236404419,False,61
train_000274,rhythmicity,POL B8,0.8216341733932495,False,59
train_000274,rhythmicity,POL B9,0.7708128690719604,False,70
train_000274,rhythmicity,POL B10,0.8060870170593262,False,64
train_000274,rhythmicity,POL B11,0.7913298606872559,False,65
train_000274,rhythmicity,POL A11,0.9659584164619446,False,36
train_000274,rhythmicity,POL A12,1.1899957656860352,False,10
train_000274,rhythmicity,POL U1,0.9747013449668884,True,33
train_000274,rhythmicity,POL U2,1.1023255586624146,False,15
train_000274,rhythmicity,POL U3,0.9670113921165466,False,35
train_000274,rhythmicity,POL U4,0.9217733144760132,False,43
train_000274,rhythmicity,POL U5,0.988213837146759,False,32
train_000274,rhythmicity,POL U6,0.9508873224258423,False,39
train_000274,rhythmicity,POL U7,0.7248538136482239,False,74
train_000274,rhythmicity,POL U8,0.8984314799308777,False,47
train_000274,rhythmicity,POL T1,0.5020369291305542,False,113
train_000274,rhythmicity,POL T2,0.7240660786628723,False,75
train_000274,rhythmicity,EEG T3-Ref,0.830916166305542,False,58
train_000274,rhythmicity,EEG T4-Ref,1.219262957572937,False,9
train_000274,rhythmicity,EEG T5-Ref,1.0818238258361816,False,17
train_000274,rhythmicity,EEG T6-Ref,0.9925898313522339,False,30
train_000274,rhythmicity,EEG T7-Ref,1.5058650970458984,False,2
train_000274,rhythmicity,EEG T8-Ref,1.562617301940918,False,1
train_000274,rhythmicity,EEG T9-Ref,1.2551348209381104,False,7
train_000274,rhythmicity,EEG T10-Ref,1.3643251657485962,False,3
train_000274,rhythmicity,POL T11,1.333347201347351,False,4
train_000274,rhythmicity,POL T12,1.1212658882141113,False,14
train_000274,rhythmicity,POL J1,0.5099964141845703,False,112
train_000274,rhythmicity,POL J2,0.5170155763626099,False,111
train_000274,rhythmicity,POL J3,0.4928407371044159,False,114
train_000274,rhythmicity,POL J4,0.6961570978164673,False,79
train_000274,rhythmicity,POL J5,1.1468336582183838,False,13
train_000274,rhythmicity,POL J6,0.9447067975997925,False,40
train_000274,rhythmicity,POL J7,0.5351620316505432,False,106
train_000274,rhythmicity,POL K1,0.5866690278053284,True,97
train_000274,rhythmicity,POL K2,0.9427384734153748,False,41
train_000274,rhythmicity,POL K3,0.7508175373077393,False,72
train_000274,rhythmicity,POL K4,0.5204347968101501,False,109
train_000274,rhythmicity,POL K5,0.580690860748291,False,98
train_000274,rhythmicity,POL K6,0.9687742590904236,False,34
train_000274,rhythmicity,POL K7,0.9410319328308105,False,42
train_000274,rhythmicity,POL K8,1.0966191291809082,False,16
train_000274,rhythmicity,POL L1,0.6284821629524231,False,89
train_000274,rhythmicity,POL L2,0.8095414042472839,False,62
train_000274,rhythmicity,POL L3,0.6195389032363892,False,92
train_000274,rhythmicity,POL L4,0.5373122096061707,False,105
train_000274,rhythmicity,POL L5,0.5599936246871948,False,102
train_000274,rhythmicity,POL L6,0.8186023235321045,False,60
train_000274,rhythmicity,POL L7,1.011015772819519,False,24
train_000274,rhythmicity,POL L8,1.0194145441055298,False,22
train_000274,rhythmicity,EEG M1-Ref,0.7172281742095947,False,76
train_000274,rhythmicity,EEG M2-Ref,0.3966529667377472,False,118
train_000274,rhythmicity,POL M3,0.028194453567266464,False,124
train_000274,rhythmicity,POL M4,0.2146020233631134,False,122
train_000274,rhythmicity,POL M5,0.4317173957824707,True,116
train_000274,rhythmicity,POL M6,0.8590828776359558,True,51
train_000274,rhythmicity,POL M7,1.2949141263961792,True,5
train_000274,rhythmicity,POL M8,1.1665319204330444,False,12
train_000274,rhythmicity,POL M9,0.5453407764434814,False,104
train_000274,rhythmicity,POL N1,0.6958498954772949,False,80
train_000274,rhythmicity,POL N2,0.8074037432670593,False,63
train_000274,rhythmicity,POL N3,0.8400716781616211,False,55
train_000274,rhythmicity,POL N4,0.9991839528083801,False,27
train_000274,rhythmicity,POL N5,1.2878384590148926,False,6
train_000274,rhythmicity,POL N6,1.0065101385116577,False,25
train_000274,rhythmicity,POL N7,0.9195544719696045,False,45
train_000274,rhythmicity,POL N8,0.517341136932373,False,110
train_000274,rhythmicity,POL N9,0.9947484135627747,False,29
train_000274,rhythmicity,EEG P1-Ref,0.304046094417572,False,121
train_000274,rhythmicity,EEG P2-Ref,0.13149286806583405,False,123
train_000274,rhythmicity,EEG P3-Ref,0.37155240774154663,False,120
train_000274,rhythmicity,EEG P4-Ref,0.3823137581348419,False,119
train_000274,rhythmicity,EEG P5-Ref,0.606296956539154,False,93
train_000274,rhythmicity,EEG P6-Ref,1.0003588199615479,False,26
train_000274,rhythmicity,EEG P7-Ref,1.0797642469406128,False,18
train_000274,rhythmicity,EEG P8-Ref,0.899806022644043,False,46
train_000274,rhythmicity,POL R1,1.0526959896087646,False,20
train_000274,rhythmicity,POL R2,0.9212682247161865,False,44
train_000274,rhythmicity,POL R3,1.0694105625152588,False,19
train_000274,rhythmicity,POL R4,1.2245392799377441,False,8
train_000274,rhythmicity,POL R5,0.8843304514884949,False,48
train_000274,rhythmicity,POL R6,0.7809650897979736,False,67
train_000274,rhythmicity,POL R7,0.780525803565979,False,68
train_000274,rhythmicity,POL R8,0.6739736199378967,False,84
train_000274,rhythmicity,POL R9,0.7265862226486206,False,73
train_000274,rhythmicity,POL R10,0.6958060264587402,False,81
train_000274,rhythmicity,POL R11,0.7787631750106812,False,69
train_000274,rhythmicity,POL R12,0.6442463994026184,False,87
train_000274,rhythmicity,POL R13,0.5328055024147034,False,107
train_000274,rhythmicity,POL R14,0.7093629240989685,False,77
train_000274,rhythmicity,POL R15,0.45362553000450134,False,115
train_000274,rhythmicity,POL R16,0.398245632648468,False,117
train_000274,rhythmicity,POL AC1,0.5976187586784363,False,95
train_000274,rhythmicity,POL AC2,0.7663756012916565,False,71
train_000274,rhythmicity,POL AC3,0.6842177510261536,False,83
train_000274,rhythmicity,POL AC4,0.60466068983078,False,94
train_000274,rhythmicity,POL AC5,0.5886075496673584,False,96
train_000274,rhythmicity,POL AC6,0.5589709877967834,False,103
train_000274,rhythmicity,POL AC7,0.6299063563346863,False,88
train_000274,rhythmicity,POL AC8,0.621953010559082,False,90
train_000274,rhythmicity,POL AC9,0.6893705725669861,False,82
train_000274,rhythmicity,POL AC10,0.6973822116851807,False,78
train_000274,rhythmicity,POL AC11,0.5701022744178772,False,100
train_000274,rhythmicity,POL AC12,0.8563345074653625,False,52
train_000274,rhythmicity,POL AC13,0.565812349319458,False,101
train_000274,rhythmicity,POL AC14,0.7837234735488892,False,66
train_000274,rhythmicity,POL AC15,1.169286847114563,False,11
train_000274,rhythmicity,POL AC16,1.018585205078125,False,23
train_000274,multiband_fast_activity,EEG A1-Ref,0.4156481623649597,True,49
train_000274,multiband_fast_activity,EEG A2-Ref,0.44447261095046997,True,45
train_000274,multiband_fast_activity,POL A3,0.25901976227760315,True,83
train_000274,multiband_fast_activity,POL A4,0.327246755361557,True,64
train_000274,multiband_fast_activity,POL A5,0.25535741448402405,False,86
train_000274,multiband_fast_activity,POL A6,0.21890728175640106,False,96
train_000274,multiband_fast_activity,POL A7,0.10449457913637161,False,113
train_000274,multiband_fast_activity,POL A8,0.3000968396663666,False,72
train_000274,multiband_fast_activity,POL A9,0.39953339099884033,False,52
train_000274,multiband_fast_activity,POL A10,0.37949565052986145,False,56
train_000274,multiband_fast_activity,POL B1,1.2462821006774902,True,3
train_000274,multiband_fast_activity,POL B2,0.1892775446176529,False,101
train_000274,multiband_fast_activity,POL B3,0.8685658574104309,False,16
train_000274,multiband_fast_activity,POL B4,0.22315312922000885,False,94
train_000274,multiband_fast_activity,POL B5,0.2836450934410095,False,77
train_000274,multiband_fast_activity,POL B6,0.2256891280412674,False,93
train_000274,multiband_fast_activity,POL B7,0.36043235659599304,False,61
train_000274,multiband_fast_activity,POL B8,0.3128417432308197,False,69
train_000274,multiband_fast_activity,POL B9,0.26712724566459656,False,80
train_000274,multiband_fast_activity,POL B10,0.2903871536254883,False,74
train_000274,multiband_fast_activity,POL B11,0.07636629790067673,False,115
train_000274,multiband_fast_activity,POL A11,-0.0498235747218132,False,123
train_000274,multiband_fast_activity,POL A12,0.36435773968696594,False,60
train_000274,multiband_fast_activity,POL U1,0.908516526222229,True,11
train_000274,multiband_fast_activity,POL U2,0.14393053948879242,False,106
train_000274,multiband_fast_activity,POL U3,0.41343551874160767,False,50
train_000274,multiband_fast_activity,POL U4,0.3856470584869385,False,54
train_000274,multiband_fast_activity,POL U5,0.3826327919960022,False,55
train_000274,multiband_fast_activity,POL U6,0.32528024911880493,False,65
train_000274,multiband_fast_activity,POL U7,0.4674411714076996,False,41
train_000274,multiband_fast_activity,POL U8,0.5461673140525818,False,33
train_000274,multiband_fast_activity,POL T1,0.06095279008150101,False,116
train_000274,multiband_fast_activity,POL T2,0.2495347112417221,False,88
train_000274,multiband_fast_activity,EEG T3-Ref,0.23231445252895355,False,92
train_000274,multiband_fast_activity,EEG T4-Ref,-0.3339003622531891,False,124
train_000274,multiband_fast_activity,EEG T5-Ref,0.32004961371421814,False,66
train_000274,multiband_fast_activity,EEG T6-Ref,0.20958279073238373,False,98
train_000274,multiband_fast_activity,EEG T7-Ref,0.8774250149726868,False,15
train_000274,multiband_fast_activity,EEG T8-Ref,2.3330986499786377,False,1
train_000274,multiband_fast_activity,EEG T9-Ref,1.0753655433654785,False,5
train_000274,multiband_fast_activity,EEG T10-Ref,0.12138617038726807,False,109
train_000274,multiband_fast_activity,POL T11,0.1908891201019287,False,100
train_000274,multiband_fast_activity,POL T12,0.05367264151573181,False,118
train_000274,multiband_fast_activity,POL J1,0.23268428444862366,False,91
train_000274,multiband_fast_activity,POL J2,0.2570940852165222,False,84
train_000274,multiband_fast_activity,POL J3,0.2861860394477844,False,76
train_000274,multiband_fast_activity,POL J4,0.515527606010437,False,37
train_000274,multiband_fast_activity,POL J5,0.30370354652404785,False,70
train_000274,multiband_fast_activity,POL J6,0.28321340680122375,False,78
train_000274,multiband_fast_activity,POL J7,0.4277041256427765,False,48
train_000274,multiband_fast_activity,POL K1,0.24472951889038086,True,89
train_000274,multiband_fast_activity,POL K2,0.30352383852005005,False,71
train_000274,multiband_fast_activity,POL K3,0.2766644358634949,False,79
train_000274,multiband_fast_activity,POL K4,0.7149290442466736,False,21
train_000274,multiband_fast_activity,POL K5,0.4458025097846985,False,43
train_000274,multiband_fast_activity,POL K6,0.6680015325546265,False,23
train_000274,multiband_fast_activity,POL K7,0.6847401857376099,False,22
train_000274,multiband_fast_activity,POL K8,0.44553273916244507,False,44
train_000274,multiband_fast_activity,POL L1,0.33103373646736145,False,63
train_000274,multiband_fast_activity,POL L2,0.14810334146022797,False,105
train_000274,multiband_fast_activity,POL L3,0.2055896818637848,False,99
train_000274,multiband_fast_activity,POL L4,0.238740935921669,False,90
train_000274,multiband_fast_activity,POL L5,0.31467404961586,False,68
train_000274,multiband_fast_activity,POL L6,0.2979276478290558,False,73
train_000274,multiband_fast_activity,POL L7,0.6053850054740906,False,27
train_000274,multiband_fast_activity,POL L8,0.877939760684967,False,14
train_000274,multiband_fast_activity,EEG M1-Ref,0.5299738049507141,False,36
train_000274,multiband_fast_activity,EEG M2-Ref,0.16329839825630188,False,103
train_000274,multiband_fast_activity,POL M3,0.033103037625551224,False,121
train_000274,multiband_fast_activity,POL M4,0.11843772232532501,False,111
train_000274,multiband_fast_activity,POL M5,0.5700325965881348,True,32
train_000274,multiband_fast_activity,POL M6,0.3163488805294037,True,67
train_000274,multiband_fast_activity,POL M7,0.46742427349090576,True,42
train_000274,multiband_fast_activity,POL M8,0.4413405954837799,False,47
train_000274,multiband_fast_activity,POL M9,0.9018760323524475,False,12
train_000274,multiband_fast_activity,POL N1,0.15831667184829712,False,104
train_000274,multiband_fast_activity,POL N2,0.6147422790527344,False,26
train_000274,multiband_fast_activity,POL N3,1.1483367681503296,False,4
train_000274,multiband_fast_activity,POL N4,0.4438679814338684,False,46
train_000274,multiband_fast_activity,POL N5,0.5145704746246338,False,38
train_000274,multiband_fast_activity,POL N6,0.8874841332435608,False,13
train_000274,multiband_fast_activity,POL N7,0.38831162452697754,False,53
train_000274,multiband_fast_activity,POL N8,0.21893532574176788,False,95
train_000274,multiband_fast_activity,POL N9,0.638961672782898,False,25
train_000274,multiband_fast_activity,EEG P1-Ref,0.8339250683784485,False,17
train_000274,multiband_fast_activity,EEG P2-Ref,0.773385226726532,False,19
train_000274,multiband_fast_activity,EEG P3-Ref,0.582874059677124,False,29
train_000274,multiband_fast_activity,EEG P4-Ref,0.539936900138855,False,35
train_000274,multiband_fast_activity,EEG P5-Ref,0.5048893094062805,False,39
train_000274,multiband_fast_activity,EEG P6-Ref,0.9955639243125916,False,7
train_000274,multiband_fast_activity,EEG P7-Ref,0.9308000802993774,False,10
train_000274,multiband_fast_activity,EEG P8-Ref,1.0232518911361694,False,6
train_000274,multiband_fast_activity,POL R1,0.11825081706047058,False,112
train_000274,multiband_fast_activity,POL R2,0.08338896185159683,False,114
train_000274,multiband_fast_activity,POL R3,0.25127366185188293,False,87
train_000274,multiband_fast_activity,POL R4,0.7327612042427063,False,20
train_000274,multiband_fast_activity,POL R5,0.5715216994285583,False,31
train_000274,multiband_fast_activity,POL R6,1.261981725692749,False,2
train_000274,multiband_fast_activity,POL R7,0.1886364370584488,False,102
train_000274,multiband_fast_activity,POL R8,0.05464805290102959,False,117
train_000274,multiband_fast_activity,POL R9,0.12009316682815552,False,110
train_000274,multiband_fast_activity,POL R10,0.7784115672111511,False,18
train_000274,multiband_fast_activity,POL R11,0.937831699848175,False,9
train_000274,multiband_fast_activity,POL R12,0.5399377346038818,False,34
train_000274,multiband_fast_activity,POL R13,0.370829313993454,False,57
train_000274,multiband_fast_activity,POL R14,0.37002187967300415,False,58
train_000274,multiband_fast_activity,POL R15,0.28900858759880066,False,75
train_000274,multiband_fast_activity,POL R16,0.256855309009552,False,85
train_000274,multiband_fast_activity,POL AC1,0.5755197405815125,False,30
train_000274,multiband_fast_activity,POL AC2,0.2132606953382492,False,97
train_000274,multiband_fast_activity,POL AC3,0.266475647687912,False,81
train_000274,multiband_fast_activity,POL AC4,0.26569104194641113,False,82
train_000274,multiband_fast_activity,POL AC5,0.36946001648902893,False,59
train_000274,multiband_fast_activity,POL AC6,0.3429996073246002,False,62
train_000274,multiband_fast_activity,POL AC7,0.04815615341067314,False,120
train_000274,multiband_fast_activity,POL AC8,0.0509369857609272,False,119
train_000274,multiband_fast_activity,POL AC9,0.007371840532869101,False,122
train_000274,multiband_fast_activity,POL AC10,0.12719370424747467,False,108
train_000274,multiband_fast_activity,POL AC11,0.9677292108535767,False,8
train_000274,multiband_fast_activity,POL AC12,0.40951862931251526,False,51
train_000274,multiband_fast_activity,POL AC13,0.4828086793422699,False,40
train_000274,multiband_fast_activity,POL AC14,0.5836486220359802,False,28
train_000274,multiband_fast_activity,POL AC15,0.6546157598495483,False,24
train_000274,multiband_fast_activity,POL AC16,0.13700835406780243,False,107
train_000274,fast_suppression_joint,EEG A1-Ref,0.5406913161277771,True,30
train_000274,fast_suppression_joint,EEG A2-Ref,0.1577451527118683,True,76
train_000274,fast_suppression_joint,POL A3,0.22029045224189758,True,71
train_000274,fast_suppression_joint,POL A4,0.0,True,88
train_000274,fast_suppression_joint,POL A5,0.20908856391906738,False,72
train_000274,fast_suppression_joint,POL A6,0.0874510183930397,False,81
train_000274,fast_suppression_joint,POL A7,0.0,False,89
train_000274,fast_suppression_joint,POL A8,0.0,False,90
train_000274,fast_suppression_joint,POL A9,0.0,False,91
train_000274,fast_suppression_joint,POL A10,0.0,False,92
train_000274,fast_suppression_joint,POL B1,0.8514672517776489,True,13
train_000274,fast_suppression_joint,POL B2,0.4447617828845978,False,40
train_000274,fast_suppression_joint,POL B3,0.991051435470581,False,8
train_000274,fast_suppression_joint,POL B4,0.32770267128944397,False,56
train_000274,fast_suppression_joint,POL B5,0.0,False,93
train_000274,fast_suppression_joint,POL B6,0.0,False,94
train_000274,fast_suppression_joint,POL B7,0.23733288049697876,False,69
train_000274,fast_suppression_joint,POL B8,0.0,False,95
train_000274,fast_suppression_joint,POL B9,0.2731004059314728,False,62
train_000274,fast_suppression_joint,POL B10,0.0,False,96
train_000274,fast_suppression_joint,POL B11,0.006154439877718687,False,87
train_000274,fast_suppression_joint,POL A11,0.0,False,97
train_000274,fast_suppression_joint,POL A12,0.0,False,98
train_000274,fast_suppression_joint,POL U1,0.23710376024246216,True,70
train_000274,fast_suppression_joint,POL U2,0.0,False,99
train_000274,fast_suppression_joint,POL U3,0.0,False,100
train_000274,fast_suppression_joint,POL U4,0.0,False,101
train_000274,fast_suppression_joint,POL U5,0.25719231367111206,False,65
train_000274,fast_suppression_joint,POL U6,0.34461718797683716,False,53
train_000274,fast_suppression_joint,POL U7,0.7903578877449036,False,16
train_000274,fast_suppression_joint,POL U8,0.7446836829185486,False,19
train_000274,fast_suppression_joint,POL T1,0.0,False,102
train_000274,fast_suppression_joint,POL T2,0.0,False,103
train_000274,fast_suppression_joint,EEG T3-Ref,0.0,False,104
train_000274,fast_suppression_joint,EEG T4-Ref,0.0,False,105
train_000274,fast_suppression_joint,EEG T5-Ref,0.0,False,106
train_000274,fast_suppression_joint,EEG T6-Ref,0.25258588790893555,False,67
train_000274,fast_suppression_joint,EEG T7-Ref,0.0,False,107
train_000274,fast_suppression_joint,EEG T8-Ref,0.31102851033210754,False,58
train_000274,fast_suppression_joint,EEG T9-Ref,0.0,False,108
train_000274,fast_suppression_joint,EEG T10-Ref,0.26304998993873596,False,63
train_000274,fast_suppression_joint,POL T11,0.3712426424026489,False,51
train_000274,fast_suppression_joint,POL T12,0.17609037458896637,False,74
train_000274,fast_suppression_joint,POL J1,0.0,False,109
train_000274,fast_suppression_joint,POL J2,0.0,False,110
train_000274,fast_suppression_joint,POL J3,0.59630286693573,False,26
train_000274,fast_suppression_joint,POL J4,0.8491309285163879,False,14
train_000274,fast_suppression_joint,POL J5,0.4593689739704132,False,37
train_000274,fast_suppression_joint,POL J6,0.3922721743583679,False,46
train_000274,fast_suppression_joint,POL J7,0.4915047585964203,False,34
train_000274,fast_suppression_joint,POL K1,0.0,True,111
train_000274,fast_suppression_joint,POL K2,0.0,False,112
train_000274,fast_suppression_joint,POL K3,0.38218629360198975,False,50
train_000274,fast_suppression_joint,POL K4,0.8809230327606201,False,12
train_000274,fast_suppression_joint,POL K5,0.7766636610031128,False,17
train_000274,fast_suppression_joint,POL K6,1.0539122819900513,False,6
train_000274,fast_suppression_joint,POL K7,1.089962124824524,False,4
train_000274,fast_suppression_joint,POL K8,0.5562266111373901,False,29
train_000274,fast_suppression_joint,POL L1,0.1712871640920639,False,75
train_000274,fast_suppression_joint,POL L2,0.0,False,113
train_000274,fast_suppression_joint,POL L3,0.49653133749961853,False,33
train_000274,fast_suppression_joint,POL L4,0.39158305525779724,False,47
train_000274,fast_suppression_joint,POL L5,0.6121765971183777,False,25
train_000274,fast_suppression_joint,POL L6,0.5140477418899536,False,32
train_000274,fast_suppression_joint,POL L7,0.27928659319877625,False,60
train_000274,fast_suppression_joint,POL L8,0.8817517757415771,False,11
train_000274,fast_suppression_joint,EEG M1-Ref,0.332160621881485,False,55
train_000274,fast_suppression_joint,EEG M2-Ref,0.0,False,114
train_000274,fast_suppression_joint,POL M3,0.0,False,115
train_000274,fast_suppression_joint,POL M4,0.05735194310545921,False,85
train_000274,fast_suppression_joint,POL M5,0.0,True,116
train_000274,fast_suppression_joint,POL M6,0.4141044318675995,True,42
train_000274,fast_suppression_joint,POL M7,1.146409034729004,True,2
train_000274,fast_suppression_joint,POL M8,0.8324096202850342,False,15
train_000274,fast_suppression_joint,POL M9,1.2990773916244507,False,1
train_000274,fast_suppression_joint,POL N1,0.6302638649940491,False,23
train_000274,fast_suppression_joint,POL N2,0.6135469675064087,False,24
train_000274,fast_suppression_joint,POL N3,0.3464701175689697,False,52
train_000274,fast_suppression_joint,POL N4,0.0,False,117
train_000274,fast_suppression_joint,POL N5,0.2917923927307129,False,59
train_000274,fast_suppression_joint,POL N6,0.594205915927887,False,27
train_000274,fast_suppression_joint,POL N7,0.24892744421958923,False,68
train_000274,fast_suppression_joint,POL N8,0.5220654606819153,False,31
train_000274,fast_suppression_joint,POL N9,0.9019402861595154,False,9
train_000274,fast_suppression_joint,EEG P1-Ref,0.11501494795084,False,78
train_000274,fast_suppression_joint,EEG P2-Ref,0.0690847635269165,False,84
train_000274,fast_suppression_joint,EEG P3-Ref,0.06961748749017715,False,83
train_000274,fast_suppression_joint,EEG P4-Ref,1.0745048522949219,False,5
train_000274,fast_suppression_joint,EEG P5-Ref,0.7458670139312744,False,18
train_000274,fast_suppression_joint,EEG P6-Ref,0.39792972803115845,False,45
train_000274,fast_suppression_joint,EEG P7-Ref,0.343626469373703,False,54
train_000274,fast_suppression_joint,EEG P8-Ref,1.0252487659454346,False,7
train_000274,fast_suppression_joint,POL R1,0.0,False,118
train_000274,fast_suppression_joint,POL R2,0.2550458014011383,False,66
train_000274,fast_suppression_joint,POL R3,0.40523603558540344,False,43
train_000274,fast_suppression_joint,POL R4,0.7180426120758057,False,21
train_000274,fast_suppression_joint,POL R5,0.326023131608963,False,57
train_000274,fast_suppression_joint,POL R6,0.4354007840156555,False,41
train_000274,fast_suppression_joint,POL R7,0.0,False,119
train_000274,fast_suppression_joint,POL R8,0.0,False,120
train_000274,fast_suppression_joint,POL R9,0.4497924745082855,False,39
train_000274,fast_suppression_joint,POL R10,0.7224599123001099,False,20
train_000274,fast_suppression_joint,POL R11,1.1206187009811401,False,3
train_000274,fast_suppression_joint,POL R12,0.5877024531364441,False,28
train_000274,fast_suppression_joint,POL R13,0.4913952648639679,False,36
train_000274,fast_suppression_joint,POL R14,0.4589387774467468,False,38
train_000274,fast_suppression_joint,POL R15,0.49143630266189575,False,35
train_000274,fast_suppression_joint,POL R16,0.3823578357696533,False,49
train_000274,fast_suppression_joint,POL AC1,0.0,False,121
train_000274,fast_suppression_joint,POL AC2,0.1123296469449997,False,79
train_000274,fast_suppression_joint,POL AC3,0.0980752632021904,False,80
train_000274,fast_suppression_joint,POL AC4,0.12501628696918488,False,77
train_000274,fast_suppression_joint,POL AC5,0.25777339935302734,False,64
train_000274,fast_suppression_joint,POL AC6,0.2761232256889343,False,61
train_000274,fast_suppression_joint,POL AC7,0.03639393299818039,False,86
train_000274,fast_suppression_joint,POL AC8,0.0,False,122
train_000274,fast_suppression_joint,POL AC9,0.07454800605773926,False,82
train_000274,fast_suppression_joint,POL AC10,0.40068891644477844,False,44
train_000274,fast_suppression_joint,POL AC11,0.8981253504753113,False,10
train_000274,fast_suppression_joint,POL AC12,0.6536012291908264,False,22
train_000274,fast_suppression_joint,POL AC13,0.0,False,123
train_000274,fast_suppression_joint,POL AC14,0.0,False,124
train_000274,fast_suppression_joint,POL AC15,0.18515042960643768,False,73
train_000274,fast_suppression_joint,POL AC16,0.39061400294303894,False,48
train_000274,physiology_composite,EEG A1-Ref,0.6696783900260925,True,68
train_000274,physiology_composite,EEG A2-Ref,0.4624275267124176,True,98
train_000274,physiology_composite,POL A3,0.41605085134506226,True,106
train_000274,physiology_composite,POL A4,0.42097043991088867,True,104
train_000274,physiology_composite,POL A5,0.373131662607193,False,113
train_000274,physiology_composite,POL A6,0.2991500794887543,False,114
train_000274,physiology_composite,POL A7,0.42515116930007935,False,103
train_000274,physiology_composite,POL A8,0.9090471863746643,False,28
train_000274,physiology_composite,POL A9,1.0479719638824463,False,15
train_000274,physiology_composite,POL A10,0.8350415229797363,False,35
train_000274,physiology_composite,POL B1,0.9140047430992126,True,27
train_000274,physiology_composite,POL B2,0.6501690149307251,False,72
train_000274,physiology_composite,POL B3,1.136298656463623,False,10
train_000274,physiology_composite,POL B4,0.7948317527770996,False,42
train_000274,physiology_composite,POL B5,0.6178939342498779,False,76
train_000274,physiology_composite,POL B6,0.9300709962844849,False,25
train_000274,physiology_composite,POL B7,0.7845134139060974,False,48
train_000274,physiology_composite,POL B8,0.8394418358802795,False,33
train_000274,physiology_composite,POL B9,0.657498836517334,False,70
train_000274,physiology_composite,POL B10,0.6806236505508423,False,64
train_000274,physiology_composite,POL B11,0.6127088069915771,False,77
train_000274,physiology_composite,POL A11,1.077506422996521,False,14
train_000274,physiology_composite,POL A12,1.1332651376724243,False,11
train_000274,physiology_composite,POL U1,0.24645060300827026,True,116
train_000274,physiology_composite,POL U2,0.07196526974439621,False,124
train_000274,physiology_composite,POL U3,0.20671775937080383,False,119
train_000274,physiology_composite,POL U4,0.7256163358688354,False,59
train_000274,physiology_composite,POL U5,0.7859077453613281,False,47
train_000274,physiology_composite,POL U6,0.5623649954795837,False,84
train_000274,physiology_composite,POL U7,0.8356817364692688,False,34
train_000274,physiology_composite,POL U8,1.7522187232971191,False,3
train_000274,physiology_composite,POL T1,0.5601028203964233,False,86
train_000274,physiology_composite,POL T2,0.12476735562086105,False,122
train_000274,physiology_composite,EEG T3-Ref,0.412640780210495,False,107
train_000274,physiology_composite,EEG T4-Ref,0.08636557310819626,False,123
train_000274,physiology_composite,EEG T5-Ref,0.12538249790668488,False,121
train_000274,physiology_composite,EEG T6-Ref,0.7797996401786804,False,49
train_000274,physiology_composite,EEG T7-Ref,0.8294012546539307,False,37
train_000274,physiology_composite,EEG T8-Ref,0.41189587116241455,False,108
train_000274,physiology_composite,EEG T9-Ref,0.6504934430122375,False,71
train_000274,physiology_composite,EEG T10-Ref,0.592621922492981,False,80
train_000274,physiology_composite,POL T11,0.7546288967132568,False,54
train_000274,physiology_composite,POL T12,0.8103890419006348,False,39
train_000274,physiology_composite,POL J1,0.9836450219154358,False,18
train_000274,physiology_composite,POL J2,0.743379533290863,False,58
train_000274,physiology_composite,POL J3,0.7760053873062134,False,50
train_000274,physiology_composite,POL J4,0.9570700526237488,False,23
train_000274,physiology_composite,POL J5,0.5752718448638916,False,81
train_000274,physiology_composite,POL J6,0.4588533043861389,False,99
train_000274,physiology_composite,POL J7,0.72467041015625,False,60
train_000274,physiology_composite,POL K1,0.3917634189128876,True,112
train_000274,physiology_composite,POL K2,0.15176191926002502,False,120
train_000274,physiology_composite,POL K3,0.4561450183391571,False,100
train_000274,physiology_composite,POL K4,0.8274617195129395,False,38
train_000274,physiology_composite,POL K5,0.8315372467041016,False,36
train_000274,physiology_composite,POL K6,1.165384292602539,False,8
train_000274,physiology_composite,POL K7,1.1041816473007202,False,13
train_000274,physiology_composite,POL K8,0.7228230237960815,False,62
train_000274,physiology_composite,POL L1,0.9897035956382751,False,17
train_000274,physiology_composite,POL L2,0.6085821986198425,False,78
train_000274,physiology_composite,POL L3,0.8845916986465454,False,29
train_000274,physiology_composite,POL L4,0.5236573219299316,False,90
train_000274,physiology_composite,POL L5,0.7528105974197388,False,55
train_000274,physiology_composite,POL L6,0.6745578050613403,False,66
train_000274,physiology_composite,POL L7,0.7684656977653503,False,51
train_000274,physiology_composite,POL L8,0.8499355316162109,False,32
train_000274,physiology_composite,EEG M1-Ref,0.567499577999115,False,83
train_000274,physiology_composite,EEG M2-Ref,0.3979431390762329,False,111
train_000274,physiology_composite,POL M3,0.549555778503418,False,87
train_000274,physiology_composite,POL M4,0.4192783832550049,False,105
train_000274,physiology_composite,POL M5,0.4651797413825989,True,97
train_000274,physiology_composite,POL M6,0.9803496599197388,True,20
train_000274,physiology_composite,POL M7,1.4928369522094727,True,4
train_000274,physiology_composite,POL M8,1.1788625717163086,False,7
train_000274,physiology_composite,POL M9,1.3865444660186768,False,5
train_000274,physiology_composite,POL N1,1.7552369832992554,False,2
train_000274,physiology_composite,POL N2,1.1806772947311401,False,6
train_000274,physiology_composite,POL N3,0.6202337145805359,False,75
train_000274,physiology_composite,POL N4,0.23211568593978882,False,118
train_000274,physiology_composite,POL N5,0.2984575629234314,False,115
train_000274,physiology_composite,POL N6,0.7913028001785278,False,45
train_000274,physiology_composite,POL N7,0.6454043388366699,False,74
train_000274,physiology_composite,POL N8,0.9724573493003845,False,21
train_000274,physiology_composite,POL N9,0.9165819883346558,False,26
train_000274,physiology_composite,EEG P1-Ref,0.7682955861091614,False,52
train_000274,physiology_composite,EEG P2-Ref,0.6729311943054199,False,67
train_000274,physiology_composite,EEG P3-Ref,0.8690773248672485,False,30
train_000274,physiology_composite,EEG P4-Ref,1.8117165565490723,False,1
train_000274,physiology_composite,EEG P5-Ref,0.8033748865127563,False,41
train_000274,physiology_composite,EEG P6-Ref,0.43224555253982544,False,102
train_000274,physiology_composite,EEG P7-Ref,0.24642455577850342,False,117
train_000274,physiology_composite,EEG P8-Ref,1.0252506732940674,False,16
train_000274,physiology_composite,POL R1,0.538789689540863,False,88
train_000274,physiology_composite,POL R2,0.528881311416626,False,89
train_000274,physiology_composite,POL R3,0.4839007258415222,False,96
train_000274,physiology_composite,POL R4,0.7515919208526611,False,56
train_000274,physiology_composite,POL R5,0.5214130878448486,False,91
train_000274,physiology_composite,POL R6,0.9594030380249023,False,22
train_000274,physiology_composite,POL R7,0.7437366247177124,False,57
train_000274,physiology_composite,POL R8,0.5056018233299255,False,93
train_000274,physiology_composite,POL R9,0.7600544691085815,False,53
train_000274,physiology_composite,POL R10,0.7231947183609009,False,61
train_000274,physiology_composite,POL R11,1.117845058441162,False,12
train_000274,physiology_composite,POL R12,0.9510976672172546,False,24
train_000274,physiology_composite,POL R13,0.6818030476570129,False,63
train_000274,physiology_composite,POL R14,0.9822490215301514,False,19
train_000274,physiology_composite,POL R15,0.7931360006332397,False,44
train_000274,physiology_composite,POL R16,0.8102694153785706,False,40
train_000274,physiology_composite,POL AC1,0.4490150511264801,False,101
train_000274,physiology_composite,POL AC2,0.49987733364105225,False,94
train_000274,physiology_composite,POL AC3,0.7900908589363098,False,46
train_000274,physiology_composite,POL AC4,0.7945896983146667,False,43
train_000274,physiology_composite,POL AC5,0.6477067470550537,False,73
train_000274,physiology_composite,POL AC6,0.5618413686752319,False,85
train_000274,physiology_composite,POL AC7,0.3984278440475464,False,110
train_000274,physiology_composite,POL AC8,0.509562611579895,False,92
train_000274,physiology_composite,POL AC9,0.5748384594917297,False,82
train_000274,physiology_composite,POL AC10,0.4953243136405945,False,95
train_000274,physiology_composite,POL AC11,1.1412078142166138,False,9
train_000274,physiology_composite,POL AC12,0.863839328289032,False,31
train_000274,physiology_composite,POL AC13,0.6614894866943359,False,69
train_000274,physiology_composite,POL AC14,0.40680521726608276,False,109
train_000274,physiology_composite,POL AC15,0.5951491594314575,False,79
train_000274,physiology_composite,POL AC16,0.6797938942909241,False,65
train_000430,line_length,EEG A1-Ref,-0.11917039752006531,True,117
train_000430,line_length,EEG A2-Ref,-0.28189003467559814,True,123
train_000430,line_length,POL A3,-0.3103795051574707,True,124
train_000430,line_length,POL A4,-0.16628888249397278,True,121
train_000430,line_length,POL A5,0.014119050465524197,False,102
train_000430,line_length,POL A6,0.14569592475891113,False,86
train_000430,line_length,POL A7,0.14796161651611328,False,85
train_000430,line_length,POL A8,0.07403075695037842,False,97
train_000430,line_length,POL A9,0.1242719292640686,False,90
train_000430,line_length,POL A10,-0.008475317619740963,False,105
train_000430,line_length,POL B1,-0.25804391503334045,True,122
train_000430,line_length,POL B2,-0.045378074049949646,False,110
train_000430,line_length,POL B3,0.14196376502513885,False,87
train_000430,line_length,POL B4,0.09079865366220474,False,95
train_000430,line_length,POL B5,0.004896882921457291,False,103
train_000430,line_length,POL B6,-0.09032735973596573,False,113
train_000430,line_length,POL B7,-0.0650627464056015,False,112
train_000430,line_length,POL B8,-0.0927930697798729,False,114
train_000430,line_length,POL B9,-0.05507579818367958,False,111
train_000430,line_length,POL B10,-0.015342961065471172,False,106
train_000430,line_length,POL B11,-0.16405542194843292,False,120
train_000430,line_length,POL A11,0.014292428269982338,False,101
train_000430,line_length,POL A12,-0.11396489292383194,False,116
train_000430,line_length,POL U1,0.4854797124862671,True,44
train_000430,line_length,POL U2,0.6565936207771301,False,26
train_000430,line_length,POL U3,0.47762155532836914,False,46
train_000430,line_length,POL U4,0.40096694231033325,False,54
train_000430,line_length,POL U5,0.25068041682243347,False,72
train_000430,line_length,POL U6,0.11016138643026352,False,91
train_000430,line_length,POL U7,0.16899242997169495,False,83
train_000430,line_length,POL U8,0.19242200255393982,False,80
train_000430,line_length,POL T1,-0.03683754801750183,False,109
train_000430,line_length,POL T2,0.3436649739742279,False,59
train_000430,line_length,EEG T3-Ref,0.1609356701374054,False,84
train_000430,line_length,EEG T4-Ref,0.23098544776439667,False,73
train_000430,line_length,EEG T5-Ref,-0.02570769004523754,False,108
train_000430,line_length,EEG T6-Ref,-0.01943179778754711,False,107
train_000430,line_length,EEG T7-Ref,-0.12961508333683014,False,118
train_000430,line_length,EEG T8-Ref,0.058054979890584946,False,99
train_000430,line_length,EEG T9-Ref,0.0165153406560421,False,100
train_000430,line_length,EEG T10-Ref,0.22493143379688263,False,74
train_000430,line_length,POL T11,0.49539607763290405,False,42
train_000430,line_length,POL T12,0.1392497420310974,False,88
train_000430,line_length,POL J1,-0.007831190712749958,False,104
train_000430,line_length,POL J2,-0.09568516165018082,False,115
train_000430,line_length,POL J3,-0.14665022492408752,False,119
train_000430,line_length,POL J4,0.21368011832237244,False,78
train_000430,line_length,POL J5,0.08570240437984467,False,96
train_000430,line_length,POL J6,0.09859223663806915,False,94
train_000430,line_length,POL J7,0.10553832352161407,False,93
train_000430,line_length,POL K1,0.06250569969415665,True,98
train_000430,line_length,POL K2,0.21847233176231384,False,77
train_000430,line_length,POL K3,0.10860208421945572,False,92
train_000430,line_length,POL K4,0.28135451674461365,False,70
train_000430,line_length,POL K5,0.2227475494146347,False,75
train_000430,line_length,POL K6,0.4640992283821106,False,49
train_000430,line_length,POL K7,0.4309564232826233,False,51
train_000430,line_length,POL K8,0.453486829996109,False,50
train_000430,line_length,POL L1,0.17721837759017944,False,81
train_000430,line_length,POL L2,0.469811350107193,False,48
train_000430,line_length,POL L3,0.1763930469751358,False,82
train_000430,line_length,POL L4,0.347613662481308,False,58
train_000430,line_length,POL L5,0.5029480457305908,False,40
train_000430,line_length,POL L6,0.5121637582778931,False,39
train_000430,line_length,POL L7,0.6013022065162659,False,32
train_000430,line_length,POL L8,0.49346786737442017,False,43
train_000430,line_length,EEG M1-Ref,0.6484857201576233,False,27
train_000430,line_length,EEG M2-Ref,0.2849472761154175,False,69
train_000430,line_length,POL M3,0.7049329876899719,False,21
train_000430,line_length,POL M4,0.8491330146789551,False,8
train_000430,line_length,POL M5,0.8328648209571838,True,10
train_000430,line_length,POL M6,0.8035628795623779,True,15
train_000430,line_length,POL M7,0.9659841060638428,True,3
train_000430,line_length,POL M8,0.9321169853210449,False,5
train_000430,line_length,POL M9,0.7031207084655762,False,22
train_000430,line_length,POL N1,0.9520822167396545,False,4
train_000430,line_length,POL N2,0.831368088722229,False,12
train_000430,line_length,POL N3,0.6628651022911072,False,25
train_000430,line_length,POL N4,0.49596789479255676,False,41
train_000430,line_length,POL N5,0.5590441823005676,False,35
train_000430,line_length,POL N6,0.6043362617492676,False,30
train_000430,line_length,POL N7,0.5892795920372009,False,33
train_000430,line_length,POL N8,0.4843560457229614,False,45
train_000430,line_length,POL N9,0.5316941142082214,False,37
train_000430,line_length,EEG P1-Ref,0.9264869093894958,False,6
train_000430,line_length,EEG P2-Ref,0.8128584027290344,False,13
train_000430,line_length,EEG P3-Ref,0.7308566570281982,False,19
train_000430,line_length,EEG P4-Ref,0.7597092390060425,False,18
train_000430,line_length,EEG P5-Ref,0.8045957088470459,False,14
train_000430,line_length,EEG P6-Ref,1.0565869808197021,False,2
train_000430,line_length,EEG P7-Ref,0.7606094479560852,False,17
train_000430,line_length,EEG P8-Ref,0.6356245279312134,False,29
train_000430,line_length,POL R1,0.8552045226097107,False,7
train_000430,line_length,POL R2,0.6018011569976807,False,31
train_000430,line_length,POL R3,0.5608358383178711,False,34
train_000430,line_length,POL R4,0.831405520439148,False,11
train_000430,line_length,POL R5,0.6438760757446289,False,28
train_000430,line_length,POL R6,0.29849645495414734,False,67
train_000430,line_length,POL R7,0.47591447830200195,False,47
train_000430,line_length,POL R8,0.7668212056159973,False,16
train_000430,line_length,POL R9,0.8413747549057007,False,9
train_000430,line_length,POL R10,0.7021490931510925,False,23
train_000430,line_length,POL R11,0.696685254573822,False,24
train_000430,line_length,POL R12,0.32480961084365845,False,65
train_000430,line_length,POL R13,0.1941809505224228,False,79
train_000430,line_length,POL R14,0.12646517157554626,False,89
train_000430,line_length,POL R15,0.30701887607574463,False,66
train_000430,line_length,POL R16,0.33278170228004456,False,63
train_000430,line_length,POL AC1,0.3558701276779175,False,57
train_000430,line_length,POL AC2,0.3364594578742981,False,61
train_000430,line_length,POL AC3,0.2202995866537094,False,76
train_000430,line_length,POL AC4,0.3580879271030426,False,56
train_000430,line_length,POL AC5,0.3282643258571625,False,64
train_000430,line_length,POL AC6,0.5176562666893005,False,38
train_000430,line_length,POL AC7,0.4158487617969513,False,52
train_000430,line_length,POL AC8,0.5449776649475098,False,36
train_000430,line_length,POL AC9,0.40373772382736206,False,53
train_000430,line_length,POL AC10,0.33897146582603455,False,60
train_000430,line_length,POL AC11,0.3611595332622528,False,55
train_000430,line_length,POL AC12,0.2782673239707947,False,71
train_000430,line_length,POL AC13,0.7137756943702698,False,20
train_000430,line_length,POL AC14,0.33598002791404724,False,62
train_000430,line_length,POL AC15,1.197400689125061,False,1
train_000430,line_length,POL AC16,0.2936273515224457,False,68
train_000430,rms_change,EEG A1-Ref,1.6489241123199463,True,32
train_000430,rms_change,EEG A2-Ref,1.010871171951294,True,95
train_000430,rms_change,POL A3,0.7097728848457336,True,119
train_000430,rms_change,POL A4,0.9209752678871155,True,104
train_000430,rms_change,POL A5,0.8744668960571289,False,110
train_000430,rms_change,POL A6,0.808475136756897,False,117
train_000430,rms_change,POL A7,1.443740725517273,False,53
train_000430,rms_change,POL A8,2.0009102821350098,False,9
train_000430,rms_change,POL A9,2.012939691543579,False,6
train_000430,rms_change,POL A10,2.0096099376678467,False,8
train_000430,rms_change,POL B1,1.610100269317627,True,36
train_000430,rms_change,POL B2,1.8799972534179688,False,14
train_000430,rms_change,POL B3,1.3598326444625854,False,61
train_000430,rms_change,POL B4,1.723299264907837,False,25
train_000430,rms_change,POL B5,1.2813409566879272,False,65
train_000430,rms_change,POL B6,1.4889901876449585,False,48
train_000430,rms_change,POL B7,1.2855966091156006,False,64
train_000430,rms_change,POL B8,1.548039436340332,False,41
train_000430,rms_change,POL B9,1.611035704612732,False,35
train_000430,rms_change,POL B10,1.6078181266784668,False,37
train_000430,rms_change,POL B11,1.8637945652008057,False,15
train_000430,rms_change,POL A11,1.781322717666626,False,21
train_000430,rms_change,POL A12,1.7242449522018433,False,24
train_000430,rms_change,POL U1,1.3944768905639648,True,57
train_000430,rms_change,POL U2,1.4566987752914429,False,50
train_000430,rms_change,POL U3,1.1093394756317139,False,84
train_000430,rms_change,POL U4,1.1939791440963745,False,72
train_000430,rms_change,POL U5,1.9752227067947388,False,11
train_000430,rms_change,POL U6,1.5476192235946655,False,42
train_000430,rms_change,POL U7,1.6832306385040283,False,27
train_000430,rms_change,POL U8,2.2528645992279053,False,2
train_000430,rms_change,POL T1,1.1602827310562134,False,76
train_000430,rms_change,POL T2,0.6859012246131897,False,121
train_000430,rms_change,EEG T3-Ref,0.9926325082778931,False,97
train_000430,rms_change,EEG T4-Ref,1.9191638231277466,False,13
train_000430,rms_change,EEG T5-Ref,2.0124130249023438,False,7
train_000430,rms_change,EEG T6-Ref,1.3766502141952515,False,58
train_000430,rms_change,EEG T7-Ref,1.7074693441390991,False,26
train_000430,rms_change,EEG T8-Ref,1.4978796243667603,False,46
train_000430,rms_change,EEG T9-Ref,1.9792426824569702,False,10
train_000430,rms_change,EEG T10-Ref,1.8061665296554565,False,18
train_000430,rms_change,POL T11,1.7898340225219727,False,20
train_000430,rms_change,POL T12,1.8152610063552856,False,17
train_000430,rms_change,POL J1,1.5239450931549072,False,44
train_000430,rms_change,POL J2,1.627381443977356,False,33
train_000430,rms_change,POL J3,0.9632362127304077,False,101
train_000430,rms_change,POL J4,0.7166115045547485,False,118
train_000430,rms_change,POL J5,0.8820200562477112,False,108
train_000430,rms_change,POL J6,0.6837679743766785,False,122
train_000430,rms_change,POL J7,1.455163598060608,False,51
train_000430,rms_change,POL K1,0.9941579103469849,True,96
train_000430,rms_change,POL K2,0.6865240931510925,False,120
train_000430,rms_change,POL K3,1.2198208570480347,False,70
train_000430,rms_change,POL K4,1.4355278015136719,False,54
train_000430,rms_change,POL K5,1.5841562747955322,False,39
train_000430,rms_change,POL K6,1.6506541967391968,False,31
train_000430,rms_change,POL K7,1.4570585489273071,False,49
train_000430,rms_change,POL K8,1.0386357307434082,False,90
train_000430,rms_change,POL L1,2.428644895553589,False,1
train_000430,rms_change,POL L2,1.3479901552200317,False,62
train_000430,rms_change,POL L3,2.1765663623809814,False,3
train_000430,rms_change,POL L4,1.1286537647247314,False,81
train_000430,rms_change,POL L5,1.5493298768997192,False,40
train_000430,rms_change,POL L6,1.6547520160675049,False,30
train_000430,rms_change,POL L7,1.1630654335021973,False,75
train_000430,rms_change,POL L8,0.8657931685447693,False,113
train_000430,rms_change,EEG M1-Ref,0.9911776185035706,False,98
train_000430,rms_change,EEG M2-Ref,0.9794216156005859,False,99
train_000430,rms_change,POL M3,1.0215039253234863,False,93
train_000430,rms_change,POL M4,0.8965737223625183,False,105
train_000430,rms_change,POL M5,0.9254736304283142,True,103
train_000430,rms_change,POL M6,1.5282469987869263,True,43
train_000430,rms_change,POL M7,1.7638171911239624,True,22
train_000430,rms_change,POL M8,1.6803737878799438,False,28
train_000430,rms_change,POL M9,0.6167070865631104,False,123
train_000430,rms_change,POL N1,1.034372091293335,False,91
train_000430,rms_change,POL N2,1.1579896211624146,False,77
train_000430,rms_change,POL N3,1.051977515220642,False,89
train_000430,rms_change,POL N4,1.1878490447998047,False,73
train_000430,rms_change,POL N5,1.7926537990570068,False,19
train_000430,rms_change,POL N6,1.6199193000793457,False,34
train_000430,rms_change,POL N7,1.660525918006897,False,29
train_000430,rms_change,POL N8,1.1259393692016602,False,83
train_000430,rms_change,POL N9,1.1543571949005127,False,78
train_000430,rms_change,EEG P1-Ref,1.0318502187728882,False,92
train_000430,rms_change,EEG P2-Ref,1.2534234523773193,False,68
train_000430,rms_change,EEG P3-Ref,0.8947126269340515,False,106
train_000430,rms_change,EEG P4-Ref,1.4526857137680054,False,52
train_000430,rms_change,EEG P5-Ref,1.5106881856918335,False,45
train_000430,rms_change,EEG P6-Ref,1.959450364112854,False,12
train_000430,rms_change,EEG P7-Ref,2.040581464767456,False,5
train_000430,rms_change,EEG P8-Ref,1.850616216659546,False,16
train_000430,rms_change,POL R1,1.762151837348938,False,23
train_000430,rms_change,POL R2,2.088765859603882,False,4
train_000430,rms_change,POL R3,1.4938483238220215,False,47
train_000430,rms_change,POL R4,1.1766077280044556,False,74
train_000430,rms_change,POL R5,1.3967223167419434,False,56
train_000430,rms_change,POL R6,1.5962319374084473,False,38
train_000430,rms_change,POL R7,1.1266038417816162,False,82
train_000430,rms_change,POL R8,1.247428059577942,False,69
train_000430,rms_change,POL R9,1.1322561502456665,False,80
train_000430,rms_change,POL R10,1.4312396049499512,False,55
train_000430,rms_change,POL R11,1.2735333442687988,False,67
train_000430,rms_change,POL R12,1.0124139785766602,False,94
train_000430,rms_change,POL R13,1.3421616554260254,False,63
train_000430,rms_change,POL R14,1.1014844179153442,False,86
train_000430,rms_change,POL R15,1.2142235040664673,False,71
train_000430,rms_change,POL R16,1.3606088161468506,False,60
train_000430,rms_change,POL AC1,1.2813047170639038,False,66
train_000430,rms_change,POL AC2,1.1429272890090942,False,79
train_000430,rms_change,POL AC3,0.9744377732276917,False,100
train_000430,rms_change,POL AC4,0.8754602670669556,False,109
train_000430,rms_change,POL AC5,0.8671658039093018,False,112
train_000430,rms_change,POL AC6,0.8141131401062012,False,116
train_000430,rms_change,POL AC7,0.8158161640167236,False,115
train_000430,rms_change,POL AC8,1.1068243980407715,False,85
train_000430,rms_change,POL AC9,1.100924015045166,False,87
train_000430,rms_change,POL AC10,0.8297022581100464,False,114
train_000430,rms_change,POL AC11,1.0898219347000122,False,88
train_000430,rms_change,POL AC12,0.8889418244361877,False,107
train_000430,rms_change,POL AC13,0.5640021562576294,False,124
train_000430,rms_change,POL AC14,0.8725792169570923,False,111
train_000430,rms_change,POL AC15,1.3702939748764038,False,59
train_000430,rms_change,POL AC16,0.92560875415802,False,102
train_000430,teager_energy,EEG A1-Ref,0.26260000467300415,True,100
train_000430,teager_energy,EEG A2-Ref,0.13427852094173431,True,114
train_000430,teager_energy,POL A3,0.2076280415058136,True,105
train_000430,teager_energy,POL A4,0.31154000759124756,True,95
train_000430,teager_energy,POL A5,0.3184233009815216,False,93
train_000430,teager_energy,POL A6,0.19279274344444275,False,109
train_000430,teager_energy,POL A7,0.13528409600257874,False,113
train_000430,teager_energy,POL A8,-0.22776921093463898,False,123
train_000430,teager_energy,POL A9,0.04333711415529251,False,117
train_000430,teager_energy,POL A10,0.47350627183914185,False,81
train_000430,teager_energy,POL B1,0.2248353362083435,True,103
train_000430,teager_energy,POL B2,0.7124904990196228,False,60
train_000430,teager_energy,POL B3,0.8856557011604309,False,47
train_000430,teager_energy,POL B4,0.05636126175522804,False,115
train_000430,teager_energy,POL B5,-0.20080260932445526,False,122
train_000430,teager_energy,POL B6,0.056296516209840775,False,116
train_000430,teager_energy,POL B7,0.4371536374092102,False,86
train_000430,teager_energy,POL B8,0.8260654211044312,False,51
train_000430,teager_energy,POL B9,1.0030289888381958,False,42
train_000430,teager_energy,POL B10,0.3697322607040405,False,91
train_000430,teager_energy,POL B11,0.0323769748210907,False,118
train_000430,teager_energy,POL A11,0.5706083178520203,False,67
train_000430,teager_energy,POL A12,0.4835471212863922,False,78
train_000430,teager_energy,POL U1,1.0395374298095703,True,38
train_000430,teager_energy,POL U2,1.3542540073394775,False,18
train_000430,teager_energy,POL U3,0.8583711981773376,False,49
train_000430,teager_energy,POL U4,0.6384888291358948,False,61
train_000430,teager_energy,POL U5,0.6281071901321411,False,63
train_000430,teager_energy,POL U6,0.4369930326938629,False,87
train_000430,teager_energy,POL U7,0.20594853162765503,False,107
train_000430,teager_energy,POL U8,0.31342607736587524,False,94
train_000430,teager_energy,POL T1,0.5017049312591553,False,73
train_000430,teager_energy,POL T2,0.5458760261535645,False,68
train_000430,teager_energy,EEG T3-Ref,0.8152248859405518,False,52
train_000430,teager_energy,EEG T4-Ref,1.8280318975448608,False,8
train_000430,teager_energy,EEG T5-Ref,1.3864408731460571,False,16
train_000430,teager_energy,EEG T6-Ref,0.14461152255535126,False,111
train_000430,teager_energy,EEG T7-Ref,0.9958147406578064,False,43
train_000430,teager_energy,EEG T8-Ref,1.1978012323379517,False,24
train_000430,teager_energy,EEG T9-Ref,1.732742190361023,False,10
train_000430,teager_energy,EEG T10-Ref,1.3604336977005005,False,17
train_000430,teager_energy,POL T11,1.4187462329864502,False,15
train_000430,teager_energy,POL T12,0.7844157218933105,False,54
train_000430,teager_energy,POL J1,0.29234498739242554,False,96
train_000430,teager_energy,POL J2,0.6133884787559509,False,64
train_000430,teager_energy,POL J3,0.5268309116363525,False,70
train_000430,teager_energy,POL J4,0.5014679431915283,False,74
train_000430,teager_energy,POL J5,0.42982059717178345,False,88
train_000430,teager_energy,POL J6,-0.23953625559806824,False,124
train_000430,teager_energy,POL J7,-0.15110215544700623,False,120
train_000430,teager_energy,POL K1,0.0006468669162131846,True,119
train_000430,teager_energy,POL K2,0.4741933047771454,False,80
train_000430,teager_energy,POL K3,0.21089279651641846,False,104
train_000430,teager_energy,POL K4,0.41425850987434387,False,89
train_000430,teager_energy,POL K5,0.48749539256095886,False,76
train_000430,teager_energy,POL K6,0.43887951970100403,False,85
train_000430,teager_energy,POL K7,0.5712509751319885,False,66
train_000430,teager_energy,POL K8,0.5065804719924927,False,72
train_000430,teager_energy,POL L1,0.2025109827518463,False,108
train_000430,teager_energy,POL L2,0.20746855437755585,False,106
train_000430,teager_energy,POL L3,-0.17403855919837952,False,121
train_000430,teager_energy,POL L4,0.252072811126709,False,101
train_000430,teager_energy,POL L5,0.48433542251586914,False,77
train_000430,teager_energy,POL L6,0.37968993186950684,False,90
train_000430,teager_energy,POL L7,0.49267956614494324,False,75
train_000430,teager_energy,POL L8,0.5344279408454895,False,69
train_000430,teager_energy,EEG M1-Ref,0.28892022371292114,False,98
train_000430,teager_energy,EEG M2-Ref,0.17007996141910553,False,110
train_000430,teager_energy,POL M3,0.22557497024536133,False,102
train_000430,teager_energy,POL M4,0.2905239164829254,False,97
train_000430,teager_energy,POL M5,0.2768397927284241,True,99
train_000430,teager_energy,POL M6,0.4808301329612732,True,79
train_000430,teager_energy,POL M7,1.0651025772094727,True,32
train_000430,teager_energy,POL M8,1.1369473934173584,False,25
train_000430,teager_energy,POL M9,0.31998932361602783,False,92
train_000430,teager_energy,POL N1,0.45102229714393616,False,82
train_000430,teager_energy,POL N2,0.5196537971496582,False,71
train_000430,teager_energy,POL N3,0.6376633644104004,False,62
train_000430,teager_energy,POL N4,1.8488107919692993,False,7
train_000430,teager_energy,POL N5,2.5171823501586914,False,2
train_000430,teager_energy,POL N6,2.5665862560272217,False,1
train_000430,teager_energy,POL N7,2.444249391555786,False,4
train_000430,teager_energy,POL N8,0.9651743173599243,False,44
train_000430,teager_energy,POL N9,1.0611310005187988,False,33
train_000430,teager_energy,EEG P1-Ref,0.5735057592391968,False,65
train_000430,teager_energy,EEG P2-Ref,0.44386178255081177,False,84
train_000430,teager_energy,EEG P3-Ref,0.8834958076477051,False,48
train_000430,teager_energy,EEG P4-Ref,0.7624672651290894,False,56
train_000430,teager_energy,EEG P5-Ref,1.6380492448806763,False,12
train_000430,teager_energy,EEG P6-Ref,2.4684789180755615,False,3
train_000430,teager_energy,EEG P7-Ref,2.359668016433716,False,5
train_000430,teager_energy,EEG P8-Ref,1.9834169149398804,False,6
train_000430,teager_energy,POL R1,1.74280846118927,False,9
train_000430,teager_energy,POL R2,1.4233895540237427,False,14
train_000430,teager_energy,POL R3,1.0861284732818604,False,28
train_000430,teager_energy,POL R4,0.7930262684822083,False,53
train_000430,teager_energy,POL R5,0.9478750824928284,False,46
train_000430,teager_energy,POL R6,0.14070141315460205,False,112
train_000430,teager_energy,POL R7,1.0172159671783447,False,41
train_000430,teager_energy,POL R8,0.743036150932312,False,57
train_000430,teager_energy,POL R9,0.4450681507587433,False,83
train_000430,teager_energy,POL R10,0.7326467633247375,False,58
train_000430,teager_energy,POL R11,1.0319126844406128,False,40
train_000430,teager_energy,POL R12,1.3306849002838135,False,19
train_000430,teager_energy,POL R13,1.2827708721160889,False,20
train_000430,teager_energy,POL R14,1.2474960088729858,False,23
train_000430,teager_energy,POL R15,0.9524868130683899,False,45
train_000430,teager_energy,POL R16,1.2532098293304443,False,22
train_000430,teager_energy,POL AC1,1.690035104751587,False,11
train_000430,teager_energy,POL AC2,1.4440995454788208,False,13
train_000430,teager_energy,POL AC3,1.2535858154296875,False,21
train_000430,teager_energy,POL AC4,1.047609567642212,False,36
train_000430,teager_energy,POL AC5,1.0553501844406128,False,35
train_000430,teager_energy,POL AC6,1.0654217004776,False,31
train_000430,teager_energy,POL AC7,1.1246343851089478,False,26
train_000430,teager_energy,POL AC8,1.0391572713851929,False,39
train_000430,teager_energy,POL AC9,1.0757859945297241,False,29
train_000430,teager_energy,POL AC10,1.05634343624115,False,34
train_000430,teager_energy,POL AC11,1.1238372325897217,False,27
train_000430,teager_energy,POL AC12,1.0446919202804565,False,37
train_000430,teager_energy,POL AC13,0.7161881327629089,False,59
train_000430,teager_energy,POL AC14,0.8303282260894775,False,50
train_000430,teager_energy,POL AC15,1.0755850076675415,False,30
train_000430,teager_energy,POL AC16,0.7660953402519226,False,55
train_000430,kurtosis,EEG A1-Ref,1.5531774759292603,True,90
train_000430,kurtosis,EEG A2-Ref,0.49882909655570984,True,122
train_000430,kurtosis,POL A3,0.6177982687950134,True,121
train_000430,kurtosis,POL A4,2.035633087158203,True,57
train_000430,kurtosis,POL A5,2.0813825130462646,False,54
train_000430,kurtosis,POL A6,3.0120162963867188,False,18
train_000430,kurtosis,POL A7,2.310596227645874,False,42
train_000430,kurtosis,POL A8,2.297457695007324,False,46
train_000430,kurtosis,POL A9,1.7516831159591675,False,77
train_000430,kurtosis,POL A10,1.8997148275375366,False,67
train_000430,kurtosis,POL B1,1.9603232145309448,True,62
train_000430,kurtosis,POL B2,0.9982098937034607,False,115
train_000430,kurtosis,POL B3,1.8712754249572754,False,69
train_000430,kurtosis,POL B4,1.5326731204986572,False,91
train_000430,kurtosis,POL B5,1.937389850616455,False,65
train_000430,kurtosis,POL B6,1.559629201889038,False,89
train_000430,kurtosis,POL B7,1.6585404872894287,False,83
train_000430,kurtosis,POL B8,1.010084867477417,False,114
train_000430,kurtosis,POL B9,1.4280084371566772,False,95
train_000430,kurtosis,POL B10,1.6757938861846924,False,82
train_000430,kurtosis,POL B11,2.410447120666504,False,39
train_000430,kurtosis,POL A11,0.8143438100814819,False,119
train_000430,kurtosis,POL A12,1.1830055713653564,False,106
train_000430,kurtosis,POL U1,3.4433109760284424,True,10
train_000430,kurtosis,POL U2,3.154245615005493,False,11
train_000430,kurtosis,POL U3,1.9644914865493774,False,60
train_000430,kurtosis,POL U4,1.9037951231002808,False,66
train_000430,kurtosis,POL U5,2.3607490062713623,False,40
train_000430,kurtosis,POL U6,1.4152246713638306,False,97
train_000430,kurtosis,POL U7,1.164508581161499,False,107
train_000430,kurtosis,POL U8,3.5539073944091797,False,8
train_000430,kurtosis,POL T1,5.540703296661377,False,2
train_000430,kurtosis,POL T2,3.7310709953308105,False,7
train_000430,kurtosis,EEG T3-Ref,3.1013998985290527,False,14
train_000430,kurtosis,EEG T4-Ref,3.5302200317382812,False,9
train_000430,kurtosis,EEG T5-Ref,1.0538232326507568,False,113
train_000430,kurtosis,EEG T6-Ref,2.576202392578125,False,35
train_000430,kurtosis,EEG T7-Ref,1.4812208414077759,False,93
train_000430,kurtosis,EEG T8-Ref,1.2658741474151611,False,103
train_000430,kurtosis,EEG T9-Ref,2.190535545349121,False,50
train_000430,kurtosis,EEG T10-Ref,-0.06400584429502487,False,124
train_000430,kurtosis,POL T11,1.4059773683547974,False,98
train_000430,kurtosis,POL T12,1.960726022720337,False,61
train_000430,kurtosis,POL J1,2.1843373775482178,False,51
train_000430,kurtosis,POL J2,2.047079086303711,False,56
train_000430,kurtosis,POL J3,2.3104820251464844,False,43
train_000430,kurtosis,POL J4,1.770845890045166,False,76
train_000430,kurtosis,POL J5,1.21723210811615,False,104
train_000430,kurtosis,POL J6,0.8600780963897705,False,118
train_000430,kurtosis,POL J7,1.6113369464874268,False,86
train_000430,kurtosis,POL K1,1.5231109857559204,True,92
train_000430,kurtosis,POL K2,1.6288827657699585,False,85
train_000430,kurtosis,POL K3,1.1268880367279053,False,110
train_000430,kurtosis,POL K4,2.9144248962402344,False,20
train_000430,kurtosis,POL K5,2.3072683811187744,False,44
train_000430,kurtosis,POL K6,3.1429717540740967,False,12
train_000430,kurtosis,POL K7,2.9824917316436768,False,19
train_000430,kurtosis,POL K8,1.6417149305343628,False,84
train_000430,kurtosis,POL L1,1.4170418977737427,False,96
train_000430,kurtosis,POL L2,3.024291753768921,False,17
train_000430,kurtosis,POL L3,1.8138483762741089,False,73
train_000430,kurtosis,POL L4,2.304384469985962,False,45
train_000430,kurtosis,POL L5,2.2232401371002197,False,48
train_000430,kurtosis,POL L6,2.5859076976776123,False,32
train_000430,kurtosis,POL L7,2.910069227218628,False,21
train_000430,kurtosis,POL L8,2.0602691173553467,False,55
train_000430,kurtosis,EEG M1-Ref,1.1623625755310059,False,108
train_000430,kurtosis,EEG M2-Ref,0.8787513375282288,False,117
train_000430,kurtosis,POL M3,1.1970787048339844,False,105
train_000430,kurtosis,POL M4,1.1095852851867676,False,111
train_000430,kurtosis,POL M5,1.972974181175232,True,59
train_000430,kurtosis,POL M6,2.645540237426758,True,27
train_000430,kurtosis,POL M7,2.0335633754730225,True,58
train_000430,kurtosis,POL M8,2.2133305072784424,False,49
train_000430,kurtosis,POL M9,1.319883942604065,False,101
train_000430,kurtosis,POL N1,1.875853180885315,False,68
train_000430,kurtosis,POL N2,1.9522184133529663,False,64
train_000430,kurtosis,POL N3,2.6542911529541016,False,26
train_000430,kurtosis,POL N4,2.744786262512207,False,24
train_000430,kurtosis,POL N5,2.494401693344116,False,37
train_000430,kurtosis,POL N6,1.5751198530197144,False,87
train_000430,kurtosis,POL N7,1.6912304162979126,False,80
train_000430,kurtosis,POL N8,1.6855703592300415,False,81
train_000430,kurtosis,POL N9,1.136689305305481,False,109
train_000430,kurtosis,EEG P1-Ref,4.071316242218018,False,6
train_000430,kurtosis,EEG P2-Ref,5.769150257110596,False,1
train_000430,kurtosis,EEG P3-Ref,5.0708160400390625,False,3
train_000430,kurtosis,EEG P4-Ref,4.224754333496094,False,4
train_000430,kurtosis,EEG P5-Ref,1.8479739427566528,False,71
train_000430,kurtosis,EEG P6-Ref,0.34370869398117065,False,123
train_000430,kurtosis,EEG P7-Ref,1.7313355207443237,False,78
train_000430,kurtosis,EEG P8-Ref,1.458990216255188,False,94
train_000430,kurtosis,POL R1,4.119567394256592,False,5
train_000430,kurtosis,POL R2,2.576408863067627,False,34
train_000430,kurtosis,POL R3,2.624262571334839,False,29
train_000430,kurtosis,POL R4,1.33119535446167,False,100
train_000430,kurtosis,POL R5,1.8133817911148071,False,74
train_000430,kurtosis,POL R6,1.3719685077667236,False,99
train_000430,kurtosis,POL R7,0.754295289516449,False,120
train_000430,kurtosis,POL R8,1.8540863990783691,False,70
train_000430,kurtosis,POL R9,1.564346432685852,False,88
train_000430,kurtosis,POL R10,2.1584720611572266,False,52
train_000430,kurtosis,POL R11,3.037630319595337,False,16
train_000430,kurtosis,POL R12,2.1367828845977783,False,53
train_000430,kurtosis,POL R13,1.8144530057907104,False,72
train_000430,kurtosis,POL R14,2.3308048248291016,False,41
train_000430,kurtosis,POL R15,2.623049020767212,False,30
train_000430,kurtosis,POL R16,3.0810978412628174,False,15
train_000430,kurtosis,POL AC1,2.6135976314544678,False,31
train_000430,kurtosis,POL AC2,3.1276798248291016,False,13
train_000430,kurtosis,POL AC3,2.7972452640533447,False,22
train_000430,kurtosis,POL AC4,2.2562050819396973,False,47
train_000430,kurtosis,POL AC5,2.45670223236084,False,38
train_000430,kurtosis,POL AC6,2.668466806411743,False,25
train_000430,kurtosis,POL AC7,2.5188307762145996,False,36
train_000430,kurtosis,POL AC8,2.577021360397339,False,33
train_000430,kurtosis,POL AC9,2.7507054805755615,False,23
train_000430,kurtosis,POL AC10,2.6361658573150635,False,28
train_000430,kurtosis,POL AC11,0.939765453338623,False,116
train_000430,kurtosis,POL AC12,1.1004122495651245,False,112
train_000430,kurtosis,POL AC13,1.2984368801116943,False,102
train_000430,kurtosis,POL AC14,1.7151161432266235,False,79
train_000430,kurtosis,POL AC15,1.7926748991012573,False,75
train_000430,kurtosis,POL AC16,1.9535627365112305,False,63
train_000430,beta_power,EEG A1-Ref,1.77133309841156,True,33
train_000430,beta_power,EEG A2-Ref,1.5181105136871338,True,51
train_000430,beta_power,POL A3,1.3195825815200806,True,57
train_000430,beta_power,POL A4,0.7671980857849121,True,115
train_000430,beta_power,POL A5,0.7799749374389648,False,113
train_000430,beta_power,POL A6,0.9767128825187683,False,100
train_000430,beta_power,POL A7,1.0890132188796997,False,91
train_000430,beta_power,POL A8,1.3139865398406982,False,60
train_000430,beta_power,POL A9,1.7744011878967285,False,32
train_000430,beta_power,POL A10,2.1883506774902344,False,12
train_000430,beta_power,POL B1,1.6519633531570435,True,41
train_000430,beta_power,POL B2,1.6639467477798462,False,38
train_000430,beta_power,POL B3,2.1363062858581543,False,14
train_000430,beta_power,POL B4,1.6463847160339355,False,43
train_000430,beta_power,POL B5,1.24281907081604,False,68
train_000430,beta_power,POL B6,0.8563669919967651,False,105
train_000430,beta_power,POL B7,2.0274791717529297,False,18
train_000430,beta_power,POL B8,1.2174103260040283,False,72
train_000430,beta_power,POL B9,1.9951642751693726,False,20
train_000430,beta_power,POL B10,1.8741638660430908,False,24
train_000430,beta_power,POL B11,1.9280877113342285,False,23
train_000430,beta_power,POL A11,1.8311257362365723,False,31
train_000430,beta_power,POL A12,2.439049482345581,False,9
train_000430,beta_power,POL U1,0.9534256458282471,True,102
train_000430,beta_power,POL U2,0.39096498489379883,False,123
train_000430,beta_power,POL U3,0.4434574544429779,False,122
train_000430,beta_power,POL U4,1.196731448173523,False,76
train_000430,beta_power,POL U5,1.2237017154693604,False,71
train_000430,beta_power,POL U6,0.9946209192276001,False,98
train_000430,beta_power,POL U7,1.2948954105377197,False,62
train_000430,beta_power,POL U8,1.558087706565857,False,50
train_000430,beta_power,POL T1,1.8607302904129028,False,28
train_000430,beta_power,POL T2,1.3011610507965088,False,61
train_000430,beta_power,EEG T3-Ref,1.8419582843780518,False,29
train_000430,beta_power,EEG T4-Ref,-0.18876300752162933,False,124
train_000430,beta_power,EEG T5-Ref,1.1057130098342896,False,86
train_000430,beta_power,EEG T6-Ref,1.3154597282409668,False,59
train_000430,beta_power,EEG T7-Ref,2.558976173400879,False,6
train_000430,beta_power,EEG T8-Ref,3.5005388259887695,False,1
train_000430,beta_power,EEG T9-Ref,2.532287836074829,False,8
train_000430,beta_power,EEG T10-Ref,1.660089135169983,False,40
train_000430,beta_power,POL T11,0.8012504577636719,False,111
train_000430,beta_power,POL T12,0.7037752270698547,False,116
train_000430,beta_power,POL J1,0.7756794095039368,False,114
train_000430,beta_power,POL J2,1.030104637145996,False,96
train_000430,beta_power,POL J3,1.1237696409225464,False,83
train_000430,beta_power,POL J4,2.820152521133423,False,2
train_000430,beta_power,POL J5,2.6217634677886963,False,4
train_000430,beta_power,POL J6,1.2905092239379883,False,64
train_000430,beta_power,POL J7,0.5885761380195618,False,120
train_000430,beta_power,POL K1,1.4789749383926392,True,52
train_000430,beta_power,POL K2,1.1510323286056519,False,80
train_000430,beta_power,POL K3,2.280660629272461,False,11
train_000430,beta_power,POL K4,1.3460155725479126,False,56
train_000430,beta_power,POL K5,1.0896456241607666,False,90
train_000430,beta_power,POL K6,1.132982850074768,False,81
train_000430,beta_power,POL K7,1.2908416986465454,False,63
train_000430,beta_power,POL K8,1.2073646783828735,False,75
train_000430,beta_power,POL L1,1.7005541324615479,False,36
train_000430,beta_power,POL L2,1.1956031322479248,False,77
train_000430,beta_power,POL L3,1.2499339580535889,False,66
train_000430,beta_power,POL L4,1.5886435508728027,False,49
train_000430,beta_power,POL L5,1.619803786277771,False,46
train_000430,beta_power,POL L6,1.7338517904281616,False,35
train_000430,beta_power,POL L7,1.6193249225616455,False,47
train_000430,beta_power,POL L8,0.7999851107597351,False,112
train_000430,beta_power,EEG M1-Ref,1.9618937969207764,False,21
train_000430,beta_power,EEG M2-Ref,0.9238445162773132,False,103
train_000430,beta_power,POL M3,0.8259946703910828,False,109
train_000430,beta_power,POL M4,0.6878544092178345,False,117
train_000430,beta_power,POL M5,1.0696908235549927,True,93
train_000430,beta_power,POL M6,0.8501055836677551,True,107
train_000430,beta_power,POL M7,1.8717926740646362,True,25
train_000430,beta_power,POL M8,2.0058910846710205,False,19
train_000430,beta_power,POL M9,2.5893497467041016,False,5
train_000430,beta_power,POL N1,0.8496202230453491,False,108
train_000430,beta_power,POL N2,1.662794828414917,False,39
train_000430,beta_power,POL N3,1.631341576576233,False,44
train_000430,beta_power,POL N4,1.3635225296020508,False,55
train_000430,beta_power,POL N5,1.2446908950805664,False,67
train_000430,beta_power,POL N6,1.0059539079666138,False,97
train_000430,beta_power,POL N7,1.1659318208694458,False,79
train_000430,beta_power,POL N8,0.6269009113311768,False,118
train_000430,beta_power,POL N9,1.62073814868927,False,45
train_000430,beta_power,EEG P1-Ref,0.5890903472900391,False,119
train_000430,beta_power,EEG P2-Ref,0.9064123630523682,False,104
train_000430,beta_power,EEG P3-Ref,1.6769287586212158,False,37
train_000430,beta_power,EEG P4-Ref,1.597682237625122,False,48
train_000430,beta_power,EEG P5-Ref,1.6482642889022827,False,42
train_000430,beta_power,EEG P6-Ref,2.0398645401000977,False,17
train_000430,beta_power,EEG P7-Ref,2.1302664279937744,False,15
train_000430,beta_power,EEG P8-Ref,2.393132448196411,False,10
train_000430,beta_power,POL R1,1.3162214756011963,False,58
train_000430,beta_power,POL R2,1.1076340675354004,False,85
train_000430,beta_power,POL R3,1.4453785419464111,False,53
train_000430,beta_power,POL R4,1.18056058883667,False,78
train_000430,beta_power,POL R5,2.096709966659546,False,16
train_000430,beta_power,POL R6,1.8356255292892456,False,30
train_000430,beta_power,POL R7,1.2345221042633057,False,69
train_000430,beta_power,POL R8,1.8701958656311035,False,26
train_000430,beta_power,POL R9,2.5532426834106445,False,7
train_000430,beta_power,POL R10,0.8206150531768799,False,110
train_000430,beta_power,POL R11,1.0847185850143433,False,92
train_000430,beta_power,POL R12,1.8653631210327148,False,27
train_000430,beta_power,POL R13,1.9598441123962402,False,22
train_000430,beta_power,POL R14,1.3875421285629272,False,54
train_000430,beta_power,POL R15,1.2127848863601685,False,74
train_000430,beta_power,POL R16,0.8544343709945679,False,106
train_000430,beta_power,POL AC1,2.1782455444335938,False,13
train_000430,beta_power,POL AC2,1.0573018789291382,False,95
train_000430,beta_power,POL AC3,1.0645068883895874,False,94
train_000430,beta_power,POL AC4,1.2155983448028564,False,73
train_000430,beta_power,POL AC5,1.2249233722686768,False,70
train_000430,beta_power,POL AC6,1.0917167663574219,False,89
train_000430,beta_power,POL AC7,1.118101716041565,False,84
train_000430,beta_power,POL AC8,1.1053450107574463,False,87
train_000430,beta_power,POL AC9,1.102393627166748,False,88
train_000430,beta_power,POL AC10,1.7352193593978882,False,34
train_000430,beta_power,POL AC11,2.633657693862915,False,3
train_000430,beta_power,POL AC12,1.1278491020202637,False,82
train_000430,beta_power,POL AC13,0.9625025391578674,False,101
train_000430,beta_power,POL AC14,0.4951436221599579,False,121
train_000430,beta_power,POL AC15,1.2684522867202759,False,65
train_000430,beta_power,POL AC16,0.9848040342330933,False,99
train_000430,low_gamma_power,EEG A1-Ref,0.19868722558021545,True,117
train_000430,low_gamma_power,EEG A2-Ref,0.42021840810775757,True,94
train_000430,low_gamma_power,POL A3,0.2305687963962555,True,114
train_000430,low_gamma_power,POL A4,0.46148014068603516,True,86
train_000430,low_gamma_power,POL A5,0.5604221224784851,False,74
train_000430,low_gamma_power,POL A6,0.5155757069587708,False,78
train_000430,low_gamma_power,POL A7,0.4253290295600891,False,93
train_000430,low_gamma_power,POL A8,0.291217565536499,False,108
train_000430,low_gamma_power,POL A9,0.279496431350708,False,110
train_000430,low_gamma_power,POL A10,0.19913479685783386,False,116
train_000430,low_gamma_power,POL B1,1.0872681140899658,True,29
train_000430,low_gamma_power,POL B2,0.3452123701572418,False,105
train_000430,low_gamma_power,POL B3,1.8397811651229858,False,8
train_000430,low_gamma_power,POL B4,0.7946363091468811,False,52
train_000430,low_gamma_power,POL B5,0.07923782616853714,False,122
train_000430,low_gamma_power,POL B6,0.11095337569713593,False,121
train_000430,low_gamma_power,POL B7,0.3484939634799957,False,104
train_000430,low_gamma_power,POL B8,0.28020209074020386,False,109
train_000430,low_gamma_power,POL B9,0.39662137627601624,False,97
train_000430,low_gamma_power,POL B10,0.19431740045547485,False,118
train_000430,low_gamma_power,POL B11,0.2601420283317566,False,113
train_000430,low_gamma_power,POL A11,0.46449339389801025,False,85
train_000430,low_gamma_power,POL A12,0.3507285416126251,False,103
train_000430,low_gamma_power,POL U1,1.1871269941329956,True,21
train_000430,low_gamma_power,POL U2,0.6679955720901489,False,60
train_000430,low_gamma_power,POL U3,0.4136117398738861,False,95
train_000430,low_gamma_power,POL U4,0.3828151524066925,False,99
train_000430,low_gamma_power,POL U5,0.2109900563955307,False,115
train_000430,low_gamma_power,POL U6,0.43757563829421997,False,89
train_000430,low_gamma_power,POL U7,0.5854940414428711,False,71
train_000430,low_gamma_power,POL U8,0.6439492702484131,False,65
train_000430,low_gamma_power,POL T1,0.03762431815266609,False,124
train_000430,low_gamma_power,POL T2,0.3850516080856323,False,98
train_000430,low_gamma_power,EEG T3-Ref,0.9703236222267151,False,36
train_000430,low_gamma_power,EEG T4-Ref,2.7412800788879395,False,1
train_000430,low_gamma_power,EEG T5-Ref,2.014566421508789,False,7
train_000430,low_gamma_power,EEG T6-Ref,0.6290157437324524,False,67
train_000430,low_gamma_power,EEG T7-Ref,0.6585623621940613,False,62
train_000430,low_gamma_power,EEG T8-Ref,2.1595852375030518,False,2
train_000430,low_gamma_power,EEG T9-Ref,0.732674777507782,False,56
train_000430,low_gamma_power,EEG T10-Ref,1.51933753490448,False,10
train_000430,low_gamma_power,POL T11,1.1203198432922363,False,26
train_000430,low_gamma_power,POL T12,0.1747964769601822,False,120
train_000430,low_gamma_power,POL J1,0.1871020644903183,False,119
train_000430,low_gamma_power,POL J2,0.4434252381324768,False,88
train_000430,low_gamma_power,POL J3,0.7079362273216248,False,58
train_000430,low_gamma_power,POL J4,0.6439744234085083,False,64
train_000430,low_gamma_power,POL J5,0.3802935481071472,False,100
train_000430,low_gamma_power,POL J6,0.48779693245887756,False,80
train_000430,low_gamma_power,POL J7,0.6007648706436157,False,70
train_000430,low_gamma_power,POL K1,0.03862718120217323,True,123
train_000430,low_gamma_power,POL K2,0.29145777225494385,False,107
train_000430,low_gamma_power,POL K3,0.615548849105835,False,68
train_000430,low_gamma_power,POL K4,0.35951921343803406,False,102
train_000430,low_gamma_power,POL K5,0.27672079205513,False,111
train_000430,low_gamma_power,POL K6,0.5611963272094727,False,73
train_000430,low_gamma_power,POL K7,0.46863213181495667,False,83
train_000430,low_gamma_power,POL K8,0.5280099511146545,False,77
train_000430,low_gamma_power,POL L1,0.4810273051261902,False,81
train_000430,low_gamma_power,POL L2,1.1197470426559448,False,27
train_000430,low_gamma_power,POL L3,0.3730402886867523,False,101
train_000430,low_gamma_power,POL L4,0.6957995891571045,False,59
train_000430,low_gamma_power,POL L5,0.5144994258880615,False,79
train_000430,low_gamma_power,POL L6,0.42802655696868896,False,92
train_000430,low_gamma_power,POL L7,0.6010390520095825,False,69
train_000430,low_gamma_power,POL L8,0.9749512076377869,False,35
train_000430,low_gamma_power,EEG M1-Ref,1.5436607599258423,False,9
train_000430,low_gamma_power,EEG M2-Ref,0.8359801769256592,False,48
train_000430,low_gamma_power,POL M3,1.0789028406143188,False,30
train_000430,low_gamma_power,POL M4,1.2110432386398315,False,18
train_000430,low_gamma_power,POL M5,1.2635524272918701,True,17
train_000430,low_gamma_power,POL M6,1.4807482957839966,True,12
train_000430,low_gamma_power,POL M7,0.892574667930603,True,42
train_000430,low_gamma_power,POL M8,1.1759076118469238,False,22
train_000430,low_gamma_power,POL M9,0.8802885413169861,False,45
train_000430,low_gamma_power,POL N1,1.0261610746383667,False,34
train_000430,low_gamma_power,POL N2,0.8635681867599487,False,47
train_000430,low_gamma_power,POL N3,0.8726153373718262,False,46
train_000430,low_gamma_power,POL N4,0.7423225045204163,False,54
train_000430,low_gamma_power,POL N5,0.4772548973560333,False,82
train_000430,low_gamma_power,POL N6,0.8188777565956116,False,50
train_000430,low_gamma_power,POL N7,1.1239818334579468,False,25
train_000430,low_gamma_power,POL N8,0.9190821647644043,False,40
train_000430,low_gamma_power,POL N9,0.5784498453140259,False,72
train_000430,low_gamma_power,EEG P1-Ref,1.138289451599121,False,24
train_000430,low_gamma_power,EEG P2-Ref,1.1965163946151733,False,19
train_000430,low_gamma_power,EEG P3-Ref,1.0270991325378418,False,33
train_000430,low_gamma_power,EEG P4-Ref,1.0997065305709839,False,28
train_000430,low_gamma_power,EEG P5-Ref,0.660921573638916,False,61
train_000430,low_gamma_power,EEG P6-Ref,0.7391606569290161,False,55
train_000430,low_gamma_power,EEG P7-Ref,0.8920921087265015,False,43
train_000430,low_gamma_power,EEG P8-Ref,0.8190471529960632,False,49
train_000430,low_gamma_power,POL R1,1.466582179069519,False,13
train_000430,low_gamma_power,POL R2,2.063904047012329,False,4
train_000430,low_gamma_power,POL R3,2.0452375411987305,False,5
train_000430,low_gamma_power,POL R4,0.9193841814994812,False,39
train_000430,low_gamma_power,POL R5,2.1523404121398926,False,3
train_000430,low_gamma_power,POL R6,2.035808801651001,False,6
train_000430,low_gamma_power,POL R7,0.913146436214447,False,41
train_000430,low_gamma_power,POL R8,1.1895684003829956,False,20
train_000430,low_gamma_power,POL R9,1.1710700988769531,False,23
train_000430,low_gamma_power,POL R10,1.3038054704666138,False,15
train_000430,low_gamma_power,POL R11,1.483170747756958,False,11
train_000430,low_gamma_power,POL R12,0.7295321226119995,False,57
train_000430,low_gamma_power,POL R13,0.9632599949836731,False,37
train_000430,low_gamma_power,POL R14,1.062859058380127,False,31
train_000430,low_gamma_power,POL R15,1.3046642541885376,False,14
train_000430,low_gamma_power,POL R16,1.301125168800354,False,16
train_000430,low_gamma_power,POL AC1,0.635536253452301,False,66
train_000430,low_gamma_power,POL AC2,0.3116767108440399,False,106
train_000430,low_gamma_power,POL AC3,0.27044302225112915,False,112
train_000430,low_gamma_power,POL AC4,0.4326588213443756,False,90
train_000430,low_gamma_power,POL AC5,0.43027856945991516,False,91
train_000430,low_gamma_power,POL AC6,0.4566088318824768,False,87
train_000430,low_gamma_power,POL AC7,0.6526615619659424,False,63
train_000430,low_gamma_power,POL AC8,0.5338151454925537,False,76
train_000430,low_gamma_power,POL AC9,0.4031449258327484,False,96
train_000430,low_gamma_power,POL AC10,0.46773865818977356,False,84
train_000430,low_gamma_power,POL AC11,0.8903470635414124,False,44
train_000430,low_gamma_power,POL AC12,0.5511331558227539,False,75
train_000430,low_gamma_power,POL AC13,1.0482646226882935,False,32
train_000430,low_gamma_power,POL AC14,0.7779807448387146,False,53
train_000430,low_gamma_power,POL AC15,0.8031033277511597,False,51
train_000430,low_gamma_power,POL AC16,0.9372856020927429,False,38
train_000430,high_gamma_power,EEG A1-Ref,0.6614896655082703,True,2
train_000430,high_gamma_power,EEG A2-Ref,0.3112538158893585,True,5
train_000430,high_gamma_power,POL A3,0.09973840415477753,True,24
train_000430,high_gamma_power,POL A4,0.005939087830483913,True,40
train_000430,high_gamma_power,POL A5,0.04346897825598717,False,32
train_000430,high_gamma_power,POL A6,0.005064631812274456,False,41
train_000430,high_gamma_power,POL A7,0.12513816356658936,False,20
train_000430,high_gamma_power,POL A8,-0.029618222266435623,False,52
train_000430,high_gamma_power,POL A9,-0.023381786420941353,False,49
train_000430,high_gamma_power,POL A10,-0.05700673535466194,False,59
train_000430,high_gamma_power,POL B1,0.027586083859205246,True,35
train_000430,high_gamma_power,POL B2,-0.016977250576019287,False,46
train_000430,high_gamma_power,POL B3,0.1277460902929306,False,19
train_000430,high_gamma_power,POL B4,-0.29666489362716675,False,120
train_000430,high_gamma_power,POL B5,-0.18847273290157318,False,104
train_000430,high_gamma_power,POL B6,-0.2078014612197876,False,107
train_000430,high_gamma_power,POL B7,-0.1544465571641922,False,97
train_000430,high_gamma_power,POL B8,-0.08017627894878387,False,65
train_000430,high_gamma_power,POL B9,-0.07499410212039948,False,63
train_000430,high_gamma_power,POL B10,-0.016324564814567566,False,45
train_000430,high_gamma_power,POL B11,-0.0961671993136406,False,70
train_000430,high_gamma_power,POL A11,-0.07012153416872025,False,62
train_000430,high_gamma_power,POL A12,0.015921389684081078,False,37
train_000430,high_gamma_power,POL U1,-0.35919198393821716,True,123
train_000430,high_gamma_power,POL U2,-0.22714857757091522,False,115
train_000430,high_gamma_power,POL U3,-0.25606369972229004,False,118
train_000430,high_gamma_power,POL U4,-0.18101070821285248,False,101
train_000430,high_gamma_power,POL U5,-0.24929052591323853,False,117
train_000430,high_gamma_power,POL U6,-0.21816369891166687,False,113
train_000430,high_gamma_power,POL U7,-0.19291460514068604,False,105
train_000430,high_gamma_power,POL U8,0.00293295388109982,False,43
train_000430,high_gamma_power,POL T1,-0.09344480186700821,False,67
train_000430,high_gamma_power,POL T2,-0.209754079580307,False,108
train_000430,high_gamma_power,EEG T3-Ref,-0.16574127972126007,False,99
train_000430,high_gamma_power,EEG T4-Ref,-0.25824254751205444,False,119
train_000430,high_gamma_power,EEG T5-Ref,-0.42893660068511963,False,124
train_000430,high_gamma_power,EEG T6-Ref,-0.3480265140533447,False,122
train_000430,high_gamma_power,EEG T7-Ref,-0.15432149171829224,False,96
train_000430,high_gamma_power,EEG T8-Ref,-0.06582771241664886,False,61
train_000430,high_gamma_power,EEG T9-Ref,-0.3141375184059143,False,121
train_000430,high_gamma_power,EEG T10-Ref,-0.056777119636535645,False,58
train_000430,high_gamma_power,POL T11,0.05005024001002312,False,31
train_000430,high_gamma_power,POL T12,-0.21385769546031952,False,111
train_000430,high_gamma_power,POL J1,-0.18010735511779785,False,100
train_000430,high_gamma_power,POL J2,-0.14350374042987823,False,91
train_000430,high_gamma_power,POL J3,-0.18303847312927246,False,103
train_000430,high_gamma_power,POL J4,-0.1299181431531906,False,85
train_000430,high_gamma_power,POL J5,-0.028658049181103706,False,51
train_000430,high_gamma_power,POL J6,0.03898051753640175,False,33
train_000430,high_gamma_power,POL J7,-0.09969273954629898,False,71
train_000430,high_gamma_power,POL K1,0.06788206845521927,True,29
train_000430,high_gamma_power,POL K2,-0.1657298058271408,False,98
train_000430,high_gamma_power,POL K3,-0.2266077697277069,False,114
train_000430,high_gamma_power,POL K4,-0.11460702121257782,False,77
train_000430,high_gamma_power,POL K5,-0.1439838856458664,False,92
train_000430,high_gamma_power,POL K6,-0.10122577846050262,False,72
train_000430,high_gamma_power,POL K7,-0.10188911110162735,False,73
train_000430,high_gamma_power,POL K8,-0.09347837418317795,False,68
train_000430,high_gamma_power,POL L1,-0.12524233758449554,False,80
train_000430,high_gamma_power,POL L2,-0.1289992481470108,False,82
train_000430,high_gamma_power,POL L3,-0.14034126698970795,False,90
train_000430,high_gamma_power,POL L4,-0.1814674288034439,False,102
train_000430,high_gamma_power,POL L5,-0.15407337248325348,False,95
train_000430,high_gamma_power,POL L6,-0.12349715828895569,False,79
train_000430,high_gamma_power,POL L7,-0.1340661197900772,False,87
train_000430,high_gamma_power,POL L8,0.15773263573646545,False,15
train_000430,high_gamma_power,EEG M1-Ref,-0.0535818412899971,False,56
train_000430,high_gamma_power,EEG M2-Ref,-0.12931537628173828,False,83
train_000430,high_gamma_power,POL M3,-0.23391593992710114,False,116
train_000430,high_gamma_power,POL M4,-0.1369686871767044,False,88
train_000430,high_gamma_power,POL M5,-0.13792327046394348,True,89
train_000430,high_gamma_power,POL M6,-0.052500296384096146,True,55
train_000430,high_gamma_power,POL M7,-0.114488884806633,True,76
train_000430,high_gamma_power,POL M8,0.09550780057907104,False,25
train_000430,high_gamma_power,POL M9,-0.13098305463790894,False,86
train_000430,high_gamma_power,POL N1,-0.1538478583097458,False,94
train_000430,high_gamma_power,POL N2,-0.12553620338439941,False,81
train_000430,high_gamma_power,POL N3,0.1128627136349678,False,23
train_000430,high_gamma_power,POL N4,0.05541948974132538,False,30
train_000430,high_gamma_power,POL N5,0.08513867855072021,False,27
train_000430,high_gamma_power,POL N6,0.12492003291845322,False,21
train_000430,high_gamma_power,POL N7,0.13297003507614136,False,17
train_000430,high_gamma_power,POL N8,0.08499997109174728,False,28
train_000430,high_gamma_power,POL N9,0.23820975422859192,False,9
train_000430,high_gamma_power,EEG P1-Ref,0.12827378511428833,False,18
train_000430,high_gamma_power,EEG P2-Ref,-0.0796179324388504,False,64
train_000430,high_gamma_power,EEG P3-Ref,-0.09573699533939362,False,69
train_000430,high_gamma_power,EEG P4-Ref,-0.11399716138839722,False,75
train_000430,high_gamma_power,EEG P5-Ref,-0.21182569861412048,False,110
train_000430,high_gamma_power,EEG P6-Ref,-0.1298559457063675,False,84
train_000430,high_gamma_power,EEG P7-Ref,-0.21112997829914093,False,109
train_000430,high_gamma_power,EEG P8-Ref,-0.15076987445354462,False,93
train_000430,high_gamma_power,POL R1,0.280667245388031,False,8
train_000430,high_gamma_power,POL R2,0.17460282146930695,False,14
train_000430,high_gamma_power,POL R3,0.22351235151290894,False,10
train_000430,high_gamma_power,POL R4,0.2232758104801178,False,11
train_000430,high_gamma_power,POL R5,-0.12319182604551315,False,78
train_000430,high_gamma_power,POL R6,0.4473091959953308,False,3
train_000430,high_gamma_power,POL R7,0.01860659569501877,False,36
train_000430,high_gamma_power,POL R8,0.011675412766635418,False,38
train_000430,high_gamma_power,POL R9,0.15584120154380798,False,16
train_000430,high_gamma_power,POL R10,0.4076123535633087,False,4
train_000430,high_gamma_power,POL R11,0.30143314599990845,False,6
train_000430,high_gamma_power,POL R12,0.1819843202829361,False,12
train_000430,high_gamma_power,POL R13,0.2828274369239807,False,7
train_000430,high_gamma_power,POL R14,0.0954560786485672,False,26
train_000430,high_gamma_power,POL R15,0.1788715273141861,False,13
train_000430,high_gamma_power,POL R16,0.12161266058683395,False,22
train_000430,high_gamma_power,POL AC1,-0.09277001023292542,False,66
train_000430,high_gamma_power,POL AC2,-0.022140242159366608,False,47
train_000430,high_gamma_power,POL AC3,-0.03689897432923317,False,53
train_000430,high_gamma_power,POL AC4,0.003258420852944255,False,42
train_000430,high_gamma_power,POL AC5,0.008642558939754963,False,39
train_000430,high_gamma_power,POL AC6,-0.005582320038229227,False,44
train_000430,high_gamma_power,POL AC7,-0.024769777432084084,False,50
train_000430,high_gamma_power,POL AC8,-0.023346800357103348,False,48
train_000430,high_gamma_power,POL AC9,-0.03878922387957573,False,54
train_000430,high_gamma_power,POL AC10,-0.21745917201042175,False,112
train_000430,high_gamma_power,POL AC11,-0.1980891227722168,False,106
train_000430,high_gamma_power,POL AC12,0.03618583828210831,False,34
train_000430,high_gamma_power,POL AC13,-0.06310756504535675,False,60
train_000430,high_gamma_power,POL AC14,-0.10827293992042542,False,74
train_000430,high_gamma_power,POL AC15,1.0909554958343506,False,1
train_000430,high_gamma_power,POL AC16,-0.05413482338190079,False,57
train_000430,ripple_power,EEG A1-Ref,0.31270089745521545,True,73
train_000430,ripple_power,EEG A2-Ref,0.18237687647342682,True,118
train_000430,ripple_power,POL A3,0.2079216092824936,True,109
train_000430,ripple_power,POL A4,0.18919196724891663,True,115
train_000430,ripple_power,POL A5,0.3489135801792145,False,52
train_000430,ripple_power,POL A6,0.3388156592845917,False,60
train_000430,ripple_power,POL A7,0.4494146406650543,False,27
train_000430,ripple_power,POL A8,0.30025559663772583,False,79
train_000430,ripple_power,POL A9,0.3955783247947693,False,42
train_000430,ripple_power,POL A10,0.265941321849823,False,89
train_000430,ripple_power,POL B1,-0.1209716796875,True,124
train_000430,ripple_power,POL B2,0.32351312041282654,False,65
train_000430,ripple_power,POL B3,0.4707140624523163,False,19
train_000430,ripple_power,POL B4,0.26047760248184204,False,94
train_000430,ripple_power,POL B5,0.30610913038253784,False,77
train_000430,ripple_power,POL B6,0.30302694439888,False,78
train_000430,ripple_power,POL B7,0.23592588305473328,False,104
train_000430,ripple_power,POL B8,0.31483039259910583,False,69
train_000430,ripple_power,POL B9,0.290429025888443,False,82
train_000430,ripple_power,POL B10,0.2624681890010834,False,92
train_000430,ripple_power,POL B11,0.274473637342453,False,86
train_000430,ripple_power,POL A11,0.19067110121250153,False,114
train_000430,ripple_power,POL A12,0.3536963164806366,False,49
train_000430,ripple_power,POL U1,0.34552305936813354,True,56
train_000430,ripple_power,POL U2,0.4743103086948395,False,17
train_000430,ripple_power,POL U3,0.4908802807331085,False,13
train_000430,ripple_power,POL U4,0.41700467467308044,False,35
train_000430,ripple_power,POL U5,0.3132804334163666,False,72
train_000430,ripple_power,POL U6,0.41819748282432556,False,34
train_000430,ripple_power,POL U7,0.44412508606910706,False,29
train_000430,ripple_power,POL U8,0.4598066508769989,False,23
train_000430,ripple_power,POL T1,0.5222195386886597,False,9
train_000430,ripple_power,POL T2,0.35275599360466003,False,50
train_000430,ripple_power,EEG T3-Ref,0.40916353464126587,False,38
train_000430,ripple_power,EEG T4-Ref,0.3254925310611725,False,64
train_000430,ripple_power,EEG T5-Ref,0.46596843004226685,False,20
train_000430,ripple_power,EEG T6-Ref,0.2490677684545517,False,99
train_000430,ripple_power,EEG T7-Ref,0.34797170758247375,False,53
train_000430,ripple_power,EEG T8-Ref,0.20330452919006348,False,111
train_000430,ripple_power,EEG T9-Ref,0.20438387989997864,False,110
train_000430,ripple_power,EEG T10-Ref,0.5051929950714111,False,10
train_000430,ripple_power,POL T11,0.6844950318336487,False,3
train_000430,ripple_power,POL T12,0.6901400089263916,False,2
train_000430,ripple_power,POL J1,0.3688085377216339,False,46
train_000430,ripple_power,POL J2,0.3815302550792694,False,45
train_000430,ripple_power,POL J3,0.35830914974212646,False,47
train_000430,ripple_power,POL J4,0.15850675106048584,False,120
train_000430,ripple_power,POL J5,0.2506144344806671,False,98
train_000430,ripple_power,POL J6,0.13769127428531647,False,121
train_000430,ripple_power,POL J7,-0.0726626068353653,False,123
train_000430,ripple_power,POL K1,0.2230728268623352,True,106
train_000430,ripple_power,POL K2,0.46196287870407104,False,22
train_000430,ripple_power,POL K3,0.5599713325500488,False,6
train_000430,ripple_power,POL K4,0.3845286965370178,False,44
train_000430,ripple_power,POL K5,0.41524532437324524,False,36
train_000430,ripple_power,POL K6,0.43229585886001587,False,31
train_000430,ripple_power,POL K7,0.35744979977607727,False,48
train_000430,ripple_power,POL K8,0.3464425504207611,False,54
train_000430,ripple_power,POL L1,0.3322809040546417,False,62
train_000430,ripple_power,POL L2,0.34318646788597107,False,57
train_000430,ripple_power,POL L3,0.4720611572265625,False,18
train_000430,ripple_power,POL L4,0.40586575865745544,False,39
train_000430,ripple_power,POL L5,0.4789773225784302,False,15
train_000430,ripple_power,POL L6,0.4561130404472351,False,24
train_000430,ripple_power,POL L7,0.31369566917419434,False,70
train_000430,ripple_power,POL L8,0.1886650174856186,False,116
train_000430,ripple_power,EEG M1-Ref,0.4932419955730438,False,12
train_000430,ripple_power,EEG M2-Ref,0.6252559423446655,False,4
train_000430,ripple_power,POL M3,0.3418278992176056,False,58
train_000430,ripple_power,POL M4,0.31533846259117126,False,68
train_000430,ripple_power,POL M5,0.31337225437164307,True,71
train_000430,ripple_power,POL M6,0.3460562527179718,True,55
train_000430,ripple_power,POL M7,0.2864486575126648,True,84
train_000430,ripple_power,POL M8,0.2897917628288269,False,83
train_000430,ripple_power,POL M9,0.29321402311325073,False,81
train_000430,ripple_power,POL N1,0.5368518233299255,False,8
train_000430,ripple_power,POL N2,0.4263114035129547,False,32
train_000430,ripple_power,POL N3,0.5005659461021423,False,11
train_000430,ripple_power,POL N4,0.26469025015830994,False,90
train_000430,ripple_power,POL N5,0.23680265247821808,False,103
train_000430,ripple_power,POL N6,0.25417962670326233,False,96
train_000430,ripple_power,POL N7,0.18576373159885406,False,117
train_000430,ripple_power,POL N8,0.16414198279380798,False,119
train_000430,ripple_power,POL N9,0.262601763010025,False,91
train_000430,ripple_power,EEG P1-Ref,0.20990854501724243,False,108
train_000430,ripple_power,EEG P2-Ref,0.3287597596645355,False,63
train_000430,ripple_power,EEG P3-Ref,0.2678372859954834,False,88
train_000430,ripple_power,EEG P4-Ref,0.2320677638053894,False,105
train_000430,ripple_power,EEG P5-Ref,0.199431374669075,False,113
train_000430,ripple_power,EEG P6-Ref,0.2013007402420044,False,112
train_000430,ripple_power,EEG P7-Ref,0.2624127268791199,False,93
train_000430,ripple_power,EEG P8-Ref,0.3225346803665161,False,66
train_000430,ripple_power,POL R1,0.3194543719291687,False,67
train_000430,ripple_power,POL R2,0.44464102387428284,False,28
train_000430,ripple_power,POL R3,0.24508386850357056,False,102
train_000430,ripple_power,POL R4,0.5830743312835693,False,5
train_000430,ripple_power,POL R5,0.478533536195755,False,16
train_000430,ripple_power,POL R6,0.3978155255317688,False,41
train_000430,ripple_power,POL R7,0.2149427831172943,False,107
train_000430,ripple_power,POL R8,0.5561112761497498,False,7
train_000430,ripple_power,POL R9,0.30737781524658203,False,76
train_000430,ripple_power,POL R10,0.42303258180618286,False,33
train_000430,ripple_power,POL R11,0.46468526124954224,False,21
train_000430,ripple_power,POL R12,0.39861324429512024,False,40
train_000430,ripple_power,POL R13,0.4536263346672058,False,26
train_000430,ripple_power,POL R14,0.4425399601459503,False,30
train_000430,ripple_power,POL R15,0.41116398572921753,False,37
train_000430,ripple_power,POL R16,0.48050251603126526,False,14
train_000430,ripple_power,POL AC1,0.2480492740869522,False,100
train_000430,ripple_power,POL AC2,0.275921493768692,False,85
train_000430,ripple_power,POL AC3,0.2936640977859497,False,80
train_000430,ripple_power,POL AC4,0.25354158878326416,False,97
train_000430,ripple_power,POL AC5,0.3909432888031006,False,43
train_000430,ripple_power,POL AC6,0.25721806287765503,False,95
train_000430,ripple_power,POL AC7,0.312330037355423,False,74
train_000430,ripple_power,POL AC8,0.26878753304481506,False,87
train_000430,ripple_power,POL AC9,0.3406217396259308,False,59
train_000430,ripple_power,POL AC10,0.33322009444236755,False,61
train_000430,ripple_power,POL AC11,0.4559486210346222,False,25
train_000430,ripple_power,POL AC12,0.04308178648352623,False,122
train_000430,ripple_power,POL AC13,0.3116922378540039,False,75
train_000430,ripple_power,POL AC14,0.35173165798187256,False,51
train_000430,ripple_power,POL AC15,0.8681899309158325,False,1
train_000430,ripple_power,POL AC16,0.2459457665681839,False,101
train_000430,fast_ripple_power,EEG A1-Ref,0.018045444041490555,True,63
train_000430,fast_ripple_power,EEG A2-Ref,-0.0910821184515953,True,90
train_000430,fast_ripple_power,POL A3,0.07920144498348236,True,43
train_000430,fast_ripple_power,POL A4,0.09925848245620728,True,39
train_000430,fast_ripple_power,POL A5,-0.06829466670751572,False,84
train_000430,fast_ripple_power,POL A6,0.1085500568151474,False,36
train_000430,fast_ripple_power,POL A7,0.025744523853063583,False,61
train_000430,fast_ripple_power,POL A8,0.07568791508674622,False,45
train_000430,fast_ripple_power,POL A9,0.12684522569179535,False,33
train_000430,fast_ripple_power,POL A10,0.031997326761484146,False,59
train_000430,fast_ripple_power,POL B1,-0.44308945536613464,True,124
train_000430,fast_ripple_power,POL B2,-0.2567370533943176,False,119
train_000430,fast_ripple_power,POL B3,-0.0544743612408638,False,80
train_000430,fast_ripple_power,POL B4,-0.04735366255044937,False,78
train_000430,fast_ripple_power,POL B5,-0.023055117577314377,False,73
train_000430,fast_ripple_power,POL B6,-0.05616525933146477,False,81
train_000430,fast_ripple_power,POL B7,-0.022102471441030502,False,72
train_000430,fast_ripple_power,POL B8,-0.04098302125930786,False,77
train_000430,fast_ripple_power,POL B9,-0.24236837029457092,False,117
train_000430,fast_ripple_power,POL B10,-0.14299540221691132,False,105
train_000430,fast_ripple_power,POL B11,0.14184339344501495,False,31
train_000430,fast_ripple_power,POL A11,-0.11567433923482895,False,101
train_000430,fast_ripple_power,POL A12,-0.040293339639902115,False,76
train_000430,fast_ripple_power,POL U1,-0.16474655270576477,True,110
train_000430,fast_ripple_power,POL U2,-0.2145242840051651,False,114
train_000430,fast_ripple_power,POL U3,-0.20678505301475525,False,113
train_000430,fast_ripple_power,POL U4,0.04509703069925308,False,53
train_000430,fast_ripple_power,POL U5,-0.19634877145290375,False,112
train_000430,fast_ripple_power,POL U6,-0.030782783403992653,False,75
train_000430,fast_ripple_power,POL U7,-0.11485390365123749,False,100
train_000430,fast_ripple_power,POL U8,-0.07298198342323303,False,86
train_000430,fast_ripple_power,POL T1,-0.092897430062294,False,92
train_000430,fast_ripple_power,POL T2,0.24885433912277222,False,21
train_000430,fast_ripple_power,EEG T3-Ref,0.10412215441465378,False,37
train_000430,fast_ripple_power,EEG T4-Ref,-0.22474104166030884,False,116
train_000430,fast_ripple_power,EEG T5-Ref,-0.004365369211882353,False,69
train_000430,fast_ripple_power,EEG T6-Ref,-0.08545459806919098,False,88
train_000430,fast_ripple_power,EEG T7-Ref,-0.26665130257606506,False,120
train_000430,fast_ripple_power,EEG T8-Ref,-0.28229573369026184,False,121
train_000430,fast_ripple_power,EEG T9-Ref,-0.0714060515165329,False,85
train_000430,fast_ripple_power,EEG T10-Ref,0.09954841434955597,False,38
train_000430,fast_ripple_power,POL T11,0.38447675108909607,False,9
train_000430,fast_ripple_power,POL T12,-0.2508462369441986,False,118
train_000430,fast_ripple_power,POL J1,-0.052828505635261536,False,79
train_000430,fast_ripple_power,POL J2,-0.09784887731075287,False,96
train_000430,fast_ripple_power,POL J3,-0.10959281772375107,False,98
train_000430,fast_ripple_power,POL J4,-0.11451331526041031,False,99
train_000430,fast_ripple_power,POL J5,-0.12115118652582169,False,102
train_000430,fast_ripple_power,POL J6,-0.2221328318119049,False,115
train_000430,fast_ripple_power,POL J7,0.24880559742450714,False,22
train_000430,fast_ripple_power,POL K1,-0.2967296838760376,True,122
train_000430,fast_ripple_power,POL K2,-0.3824964761734009,False,123
train_000430,fast_ripple_power,POL K3,-0.059920817613601685,False,82
train_000430,fast_ripple_power,POL K4,0.0074369292706251144,False,66
train_000430,fast_ripple_power,POL K5,0.008836600929498672,False,65
train_000430,fast_ripple_power,POL K6,-0.18480446934700012,False,111
train_000430,fast_ripple_power,POL K7,0.045524921268224716,False,52
train_000430,fast_ripple_power,POL K8,0.04286518320441246,False,55
train_000430,fast_ripple_power,POL L1,-0.09543497860431671,False,95
train_000430,fast_ripple_power,POL L2,0.02112007327377796,False,62
train_000430,fast_ripple_power,POL L3,-0.003087280783802271,False,68
train_000430,fast_ripple_power,POL L4,0.029381856322288513,False,60
train_000430,fast_ripple_power,POL L5,0.08393855392932892,False,42
train_000430,fast_ripple_power,POL L6,-0.08888188004493713,False,89
train_000430,fast_ripple_power,POL L7,0.5440830588340759,False,2
train_000430,fast_ripple_power,POL L8,0.27172014117240906,False,19
train_000430,fast_ripple_power,EEG M1-Ref,0.011238185688853264,False,64
train_000430,fast_ripple_power,EEG M2-Ref,0.06184180825948715,False,47
train_000430,fast_ripple_power,POL M3,0.043700169771909714,False,54
train_000430,fast_ripple_power,POL M4,0.04735788702964783,False,51
train_000430,fast_ripple_power,POL M5,0.002186568221077323,True,67
train_000430,fast_ripple_power,POL M6,-0.08169620484113693,True,87
train_000430,fast_ripple_power,POL M7,0.05130775272846222,True,49
train_000430,fast_ripple_power,POL M8,0.1332501620054245,False,32
train_000430,fast_ripple_power,POL M9,0.06888177990913391,False,46
train_000430,fast_ripple_power,POL N1,-0.09506895393133163,False,94
train_000430,fast_ripple_power,POL N2,-0.14046913385391235,False,104
train_000430,fast_ripple_power,POL N3,-0.14599427580833435,False,106
train_000430,fast_ripple_power,POL N4,-0.09149469435214996,False,91
train_000430,fast_ripple_power,POL N5,-0.15577183663845062,False,108
train_000430,fast_ripple_power,POL N6,0.032368019223213196,False,58
train_000430,fast_ripple_power,POL N7,0.048657648265361786,False,50
train_000430,fast_ripple_power,POL N8,0.0839729905128479,False,41
train_000430,fast_ripple_power,POL N9,0.039018213748931885,False,56
train_000430,fast_ripple_power,EEG P1-Ref,-0.16296930611133575,False,109
train_000430,fast_ripple_power,EEG P2-Ref,-0.10233831405639648,False,97
train_000430,fast_ripple_power,EEG P3-Ref,0.14467613399028778,False,29
train_000430,fast_ripple_power,EEG P4-Ref,-0.009139355272054672,False,71
train_000430,fast_ripple_power,EEG P5-Ref,-0.0642993152141571,False,83
train_000430,fast_ripple_power,EEG P6-Ref,-0.1326497495174408,False,103
train_000430,fast_ripple_power,EEG P7-Ref,-0.0232632365077734,False,74
train_000430,fast_ripple_power,EEG P8-Ref,0.03526807576417923,False,57
train_000430,fast_ripple_power,POL R1,0.11518373340368271,False,35
train_000430,fast_ripple_power,POL R2,0.12249450385570526,False,34
train_000430,fast_ripple_power,POL R3,0.3013156056404114,False,17
train_000430,fast_ripple_power,POL R4,0.31453219056129456,False,14
train_000430,fast_ripple_power,POL R5,-0.005792923271656036,False,70
train_000430,fast_ripple_power,POL R6,-0.14719554781913757,False,107
train_000430,fast_ripple_power,POL R7,0.07747986912727356,False,44
train_000430,fast_ripple_power,POL R8,0.3285978138446808,False,13
train_000430,fast_ripple_power,POL R9,0.18187615275382996,False,26
train_000430,fast_ripple_power,POL R10,0.1797935515642166,False,27
train_000430,fast_ripple_power,POL R11,0.30273300409317017,False,16
train_000430,fast_ripple_power,POL R12,0.05643260478973389,False,48
train_000430,fast_ripple_power,POL R13,-0.09460248053073883,False,93
train_000430,fast_ripple_power,POL R14,0.15090902149677277,False,28
train_000430,fast_ripple_power,POL R15,0.2270055115222931,False,23
train_000430,fast_ripple_power,POL R16,0.2181071639060974,False,24
train_000430,fast_ripple_power,POL AC1,0.2532466650009155,False,20
train_000430,fast_ripple_power,POL AC2,0.40680116415023804,False,8
train_000430,fast_ripple_power,POL AC3,0.35303279757499695,False,11
train_000430,fast_ripple_power,POL AC4,0.4347785711288452,False,7
train_000430,fast_ripple_power,POL AC5,0.29425469040870667,False,18
train_000430,fast_ripple_power,POL AC6,0.21381287276744843,False,25
train_000430,fast_ripple_power,POL AC7,0.3076994717121124,False,15
train_000430,fast_ripple_power,POL AC8,0.49488961696624756,False,4
train_000430,fast_ripple_power,POL AC9,0.34515145421028137,False,12
train_000430,fast_ripple_power,POL AC10,0.44982388615608215,False,6
train_000430,fast_ripple_power,POL AC11,0.4540135860443115,False,5
train_000430,fast_ripple_power,POL AC12,0.6657807230949402,False,1
train_000430,fast_ripple_power,POL AC13,0.496503621339798,False,3
train_000430,fast_ripple_power,POL AC14,0.35996314883232117,False,10
train_000430,fast_ripple_power,POL AC15,0.08481714874505997,False,40
train_000430,fast_ripple_power,POL AC16,0.1422882080078125,False,30
train_000430,high_low_ratio,EEG A1-Ref,1.1869229078292847,True,79
train_000430,high_low_ratio,EEG A2-Ref,0.6194300055503845,True,108
train_000430,high_low_ratio,POL A3,0.7418270111083984,True,102
train_000430,high_low_ratio,POL A4,1.0595825910568237,True,90
train_000430,high_low_ratio,POL A5,0.6714608669281006,False,106
train_000430,high_low_ratio,POL A6,0.6236239671707153,False,107
train_000430,high_low_ratio,POL A7,0.9647977352142334,False,97
train_000430,high_low_ratio,POL A8,1.6871814727783203,False,30
train_000430,high_low_ratio,POL A9,2.0656352043151855,False,16
train_000430,high_low_ratio,POL A10,1.716151475906372,False,26
train_000430,high_low_ratio,POL B1,2.538478374481201,True,7
train_000430,high_low_ratio,POL B2,1.571020483970642,False,40
train_000430,high_low_ratio,POL B3,1.5998313426971436,False,36
train_000430,high_low_ratio,POL B4,1.4923752546310425,False,50
train_000430,high_low_ratio,POL B5,1.199812650680542,False,77
train_000430,high_low_ratio,POL B6,1.610021948814392,False,35
train_000430,high_low_ratio,POL B7,2.015299081802368,False,17
train_000430,high_low_ratio,POL B8,1.9591772556304932,False,18
train_000430,high_low_ratio,POL B9,1.749001383781433,False,24
train_000430,high_low_ratio,POL B10,1.2533502578735352,False,72
train_000430,high_low_ratio,POL B11,1.3685486316680908,False,62
train_000430,high_low_ratio,POL A11,2.183095693588257,False,14
train_000430,high_low_ratio,POL A12,2.3045718669891357,False,10
train_000430,high_low_ratio,POL U1,0.26154500246047974,True,118
train_000430,high_low_ratio,POL U2,-0.3481374979019165,False,124
train_000430,high_low_ratio,POL U3,-0.16141490638256073,False,123
train_000430,high_low_ratio,POL U4,1.5533007383346558,False,43
train_000430,high_low_ratio,POL U5,1.5719572305679321,False,39
train_000430,high_low_ratio,POL U6,1.2502168416976929,False,73
train_000430,high_low_ratio,POL U7,1.3959797620773315,False,59
train_000430,high_low_ratio,POL U8,3.3557722568511963,False,4
train_000430,high_low_ratio,POL T1,1.6324222087860107,False,33
train_000430,high_low_ratio,POL T2,0.3751547336578369,False,115
train_000430,high_low_ratio,EEG T3-Ref,1.0101937055587769,False,93
train_000430,high_low_ratio,EEG T4-Ref,0.5798385143280029,False,109
train_000430,high_low_ratio,EEG T5-Ref,0.18257088959217072,False,122
train_000430,high_low_ratio,EEG T6-Ref,1.3447569608688354,False,65
train_000430,high_low_ratio,EEG T7-Ref,1.7292224168777466,False,25
train_000430,high_low_ratio,EEG T8-Ref,0.538324773311615,False,111
train_000430,high_low_ratio,EEG T9-Ref,1.1958516836166382,False,78
train_000430,high_low_ratio,EEG T10-Ref,0.4640544652938843,False,112
train_000430,high_low_ratio,POL T11,0.7196463346481323,False,104
train_000430,high_low_ratio,POL T12,1.3381716012954712,False,67
train_000430,high_low_ratio,POL J1,1.4877275228500366,False,51
train_000430,high_low_ratio,POL J2,1.2136341333389282,False,75
train_000430,high_low_ratio,POL J3,1.6296693086624146,False,34
train_000430,high_low_ratio,POL J4,1.9043500423431396,False,20
train_000430,high_low_ratio,POL J5,0.90219646692276,False,99
train_000430,high_low_ratio,POL J6,0.542236328125,False,110
train_000430,high_low_ratio,POL J7,0.9984785318374634,False,96
train_000430,high_low_ratio,POL K1,1.2035943269729614,True,76
train_000430,high_low_ratio,POL K2,0.1875443011522293,False,121
train_000430,high_low_ratio,POL K3,0.7483265995979309,False,101
train_000430,high_low_ratio,POL K4,1.5963939428329468,False,37
train_000430,high_low_ratio,POL K5,1.6906023025512695,False,29
train_000430,high_low_ratio,POL K6,2.122159004211426,False,15
train_000430,high_low_ratio,POL K7,1.5680960416793823,False,41
train_000430,high_low_ratio,POL K8,1.0603488683700562,False,89
train_000430,high_low_ratio,POL L1,1.7951271533966064,False,22
train_000430,high_low_ratio,POL L2,1.1353169679641724,False,82
train_000430,high_low_ratio,POL L3,1.4720629453659058,False,52
train_000430,high_low_ratio,POL L4,1.0911387205123901,False,85
train_000430,high_low_ratio,POL L5,1.5494719743728638,False,44
train_000430,high_low_ratio,POL L6,1.540352463722229,False,46
train_000430,high_low_ratio,POL L7,1.5940313339233398,False,38
train_000430,high_low_ratio,POL L8,1.0051963329315186,False,94
train_000430,high_low_ratio,EEG M1-Ref,1.321531891822815,False,68
train_000430,high_low_ratio,EEG M2-Ref,1.0395318269729614,False,91
train_000430,high_low_ratio,POL M3,1.1857402324676514,False,80
train_000430,high_low_ratio,POL M4,1.3814499378204346,False,61
train_000430,high_low_ratio,POL M5,1.3920425176620483,True,60
train_000430,high_low_ratio,POL M6,3.5510506629943848,True,3
train_000430,high_low_ratio,POL M7,3.970820426940918,True,2
train_000430,high_low_ratio,POL M8,2.699568033218384,False,6
train_000430,high_low_ratio,POL M9,1.6591992378234863,False,32
train_000430,high_low_ratio,POL N1,3.344182014465332,False,5
train_000430,high_low_ratio,POL N2,2.286339044570923,False,12
train_000430,high_low_ratio,POL N3,1.3403899669647217,False,66
train_000430,high_low_ratio,POL N4,0.3962804079055786,False,113
train_000430,high_low_ratio,POL N5,0.24461530148983002,False,119
train_000430,high_low_ratio,POL N6,0.3803659677505493,False,114
train_000430,high_low_ratio,POL N7,0.3661586046218872,False,116
train_000430,high_low_ratio,POL N8,1.9031933546066284,False,21
train_000430,high_low_ratio,POL N9,1.5601977109909058,False,42
train_000430,high_low_ratio,EEG P1-Ref,1.000542402267456,False,95
train_000430,high_low_ratio,EEG P2-Ref,0.8936905264854431,False,100
train_000430,high_low_ratio,EEG P3-Ref,1.7511160373687744,False,23
train_000430,high_low_ratio,EEG P4-Ref,4.064531326293945,False,1
train_000430,high_low_ratio,EEG P5-Ref,1.6929656267166138,False,28
train_000430,high_low_ratio,EEG P6-Ref,0.21736152470111847,False,120
train_000430,high_low_ratio,EEG P7-Ref,0.3224131762981415,False,117
train_000430,high_low_ratio,EEG P8-Ref,1.0848126411437988,False,87
train_000430,high_low_ratio,POL R1,1.4198731184005737,False,58
train_000430,high_low_ratio,POL R2,1.6956264972686768,False,27
train_000430,high_low_ratio,POL R3,1.0962166786193848,False,84
train_000430,high_low_ratio,POL R4,1.4290175437927246,False,57
train_000430,high_low_ratio,POL R5,1.2867907285690308,False,69
train_000430,high_low_ratio,POL R6,1.469501256942749,False,53
train_000430,high_low_ratio,POL R7,1.4624989032745361,False,54
train_000430,high_low_ratio,POL R8,1.359643578529358,False,64
train_000430,high_low_ratio,POL R9,1.497850775718689,False,49
train_000430,high_low_ratio,POL R10,0.7380066514015198,False,103
train_000430,high_low_ratio,POL R11,1.4298733472824097,False,55
train_000430,high_low_ratio,POL R12,2.438330888748169,False,9
train_000430,high_low_ratio,POL R13,2.4454245567321777,False,8
train_000430,high_low_ratio,POL R14,2.242396593093872,False,13
train_000430,high_low_ratio,POL R15,1.9109243154525757,False,19
train_000430,high_low_ratio,POL R16,1.521164059638977,False,47
train_000430,high_low_ratio,POL AC1,1.1447635889053345,False,81
train_000430,high_low_ratio,POL AC2,1.4296950101852417,False,56
train_000430,high_low_ratio,POL AC3,1.2464710474014282,False,74
train_000430,high_low_ratio,POL AC4,1.254513144493103,False,71
train_000430,high_low_ratio,POL AC5,1.2557157278060913,False,70
train_000430,high_low_ratio,POL AC6,1.1156575679779053,False,83
train_000430,high_low_ratio,POL AC7,0.9436277151107788,False,98
train_000430,high_low_ratio,POL AC8,0.7056476473808289,False,105
train_000430,high_low_ratio,POL AC9,1.0335898399353027,False,92
train_000430,high_low_ratio,POL AC10,1.0702966451644897,False,88
train_000430,high_low_ratio,POL AC11,2.2871286869049072,False,11
train_000430,high_low_ratio,POL AC12,1.5421290397644043,False,45
train_000430,high_low_ratio,POL AC13,1.36043119430542,False,63
train_000430,high_low_ratio,POL AC14,1.6649953126907349,False,31
train_000430,high_low_ratio,POL AC15,1.0880526304244995,False,86
train_000430,high_low_ratio,POL AC16,1.5205422639846802,False,48
train_000430,low_frequency_suppression,EEG A1-Ref,1.2577534914016724,True,93
train_000430,low_frequency_suppression,EEG A2-Ref,1.282407522201538,True,91
train_000430,low_frequency_suppression,POL A3,2.0434226989746094,True,32
train_000430,low_frequency_suppression,POL A4,1.701924204826355,True,66
train_000430,low_frequency_suppression,POL A5,1.2445955276489258,False,94
train_000430,low_frequency_suppression,POL A6,1.1193883419036865,False,101
train_000430,low_frequency_suppression,POL A7,1.4213799238204956,False,83
train_000430,low_frequency_suppression,POL A8,2.1234920024871826,False,26
train_000430,low_frequency_suppression,POL A9,1.9892891645431519,False,38
train_000430,low_frequency_suppression,POL A10,2.0348262786865234,False,33
train_000430,low_frequency_suppression,POL B1,1.163662075996399,True,98
train_000430,low_frequency_suppression,POL B2,2.5917906761169434,False,9
train_000430,low_frequency_suppression,POL B3,1.3734288215637207,False,87
train_000430,low_frequency_suppression,POL B4,2.2271487712860107,False,22
train_000430,low_frequency_suppression,POL B5,1.431666374206543,False,82
train_000430,low_frequency_suppression,POL B6,2.3975048065185547,False,12
train_000430,low_frequency_suppression,POL B7,2.353623628616333,False,14
train_000430,low_frequency_suppression,POL B8,2.0013933181762695,False,37
train_000430,low_frequency_suppression,POL B9,1.977101445198059,False,40
train_000430,low_frequency_suppression,POL B10,1.8273484706878662,False,60
train_000430,low_frequency_suppression,POL B11,1.9197661876678467,False,50
train_000430,low_frequency_suppression,POL A11,2.3918638229370117,False,13
train_000430,low_frequency_suppression,POL A12,2.7906906604766846,False,5
train_000430,low_frequency_suppression,POL U1,0.5227051973342896,True,117
train_000430,low_frequency_suppression,POL U2,0.013943737372756004,False,124
train_000430,low_frequency_suppression,POL U3,0.3433326482772827,False,122
train_000430,low_frequency_suppression,POL U4,2.0316314697265625,False,34
train_000430,low_frequency_suppression,POL U5,2.105947732925415,False,28
train_000430,low_frequency_suppression,POL U6,1.6556912660598755,False,69
train_000430,low_frequency_suppression,POL U7,1.972764015197754,False,41
train_000430,low_frequency_suppression,POL U8,4.5590009689331055,False,1
train_000430,low_frequency_suppression,POL T1,2.662907361984253,False,6
train_000430,low_frequency_suppression,POL T2,0.9533289670944214,False,104
train_000430,low_frequency_suppression,EEG T3-Ref,1.3030307292938232,False,90
train_000430,low_frequency_suppression,EEG T4-Ref,0.6300234198570251,False,115
train_000430,low_frequency_suppression,EEG T5-Ref,0.3221895098686218,False,123
train_000430,low_frequency_suppression,EEG T6-Ref,1.63558030128479,False,71
train_000430,low_frequency_suppression,EEG T7-Ref,2.015005111694336,False,35
train_000430,low_frequency_suppression,EEG T8-Ref,0.8325389623641968,False,109
train_000430,low_frequency_suppression,EEG T9-Ref,1.3914507627487183,False,86
train_000430,low_frequency_suppression,EEG T10-Ref,0.4169754087924957,False,118
train_000430,low_frequency_suppression,POL T11,0.8398895859718323,False,108
train_000430,low_frequency_suppression,POL T12,1.5423818826675415,False,76
train_000430,low_frequency_suppression,POL J1,2.5821118354797363,False,10
train_000430,low_frequency_suppression,POL J2,2.108058452606201,False,27
train_000430,low_frequency_suppression,POL J3,1.6453490257263184,False,70
train_000430,low_frequency_suppression,POL J4,1.2378178834915161,False,95
train_000430,low_frequency_suppression,POL J5,0.8744311928749084,False,106
train_000430,low_frequency_suppression,POL J6,1.0710755586624146,False,103
train_000430,low_frequency_suppression,POL J7,1.3291810750961304,False,89
train_000430,low_frequency_suppression,POL K1,1.9431145191192627,True,47
train_000430,low_frequency_suppression,POL K2,0.38655129075050354,False,121
train_000430,low_frequency_suppression,POL K3,1.1136720180511475,False,102
train_000430,low_frequency_suppression,POL K4,1.9350903034210205,False,48
train_000430,low_frequency_suppression,POL K5,1.9778938293457031,False,39
train_000430,low_frequency_suppression,POL K6,1.949693202972412,False,45
train_000430,low_frequency_suppression,POL K7,1.5804098844528198,False,72
train_000430,low_frequency_suppression,POL K8,1.1458213329315186,False,99
train_000430,low_frequency_suppression,POL L1,2.339651107788086,False,17
train_000430,low_frequency_suppression,POL L2,1.7084605693817139,False,64
train_000430,low_frequency_suppression,POL L3,2.290787935256958,False,18
train_000430,low_frequency_suppression,POL L4,1.2087042331695557,False,96
train_000430,low_frequency_suppression,POL L5,1.4617981910705566,False,80
train_000430,low_frequency_suppression,POL L6,1.7708854675292969,False,63
train_000430,low_frequency_suppression,POL L7,2.3461496829986572,False,16
train_000430,low_frequency_suppression,POL L8,0.9525830745697021,False,105
train_000430,low_frequency_suppression,EEG M1-Ref,2.0842995643615723,False,29
train_000430,low_frequency_suppression,EEG M2-Ref,1.8412302732467651,False,57
train_000430,low_frequency_suppression,POL M3,1.8205115795135498,False,61
train_000430,low_frequency_suppression,POL M4,1.408522367477417,False,84
train_000430,low_frequency_suppression,POL M5,1.5556585788726807,True,75
train_000430,low_frequency_suppression,POL M6,2.9695136547088623,True,4
train_000430,low_frequency_suppression,POL M7,2.61045241355896,True,8
train_000430,low_frequency_suppression,POL M8,2.507775068283081,False,11
train_000430,low_frequency_suppression,POL M9,1.7042902708053589,False,65
train_000430,low_frequency_suppression,POL N1,3.197122097015381,False,3
train_000430,low_frequency_suppression,POL N2,2.236043930053711,False,20
train_000430,low_frequency_suppression,POL N3,1.131795883178711,False,100
train_000430,low_frequency_suppression,POL N4,0.6397373080253601,False,114
train_000430,low_frequency_suppression,POL N5,0.5949406027793884,False,116
train_000430,low_frequency_suppression,POL N6,0.8084366321563721,False,110
train_000430,low_frequency_suppression,POL N7,0.7236106991767883,False,111
train_000430,low_frequency_suppression,POL N8,2.0539615154266357,False,31
train_000430,low_frequency_suppression,POL N9,2.230398416519165,False,21
train_000430,low_frequency_suppression,EEG P1-Ref,2.657700777053833,False,7
train_000430,low_frequency_suppression,EEG P2-Ref,1.8454512357711792,False,56
train_000430,low_frequency_suppression,EEG P3-Ref,2.0833723545074463,False,30
train_000430,low_frequency_suppression,EEG P4-Ref,3.8259072303771973,False,2
train_000430,low_frequency_suppression,EEG P5-Ref,1.3441332578659058,False,88
train_000430,low_frequency_suppression,EEG P6-Ref,0.40447279810905457,False,119
train_000430,low_frequency_suppression,EEG P7-Ref,0.6792974472045898,False,113
train_000430,low_frequency_suppression,EEG P8-Ref,0.3894239068031311,False,120
train_000430,low_frequency_suppression,POL R1,2.219365119934082,False,23
train_000430,low_frequency_suppression,POL R2,1.5323264598846436,False,77
train_000430,low_frequency_suppression,POL R3,1.5732369422912598,False,73
train_000430,low_frequency_suppression,POL R4,1.8398174047470093,False,58
train_000430,low_frequency_suppression,POL R5,1.8847330808639526,False,51
train_000430,low_frequency_suppression,POL R6,1.8679648637771606,False,54
train_000430,low_frequency_suppression,POL R7,1.4780975580215454,False,79
train_000430,low_frequency_suppression,POL R8,2.2109735012054443,False,24
train_000430,low_frequency_suppression,POL R9,1.8780125379562378,False,52
train_000430,low_frequency_suppression,POL R10,0.7198732495307922,False,112
train_000430,low_frequency_suppression,POL R11,1.5148682594299316,False,78
train_000430,low_frequency_suppression,POL R12,2.348198890686035,False,15
train_000430,low_frequency_suppression,POL R13,1.809450626373291,False,62
train_000430,low_frequency_suppression,POL R14,1.931829571723938,False,49
train_000430,low_frequency_suppression,POL R15,1.8750451803207397,False,53
train_000430,low_frequency_suppression,POL R16,1.9515900611877441,False,44
train_000430,low_frequency_suppression,POL AC1,1.6952333450317383,False,67
train_000430,low_frequency_suppression,POL AC2,2.1825647354125977,False,25
train_000430,low_frequency_suppression,POL AC3,2.003415107727051,False,36
train_000430,low_frequency_suppression,POL AC4,1.9468001127243042,False,46
train_000430,low_frequency_suppression,POL AC5,1.8501689434051514,False,55
train_000430,low_frequency_suppression,POL AC6,1.6565594673156738,False,68
train_000430,low_frequency_suppression,POL AC7,1.4506351947784424,False,81
train_000430,low_frequency_suppression,POL AC8,1.2814090251922607,False,92
train_000430,low_frequency_suppression,POL AC9,1.5713098049163818,False,74
train_000430,low_frequency_suppression,POL AC10,1.9657937288284302,False,42
train_000430,low_frequency_suppression,POL AC11,2.2446703910827637,False,19
train_000430,low_frequency_suppression,POL AC12,1.1998008489608765,False,97
train_000430,low_frequency_suppression,POL AC13,1.3965094089508057,False,85
train_000430,low_frequency_suppression,POL AC14,1.9571505784988403,False,43
train_000430,low_frequency_suppression,POL AC15,0.8661257028579712,False,107
train_000430,low_frequency_suppression,POL AC16,1.8386412858963013,False,59
train_000430,spectral_centroid,EEG A1-Ref,1.0360866785049438,True,102
train_000430,spectral_centroid,EEG A2-Ref,0.1781124323606491,True,122
train_000430,spectral_centroid,POL A3,0.7189833521842957,True,110
train_000430,spectral_centroid,POL A4,1.0798643827438354,True,101
train_000430,spectral_centroid,POL A5,0.9777284860610962,False,105
train_000430,spectral_centroid,POL A6,0.8526634573936462,False,109
train_000430,spectral_centroid,POL A7,1.6521669626235962,False,84
train_000430,spectral_centroid,POL A8,4.530151844024658,False,14
train_000430,spectral_centroid,POL A9,5.460303783416748,False,6
train_000430,spectral_centroid,POL A10,3.736624002456665,False,27
train_000430,spectral_centroid,POL B1,3.4971585273742676,True,32
train_000430,spectral_centroid,POL B2,7.036126613616943,False,3
train_000430,spectral_centroid,POL B3,1.753935694694519,False,80
train_000430,spectral_centroid,POL B4,4.501220226287842,False,15
train_000430,spectral_centroid,POL B5,2.0803725719451904,False,63
train_000430,spectral_centroid,POL B6,2.9397523403167725,False,43
train_000430,spectral_centroid,POL B7,4.702617168426514,False,11
train_000430,spectral_centroid,POL B8,4.395153999328613,False,17
train_000430,spectral_centroid,POL B9,3.7868030071258545,False,26
train_000430,spectral_centroid,POL B10,3.9129116535186768,False,23
train_000430,spectral_centroid,POL B11,4.412785530090332,False,16
train_000430,spectral_centroid,POL A11,5.669564247131348,False,5
train_000430,spectral_centroid,POL A12,7.567012786865234,False,2
train_000430,spectral_centroid,POL U1,0.940833568572998,True,106
train_000430,spectral_centroid,POL U2,0.25714007019996643,False,121
train_000430,spectral_centroid,POL U3,0.36159196496009827,False,120
train_000430,spectral_centroid,POL U4,5.4350504875183105,False,7
train_000430,spectral_centroid,POL U5,5.017096519470215,False,9
train_000430,spectral_centroid,POL U6,3.260077476501465,False,38
train_000430,spectral_centroid,POL U7,2.8790035247802734,False,44
train_000430,spectral_centroid,POL U8,4.833310604095459,False,10
train_000430,spectral_centroid,POL T1,3.1063175201416016,False,41
train_000430,spectral_centroid,POL T2,0.6353111863136292,False,112
train_000430,spectral_centroid,EEG T3-Ref,1.2159396409988403,False,99
train_000430,spectral_centroid,EEG T4-Ref,1.2111833095550537,False,100
train_000430,spectral_centroid,EEG T5-Ref,1.0245006084442139,False,103
train_000430,spectral_centroid,EEG T6-Ref,2.4267711639404297,False,53
train_000430,spectral_centroid,EEG T7-Ref,5.905798435211182,False,4
train_000430,spectral_centroid,EEG T8-Ref,0.5093581080436707,False,117
train_000430,spectral_centroid,EEG T9-Ref,1.6234990358352661,False,86
train_000430,spectral_centroid,EEG T10-Ref,0.13545803725719452,False,123
train_000430,spectral_centroid,POL T11,0.6701065897941589,False,111
train_000430,spectral_centroid,POL T12,2.2051823139190674,False,59
train_000430,spectral_centroid,POL J1,4.127840995788574,False,20
train_000430,spectral_centroid,POL J2,2.851389169692993,False,45
train_000430,spectral_centroid,POL J3,3.791343927383423,False,25
train_000430,spectral_centroid,POL J4,3.7001423835754395,False,29
train_000430,spectral_centroid,POL J5,1.5137200355529785,False,92
train_000430,spectral_centroid,POL J6,0.4272909164428711,False,119
train_000430,spectral_centroid,POL J7,1.4254624843597412,False,95
train_000430,spectral_centroid,POL K1,1.7850427627563477,True,79
train_000430,spectral_centroid,POL K2,-0.06311628222465515,False,124
train_000430,spectral_centroid,POL K3,1.6216552257537842,False,87
train_000430,spectral_centroid,POL K4,4.649545669555664,False,12
train_000430,spectral_centroid,POL K5,4.259951591491699,False,18
train_000430,spectral_centroid,POL K6,3.725764274597168,False,28
train_000430,spectral_centroid,POL K7,3.3874270915985107,False,35
train_000430,spectral_centroid,POL K8,1.4998786449432373,False,93
train_000430,spectral_centroid,POL L1,3.912123680114746,False,24
train_000430,spectral_centroid,POL L2,2.2181332111358643,False,57
train_000430,spectral_centroid,POL L3,4.000510215759277,False,22
train_000430,spectral_centroid,POL L4,2.2799243927001953,False,55
train_000430,spectral_centroid,POL L5,2.7428736686706543,False,47
train_000430,spectral_centroid,POL L6,3.1615095138549805,False,40
train_000430,spectral_centroid,POL L7,5.210140705108643,False,8
train_000430,spectral_centroid,POL L8,1.4592446088790894,False,94
train_000430,spectral_centroid,EEG M1-Ref,2.020761251449585,False,68
train_000430,spectral_centroid,EEG M2-Ref,1.8174569606781006,False,75
train_000430,spectral_centroid,POL M3,2.0656683444976807,False,64
train_000430,spectral_centroid,POL M4,1.9793930053710938,False,70
train_000430,spectral_centroid,POL M5,2.517714262008667,True,51
train_000430,spectral_centroid,POL M6,3.513676166534424,True,31
train_000430,spectral_centroid,POL M7,4.0123066902160645,True,21
train_000430,spectral_centroid,POL M8,3.3644461631774902,False,37
train_000430,spectral_centroid,POL M9,2.9520254135131836,False,42
train_000430,spectral_centroid,POL N1,4.610311031341553,False,13
train_000430,spectral_centroid,POL N2,4.238398551940918,False,19
train_000430,spectral_centroid,POL N3,1.6760318279266357,False,82
train_000430,spectral_centroid,POL N4,0.8713318705558777,False,108
train_000430,spectral_centroid,POL N5,0.5878859162330627,False,116
train_000430,spectral_centroid,POL N6,1.0111382007598877,False,104
train_000430,spectral_centroid,POL N7,0.9220716953277588,False,107
train_000430,spectral_centroid,POL N8,3.5281357765197754,False,30
train_000430,spectral_centroid,POL N9,2.6261587142944336,False,49
train_000430,spectral_centroid,EEG P1-Ref,2.016423225402832,False,69
train_000430,spectral_centroid,EEG P2-Ref,2.2084808349609375,False,58
train_000430,spectral_centroid,EEG P3-Ref,3.407655954360962,False,34
train_000430,spectral_centroid,EEG P4-Ref,7.609392166137695,False,1
train_000430,spectral_centroid,EEG P5-Ref,2.539538860321045,False,50
train_000430,spectral_centroid,EEG P6-Ref,0.5954153537750244,False,115
train_000430,spectral_centroid,EEG P7-Ref,0.635234534740448,False,113
train_000430,spectral_centroid,EEG P8-Ref,0.45414426922798157,False,118
train_000430,spectral_centroid,POL R1,3.369140148162842,False,36
train_000430,spectral_centroid,POL R2,2.252967119216919,False,56
train_000430,spectral_centroid,POL R3,1.8886590003967285,False,71
train_000430,spectral_centroid,POL R4,2.439051628112793,False,52
train_000430,spectral_centroid,POL R5,3.4793431758880615,False,33
train_000430,spectral_centroid,POL R6,1.6707510948181152,False,83
train_000430,spectral_centroid,POL R7,1.556297779083252,False,90
train_000430,spectral_centroid,POL R8,1.6038463115692139,False,88
train_000430,spectral_centroid,POL R9,1.5933486223220825,False,89
train_000430,spectral_centroid,POL R10,0.612581193447113,False,114
train_000430,spectral_centroid,POL R11,1.2881871461868286,False,98
train_000430,spectral_centroid,POL R12,2.336625576019287,False,54
train_000430,spectral_centroid,POL R13,1.8456714153289795,False,74
train_000430,spectral_centroid,POL R14,1.804744005203247,False,77
train_000430,spectral_centroid,POL R15,1.6365958452224731,False,85
train_000430,spectral_centroid,POL R16,1.8469737768173218,False,73
train_000430,spectral_centroid,POL AC1,1.7266628742218018,False,81
train_000430,spectral_centroid,POL AC2,2.848196268081665,False,46
train_000430,spectral_centroid,POL AC3,1.809691309928894,False,76
train_000430,spectral_centroid,POL AC4,2.0468740463256836,False,66
train_000430,spectral_centroid,POL AC5,2.0848875045776367,False,62
train_000430,spectral_centroid,POL AC6,2.0628771781921387,False,65
train_000430,spectral_centroid,POL AC7,1.52859365940094,False,91
train_000430,spectral_centroid,POL AC8,1.371173620223999,False,96
train_000430,spectral_centroid,POL AC9,1.8539128303527832,False,72
train_000430,spectral_centroid,POL AC10,2.03987455368042,False,67
train_000430,spectral_centroid,POL AC11,2.193895101547241,False,60
train_000430,spectral_centroid,POL AC12,1.3655133247375488,False,97
train_000430,spectral_centroid,POL AC13,2.1654856204986572,False,61
train_000430,spectral_centroid,POL AC14,3.193664312362671,False,39
train_000430,spectral_centroid,POL AC15,1.787117838859558,False,78
train_000430,spectral_centroid,POL AC16,2.6742172241210938,False,48
train_000430,spectral_entropy_change,EEG A1-Ref,1.0557000637054443,True,117
train_000430,spectral_entropy_change,EEG A2-Ref,0.8872877359390259,True,121
train_000430,spectral_entropy_change,POL A3,1.0202112197875977,True,119
train_000430,spectral_entropy_change,POL A4,1.0650869607925415,True,116
train_000430,spectral_entropy_change,POL A5,1.0877814292907715,False,114
train_000430,spectral_entropy_change,POL A6,1.0765570402145386,False,115
train_000430,spectral_entropy_change,POL A7,1.266162395477295,False,96
train_000430,spectral_entropy_change,POL A8,2.477924346923828,False,23
train_000430,spectral_entropy_change,POL A9,2.730695962905884,False,12
train_000430,spectral_entropy_change,POL A10,2.808720350265503,False,9
train_000430,spectral_entropy_change,POL B1,1.2196532487869263,True,101
train_000430,spectral_entropy_change,POL B2,2.34765362739563,False,29
train_000430,spectral_entropy_change,POL B3,1.6784570217132568,False,64
train_000430,spectral_entropy_change,POL B4,2.430299758911133,False,26
train_000430,spectral_entropy_change,POL B5,1.3830692768096924,False,91
train_000430,spectral_entropy_change,POL B6,1.4236146211624146,False,85
train_000430,spectral_entropy_change,POL B7,1.664711833000183,False,66
train_000430,spectral_entropy_change,POL B8,1.2061923742294312,False,104
train_000430,spectral_entropy_change,POL B9,1.2020790576934814,False,105
train_000430,spectral_entropy_change,POL B10,1.5620853900909424,False,73
train_000430,spectral_entropy_change,POL B11,2.276273488998413,False,35
train_000430,spectral_entropy_change,POL A11,3.2887370586395264,False,3
train_000430,spectral_entropy_change,POL A12,5.000345706939697,False,1
train_000430,spectral_entropy_change,POL U1,1.038827896118164,True,118
train_000430,spectral_entropy_change,POL U2,1.1436328887939453,False,109
train_000430,spectral_entropy_change,POL U3,1.4102751016616821,False,87
train_000430,spectral_entropy_change,POL U4,1.8584614992141724,False,53
train_000430,spectral_entropy_change,POL U5,2.645745038986206,False,15
train_000430,spectral_entropy_change,POL U6,1.4508812427520752,False,82
train_000430,spectral_entropy_change,POL U7,1.7182648181915283,False,61
train_000430,spectral_entropy_change,POL U8,2.990020990371704,False,7
train_000430,spectral_entropy_change,POL T1,2.0682637691497803,False,44
train_000430,spectral_entropy_change,POL T2,0.9711810946464539,False,120
train_000430,spectral_entropy_change,EEG T3-Ref,1.3878741264343262,False,90
train_000430,spectral_entropy_change,EEG T4-Ref,1.3450847864151,False,93
train_000430,spectral_entropy_change,EEG T5-Ref,1.5691932439804077,False,72
train_000430,spectral_entropy_change,EEG T6-Ref,1.6737909317016602,False,65
train_000430,spectral_entropy_change,EEG T7-Ref,3.2842867374420166,False,4
train_000430,spectral_entropy_change,EEG T8-Ref,1.413353443145752,False,86
train_000430,spectral_entropy_change,EEG T9-Ref,1.9544392824172974,False,49
train_000430,spectral_entropy_change,EEG T10-Ref,1.1830835342407227,False,108
train_000430,spectral_entropy_change,POL T11,1.6970471143722534,False,63
train_000430,spectral_entropy_change,POL T12,1.750357747077942,False,59
train_000430,spectral_entropy_change,POL J1,1.74079430103302,False,60
train_000430,spectral_entropy_change,POL J2,1.088507890701294,False,113
train_000430,spectral_entropy_change,POL J3,1.7507834434509277,False,58
train_000430,spectral_entropy_change,POL J4,3.1827945709228516,False,5
train_000430,spectral_entropy_change,POL J5,2.4688720703125,False,25
train_000430,spectral_entropy_change,POL J6,0.7598918080329895,False,124
train_000430,spectral_entropy_change,POL J7,1.1278408765792847,False,111
train_000430,spectral_entropy_change,POL K1,2.2916617393493652,True,33
train_000430,spectral_entropy_change,POL K2,0.8241963386535645,False,123
train_000430,spectral_entropy_change,POL K3,1.2570120096206665,False,97
train_000430,spectral_entropy_change,POL K4,2.7773232460021973,False,11
train_000430,spectral_entropy_change,POL K5,2.793602466583252,False,10
train_000430,spectral_entropy_change,POL K6,2.6591625213623047,False,14
train_000430,spectral_entropy_change,POL K7,2.221940040588379,False,36
train_000430,spectral_entropy_change,POL K8,1.4041520357131958,False,88
train_000430,spectral_entropy_change,POL L1,2.475679874420166,False,24
train_000430,spectral_entropy_change,POL L2,2.143706798553467,False,40
train_000430,spectral_entropy_change,POL L3,2.479412317276001,False,22
train_000430,spectral_entropy_change,POL L4,1.4755887985229492,False,79
train_000430,spectral_entropy_change,POL L5,2.0180702209472656,False,45
train_000430,spectral_entropy_change,POL L6,2.313582420349121,False,31
train_000430,spectral_entropy_change,POL L7,2.1940677165985107,False,37
train_000430,spectral_entropy_change,POL L8,1.5102345943450928,False,78
train_000430,spectral_entropy_change,EEG M1-Ref,1.1974161863327026,False,106
train_000430,spectral_entropy_change,EEG M2-Ref,1.2173365354537964,False,102
train_000430,spectral_entropy_change,POL M3,1.4499914646148682,False,83
train_000430,spectral_entropy_change,POL M4,1.226352572441101,False,100
train_000430,spectral_entropy_change,POL M5,1.1343036890029907,True,110
train_000430,spectral_entropy_change,POL M6,2.192258596420288,True,38
train_000430,spectral_entropy_change,POL M7,3.09012770652771,True,6
train_000430,spectral_entropy_change,POL M8,2.720177412033081,False,13
train_000430,spectral_entropy_change,POL M9,1.593960165977478,False,69
train_000430,spectral_entropy_change,POL N1,2.978961944580078,False,8
train_000430,spectral_entropy_change,POL N2,2.2883777618408203,False,34
train_000430,spectral_entropy_change,POL N3,1.5577659606933594,False,74
train_000430,spectral_entropy_change,POL N4,1.4442009925842285,False,84
train_000430,spectral_entropy_change,POL N5,1.571923017501831,False,71
train_000430,spectral_entropy_change,POL N6,1.2788505554199219,False,95
train_000430,spectral_entropy_change,POL N7,1.1253104209899902,False,112
train_000430,spectral_entropy_change,POL N8,2.1611924171447754,False,39
train_000430,spectral_entropy_change,POL N9,1.9897574186325073,False,48
train_000430,spectral_entropy_change,EEG P1-Ref,1.804498553276062,False,55
train_000430,spectral_entropy_change,EEG P2-Ref,1.9983747005462646,False,47
train_000430,spectral_entropy_change,EEG P3-Ref,2.4108121395111084,False,27
train_000430,spectral_entropy_change,EEG P4-Ref,4.536005020141602,False,2
train_000430,spectral_entropy_change,EEG P5-Ref,1.5464398860931396,False,75
train_000430,spectral_entropy_change,EEG P6-Ref,1.214625597000122,False,103
train_000430,spectral_entropy_change,EEG P7-Ref,1.1841118335723877,False,107
train_000430,spectral_entropy_change,EEG P8-Ref,1.247157335281372,False,98
train_000430,spectral_entropy_change,POL R1,2.3692352771759033,False,28
train_000430,spectral_entropy_change,POL R2,1.5917061567306519,False,70
train_000430,spectral_entropy_change,POL R3,1.6423321962356567,False,67
train_000430,spectral_entropy_change,POL R4,1.8201686143875122,False,54
train_000430,spectral_entropy_change,POL R5,2.5050699710845947,False,20
train_000430,spectral_entropy_change,POL R6,1.8859459161758423,False,52
train_000430,spectral_entropy_change,POL R7,1.466722846031189,False,81
train_000430,spectral_entropy_change,POL R8,1.544609785079956,False,76
train_000430,spectral_entropy_change,POL R9,1.892105221748352,False,51
train_000430,spectral_entropy_change,POL R10,0.8260841369628906,False,122
train_000430,spectral_entropy_change,POL R11,1.6312646865844727,False,68
train_000430,spectral_entropy_change,POL R12,1.7018171548843384,False,62
train_000430,spectral_entropy_change,POL R13,1.2357934713363647,False,99
train_000430,spectral_entropy_change,POL R14,1.4728001356124878,False,80
train_000430,spectral_entropy_change,POL R15,1.3463026285171509,False,92
train_000430,spectral_entropy_change,POL R16,1.3284121751785278,False,94
train_000430,spectral_entropy_change,POL AC1,1.3975969552993774,False,89
train_000430,spectral_entropy_change,POL AC2,1.9412363767623901,False,50
train_000430,spectral_entropy_change,POL AC3,2.3227596282958984,False,30
train_000430,spectral_entropy_change,POL AC4,2.5346879959106445,False,19
train_000430,spectral_entropy_change,POL AC5,2.620623826980591,False,16
train_000430,spectral_entropy_change,POL AC6,2.48439884185791,False,21
train_000430,spectral_entropy_change,POL AC7,2.0007967948913574,False,46
train_000430,spectral_entropy_change,POL AC8,2.1264848709106445,False,41
train_000430,spectral_entropy_change,POL AC9,2.305600881576538,False,32
train_000430,spectral_entropy_change,POL AC10,2.072479486465454,False,43
train_000430,spectral_entropy_change,POL AC11,2.109841823577881,False,42
train_000430,spectral_entropy_change,POL AC12,1.528571605682373,False,77
train_000430,spectral_entropy_change,POL AC13,1.7614400386810303,False,56
train_000430,spectral_entropy_change,POL AC14,1.7569252252578735,False,57
train_000430,spectral_entropy_change,POL AC15,2.5639171600341797,False,18
train_000430,spectral_entropy_change,POL AC16,2.5692076683044434,False,17
train_000430,rhythmicity,EEG A1-Ref,0.9132826924324036,True,49
train_000430,rhythmicity,EEG A2-Ref,0.7915946841239929,True,68
train_000430,rhythmicity,POL A3,0.9088498950004578,True,50
train_000430,rhythmicity,POL A4,1.0767077207565308,True,25
train_000430,rhythmicity,POL A5,1.0522801876068115,False,28
train_000430,rhythmicity,POL A6,1.328231692314148,False,5
train_000430,rhythmicity,POL A7,1.101698875427246,False,22
train_000430,rhythmicity,POL A8,0.8979406356811523,False,54
train_000430,rhythmicity,POL A9,0.9358438849449158,False,46
train_000430,rhythmicity,POL A10,1.029699444770813,False,31
train_000430,rhythmicity,POL B1,0.8945155739784241,True,55
train_000430,rhythmicity,POL B2,0.6766883134841919,False,86
train_000430,rhythmicity,POL B3,0.5794623494148254,False,102
train_000430,rhythmicity,POL B4,0.5166680812835693,False,112
train_000430,rhythmicity,POL B5,0.6022229194641113,False,98
train_000430,rhythmicity,POL B6,0.8136370182037354,False,66
train_000430,rhythmicity,POL B7,0.9006497859954834,False,52
train_000430,rhythmicity,POL B8,0.9331101179122925,False,47
train_000430,rhythmicity,POL B9,0.8852733373641968,False,57
train_000430,rhythmicity,POL B10,0.7753947973251343,False,72
train_000430,rhythmicity,POL B11,1.0140103101730347,False,35
train_000430,rhythmicity,POL A11,0.992629885673523,False,37
train_000430,rhythmicity,POL A12,1.2596162557601929,False,7
train_000430,rhythmicity,POL U1,1.1625829935073853,True,17
train_000430,rhythmicity,POL U2,1.1685125827789307,False,16
train_000430,rhythmicity,POL U3,1.0514178276062012,False,29
train_000430,rhythmicity,POL U4,1.0839028358459473,False,23
train_000430,rhythmicity,POL U5,0.8787438869476318,False,59
train_000430,rhythmicity,POL U6,0.8982118964195251,False,53
train_000430,rhythmicity,POL U7,0.7359373569488525,False,80
train_000430,rhythmicity,POL U8,0.8636088967323303,False,61
train_000430,rhythmicity,POL T1,0.41062530875205994,False,119
train_000430,rhythmicity,POL T2,0.5756657123565674,False,103
train_000430,rhythmicity,EEG T3-Ref,0.9365279674530029,False,45
train_000430,rhythmicity,EEG T4-Ref,1.212782382965088,False,10
train_000430,rhythmicity,EEG T5-Ref,1.1514859199523926,False,18
train_000430,rhythmicity,EEG T6-Ref,1.025406002998352,False,33
train_000430,rhythmicity,EEG T7-Ref,1.4379405975341797,False,3
train_000430,rhythmicity,EEG T8-Ref,1.4079713821411133,False,4
train_000430,rhythmicity,EEG T9-Ref,1.6172758340835571,False,1
train_000430,rhythmicity,EEG T10-Ref,1.2744503021240234,False,6
train_000430,rhythmicity,POL T11,1.1842269897460938,False,14
train_000430,rhythmicity,POL T12,1.1091458797454834,False,21
train_000430,rhythmicity,POL J1,0.6614570021629333,False,90
train_000430,rhythmicity,POL J2,0.6525177359580994,False,91
train_000430,rhythmicity,POL J3,0.6707863807678223,False,88
train_000430,rhythmicity,POL J4,0.8885281682014465,False,56
train_000430,rhythmicity,POL J5,1.170670747756958,False,15
train_000430,rhythmicity,POL J6,0.6361322402954102,False,93
train_000430,rhythmicity,POL J7,0.6009833216667175,False,99
train_000430,rhythmicity,POL K1,0.6330416798591614,True,94
train_000430,rhythmicity,POL K2,0.6774228811264038,False,85
train_000430,rhythmicity,POL K3,0.7837328314781189,False,69
train_000430,rhythmicity,POL K4,0.7625224590301514,False,75
train_000430,rhythmicity,POL K5,0.7707089781761169,False,73
train_000430,rhythmicity,POL K6,0.9077358245849609,False,51
train_000430,rhythmicity,POL K7,1.1139177083969116,False,20
train_000430,rhythmicity,POL K8,1.117350459098816,False,19
train_000430,rhythmicity,POL L1,0.5309500098228455,False,111
train_000430,rhythmicity,POL L2,0.7354658842086792,False,81
train_000430,rhythmicity,POL L3,0.7487028241157532,False,79
train_000430,rhythmicity,POL L4,0.5628450512886047,False,107
train_000430,rhythmicity,POL L5,0.6759127974510193,False,87
train_000430,rhythmicity,POL L6,0.8256110548973083,False,65
train_000430,rhythmicity,POL L7,1.0285437107086182,False,32
train_000430,rhythmicity,POL L8,0.9870413541793823,False,39
train_000430,rhythmicity,EEG M1-Ref,0.5951651334762573,False,100
train_000430,rhythmicity,EEG M2-Ref,0.4113430380821228,False,117
train_000430,rhythmicity,POL M3,0.24029934406280518,False,123
train_000430,rhythmicity,POL M4,0.17175988852977753,False,124
train_000430,rhythmicity,POL M5,0.38375261425971985,True,121
train_000430,rhythmicity,POL M6,0.7699283361434937,True,74
train_000430,rhythmicity,POL M7,1.0304418802261353,True,30
train_000430,rhythmicity,POL M8,1.08281409740448,False,24
train_000430,rhythmicity,POL M9,0.572056770324707,False,104
train_000430,rhythmicity,POL N1,0.9919466972351074,False,38
train_000430,rhythmicity,POL N2,1.0084013938903809,False,36
train_000430,rhythmicity,POL N3,1.0149874687194824,False,34
train_000430,rhythmicity,POL N4,1.1916143894195557,False,13
train_000430,rhythmicity,POL N5,1.1965190172195435,False,11
train_000430,rhythmicity,POL N6,1.0746654272079468,False,26
train_000430,rhythmicity,POL N7,0.7785230875015259,False,71
train_000430,rhythmicity,POL N8,0.41103509068489075,False,118
train_000430,rhythmicity,POL N9,0.757517397403717,False,76
train_000430,rhythmicity,EEG P1-Ref,0.32702499628067017,False,122
train_000430,rhythmicity,EEG P2-Ref,0.42656099796295166,False,116
train_000430,rhythmicity,EEG P3-Ref,0.9599342942237854,False,43
train_000430,rhythmicity,EEG P4-Ref,0.8813585042953491,False,58
train_000430,rhythmicity,EEG P5-Ref,0.7501376271247864,False,78
train_000430,rhythmicity,EEG P6-Ref,1.0542858839035034,False,27
train_000430,rhythmicity,EEG P7-Ref,1.2203487157821655,False,8
train_000430,rhythmicity,EEG P8-Ref,0.9636631011962891,False,41
train_000430,rhythmicity,POL R1,0.960261344909668,False,42
train_000430,rhythmicity,POL R2,0.926918625831604,False,48
train_000430,rhythmicity,POL R3,1.1961530447006226,False,12
train_000430,rhythmicity,POL R4,1.2150826454162598,False,9
train_000430,rhythmicity,POL R5,0.9818141460418701,False,40
train_000430,rhythmicity,POL R6,0.8258835673332214,False,64
train_000430,rhythmicity,POL R7,0.6968480348587036,False,83
train_000430,rhythmicity,POL R8,0.6464990377426147,False,92
train_000430,rhythmicity,POL R9,0.8412425518035889,False,63
train_000430,rhythmicity,POL R10,0.7809742093086243,False,70
train_000430,rhythmicity,POL R11,0.7540379166603088,False,77
train_000430,rhythmicity,POL R12,0.7918724417686462,False,67
train_000430,rhythmicity,POL R13,0.624939501285553,False,95
train_000430,rhythmicity,POL R14,0.8719154596328735,False,60
train_000430,rhythmicity,POL R15,0.5581498146057129,False,108
train_000430,rhythmicity,POL R16,0.40075385570526123,False,120
train_000430,rhythmicity,POL AC1,0.6678164005279541,False,89
train_000430,rhythmicity,POL AC2,0.6932718753814697,False,84
train_000430,rhythmicity,POL AC3,0.6067628264427185,False,96
train_000430,rhythmicity,POL AC4,0.5332808494567871,False,110
train_000430,rhythmicity,POL AC5,0.4787195324897766,False,113
train_000430,rhythmicity,POL AC6,0.4678960144519806,False,115
train_000430,rhythmicity,POL AC7,0.4745151102542877,False,114
train_000430,rhythmicity,POL AC8,0.5453964471817017,False,109
train_000430,rhythmicity,POL AC9,0.6053933501243591,False,97
train_000430,rhythmicity,POL AC10,0.5821067094802856,False,101
train_000430,rhythmicity,POL AC11,0.5645965337753296,False,106
train_000430,rhythmicity,POL AC12,0.9471815228462219,False,44
train_000430,rhythmicity,POL AC13,0.5694114565849304,False,105
train_000430,rhythmicity,POL AC14,0.7103708386421204,False,82
train_000430,rhythmicity,POL AC15,1.4861053228378296,False,2
train_000430,rhythmicity,POL AC16,0.8565142750740051,False,62
train_000430,multiband_fast_activity,EEG A1-Ref,0.6471095085144043,True,20
train_000430,multiband_fast_activity,EEG A2-Ref,0.3112538158893585,True,61
train_000430,multiband_fast_activity,POL A3,0.09973840415477753,True,83
train_000430,multiband_fast_activity,POL A4,0.005939087830483913,True,98
train_000430,multiband_fast_activity,POL A5,0.18788601458072662,False,73
train_000430,multiband_fast_activity,POL A6,0.282482385635376,False,66
train_000430,multiband_fast_activity,POL A7,-0.010051406919956207,False,100
train_000430,multiband_fast_activity,POL A8,-0.15947674214839935,False,115
train_000430,multiband_fast_activity,POL A9,-0.19710318744182587,False,118
train_000430,multiband_fast_activity,POL A10,-0.24346861243247986,False,122
train_000430,multiband_fast_activity,POL B1,1.0872681140899658,True,3
train_000430,multiband_fast_activity,POL B2,0.3452123701572418,False,51
train_000430,multiband_fast_activity,POL B3,0.9975007772445679,False,4
train_000430,multiband_fast_activity,POL B4,0.3120514750480652,False,59
train_000430,multiband_fast_activity,POL B5,0.06793399155139923,False,89
train_000430,multiband_fast_activity,POL B6,-0.040768008679151535,False,106
train_000430,multiband_fast_activity,POL B7,-0.018820589408278465,False,103
train_000430,multiband_fast_activity,POL B8,-0.04216775298118591,False,107
train_000430,multiband_fast_activity,POL B9,0.051429878920316696,False,91
train_000430,multiband_fast_activity,POL B10,-0.016324564814567566,False,102
train_000430,multiband_fast_activity,POL B11,-0.00928821973502636,False,99
train_000430,multiband_fast_activity,POL A11,-0.07012153416872025,False,111
train_000430,multiband_fast_activity,POL A12,0.015921389684081078,False,94
train_000430,multiband_fast_activity,POL U1,0.7543749213218689,True,14
train_000430,multiband_fast_activity,POL U2,-0.11718922108411789,False,112
train_000430,multiband_fast_activity,POL U3,-0.25606369972229004,False,123
train_000430,multiband_fast_activity,POL U4,0.3828151524066925,False,45
train_000430,multiband_fast_activity,POL U5,0.11189945042133331,False,81
train_000430,multiband_fast_activity,POL U6,0.31399980187416077,False,58
train_000430,multiband_fast_activity,POL U7,0.5854940414428711,False,30
train_000430,multiband_fast_activity,POL U8,0.28442755341529846,False,65
train_000430,multiband_fast_activity,POL T1,-0.05212845280766487,False,110
train_000430,multiband_fast_activity,POL T2,-0.20061972737312317,False,119
train_000430,multiband_fast_activity,EEG T3-Ref,-0.20110192894935608,False,120
train_000430,multiband_fast_activity,EEG T4-Ref,-0.44724640250205994,False,124
train_000430,multiband_fast_activity,EEG T5-Ref,1.1057130098342896,False,2
train_000430,multiband_fast_activity,EEG T6-Ref,0.35157138109207153,False,50
train_000430,multiband_fast_activity,EEG T7-Ref,0.6269333362579346,False,23
train_000430,multiband_fast_activity,EEG T8-Ref,2.1595852375030518,False,1
train_000430,multiband_fast_activity,EEG T9-Ref,0.732674777507782,False,16
train_000430,multiband_fast_activity,EEG T10-Ref,0.008760484866797924,False,97
train_000430,multiband_fast_activity,POL T11,0.07248635590076447,False,86
train_000430,multiband_fast_activity,POL T12,0.1747964769601822,False,75
train_000430,multiband_fast_activity,POL J1,-0.1715507060289383,False,117
train_000430,multiband_fast_activity,POL J2,0.027227183803915977,False,93
train_000430,multiband_fast_activity,POL J3,0.31875336170196533,False,56
train_000430,multiband_fast_activity,POL J4,0.5692293643951416,False,33
train_000430,multiband_fast_activity,POL J5,0.08567081391811371,False,85
train_000430,multiband_fast_activity,POL J6,0.1355811059474945,False,80
train_000430,multiband_fast_activity,POL J7,0.5885761380195618,False,29
train_000430,multiband_fast_activity,POL K1,-0.2380487024784088,True,121
train_000430,multiband_fast_activity,POL K2,-0.1657298058271408,False,116
train_000430,multiband_fast_activity,POL K3,-0.04351717606186867,False,108
train_000430,multiband_fast_activity,POL K4,0.34113770723342896,False,52
train_000430,multiband_fast_activity,POL K5,0.27672079205513,False,68
train_000430,multiband_fast_activity,POL K6,0.5611963272094727,False,34
train_000430,multiband_fast_activity,POL K7,0.46863213181495667,False,40
train_000430,multiband_fast_activity,POL K8,0.3338490426540375,False,53
train_000430,multiband_fast_activity,POL L1,-0.019926203414797783,False,104
train_000430,multiband_fast_activity,POL L2,-0.1289992481470108,False,113
train_000430,multiband_fast_activity,POL L3,0.07014916092157364,False,87
train_000430,multiband_fast_activity,POL L4,0.0923318862915039,False,84
train_000430,multiband_fast_activity,POL L5,0.21963879466056824,False,70
train_000430,multiband_fast_activity,POL L6,0.20175574719905853,False,72
train_000430,multiband_fast_activity,POL L7,0.5933069586753845,False,28
train_000430,multiband_fast_activity,POL L8,0.7999851107597351,False,12
train_000430,multiband_fast_activity,EEG M1-Ref,0.3187062442302704,False,57
train_000430,multiband_fast_activity,EEG M2-Ref,0.1032675951719284,False,82
train_000430,multiband_fast_activity,POL M3,0.16146862506866455,False,76
train_000430,multiband_fast_activity,POL M4,0.29190295934677124,False,63
train_000430,multiband_fast_activity,POL M5,0.4882502257823944,True,38
train_000430,multiband_fast_activity,POL M6,0.8501055836677551,True,9
train_000430,multiband_fast_activity,POL M7,0.5740450024604797,True,32
train_000430,multiband_fast_activity,POL M8,0.678022563457489,False,19
train_000430,multiband_fast_activity,POL M9,0.43807417154312134,False,42
train_000430,multiband_fast_activity,POL N1,-0.1538478583097458,False,114
train_000430,multiband_fast_activity,POL N2,0.4402649700641632,False,41
train_000430,multiband_fast_activity,POL N3,0.8726153373718262,False,8
train_000430,multiband_fast_activity,POL N4,0.3630751371383667,False,48
train_000430,multiband_fast_activity,POL N5,0.4772548973560333,False,39
train_000430,multiband_fast_activity,POL N6,0.7059795260429382,False,18
train_000430,multiband_fast_activity,POL N7,0.5956525802612305,False,27
train_000430,multiband_fast_activity,POL N8,0.36997440457344055,False,46
train_000430,multiband_fast_activity,POL N9,0.5784498453140259,False,31
train_000430,multiband_fast_activity,EEG P1-Ref,0.32684770226478577,False,54
train_000430,multiband_fast_activity,EEG P2-Ref,0.06455906480550766,False,90
train_000430,multiband_fast_activity,EEG P3-Ref,0.3833290636539459,False,44
train_000430,multiband_fast_activity,EEG P4-Ref,0.40159326791763306,False,43
train_000430,multiband_fast_activity,EEG P5-Ref,0.32203102111816406,False,55
train_000430,multiband_fast_activity,EEG P6-Ref,0.7391606569290161,False,15
train_000430,multiband_fast_activity,EEG P7-Ref,0.8920921087265015,False,5
train_000430,multiband_fast_activity,EEG P8-Ref,0.8069996237754822,False,11
train_000430,multiband_fast_activity,POL R1,0.280667245388031,False,67
train_000430,multiband_fast_activity,POL R2,0.3671551048755646,False,47
train_000430,multiband_fast_activity,POL R3,0.29859766364097595,False,62
train_000430,multiband_fast_activity,POL R4,0.837090015411377,False,10
train_000430,multiband_fast_activity,POL R5,0.5142147541046143,False,36
train_000430,multiband_fast_activity,POL R6,0.8793512582778931,False,7
train_000430,multiband_fast_activity,POL R7,0.21064597368240356,False,71
train_000430,multiband_fast_activity,POL R8,0.011675412766635418,False,95
train_000430,multiband_fast_activity,POL R9,0.15584120154380798,False,77
train_000430,multiband_fast_activity,POL R10,0.7563453912734985,False,13
train_000430,multiband_fast_activity,POL R11,0.6392865777015686,False,21
train_000430,multiband_fast_activity,POL R12,0.6046602129936218,False,25
train_000430,multiband_fast_activity,POL R13,0.5968906283378601,False,26
train_000430,multiband_fast_activity,POL R14,0.7180594801902771,False,17
train_000430,multiband_fast_activity,POL R15,0.6152015328407288,False,24
train_000430,multiband_fast_activity,POL R16,0.23429909348487854,False,69
train_000430,multiband_fast_activity,POL AC1,0.635536253452301,False,22
train_000430,multiband_fast_activity,POL AC2,0.3116767108440399,False,60
train_000430,multiband_fast_activity,POL AC3,0.06887556612491608,False,88
train_000430,multiband_fast_activity,POL AC4,0.14267869293689728,False,79
train_000430,multiband_fast_activity,POL AC5,0.1839621365070343,False,74
train_000430,multiband_fast_activity,POL AC6,0.1495283842086792,False,78
train_000430,multiband_fast_activity,POL AC7,-0.0501394122838974,False,109
train_000430,multiband_fast_activity,POL AC8,0.0476229265332222,False,92
train_000430,multiband_fast_activity,POL AC9,-0.04063676297664642,False,105
train_000430,multiband_fast_activity,POL AC10,-0.01354987546801567,False,101
train_000430,multiband_fast_activity,POL AC11,0.8903470635414124,False,6
train_000430,multiband_fast_activity,POL AC12,0.2856310307979584,False,64
train_000430,multiband_fast_activity,POL AC13,0.3528316617012024,False,49
train_000430,multiband_fast_activity,POL AC14,0.4951436221599579,False,37
train_000430,multiband_fast_activity,POL AC15,0.5318398475646973,False,35
train_000430,multiband_fast_activity,POL AC16,0.009752211160957813,False,96
train_000430,fast_suppression_joint,EEG A1-Ref,0.6310204267501831,True,22
train_000430,fast_suppression_joint,EEG A2-Ref,0.3599627912044525,True,47
train_000430,fast_suppression_joint,POL A3,0.33104610443115234,True,48
train_000430,fast_suppression_joint,POL A4,0.0,True,70
train_000430,fast_suppression_joint,POL A5,0.3262631893157959,False,50
train_000430,fast_suppression_joint,POL A6,0.4886944890022278,False,39
train_000430,fast_suppression_joint,POL A7,0.0,False,71
train_000430,fast_suppression_joint,POL A8,0.0,False,72
train_000430,fast_suppression_joint,POL A9,0.0,False,73
train_000430,fast_suppression_joint,POL A10,0.0,False,74
train_000430,fast_suppression_joint,POL B1,0.7873134613037109,True,13
train_000430,fast_suppression_joint,POL B2,0.562213122844696,False,30
train_000430,fast_suppression_joint,POL B3,1.0050349235534668,False,4
train_000430,fast_suppression_joint,POL B4,0.5784205198287964,False,27
train_000430,fast_suppression_joint,POL B5,0.2857588231563568,False,53
train_000430,fast_suppression_joint,POL B6,0.0,False,75
train_000430,fast_suppression_joint,POL B7,0.0,False,76
train_000430,fast_suppression_joint,POL B8,0.0,False,77
train_000430,fast_suppression_joint,POL B9,0.24419981241226196,False,56
train_000430,fast_suppression_joint,POL B10,0.0,False,78
train_000430,fast_suppression_joint,POL B11,0.0,False,79
train_000430,fast_suppression_joint,POL A11,0.0,False,80
train_000430,fast_suppression_joint,POL A12,0.12155471742153168,False,66
train_000430,fast_suppression_joint,POL U1,0.0,True,81
train_000430,fast_suppression_joint,POL U2,0.0,False,82
train_000430,fast_suppression_joint,POL U3,0.0,False,83
train_000430,fast_suppression_joint,POL U4,0.0,False,84
train_000430,fast_suppression_joint,POL U5,0.16131691634655,False,63
train_000430,fast_suppression_joint,POL U6,0.5885319709777832,False,26
train_000430,fast_suppression_joint,POL U7,0.9825741052627563,False,5
train_000430,fast_suppression_joint,POL U8,0.5498000383377075,False,33
train_000430,fast_suppression_joint,POL T1,0.0,False,85
train_000430,fast_suppression_joint,POL T2,0.0,False,86
train_000430,fast_suppression_joint,EEG T3-Ref,0.0,False,87
train_000430,fast_suppression_joint,EEG T4-Ref,0.0,False,88
train_000430,fast_suppression_joint,EEG T5-Ref,0.0,False,89
train_000430,fast_suppression_joint,EEG T6-Ref,0.47992509603500366,False,42
train_000430,fast_suppression_joint,EEG T7-Ref,0.0,False,90
train_000430,fast_suppression_joint,EEG T8-Ref,0.10058031976222992,False,67
train_000430,fast_suppression_joint,EEG T9-Ref,0.0,False,91
train_000430,fast_suppression_joint,EEG T10-Ref,0.0,False,92
train_000430,fast_suppression_joint,POL T11,0.0,False,93
train_000430,fast_suppression_joint,POL T12,0.2663356065750122,False,54
train_000430,fast_suppression_joint,POL J1,0.0,False,94
train_000430,fast_suppression_joint,POL J2,0.0,False,95
train_000430,fast_suppression_joint,POL J3,0.4933907389640808,False,37
train_000430,fast_suppression_joint,POL J4,0.7734783291816711,False,15
train_000430,fast_suppression_joint,POL J5,0.0,False,96
train_000430,fast_suppression_joint,POL J6,0.0,False,97
train_000430,fast_suppression_joint,POL J7,0.48657462000846863,False,40
train_000430,fast_suppression_joint,POL K1,0.0,True,98
train_000430,fast_suppression_joint,POL K2,0.0,False,99
train_000430,fast_suppression_joint,POL K3,0.0,False,100
train_000430,fast_suppression_joint,POL K4,0.8124852776527405,False,12
train_000430,fast_suppression_joint,POL K5,0.49334436655044556,False,38
train_000430,fast_suppression_joint,POL K6,0.927945613861084,False,7
train_000430,fast_suppression_joint,POL K7,0.692615807056427,False,19
train_000430,fast_suppression_joint,POL K8,0.47409847378730774,False,44
train_000430,fast_suppression_joint,POL L1,0.0,False,101
train_000430,fast_suppression_joint,POL L2,0.0,False,102
train_000430,fast_suppression_joint,POL L3,0.24937979876995087,False,55
train_000430,fast_suppression_joint,POL L4,0.2859446704387665,False,52
train_000430,fast_suppression_joint,POL L5,0.5666282773017883,False,29
train_000430,fast_suppression_joint,POL L6,0.5977343320846558,False,25
train_000430,fast_suppression_joint,POL L7,0.9368082284927368,False,6
train_000430,fast_suppression_joint,POL L8,0.8266978859901428,False,11
train_000430,fast_suppression_joint,EEG M1-Ref,0.36870160698890686,False,46
train_000430,fast_suppression_joint,EEG M2-Ref,0.0,False,103
train_000430,fast_suppression_joint,POL M3,0.5215540528297424,False,35
train_000430,fast_suppression_joint,POL M4,0.641211211681366,False,21
train_000430,fast_suppression_joint,POL M5,0.8715220093727112,True,9
train_000430,fast_suppression_joint,POL M6,1.5888360738754272,True,1
train_000430,fast_suppression_joint,POL M7,1.2241393327713013,True,3
train_000430,fast_suppression_joint,POL M8,1.3039662837982178,False,2
train_000430,fast_suppression_joint,POL M9,0.7859021425247192,False,14
train_000430,fast_suppression_joint,POL N1,0.0,False,104
train_000430,fast_suppression_joint,POL N2,0.0,False,105
train_000430,fast_suppression_joint,POL N3,0.0,False,106
train_000430,fast_suppression_joint,POL N4,0.0,False,107
train_000430,fast_suppression_joint,POL N5,0.0,False,108
train_000430,fast_suppression_joint,POL N6,0.0,False,109
train_000430,fast_suppression_joint,POL N7,0.0,False,110
train_000430,fast_suppression_joint,POL N8,0.47732698917388916,False,43
train_000430,fast_suppression_joint,POL N9,0.6290135383605957,False,23
train_000430,fast_suppression_joint,EEG P1-Ref,0.19814644753932953,False,59
train_000430,fast_suppression_joint,EEG P2-Ref,0.0,False,111
train_000430,fast_suppression_joint,EEG P3-Ref,0.0,False,112
train_000430,fast_suppression_joint,EEG P4-Ref,0.0,False,113
train_000430,fast_suppression_joint,EEG P5-Ref,0.5602448582649231,False,32
train_000430,fast_suppression_joint,EEG P6-Ref,0.0,False,114
train_000430,fast_suppression_joint,EEG P7-Ref,0.0,False,115
train_000430,fast_suppression_joint,EEG P8-Ref,0.5605933666229248,False,31
train_000430,fast_suppression_joint,POL R1,0.0,False,116
train_000430,fast_suppression_joint,POL R2,0.5750713348388672,False,28
train_000430,fast_suppression_joint,POL R3,0.1518820822238922,False,64
train_000430,fast_suppression_joint,POL R4,0.20054858922958374,False,58
train_000430,fast_suppression_joint,POL R5,0.4136826694011688,False,45
train_000430,fast_suppression_joint,POL R6,0.8636675477027893,False,10
train_000430,fast_suppression_joint,POL R7,0.0,False,117
train_000430,fast_suppression_joint,POL R8,0.07438921183347702,False,68
train_000430,fast_suppression_joint,POL R9,0.32654455304145813,False,49
train_000430,fast_suppression_joint,POL R10,0.5416910648345947,False,34
train_000430,fast_suppression_joint,POL R11,0.7319796681404114,False,17
train_000430,fast_suppression_joint,POL R12,0.6537089347839355,False,20
train_000430,fast_suppression_joint,POL R13,0.7153756022453308,False,18
train_000430,fast_suppression_joint,POL R14,0.7704135179519653,False,16
train_000430,fast_suppression_joint,POL R15,0.6230790615081787,False,24
train_000430,fast_suppression_joint,POL R16,0.4800000488758087,False,41
train_000430,fast_suppression_joint,POL AC1,0.044991131871938705,False,69
train_000430,fast_suppression_joint,POL AC2,0.1889958679676056,False,61
train_000430,fast_suppression_joint,POL AC3,0.13145866990089417,False,65
train_000430,fast_suppression_joint,POL AC4,0.18073071539402008,False,62
train_000430,fast_suppression_joint,POL AC5,0.21284300088882446,False,57
train_000430,fast_suppression_joint,POL AC6,0.0,False,118
train_000430,fast_suppression_joint,POL AC7,0.0,False,119
train_000430,fast_suppression_joint,POL AC8,0.0,False,120
train_000430,fast_suppression_joint,POL AC9,0.0,False,121
train_000430,fast_suppression_joint,POL AC10,0.0,False,122
train_000430,fast_suppression_joint,POL AC11,0.9138124585151672,False,8
train_000430,fast_suppression_joint,POL AC12,0.5155661702156067,False,36
train_000430,fast_suppression_joint,POL AC13,0.19306690990924835,False,60
train_000430,fast_suppression_joint,POL AC14,0.0,False,123
train_000430,fast_suppression_joint,POL AC15,0.30210843682289124,False,51
train_000430,fast_suppression_joint,POL AC16,0.0,False,124
train_000430,physiology_composite,EEG A1-Ref,0.5608296990394592,True,87
train_000430,physiology_composite,EEG A2-Ref,0.30971500277519226,True,111
train_000430,physiology_composite,POL A3,0.3709135055541992,True,106
train_000430,physiology_composite,POL A4,0.5297912955284119,True,92
train_000430,physiology_composite,POL A5,0.3357304334640503,False,109
train_000430,physiology_composite,POL A6,0.44980156421661377,False,103
train_000430,physiology_composite,POL A7,0.4823988676071167,False,100
train_000430,physiology_composite,POL A8,0.8435907363891602,False,35
train_000430,physiology_composite,POL A9,0.9946445822715759,False,19
train_000430,physiology_composite,POL A10,0.858075737953186,False,34
train_000430,physiology_composite,POL B1,0.8286890983581543,True,42
train_000430,physiology_composite,POL B2,0.785510241985321,False,49
train_000430,physiology_composite,POL B3,1.0092214345932007,False,17
train_000430,physiology_composite,POL B4,0.7461876273155212,False,54
train_000430,physiology_composite,POL B5,0.6338733434677124,False,74
train_000430,physiology_composite,POL B6,0.805010974407196,False,47
train_000430,physiology_composite,POL B7,1.007649540901184,False,18
train_000430,physiology_composite,POL B8,0.9795886278152466,False,20
train_000430,physiology_composite,POL B9,0.8745006918907166,False,29
train_000430,physiology_composite,POL B10,0.6266751289367676,False,78
train_000430,physiology_composite,POL B11,0.6842743158340454,False,66
train_000430,physiology_composite,POL A11,1.0915478467941284,False,12
train_000430,physiology_composite,POL A12,1.1522859334945679,False,11
train_000430,physiology_composite,POL U1,0.24273985624313354,True,115
train_000430,physiology_composite,POL U2,0.0,False,123
train_000430,physiology_composite,POL U3,0.0,False,124
train_000430,physiology_composite,POL U4,0.7766503691673279,False,51
train_000430,physiology_composite,POL U5,0.7859786152839661,False,48
train_000430,physiology_composite,POL U6,0.6988645792007446,False,65
train_000430,physiology_composite,POL U7,0.8889010548591614,False,27
train_000430,physiology_composite,POL U8,1.6778861284255981,False,3
train_000430,physiology_composite,POL T1,0.8162111043930054,False,44
train_000430,physiology_composite,POL T2,0.18757736682891846,False,117
train_000430,physiology_composite,EEG T3-Ref,0.5050968527793884,False,96
train_000430,physiology_composite,EEG T4-Ref,0.28991925716400146,False,112
train_000430,physiology_composite,EEG T5-Ref,0.09128544479608536,False,122
train_000430,physiology_composite,EEG T6-Ref,0.6723784804344177,False,71
train_000430,physiology_composite,EEG T7-Ref,0.8646112084388733,False,33
train_000430,physiology_composite,EEG T8-Ref,0.2691623866558075,False,114
train_000430,physiology_composite,EEG T9-Ref,0.5626651048660278,False,86
train_000430,physiology_composite,EEG T10-Ref,0.3209534287452698,False,110
train_000430,physiology_composite,POL T11,0.5248904228210449,False,93
train_000430,physiology_composite,POL T12,0.7147858142852783,False,60
train_000430,physiology_composite,POL J1,0.7438637614250183,False,56
train_000430,physiology_composite,POL J2,0.6068170666694641,False,80
train_000430,physiology_composite,POL J3,0.8332979083061218,False,39
train_000430,physiology_composite,POL J4,0.8101222515106201,False,45
train_000430,physiology_composite,POL J5,0.3617601692676544,False,107
train_000430,physiology_composite,POL J6,0.2711181640625,False,113
train_000430,physiology_composite,POL J7,0.4992392659187317,False,98
train_000430,physiology_composite,POL K1,0.6017971634864807,True,81
train_000430,physiology_composite,POL K2,0.10923616588115692,False,120
train_000430,physiology_composite,POL K3,0.37416329979896545,False,105
train_000430,physiology_composite,POL K4,0.9687658548355103,False,21
train_000430,physiology_composite,POL K5,0.8668182492256165,False,31
train_000430,physiology_composite,POL K6,1.0740811824798584,False,13
train_000430,physiology_composite,POL K7,0.891640841960907,False,26
train_000430,physiology_composite,POL K8,0.628256618976593,False,75
train_000430,physiology_composite,POL L1,0.8308275938034058,False,41
train_000430,physiology_composite,POL L2,0.5676584839820862,False,84
train_000430,physiology_composite,POL L3,0.7360314726829529,False,57
train_000430,physiology_composite,POL L4,0.5455693602561951,False,90
train_000430,physiology_composite,POL L5,0.8407185077667236,False,36
train_000430,physiology_composite,POL L6,0.8710541129112244,False,30
train_000430,physiology_composite,POL L7,1.0292422771453857,False,15
train_000430,physiology_composite,POL L8,0.8350158929824829,False,38
train_000430,physiology_composite,EEG M1-Ref,0.6607659459114075,False,72
train_000430,physiology_composite,EEG M2-Ref,0.5197659134864807,False,94
train_000430,physiology_composite,POL M3,0.673604428768158,False,70
train_000430,physiology_composite,POL M4,0.8366764783859253,False,37
train_000430,physiology_composite,POL M5,0.9401463866233826,True,23
train_000430,physiology_composite,POL M6,1.9098095893859863,True,2
train_000430,physiology_composite,POL M7,1.5922486782073975,True,6
train_000430,physiology_composite,POL M8,1.5928988456726074,False,5
train_000430,physiology_composite,POL M9,1.0108017921447754,False,16
train_000430,physiology_composite,POL N1,1.5985610485076904,False,4
train_000430,physiology_composite,POL N2,1.177351713180542,False,10
train_000430,physiology_composite,POL N3,0.7115322947502136,False,62
train_000430,physiology_composite,POL N4,0.1981402039527893,False,116
train_000430,physiology_composite,POL N5,0.17840996384620667,False,118
train_000430,physiology_composite,POL N6,0.49235111474990845,False,99
train_000430,physiology_composite,POL N7,0.47771909832954407,False,101
train_000430,physiology_composite,POL N8,1.193774700164795,False,9
train_000430,physiology_composite,POL N9,0.7800988554954529,False,50
train_000430,physiology_composite,EEG P1-Ref,0.500271201133728,False,97
train_000430,physiology_composite,EEG P2-Ref,0.44684526324272156,False,104
train_000430,physiology_composite,EEG P3-Ref,0.8755580186843872,False,28
train_000430,physiology_composite,EEG P4-Ref,1.9129536151885986,False,1
train_000430,physiology_composite,EEG P5-Ref,0.7031550407409668,False,64
train_000430,physiology_composite,EEG P6-Ref,0.10868076235055923,False,121
train_000430,physiology_composite,EEG P7-Ref,0.16120658814907074,False,119
train_000430,physiology_composite,EEG P8-Ref,0.5982117652893066,False,82
train_000430,physiology_composite,POL R1,0.7099365592002869,False,63
train_000430,physiology_composite,POL R2,0.7661632299423218,False,52
train_000430,physiology_composite,POL R3,0.5481083393096924,False,89
train_000430,physiology_composite,POL R4,0.7145087718963623,False,61
train_000430,physiology_composite,POL R5,0.6433953642845154,False,73
train_000430,physiology_composite,POL R6,0.9344122409820557,False,24
train_000430,physiology_composite,POL R7,0.7312494516372681,False,58
train_000430,physiology_composite,POL R8,0.679821789264679,False,67
train_000430,physiology_composite,POL R9,0.8071740865707397,False,46
train_000430,physiology_composite,POL R10,0.5637428164482117,False,85
train_000430,physiology_composite,POL R11,0.8656532764434814,False,32
train_000430,physiology_composite,POL R12,1.2650916576385498,False,8
train_000430,physiology_composite,POL R13,1.0461390018463135,False,14
train_000430,physiology_composite,POL R14,0.965914785861969,False,22
train_000430,physiology_composite,POL R15,0.9299586415290833,False,25
train_000430,physiology_composite,POL R16,0.8213883638381958,False,43
train_000430,physiology_composite,POL AC1,0.5723817944526672,False,83
train_000430,physiology_composite,POL AC2,0.7148475050926208,False,59
train_000430,physiology_composite,POL AC3,0.6232355237007141,False,79
train_000430,physiology_composite,POL AC4,0.6272565722465515,False,77
train_000430,physiology_composite,POL AC5,0.6278578639030457,False,76
train_000430,physiology_composite,POL AC6,0.5578287839889526,False,88
train_000430,physiology_composite,POL AC7,0.4718138575553894,False,102
train_000430,physiology_composite,POL AC8,0.35282382369041443,False,108
train_000430,physiology_composite,POL AC9,0.5167949199676514,False,95
train_000430,physiology_composite,POL AC10,0.5351483225822449,False,91
train_000430,physiology_composite,POL AC11,1.3083431720733643,False,7
train_000430,physiology_composite,POL AC12,0.6743310689926147,False,69
train_000430,physiology_composite,POL AC13,0.6747794151306152,False,68
train_000430,physiology_composite,POL AC14,0.8324976563453674,False,40
train_000430,physiology_composite,POL AC15,0.7452139854431152,False,55
train_000430,physiology_composite,POL AC16,0.7602711319923401,False,53
