feature,relative_time_bin,median,q25,q75,n
beta_power,-4.875,-0.15884900093078613,-0.2822940945625305,0.2728477716445923,5
beta_power,-4.75,-0.15884900093078613,-0.3697590231895447,0.023346006870269775,5
beta_power,-4.625,0.0,-0.4322473406791687,0.5267834067344666,5
beta_power,-4.5,0.023346006870269775,-0.7075441479682922,0.6578921675682068,5
beta_power,-4.375,0.1338328719139099,-0.7075441479682922,0.8794410824775696,5
beta_power,-4.25,-0.01281195878982544,-0.5799950957298279,0.8794410824775696,5
beta_power,-4.125,0.06087136268615723,-0.01281195878982544,1.281749188899994,5
beta_power,-4.0,0.09389883279800415,0.06467682123184204,0.10785901546478271,5
beta_power,-3.875,0.15283238887786865,0.051883697509765625,0.15655404329299927,5
beta_power,-3.75,0.09389883279800415,0.0,0.10785901546478271,5
beta_power,-3.625,-0.11235177516937256,-0.21483755111694336,-0.11170703172683716,5
beta_power,-3.5,-0.21483755111694336,-0.4726907014846802,-0.1530836820602417,5
beta_power,-3.375,1.1400451064109802,-0.1530836820602417,1.762252390384674,5
beta_power,-3.25,1.1400451064109802,-0.13892555236816406,2.011536657810211,5
beta_power,-3.125,0.1182602047920227,-0.13892555236816406,0.7247852087020874,5
beta_power,-3.0,-0.22084134817123413,-0.3742893636226654,0.18695300817489624,5
beta_power,-2.875,-0.22084134817123413,-0.3742893636226654,-0.2134413719177246,5
beta_power,-2.75,-0.34886616468429565,-0.37814319133758545,-0.21963965892791748,5
beta_power,-2.625,-0.34886616468429565,-0.37814319133758545,-0.21963965892791748,5
beta_power,-2.5,0.22724753618240356,-0.40741437673568726,0.27762240171432495,5
beta_power,-2.375,0.27762240171432495,-0.40741437673568726,0.4230835437774658,5
beta_power,-2.25,0.12150406837463379,-0.5316000580787659,0.16659945249557495,5
beta_power,-2.125,0.11319994926452637,0.08401364088058472,0.1663159728050232,5
beta_power,-2.0,0.08401364088058472,0.0,0.1663159728050232,5
beta_power,-1.875,-0.49279406666755676,-0.8775216341018677,-0.12364405393600464,5
beta_power,-1.75,-0.49279406666755676,-0.8775216341018677,0.12292951345443726,5
beta_power,-1.625,0.12292951345443726,-0.8765197396278381,0.20425516366958618,5
beta_power,-1.5,-0.34726184606552124,-0.6562148928642273,0.00040411949157714844,5
beta_power,-1.375,-0.4692889451980591,-0.6562148928642273,0.00040411949157714844,5
beta_power,-1.25,-0.06893348693847656,-0.1301705241203308,0.00040411949157714844,5
beta_power,-1.125,-0.1301705241203308,-0.148260235786438,-0.06893348693847656,5
beta_power,-1.0,-0.28498077392578125,-0.6953478455543518,-0.2640502452850342,5
beta_power,-0.875,-0.40478360652923584,-0.753214418888092,-0.148260235786438,5
beta_power,-0.75,-0.2561604976654053,-0.718109667301178,-0.06079334020614624,5
beta_power,-0.625,-0.14844858646392822,-0.1847781538963318,0.14040595293045044,5
beta_power,-0.5,-0.04135996103286743,-0.041488587856292725,0.3183872103691101,5
beta_power,-0.375,0.14168423414230347,0.13649064302444458,0.29682809114456177,5
beta_power,-0.25,0.14168423414230347,0.13649064302444458,0.29682809114456177,5
beta_power,-0.125,-0.9439407885074615,-1.0238355994224548,0.042251765727996826,5
beta_power,0.0,-0.9439407885074615,-1.228208839893341,-0.3692556917667389,5
beta_power,0.125,-0.7188357766717672,-1.1387958824634552,-0.3692556917667389,5
beta_power,0.25,-0.8016391545534134,-0.8225191235542297,-0.2209429144859314,5
beta_power,0.375,-0.6887683272361755,-0.784230649471283,-0.5722952485084534,5
beta_power,0.5,-0.5554967522621155,-0.5722952485084534,-0.26246321201324463,5
beta_power,0.625,-0.25904232263565063,-0.4756946563720703,-0.25699949264526367,5
beta_power,0.75,-0.04617267847061157,-0.10021471977233887,0.06848245859146118,5
beta_power,0.875,-0.10021471977233887,-0.13816648721694946,-0.04617267847061157,5
beta_power,1.0,-0.419428288936615,-0.5618361830711365,-0.38172727823257446,5
beta_power,1.125,-0.38172727823257446,-0.419428288936615,-0.14396876096725464,5
beta_power,1.25,-0.21834534406661987,-0.3755432963371277,0.20754116773605347,5
beta_power,1.375,-0.21834534406661987,-0.3755432963371277,0.552097737789154,5
beta_power,1.5,-0.21834534406661987,-0.3755432963371277,0.552097737789154,5
beta_power,1.625,-0.5268158316612244,-0.530236542224884,0.34163016080856323,5
beta_power,1.75,-0.5268158316612244,-0.7200406789779663,0.2894544005393982,5
beta_power,1.875,-0.803072988986969,-0.8065595626831055,0.2894544005393982,5
beta_power,2.0,-0.6509588956832886,-0.803072988986969,0.43809646368026733,5
beta_power,2.125,-0.4841498136520386,-0.5293837189674377,0.9915511012077332,5
beta_power,2.25,-0.4841498136520386,-0.5130842924118042,1.3070968985557556,5
beta_power,2.375,-0.4835634231567383,-0.5130842924118042,1.3070968985557556,5
beta_power,2.5,-0.43095093965530396,-0.7976546883583069,0.598714292049408,5
beta_power,2.625,-0.28963446617126465,-0.7976546883583069,0.598714292049408,5
beta_power,2.75,-0.28963446617126465,-0.30438220500946045,0.8471227288246155,5
beta_power,2.875,0.3615427613258362,-0.30438220500946045,1.0885825753211975,5
beta_power,3.0,0.3615427613258362,-0.5543215870857239,1.0885825753211975,5
beta_power,3.125,-0.2102089524269104,-0.6841843724250793,1.0885825753211975,5
beta_power,3.25,-0.2102089524269104,-0.6841843724250793,1.6688713431358337,5
beta_power,3.375,-0.027300536632537842,-0.4248082637786865,1.0315588116645813,5
beta_power,3.5,-0.3915662169456482,-0.41686126589775085,0.3718826174736023,5
beta_power,3.625,-0.17549526691436768,-0.3643755316734314,0.5615310072898865,5
beta_power,3.75,-0.17549526691436768,-0.3643755316734314,0.5615310072898865,5
beta_power,3.875,1.1671727299690247,0.3934062123298645,1.3857132196426392,5
beta_power,4.0,1.8777297139167786,0.12854689359664917,2.0179864168167114,5
beta_power,4.125,2.0179864168167114,0.33708661794662476,3.0600603222846985,5
beta_power,4.25,1.9222980737686157,0.12854689359664917,3.0600603222846985,5
beta_power,4.375,-0.012640297412872314,-0.026247680187225342,0.04586172103881836,5
beta_power,4.5,-0.012640297412872314,-0.026247680187225342,0.04586172103881836,5
beta_power,4.625,0.21695023775100708,0.167000412940979,0.5753872990608215,5
beta_power,4.75,0.34485745429992676,0.28419238328933716,0.5753872990608215,5
beta_power,4.875,0.34485745429992676,0.30668050050735474,0.44935256242752075,5
fast_ripple_power,-4.875,-0.299734890460968,-2.98408704996109,0.037623077630996704,5
fast_ripple_power,-4.75,-0.22292059659957886,-1.9871257543563843,0.467899888753891,5
fast_ripple_power,-4.625,-0.22292059659957886,-1.8703994750976562,0.794892281293869,5
fast_ripple_power,-4.5,-0.22292059659957886,-1.490863561630249,0.03879852779209614,5
fast_ripple_power,-4.375,-0.5304957032203674,-1.383193016052246,-0.3132369630038738,5
fast_ripple_power,-4.25,-0.6610627621412277,-0.8551383018493652,-0.3132369630038738,5
fast_ripple_power,-4.125,-0.3132369630038738,-0.35509443283081055,-0.2213916778564453,5
fast_ripple_power,-4.0,-0.23622924089431763,-0.35358695313334465,0.18817400932312012,5
fast_ripple_power,-3.875,-0.23622924089431763,-0.3669602982699871,0.18817400932312012,5
fast_ripple_power,-3.75,-0.1272781789302826,-0.21508878469467163,0.004883766174316406,5
fast_ripple_power,-3.625,-0.03921156004071236,-0.03987666964530945,0.004883766174316406,5
fast_ripple_power,-3.5,0.17100286483764648,-0.03921156004071236,0.24782276153564453,5
fast_ripple_power,-3.375,0.17100286483764648,-0.0628812313079834,0.24782276153564453,5
fast_ripple_power,-3.25,0.0,-0.004883766174316406,0.0,5
fast_ripple_power,-3.125,0.01747709885239601,0.0,0.34294936060905457,5
fast_ripple_power,-3.0,0.19458484649658203,0.06389930285513401,0.2202599048614502,5
fast_ripple_power,-2.875,0.33426856994628906,0.2202599048614502,0.7986572571098804,5
fast_ripple_power,-2.75,0.3669915199279785,0.24726104736328125,1.0037257671356201,5
fast_ripple_power,-2.625,1.070751667022705,1.0037257671356201,1.0821325778961182,5
fast_ripple_power,-2.5,1.070751667022705,1.006117194890976,1.0821325778961182,5
fast_ripple_power,-2.375,0.3296467065811157,0.017821073532104492,0.5646633096039295,5
fast_ripple_power,-2.25,0.05622883513569832,-0.8276729583740234,0.25610804557800293,5
fast_ripple_power,-2.125,-0.06416359543800354,-0.9112935066223145,-0.0023865625262260437,5
fast_ripple_power,-2.0,-0.06416359543800354,-0.9715468883514404,-0.0023865625262260437,5
fast_ripple_power,-1.875,-0.022115439176559448,-1.190039873123169,-0.0023865625262260437,5
fast_ripple_power,-1.75,-0.22077972814440727,-1.190039873123169,0.17604553699493408,5
fast_ripple_power,-1.625,-0.2347649149596691,-1.2002630233764648,0.1370992660522461,5
fast_ripple_power,-1.5,-0.22077972814440727,-1.4359281063079834,-0.1955939531326294,5
fast_ripple_power,-1.375,-0.3309488892555237,-1.4917773008346558,-0.24536741897463799,5
fast_ripple_power,-1.25,-0.4019850008189678,-1.7118144035339355,-0.3309488892555237,5
fast_ripple_power,-1.125,-0.4136646203696728,-1.9903234243392944,-0.3926596939563751,5
fast_ripple_power,-1.0,-0.4136646203696728,-2.566971004009247,-0.3926596939563751,5
fast_ripple_power,-0.875,-0.4136646203696728,-3.021246999502182,-0.27049461007118225,5
fast_ripple_power,-0.75,-0.4447166137397289,-3.021246999502182,-0.27049461007118225,5
fast_ripple_power,-0.625,-0.3748747818171978,-2.808171570301056,-0.15705004334449768,5
fast_ripple_power,-0.5,-0.3748747818171978,-2.426498055458069,-0.16206422448158264,5
fast_ripple_power,-0.375,-0.15705004334449768,-2.3441919088363647,0.03193168714642525,5
fast_ripple_power,-0.25,0.03828394412994385,-2.1586453914642334,0.23764314129948616,5
fast_ripple_power,-0.125,0.03828394412994385,-2.324193239212036,0.44765882566571236,5
fast_ripple_power,0.0,-0.01670852303504944,-2.324193239212036,0.10640883445739746,5
fast_ripple_power,0.125,-0.2899337708950043,-3.4369251281023026,0.49852848052978516,5
fast_ripple_power,0.25,-0.2899337708950043,-3.6303499042987823,0.6552127599716187,5
fast_ripple_power,0.375,-0.35670405626296997,-3.6303499042987823,1.0416700839996338,5
fast_ripple_power,0.5,-0.35670405626296997,-3.616767466068268,-0.2146548144519329,5
fast_ripple_power,0.625,-0.2146548144519329,-3.616767466068268,-0.15588542819023132,5
fast_ripple_power,0.75,-0.31283266469836235,-3.6333024203777313,-0.043777257204055786,5
fast_ripple_power,0.875,-0.31283266469836235,-3.711051195859909,0.4476942718029022,5
fast_ripple_power,1.0,-0.31283266469836235,-3.711051195859909,0.4476942718029022,5
fast_ripple_power,1.125,-0.29966214299201965,-3.711051195859909,-0.22948596999049187,5
fast_ripple_power,1.25,-0.3254757821559906,-3.4192157611250877,0.2377244271337986,5
fast_ripple_power,1.375,-0.3254757821559906,-3.3487420454621315,0.2377244271337986,5
fast_ripple_power,1.5,-0.3990027904510498,-3.3324535340070724,0.2377244271337986,5
fast_ripple_power,1.625,-0.2710358202457428,-3.3324535340070724,1.0057542324066162,5
fast_ripple_power,1.75,-0.2356586754322052,-3.573000706732273,0.8186537027359009,5
fast_ripple_power,1.875,0.34149083495140076,-3.9247086942195892,0.8186537027359009,5
fast_ripple_power,2.0,0.34149083495140076,-3.9247086942195892,0.6441336870193481,5
fast_ripple_power,2.125,0.49057793617248535,-3.6111541390419006,0.6803984344005585,5
fast_ripple_power,2.25,0.3992309272289276,-3.524270288646221,0.49057793617248535,5
fast_ripple_power,2.375,0.06650356482714415,-3.4533345280215144,0.6803984344005585,5
fast_ripple_power,2.5,-0.3018778972327709,-3.524270288646221,0.8065662086009979,5
fast_ripple_power,2.625,-0.5362599901854992,-3.5947359055280685,0.5626980066299438,5
fast_ripple_power,2.75,-0.5362599901854992,-3.661390036344528,0.5626980066299438,5
fast_ripple_power,2.875,-0.4347432069480419,-3.661390036344528,0.6176839768886566,5
fast_ripple_power,3.0,-0.1318608932197094,-3.660404324531555,0.7259683609008789,5
fast_ripple_power,3.125,0.049109697341918945,-3.534988150000572,0.6274775266647339,5
fast_ripple_power,3.25,0.049109697341918945,-3.3218733221292496,0.6274775266647339,5
fast_ripple_power,3.375,0.335061002522707,-3.3218733221292496,0.8375633955001831,5
fast_ripple_power,3.5,0.8527187295258045,-3.4692055471241474,1.0739622116088867,5
fast_ripple_power,3.625,1.0401557385921478,-3.8194823265075684,1.2409613132476807,5
fast_ripple_power,3.75,0.865913599729538,-3.8194823265075684,1.0739622116088867,5
fast_ripple_power,3.875,0.8389444053173065,-3.755907356739044,1.0392146110534668,5
fast_ripple_power,4.0,0.46384869888424873,-3.755907356739044,0.8389444053173065,5
fast_ripple_power,4.125,0.44309617951512337,-4.198055624961853,0.8389444053173065,5
fast_ripple_power,4.25,0.44309617951512337,-4.198055624961853,0.6616416871547699,5
fast_ripple_power,4.375,-0.0827956460416317,-3.8461846709251404,0.5276469886302948,5
fast_ripple_power,4.5,-0.0827956460416317,-3.8461846709251404,0.061211973428726196,5
fast_ripple_power,4.625,-0.28863397240638733,-3.803668439388275,0.21951309219002724,5
fast_ripple_power,4.75,-0.28863397240638733,-3.684471219778061,0.3916851170361042,5
fast_ripple_power,4.875,0.3059253394603729,-3.657261848449707,0.5061336942017078,5
fast_suppression_joint,-4.875,0.0018693804740905762,0.0,0.09195640683174133,5
fast_suppression_joint,-4.75,0.02639707922935486,0.003249913454055786,0.09290385246276855,5
fast_suppression_joint,-4.625,0.23025256395339966,0.02639707922935486,0.293036550283432,5
fast_suppression_joint,-4.5,0.23025256395339966,0.08096855878829956,0.293036550283432,5
fast_suppression_joint,-4.375,-0.008852839469909668,-0.05277210474014282,0.013496160507202148,5
fast_suppression_joint,-4.25,-0.070961594581604,-0.11770281195640564,-0.026331931352615356,5
fast_suppression_joint,-4.125,-0.11812666058540344,-0.25358568131923676,-0.026331931352615356,5
fast_suppression_joint,-4.0,-0.11812666058540344,-0.25358568131923676,-0.0017876625061035156,5
fast_suppression_joint,-3.875,-0.042433589696884155,-0.06771959364414215,-0.0017876625061035156,5
fast_suppression_joint,-3.75,-0.06771959364414215,-0.2423587441444397,-0.042433589696884155,5
fast_suppression_joint,-3.625,-0.36779549717903137,-0.8332937359809875,-0.023916766047477722,5
fast_suppression_joint,-3.5,-0.32137587293982506,-0.8332937359809875,-0.08815142512321472,5
fast_suppression_joint,-3.375,-0.06532543897628784,-0.1888524293899536,0.15683859586715698,5
fast_suppression_joint,-3.25,0.0,-0.16676028072834015,0.15683859586715698,5
fast_suppression_joint,-3.125,-0.25358568131923676,-0.2646912634372711,0.0,5
fast_suppression_joint,-3.0,-0.25358568131923676,-0.2816730737686157,0.0,5
fast_suppression_joint,-2.875,-0.25358568131923676,-0.2959170639514923,-0.19303280115127563,5
fast_suppression_joint,-2.75,0.1983865201473236,-0.25358568131923676,0.21817642450332642,5
fast_suppression_joint,-2.625,0.31960853934288025,0.023916766047477722,0.41624122858047485,5
fast_suppression_joint,-2.5,0.4768013656139374,0.25602032244205475,0.5884678065776825,5
fast_suppression_joint,-2.375,0.27178479731082916,0.24866992235183716,0.5884678065776825,5
fast_suppression_joint,-2.25,0.25602032244205475,0.24866992235183716,0.298263281583786,5
fast_suppression_joint,-2.125,0.14840532839298248,-0.36779549717903137,0.298263281583786,5
fast_suppression_joint,-2.0,0.14840532839298248,-0.36779549717903137,0.3538382947444916,5
fast_suppression_joint,-1.875,0.3365492969751358,-0.36779549717903137,0.6131845414638519,5
fast_suppression_joint,-1.75,0.6131845414638519,-0.3043050840497017,0.7044206410646439,5
fast_suppression_joint,-1.625,0.23088085651397705,0.19483762979507446,0.3380950391292572,5
fast_suppression_joint,-1.5,0.19483762979507446,0.14757516980171204,0.23088085651397705,5
fast_suppression_joint,-1.375,-0.034630388021469116,-0.08198282122612,0.15994399785995483,5
fast_suppression_joint,-1.25,0.02777564525604248,-0.2192506492137909,0.15994399785995483,5
fast_suppression_joint,-1.125,0.12813419103622437,-0.8332937359809875,0.2818627953529358,5
fast_suppression_joint,-1.0,0.02777564525604248,-0.8332937359809875,0.13906951248645782,5
fast_suppression_joint,-0.875,0.118896484375,-0.6509428173303604,0.13906951248645782,5
fast_suppression_joint,-0.75,0.04680231213569641,-0.6509428173303604,0.118896484375,5
fast_suppression_joint,-0.625,0.1474229097366333,-0.67149418592453,0.15529528260231018,5
fast_suppression_joint,-0.5,0.1474229097366333,-0.8332937359809875,0.15529528260231018,5
fast_suppression_joint,-0.375,0.007791638374328613,-0.8332937359809875,0.36249104142189026,5
fast_suppression_joint,-0.25,-0.10281947255134583,-0.5085982084274292,0.36249104142189026,5
fast_suppression_joint,-0.125,-0.10281947255134583,-0.4824356138706207,0.14316871762275696,5
fast_suppression_joint,0.0,0.14316871762275696,-0.4824356138706207,0.32012736797332764,5
fast_suppression_joint,0.125,0.22334612905979156,-0.8332937359809875,0.6387842297554016,5
fast_suppression_joint,0.25,0.31241245567798615,-0.8332937359809875,0.6387842297554016,5
fast_suppression_joint,0.375,0.20435023307800293,-0.8332937359809875,0.31241245567798615,5
fast_suppression_joint,0.5,0.17447328567504883,-0.8332937359809875,0.4990411698818207,5
fast_suppression_joint,0.625,0.096224844455719,-0.8332937359809875,0.3581985533237457,5
fast_suppression_joint,0.75,-0.15487781167030334,-0.8332937359809875,0.04599112272262573,5
fast_suppression_joint,0.875,-0.11944155395030975,-0.8332937359809875,0.06717634201049805,5
fast_suppression_joint,1.0,-0.19183455407619476,-0.8332937359809875,0.06717634201049805,5
fast_suppression_joint,1.125,-0.19183455407619476,-0.8332937359809875,0.33410365879535675,5
fast_suppression_joint,1.25,-0.19183455407619476,-0.8332937359809875,0.3359922915697098,5
fast_suppression_joint,1.375,-0.36779549717903137,-0.8332937359809875,0.45111818611621857,5
fast_suppression_joint,1.5,-0.36779549717903137,-0.8332937359809875,0.4763060212135315,5
fast_suppression_joint,1.625,0.20798727869987488,-0.8332937359809875,0.4763060212135315,5
fast_suppression_joint,1.75,0.20798727869987488,-0.8332937359809875,0.2768564224243164,5
fast_suppression_joint,1.875,0.10325759649276733,-0.43953070044517517,0.2768564224243164,5
fast_suppression_joint,2.0,0.017924219369888306,-0.43953070044517517,0.5341665893793106,5
fast_suppression_joint,2.125,0.027896463871002197,-0.8332937359809875,0.6701148897409439,5
fast_suppression_joint,2.25,0.017924219369888306,-0.8332937359809875,0.14449435472488403,5
fast_suppression_joint,2.375,-0.06313389539718628,-0.42753157019615173,0.14449435472488403,5
fast_suppression_joint,2.5,-0.06313389539718628,-0.42753157019615173,0.14449435472488403,5
fast_suppression_joint,2.625,-0.42655688524246216,-0.8332937359809875,-0.06313389539718628,5
fast_suppression_joint,2.75,-0.42655688524246216,-0.8332937359809875,-0.06461715698242188,5
fast_suppression_joint,2.875,-0.42655688524246216,-0.8332937359809875,-0.24124972522258759,5
fast_suppression_joint,3.0,-0.42655688524246216,-0.8332937359809875,-0.36779549717903137,5
fast_suppression_joint,3.125,-0.42655688524246216,-0.8332937359809875,-0.36779549717903137,5
fast_suppression_joint,3.25,-0.42655688524246216,-0.8332937359809875,-0.36779549717903137,5
fast_suppression_joint,3.375,-0.36779549717903137,-0.8332937359809875,-0.25358568131923676,5
fast_suppression_joint,3.5,-0.36779549717903137,-0.8332937359809875,-0.25358568131923676,5
fast_suppression_joint,3.625,-0.36779549717903137,-0.8332937359809875,-0.25358568131923676,5
fast_suppression_joint,3.75,-0.36779549717903137,-0.8332937359809875,0.08294719457626343,5
fast_suppression_joint,3.875,-0.36779549717903137,-0.8332937359809875,0.08294719457626343,5
fast_suppression_joint,4.0,-0.36779549717903137,-0.5099850594997406,0.8438546061515808,5
fast_suppression_joint,4.125,-0.36779549717903137,-0.5099850594997406,0.9677330404520035,5
fast_suppression_joint,4.25,-0.36779549717903137,-0.8332937359809875,1.0831762701272964,5
fast_suppression_joint,4.375,-0.14301323890686035,-0.8332937359809875,0.9937096238136292,5
fast_suppression_joint,4.5,-0.03137508034706116,-0.8332937359809875,0.7350262999534607,5
fast_suppression_joint,4.625,-0.14301323890686035,-0.8332937359809875,0.7332789301872253,5
fast_suppression_joint,4.75,-0.1629306823015213,-0.7365165054798126,0.4657384157180786,5
fast_suppression_joint,4.875,-0.36779549717903137,-0.7365165054798126,0.41879189014434814,5
high_gamma_power,-4.875,-0.40250682830810547,-1.2472354471683502,-0.10425817966461182,5
high_gamma_power,-4.75,-0.5297808647155762,-1.2472354471683502,0.028847187757492065,5
high_gamma_power,-4.625,-0.14519238471984863,-0.4439597725868225,0.028847187757492065,5
high_gamma_power,-4.5,-0.14519238471984863,-0.17635756731033325,0.0,5
high_gamma_power,-4.375,-0.14519238471984863,-0.15994811058044434,-0.12634021043777466,5
high_gamma_power,-4.25,-0.08933919668197632,-0.18027055263519287,-0.014917135238647461,5
high_gamma_power,-4.125,-0.10510635375976562,-0.35254112631082535,-0.05499929189682007,5
high_gamma_power,-4.0,-0.3741811029613018,-0.4579532742500305,0.5185924172401428,5
high_gamma_power,-3.875,-0.3741811029613018,-0.4579532742500305,0.5185924172401428,5
high_gamma_power,-3.75,-0.14298129081726074,-0.23969843983650208,0.11924552917480469,5
high_gamma_power,-3.625,0.11924552917480469,-0.22151656448841095,0.3478040099143982,5
high_gamma_power,-3.5,0.6545016765594482,-0.182030588388443,0.7066224217414856,5
high_gamma_power,-3.375,0.6545016765594482,-0.15842783451080322,0.7066224217414856,5
high_gamma_power,-3.25,0.16207456588745117,0.07332196831703186,0.28653061389923096,5
high_gamma_power,-3.125,-0.056331515312194824,-0.12168210744857788,0.0,5
high_gamma_power,-3.0,-0.056331515312194824,-0.12168210744857788,0.3260258436203003,5
high_gamma_power,-2.875,0.2267972230911255,0.05499929189682007,0.6131936311721802,5
high_gamma_power,-2.75,0.32357287406921387,0.18782824277877808,1.513748288154602,5
high_gamma_power,-2.625,0.4421365261077881,0.404177725315094,1.513748288154602,5
high_gamma_power,-2.5,0.43930941820144653,0.32357287406921387,1.4424194693565369,5
high_gamma_power,-2.375,0.3042876720428467,0.045089513063430786,0.43930941820144653,5
high_gamma_power,-2.25,-0.2689306288957596,-0.46652019023895264,0.0,5
high_gamma_power,-2.125,-0.2689306288957596,-0.46652019023895264,0.0,5
high_gamma_power,-2.0,-0.12807443737983704,-0.2689157724380493,0.04192662239074707,5
high_gamma_power,-1.875,-0.19611585140228271,-0.2930651307106018,0.04192662239074707,5
high_gamma_power,-1.75,-0.19611585140228271,-0.3802468180656433,0.04192662239074707,5
high_gamma_power,-1.625,-0.4076046943664551,-0.4509548544883728,0.17669880390167236,5
high_gamma_power,-1.5,-0.3226328492164612,-0.956447184085846,0.1992253065109253,5
high_gamma_power,-1.375,-0.5025622248649597,-1.31660857796669,0.16945332288742065,5
high_gamma_power,-1.25,-0.7642475366592407,-1.31660857796669,0.207106351852417,5
high_gamma_power,-1.125,-0.7642475366592407,-1.5454966351389885,0.10778510570526123,5
high_gamma_power,-1.0,-0.3396112322807312,-1.5198546350002289,-0.317801833152771,5
high_gamma_power,-0.875,-0.3396112322807312,-1.1938108801841736,0.011439710855484009,5
high_gamma_power,-0.75,-0.06546008586883545,-1.1938108801841736,0.2689647674560547,5
high_gamma_power,-0.625,-0.23007072508335114,-1.5510247275233269,0.13591241836547852,5
high_gamma_power,-0.5,-0.23007072508335114,-1.5609561204910278,-0.13579046726226807,5
high_gamma_power,-0.375,-0.1534140408039093,-1.554510772228241,-0.13579046726226807,5
high_gamma_power,-0.25,-0.1534140408039093,-1.4079875648021698,0.16701579093933105,5
high_gamma_power,-0.125,-0.1534140408039093,-1.2754473686218262,0.431240439414978,5
high_gamma_power,0.0,-0.12385988235473633,-1.4079875648021698,0.3123478889465332,5
high_gamma_power,0.125,-0.12385988235473633,-2.1756817400455475,1.367946743965149,5
high_gamma_power,0.25,0.11219906806945801,-2.2040513157844543,1.4563461542129517,5
high_gamma_power,0.375,0.13015270233154297,-2.1756817400455475,1.367946743965149,5
high_gamma_power,0.5,-0.07951891422271729,-1.735404722392559,0.1486567258834839,5
high_gamma_power,0.625,-0.07951891422271729,-1.735404722392559,0.1433882713317871,5
high_gamma_power,0.75,-0.07951891422271729,-2.0530983209609985,0.21312427520751953,5
high_gamma_power,0.875,-0.3320222571492195,-2.079065680503845,0.1433882713317871,5
high_gamma_power,1.0,-0.34960559755563736,-2.0530983209609985,0.21312427520751953,5
high_gamma_power,1.125,-0.3320222571492195,-1.8961337059736252,0.23256182670593262,5
high_gamma_power,1.25,0.16514742374420166,-1.8961337059736252,0.23256182670593262,5
high_gamma_power,1.375,-0.06298935413360596,-2.1667572259902954,0.16514742374420166,5
high_gamma_power,1.5,-0.06298935413360596,-2.2045845985412598,0.16514742374420166,5
high_gamma_power,1.625,-0.04480087757110596,-2.2717041969299316,1.1411975622177124,5
high_gamma_power,1.75,-0.04480087757110596,-2.2045845985412598,1.1645032167434692,5
high_gamma_power,1.875,0.3104811906814575,-1.9066438674926758,1.1645032167434692,5
high_gamma_power,2.0,0.42056190967559814,-1.9066438674926758,1.5616666078567505,5
high_gamma_power,2.125,0.6271660923957825,-1.9535382390022278,0.8802769184112549,5
high_gamma_power,2.25,0.23904472589492798,-1.955693393945694,0.7200692892074585,5
high_gamma_power,2.375,0.2047697901725769,-1.9535382390022278,0.7200692892074585,5
high_gamma_power,2.5,0.1921427845954895,-1.7067869938910007,0.9236874580383301,5
high_gamma_power,2.625,-0.19642797112464905,-1.7067869938910007,1.1799843311309814,5
high_gamma_power,2.75,-0.25539863109588623,-2.0528521835803986,1.1799843311309814,5
high_gamma_power,2.875,-0.19642797112464905,-2.6153396368026733,1.292050838470459,5
high_gamma_power,3.0,0.15154027938842773,-2.6854072213172913,0.8455871343612671,5
high_gamma_power,3.125,0.18153417110443115,-2.6854072213172913,0.8455871343612671,5
high_gamma_power,3.25,1.4574021100997925,-2.0690356492996216,2.022412955760956,5
high_gamma_power,3.375,1.8788838386535645,-1.645079767331481,2.1133538484573364,5
high_gamma_power,3.5,1.8788838386535645,-1.645079767331481,2.15902841091156,5
high_gamma_power,3.625,1.7930681705474854,-2.1778132915496826,2.2044867277145386,5
high_gamma_power,3.75,2.2044867277145386,-2.338618278503418,2.272162675857544,5
high_gamma_power,3.875,2.035698413848877,-2.382122576236725,2.2044867277145386,5
high_gamma_power,4.0,2.0153030157089233,-2.382122576236725,2.035698413848877,5
high_gamma_power,4.125,1.6434640288352966,-2.382122576236725,1.8650604486465454,5
high_gamma_power,4.25,1.5743526220321655,-2.426707684993744,1.6434640288352966,5
high_gamma_power,4.375,0.007479429244995117,-2.426707684993744,1.4826961755752563,5
high_gamma_power,4.5,0.007479429244995117,-2.426707684993744,1.5148764848709106,5
high_gamma_power,4.625,0.5226653814315796,-2.47126704454422,1.5148764848709106,5
high_gamma_power,4.75,1.6409670114517212,-2.4103286266326904,1.72526615858078,5
high_gamma_power,4.875,2.1040979623794556,-2.042341321706772,2.2150685787200928,5
high_low_ratio,-4.875,0.14754736423492432,0.0,0.22963905334472656,5
high_low_ratio,-4.75,0.22963905334472656,0.0,0.36787962913513184,5
high_low_ratio,-4.625,0.36787962913513184,0.22415709495544434,0.5803900957107544,5
high_low_ratio,-4.5,0.3477596640586853,0.0,0.5803900957107544,5
high_low_ratio,-4.375,0.1346861720085144,-0.10055160522460938,0.274635910987854,5
high_low_ratio,-4.25,-0.00691831111907959,-0.31270575523376465,0.2002929449081421,5
high_low_ratio,-4.125,-0.09112769365310669,-0.20313096046447754,-0.00691831111907959,5
high_low_ratio,-4.0,-0.09112769365310669,-0.20313096046447754,0.0,5
high_low_ratio,-3.875,-0.20313096046447754,-0.29622286558151245,-0.004857361316680908,5
high_low_ratio,-3.75,-0.4727606177330017,-0.5493162870407104,0.0,5
high_low_ratio,-3.625,-0.5679964423179626,-0.8240968286991119,0.0,5
high_low_ratio,-3.5,-0.5679964423179626,-0.8240968286991119,0.15134847164154053,5
high_low_ratio,-3.375,0.16663622856140137,0.15134847164154053,0.3686186671257019,5
high_low_ratio,-3.25,0.2349514365196228,0.16663622856140137,0.25823307037353516,5
high_low_ratio,-3.125,-0.45157718658447266,-0.5389949083328247,0.16106241941452026,5
high_low_ratio,-3.0,-0.5132856965065002,-0.5644404292106628,-0.4784054160118103,5
high_low_ratio,-2.875,-0.5644404292106628,-0.6548618078231812,-0.15842044353485107,5
high_low_ratio,-2.75,-0.16125637292861938,-0.25693440437316895,0.015940308570861816,5
high_low_ratio,-2.625,-0.024132609367370605,-0.15842044353485107,0.1537468433380127,5
high_low_ratio,-2.5,0.31979167461395264,0.11567556858062744,0.3531055450439453,5
high_low_ratio,-2.375,0.3531055450439453,0.11567556858062744,0.4176456928253174,5
high_low_ratio,-2.25,0.31979167461395264,0.03058171272277832,0.3483908176422119,5
high_low_ratio,-2.125,-0.17007052898406982,-0.17642134428024292,0.3483908176422119,5
high_low_ratio,-2.0,-0.17642134428024292,-0.2463359236717224,0.3539038896560669,5
high_low_ratio,-1.875,0.42243099212646484,-0.4751858115196228,0.7669899463653564,5
high_low_ratio,-1.75,0.8491289615631104,-0.4751858115196228,0.9189132452011108,5
high_low_ratio,-1.625,0.9419214725494385,0.19129472970962524,1.1787627935409546,5
high_low_ratio,-1.5,0.9419214725494385,0.8781582713127136,1.1787627935409546,5
high_low_ratio,-1.375,0.9419214725494385,0.6939187049865723,1.0461511015892029,5
high_low_ratio,-1.25,0.5184054374694824,0.5167884826660156,0.8270198106765747,5
high_low_ratio,-1.125,0.010602831840515137,-0.29106009006500244,0.14953649044036865,5
high_low_ratio,-1.0,-0.017478227615356445,-0.90808966755867,0.14953649044036865,5
high_low_ratio,-0.875,-0.017478227615356445,-0.90808966755867,0.29059648513793945,5
high_low_ratio,-0.75,-0.033280134201049805,-0.5844654440879822,0.17038846015930176,5
high_low_ratio,-0.625,-0.033280134201049805,-0.5844654440879822,0.18825125694274902,5
high_low_ratio,-0.5,-0.033280134201049805,-1.1852720975875854,0.32444238662719727,5
high_low_ratio,-0.375,-0.09889507293701172,-1.1852720975875854,0.37317872047424316,5
high_low_ratio,-0.25,-0.09889507293701172,-0.8539470434188843,0.32444238662719727,5
high_low_ratio,-0.125,-0.06481444835662842,-0.49374598264694214,-0.005344271659851074,5
high_low_ratio,0.0,-0.005344271659851074,-0.49374598264694214,0.07298046350479126,5
high_low_ratio,0.125,0.08555912971496582,-0.49374598264694214,0.24940258264541626,5
high_low_ratio,0.25,0.24940258264541626,-0.7240546941757202,0.4977344274520874,5
high_low_ratio,0.375,0.18452197313308716,-0.49302005767822266,0.4977344274520874,5
high_low_ratio,0.5,-0.2982866168022156,-0.49302005767822266,0.4977344274520874,5
high_low_ratio,0.625,-0.45080941915512085,-0.49302005767822266,0.5964640378952026,5
high_low_ratio,0.75,-0.23720300197601318,-0.5051695704460144,0.5271313190460205,5
high_low_ratio,0.875,-0.45080941915512085,-0.5159504413604736,0.17453253269195557,5
high_low_ratio,1.0,-0.43090128898620605,-0.5159504413604736,-0.11899828910827637,5
high_low_ratio,1.125,-0.1521310806274414,-0.5159504413604736,0.4321170449256897,5
high_low_ratio,1.25,-0.1521310806274414,-0.27198898792266846,0.43889790773391724,5
high_low_ratio,1.375,-0.1120072603225708,-0.12960195541381836,0.5073449015617371,5
high_low_ratio,1.5,-0.1120072603225708,-0.12960195541381836,0.5073449015617371,5
high_low_ratio,1.625,0.11744654178619385,-0.12960195541381836,0.39004307985305786,5
high_low_ratio,1.75,0.037105560302734375,-0.12373977899551392,0.23919367790222168,5
high_low_ratio,1.875,0.18808984756469727,0.037105560302734375,0.22701191902160645,5
high_low_ratio,2.0,0.1871577501296997,0.0886991024017334,0.22701191902160645,5
high_low_ratio,2.125,0.0886991024017334,-0.5495222210884094,0.18808984756469727,5
high_low_ratio,2.25,0.03786897659301758,-0.5495222210884094,0.12706178426742554,5
high_low_ratio,2.375,0.12706178426742554,-0.2528623342514038,0.21759259700775146,5
high_low_ratio,2.5,0.12706178426742554,-0.2528623342514038,0.21759259700775146,5
high_low_ratio,2.625,-0.6149076819419861,-0.7109838128089905,0.21759259700775146,5
high_low_ratio,2.75,-0.6149076819419861,-0.7109838128089905,0.14629769325256348,5
high_low_ratio,2.875,-0.45378684997558594,-0.5959633588790894,-0.42321109771728516,5
high_low_ratio,3.0,-0.3886520266532898,-0.4376944303512573,-0.33825427293777466,5
high_low_ratio,3.125,-0.45378684997558594,-0.594574362039566,-0.4376944303512573,5
high_low_ratio,3.25,-0.9263111650943756,-0.9312154054641724,-0.4451519846916199,5
high_low_ratio,3.375,-0.9263111650943756,-1.4064451530575752,-0.5828580856323242,5
high_low_ratio,3.5,-0.6714276671409607,-1.4064451530575752,-0.5828580856323242,5
high_low_ratio,3.625,-0.7671827673912048,-1.337906152009964,-0.397885799407959,5
high_low_ratio,3.75,-0.34759724140167236,-0.397885799407959,-0.12570154666900635,5
high_low_ratio,3.875,-0.020841240882873535,-0.5722718834877014,0.13512372970581055,5
high_low_ratio,4.0,0.36855292320251465,0.08208531141281128,0.3874107599258423,5
high_low_ratio,4.125,0.398490309715271,0.36855292320251465,0.6890752911567688,5
high_low_ratio,4.25,0.398490309715271,0.19534409046173096,0.7059388756752014,5
high_low_ratio,4.375,0.11032402515411377,-0.6513412594795227,0.7059388756752014,5
high_low_ratio,4.5,0.22349858283996582,-0.6564222574234009,0.7059388756752014,5
high_low_ratio,4.625,0.22349858283996582,-0.6513412594795227,0.5147159695625305,5
high_low_ratio,4.75,-0.08150064945220947,-0.3948482275009155,0.17167013883590698,5
high_low_ratio,4.875,-0.15121686458587646,-0.24606752395629883,0.12483054399490356,5
kurtosis,-4.875,0.02644205093383789,0.0,0.4471064805984497,5
kurtosis,-4.75,0.06920766830444336,0.0,0.2667112350463867,5
kurtosis,-4.625,0.37235498428344727,0.10650801658630371,0.40593671798706055,5
kurtosis,-4.5,-0.03653222322463989,-0.16121971607208252,0.23529791831970215,5
kurtosis,-4.375,-0.05471765995025635,-0.27749836444854736,0.0,5
kurtosis,-4.25,-0.202508807182312,-0.365864634513855,-0.16121971607208252,5
kurtosis,-4.125,-0.10215932130813599,-0.202508807182312,-0.07907867431640625,5
kurtosis,-4.0,-0.046966552734375,-0.10215932130813599,0.0,5
kurtosis,-3.875,0.19707798957824707,0.0692092776298523,0.39878761768341064,5
kurtosis,-3.75,0.27973002195358276,0.19707798957824707,1.024877905845642,5
kurtosis,-3.625,0.19707798957824707,0.1679406762123108,0.3661983013153076,5
kurtosis,-3.5,0.0014193058013916016,-0.027355551719665527,0.27973002195358276,5
kurtosis,-3.375,0.0014193058013916016,-0.11537665128707886,0.1716347336769104,5
kurtosis,-3.25,-0.027355551719665527,-0.13483941555023193,0.0014193058013916016,5
kurtosis,-3.125,-0.02644205093383789,-0.117184579372406,0.1632554531097412,5
kurtosis,-3.0,-0.09389901161193848,-0.2188732624053955,-0.02644205093383789,5
kurtosis,-2.875,-0.3031919002532959,-0.3406516909599304,-0.2188732624053955,5
kurtosis,-2.75,-0.15671229362487793,-0.39122986793518066,0.31628793478012085,5
kurtosis,-2.625,0.12584030628204346,-0.15671229362487793,0.31628793478012085,5
kurtosis,-2.5,-0.1351986527442932,-0.15671229362487793,0.3204925060272217,5
kurtosis,-2.375,-0.023563265800476074,-0.1351986527442932,0.20038998126983643,5
kurtosis,-2.25,-0.03849387168884277,-0.04458510875701904,0.17677491903305054,5
kurtosis,-2.125,-0.15910041332244873,-0.23661035299301147,0.1497812271118164,5
kurtosis,-2.0,0.08810895681381226,-0.23661035299301147,0.1497812271118164,5
kurtosis,-1.875,0.03440290689468384,-0.20252835750579834,0.2996082305908203,5
kurtosis,-1.75,0.32684528827667236,0.08810895681381226,0.3584386110305786,5
kurtosis,-1.625,0.15285098552703857,0.1518535614013672,0.32684528827667236,5
kurtosis,-1.5,0.15285098552703857,0.1518535614013672,0.381452739238739,5
kurtosis,-1.375,-0.01657426357269287,-0.027198851108551025,0.15285098552703857,5
kurtosis,-1.25,0.296886682510376,-0.027198851108551025,0.35453999042510986,5
kurtosis,-1.125,0.296886682510376,-0.027198851108551025,0.35453999042510986,5
kurtosis,-1.0,-0.15609872341156006,-0.1932053565979004,-0.07815802097320557,5
kurtosis,-0.875,-0.07815802097320557,-0.15609872341156006,-0.06901562213897705,5
kurtosis,-0.75,0.1090536117553711,-0.026108860969543457,0.3103647232055664,5
kurtosis,-0.625,0.287276029586792,0.2128610610961914,0.5838850736618042,5
kurtosis,-0.5,0.31273961067199707,-0.3564354181289673,0.3420064449310303,5
kurtosis,-0.375,0.2128610610961914,-0.3564354181289673,0.3042539358139038,5
kurtosis,-0.25,0.31273961067199707,0.02851283550262451,0.3733478784561157,5
kurtosis,-0.125,0.3733478784561157,-0.01472628116607666,0.5840280652046204,5
kurtosis,0.0,0.0749313235282898,0.009049415588378906,0.20560193061828613,5
kurtosis,0.125,0.16009771823883057,0.0749313235282898,0.20560193061828613,5
kurtosis,0.25,0.152177095413208,0.14360147714614868,0.20560193061828613,5
kurtosis,0.375,0.45603036880493164,0.14360147714614868,0.4743229150772095,5
kurtosis,0.5,0.37043774127960205,-0.17387109994888306,0.4743229150772095,5
kurtosis,0.625,0.09684908390045166,-0.383014440536499,0.4743229150772095,5
kurtosis,0.75,0.09684908390045166,-0.3574652671813965,0.17393982410430908,5
kurtosis,0.875,-0.3181573152542114,-0.42199331521987915,0.05658578872680664,5
kurtosis,1.0,-0.33195531368255615,-0.3475421667098999,-0.23577392101287842,5
kurtosis,1.125,-0.33195531368255615,-0.3475421667098999,-0.23577392101287842,5
kurtosis,1.25,0.4431268572807312,0.16678166389465332,1.229203701019287,5
kurtosis,1.375,0.4959244132041931,0.16678166389465332,1.229203701019287,5
kurtosis,1.5,0.4959244132041931,0.1766124963760376,0.5382497310638428,5
kurtosis,1.625,0.1766124963760376,0.16692841053009033,0.24113577604293823,5
kurtosis,1.75,0.20820832252502441,0.16692841053009033,0.24113577604293823,5
kurtosis,1.875,0.13271939754486084,-0.12862861156463623,0.24113577604293823,5
kurtosis,2.0,-0.1325114369392395,-0.41376543045043945,0.13271939754486084,5
kurtosis,2.125,-0.4308871030807495,-0.4431639313697815,-0.41376543045043945,5
kurtosis,2.25,-0.265439510345459,-0.4308871030807495,0.3952139616012573,5
kurtosis,2.375,-0.007328510284423828,-0.265439510345459,0.21688830852508545,5
kurtosis,2.5,0.21688830852508545,-0.265439510345459,0.3952139616012573,5
kurtosis,2.625,0.07571840286254883,-0.43594640493392944,0.13975346088409424,5
kurtosis,2.75,-0.26793956756591797,-0.6469281911849976,-0.222201406955719,5
kurtosis,2.875,-0.1770411729812622,-0.222201406955719,0.09639966487884521,5
kurtosis,3.0,0.09639966487884521,-0.1770411729812622,0.26243531703948975,5
kurtosis,3.125,0.34514355659484863,0.08046448230743408,0.4548753499984741,5
kurtosis,3.25,0.7160745859146118,0.6656224131584167,1.1305593252182007,5
kurtosis,3.375,0.08046448230743408,-0.017227232456207275,0.28421127796173096,5
kurtosis,3.5,-0.644395649433136,-0.7118563950061798,0.28421127796173096,5
kurtosis,3.625,-0.644395649433136,-0.6947680711746216,-0.5787354707717896,5
kurtosis,3.75,-0.02820134162902832,-0.5218681693077087,0.18871015310287476,5
kurtosis,3.875,0.2722036838531494,0.18871015310287476,0.4675300121307373,5
kurtosis,4.0,0.5926437377929688,0.18871015310287476,0.7545031309127808,5
kurtosis,4.125,0.22289174795150757,0.1614130735397339,0.4675300121307373,5
kurtosis,4.25,0.3664778470993042,0.1614130735397339,0.6585368514060974,5
kurtosis,4.375,0.3035113215446472,0.14337801933288574,0.3664778470993042,5
kurtosis,4.5,0.4641916751861572,0.3035113215446472,0.5055861473083496,5
kurtosis,4.625,-0.009611308574676514,-0.2828860878944397,0.4641916751861572,5
kurtosis,4.75,-0.012452185153961182,-0.2828860878944397,0.5055861473083496,5
kurtosis,4.875,0.21545684337615967,0.17965102195739746,0.8467779159545898,5
line_length,-4.875,-0.06571763753890991,-3.3720377683639526,-0.03537571430206299,5
line_length,-4.75,-0.03537571430206299,-3.0117534399032593,0.0,5
line_length,-4.625,-0.03537571430206299,-2.324622869491577,0.17902827262878418,5
line_length,-4.5,0.026218652725219727,-1.7878389358520508,0.4984697699546814,5
line_length,-4.375,0.026218652725219727,-1.6745681762695312,1.117259919643402,5
line_length,-4.25,0.0,-1.4792265892028809,0.390597403049469,5
line_length,-4.125,-0.1768040657043457,-0.6492804288864136,0.26620692014694214,5
line_length,-4.0,-0.010461091995239258,-0.2719220519065857,0.4180941581726074,5
line_length,-3.875,0.6701028347015381,-0.46995455026626587,1.2032270431518555,5
line_length,-3.75,0.689591646194458,-0.5717427134513855,0.7163929343223572,5
line_length,-3.625,0.017662405967712402,-0.5717427134513855,0.689591646194458,5
line_length,-3.5,0.2673795819282532,-0.4322444088757038,0.32530713081359863,5
line_length,-3.375,0.0880587100982666,0.08496209979057312,0.5117850303649902,5
line_length,-3.25,0.08496209979057312,0.06441569328308105,0.2270064353942871,5
line_length,-3.125,0.0,-0.3317507542669773,0.010461091995239258,5
line_length,-3.0,0.0,-0.3317507542669773,0.010461091995239258,5
line_length,-2.875,0.3769490718841553,0.2664775848388672,0.46768611669540405,5
line_length,-2.75,0.45247769355773926,-0.054684340953826904,0.6430087089538574,5
line_length,-2.625,0.45247769355773926,0.059849441051483154,0.8199648857116699,5
line_length,-2.5,0.3329179286956787,0.059849441051483154,0.8199648857116699,5
line_length,-2.375,-0.012654304504394531,-0.06667637825012207,0.15256118774414062,5
line_length,-2.25,-0.5635662078857422,-0.6518454551696777,-0.19762492179870605,5
line_length,-2.125,-0.7263232469558716,-0.7463088035583496,-0.19762492179870605,5
line_length,-2.0,-0.7463088035583496,-0.840142548084259,-0.011853396892547607,5
line_length,-1.875,-0.7463088035583496,-0.8806989192962646,-0.005077838897705078,5
line_length,-1.75,-1.0762603282928467,-1.1156277656555176,0.2236119508743286,5
line_length,-1.625,-1.2047978043556213,-1.5125558376312256,-0.05206727981567383,5
line_length,-1.5,-0.641667366027832,-2.2723681926727295,-0.05206727981567383,5
line_length,-1.375,-0.641667366027832,-2.706490635871887,0.09936991333961487,5
line_length,-1.25,-0.6528081893920898,-2.815670371055603,0.09936991333961487,5
line_length,-1.125,-0.6927302479743958,-3.033103108406067,-0.4277947172522545,5
line_length,-1.0,-0.6927302479743958,-3.2175300121307373,-0.6401289850473404,5
line_length,-0.875,-0.7279229164123535,-3.4309111833572388,-0.6927302479743958,5
line_length,-0.75,-1.142176628112793,-3.677169978618622,-0.7986113429069519,5
line_length,-0.625,-1.142176628112793,-3.677169978618622,-0.7986113429069519,5
line_length,-0.5,-0.7730022072792053,-3.4497459530830383,-0.5880270451307297,5
line_length,-0.375,-0.6969234347343445,-3.1631574630737305,0.07725781202316284,5
line_length,-0.25,-0.6969234347343445,-2.9837716817855835,-0.09406131505966187,5
line_length,-0.125,-1.438086949288845,-2.9837716817855835,-0.6714390888810158,5
line_length,0.0,-1.8250304758548737,-3.468964457511902,-0.7408171482384205,5
line_length,0.125,-1.8250304758548737,-3.4852821230888367,-0.6714390888810158,5
line_length,0.25,-1.4509244561195374,-4.4399967938661575,-0.5222687274217606,5
line_length,0.375,-1.2931964099407196,-4.4399967938661575,-0.5222687274217606,5
line_length,0.5,-0.946847140789032,-4.405977845191956,-0.5594052374362946,5
line_length,0.625,-0.6356059908866882,-4.405977845191956,-0.5594052374362946,5
line_length,0.75,-0.6356059908866882,-4.465668141841888,-0.48132872581481934,5
line_length,0.875,-0.633202850818634,-4.465668141841888,-0.530334085226059,5
line_length,1.0,-0.727031946182251,-4.00398313999176,-0.530334085226059,5
line_length,1.125,-0.8455578088760376,-3.9599142372608185,-0.30828116089105606,5
line_length,1.25,-1.036834478378296,-3.9599142372608185,-0.21620015799999237,5
line_length,1.375,-1.036834478378296,-4.256864650174975,-0.1610332578420639,5
line_length,1.5,-0.673498809337616,-4.647637158632278,0.3371238112449646,5
line_length,1.625,-0.35866278409957886,-4.647637158632278,0.47035497426986694,5
line_length,1.75,-0.35866278409957886,-4.635093450546265,0.7172481417655945,5
line_length,1.875,-0.9085926413536072,-4.582747668027878,0.9737517237663269,5
line_length,2.0,-1.311570405960083,-4.239765964448452,3.0515403151512146,5
line_length,2.125,-1.4996097274124622,-4.109603255987167,2.1841476559638977,5
line_length,2.25,-1.4996097274124622,-4.109603255987167,0.30647778511047363,5
line_length,2.375,-1.492581456899643,-4.253057135269046,0.22510069608688354,5
line_length,2.5,-0.8506569266319275,-4.617159485816956,0.22510069608688354,5
line_length,2.625,-0.8506569266319275,-4.617159485816956,0.2901649475097656,5
line_length,2.75,-0.9288899898529053,-4.538003534078598,0.2901649475097656,5
line_length,2.875,-1.246714174747467,-4.514746934175491,0.3356662392616272,5
line_length,3.0,-1.246714174747467,-4.200789250433445,0.572242021560669,5
line_length,3.125,-0.6974644064903259,-4.1566082909703255,1.07538241147995,5
line_length,3.25,0.6115948557853699,-4.1566082909703255,1.114662230014801,5
line_length,3.375,1.034944474697113,-3.456166923046112,2.3467383980751038,5
line_length,3.5,1.034944474697113,-3.4038265347480774,2.4318358302116394,5
line_length,3.625,0.9305762648582458,-3.4038265347480774,1.5472654700279236,5
line_length,3.75,0.4570261836051941,-3.4038265347480774,1.3272148966789246,5
line_length,3.875,-0.054057300090789795,-3.2104021310806274,0.9155610203742981,5
line_length,4.0,-0.2947922348976135,-2.788414716720581,0.9155610203742981,5
line_length,4.125,-0.7248976826667786,-2.788414716720581,0.9585557579994202,5
line_length,4.25,-0.7248976826667786,-3.156710386276245,1.2349947094917297,5
line_length,4.375,-0.7248976826667786,-3.654855251312256,1.3256558775901794,5
line_length,4.5,-0.3320823311805725,-4.54498428106308,1.7809733748435974,5
line_length,4.625,-0.036405742168426514,-4.54498428106308,1.8973060250282288,5
line_length,4.75,-0.036405742168426514,-4.265358911827207,2.2199118733406067,5
line_length,4.875,-0.07447367906570435,-4.1944766119122505,2.2909509539604187,5
low_frequency_suppression,-4.875,0.48044079542160034,0.28920745849609375,0.6922769844532013,5
low_frequency_suppression,-4.75,0.5680534243583679,0.35252416133880615,0.8981380462646484,5
low_frequency_suppression,-4.625,0.6157554984092712,0.4543938636779785,0.720491886138916,5
low_frequency_suppression,-4.5,0.3522385358810425,0.1678096055984497,0.3774055540561676,5
low_frequency_suppression,-4.375,0.03150346875190735,0.0,0.30940186977386475,5
low_frequency_suppression,-4.25,-0.03150346875190735,-0.12229204177856445,0.2395697832107544,5
low_frequency_suppression,-4.125,-0.4323960840702057,-0.4803899973630905,-0.38755685091018677,5
low_frequency_suppression,-4.0,-0.38755685091018677,-0.4323960840702057,0.0,5
low_frequency_suppression,-3.875,-0.13907253742218018,-0.33031198382377625,-0.020621836185455322,5
low_frequency_suppression,-3.75,-0.16452491283416748,-0.33031198382377625,0.2949562668800354,5
low_frequency_suppression,-3.625,-0.49528610706329346,-0.6335318684577942,0.2949562668800354,5
low_frequency_suppression,-3.5,-0.49528610706329346,-0.6207480728626251,-0.05725383758544922,5
low_frequency_suppression,-3.375,-0.09165790677070618,-0.22458261251449585,0.07347989082336426,5
low_frequency_suppression,-3.25,-0.09165790677070618,-0.22458261251449585,0.5798615217208862,5
low_frequency_suppression,-3.125,-0.48869141936302185,-0.6019130349159241,0.5798615217208862,5
low_frequency_suppression,-3.0,-0.1502360701560974,-0.5074966251850128,-0.14133220911026,5
low_frequency_suppression,-2.875,-0.4761372208595276,-0.5074966251850128,-0.14133220911026,5
low_frequency_suppression,-2.75,-0.0904545783996582,-0.14133220911026,0.058991193771362305,5
low_frequency_suppression,-2.625,0.020621836185455322,-0.16053009033203125,0.14040043950080872,5
low_frequency_suppression,-2.5,0.20161226391792297,-0.16053009033203125,0.21351683139801025,5
low_frequency_suppression,-2.375,0.30114006996154785,0.0,0.42805030941963196,5
low_frequency_suppression,-2.25,0.5632711946964264,0.0,0.6032842397689819,5
low_frequency_suppression,-2.125,0.0,-0.0506749153137207,0.673809677362442,5
low_frequency_suppression,-2.0,-0.0506749153137207,-0.12541186809539795,0.73130002617836,5
low_frequency_suppression,-1.875,0.376495897769928,-0.2594062089920044,1.0405113697052002,5
low_frequency_suppression,-1.75,0.84150630235672,-0.2594062089920044,1.0637757778167725,5
low_frequency_suppression,-1.625,1.432395488023758,0.4906388521194458,1.4678673148155212,5
low_frequency_suppression,-1.5,1.432395488023758,1.1277589797973633,1.5890586376190186,5
low_frequency_suppression,-1.375,1.3728239834308624,1.1277589797973633,1.6126861572265625,5
low_frequency_suppression,-1.25,0.8974782228469849,0.6995500326156616,0.9799167215824127,5
low_frequency_suppression,-1.125,0.4754596948623657,0.35332900285720825,0.503025084733963,5
low_frequency_suppression,-1.0,0.05730283260345459,-0.4791353940963745,0.33264613151550293,5
low_frequency_suppression,-0.875,-0.4791353940963745,-0.5030946135520935,0.33264613151550293,5
low_frequency_suppression,-0.75,-0.30129727721214294,-0.4477897882461548,0.7225404977798462,5
low_frequency_suppression,-0.625,0.3042250871658325,-0.30129727721214294,0.7225404977798462,5
low_frequency_suppression,-0.5,0.23438262939453125,-0.7882913053035736,0.3042250871658325,5
low_frequency_suppression,-0.375,-0.047572970390319824,-0.9140385538339615,0.23438262939453125,5
low_frequency_suppression,-0.25,-0.047572970390319824,-0.6820202171802521,0.4171030521392822,5
low_frequency_suppression,-0.125,0.13115525245666504,-0.1617027223110199,0.4171030521392822,5
low_frequency_suppression,0.0,0.16526353359222412,-0.10110139846801758,0.2750784158706665,5
low_frequency_suppression,0.125,0.16526353359222412,-0.10110139846801758,0.9541096091270447,5
low_frequency_suppression,0.25,0.9882569313049316,0.02139165997505188,1.1077925562858582,5
low_frequency_suppression,0.375,0.9882569313049316,0.02139165997505188,1.1933214664459229,5
low_frequency_suppression,0.5,0.6568677425384521,0.02139165997505188,0.945836067199707,5
low_frequency_suppression,0.625,0.18835830688476562,0.06635451316833496,0.890623152256012,5
low_frequency_suppression,0.75,0.0904640257358551,0.06635451316833496,0.5790663957595825,5
low_frequency_suppression,0.875,-0.023614883422851562,-0.05476054549217224,0.5790663957595825,5
low_frequency_suppression,1.0,-0.048824429512023926,-0.05476054549217224,0.5293335914611816,5
low_frequency_suppression,1.125,0.5293335914611816,-0.023614883422851562,0.6348428130149841,5
low_frequency_suppression,1.25,0.3000793755054474,0.2075256109237671,0.6348428130149841,5
low_frequency_suppression,1.375,0.5610897839069366,0.31430625915527344,0.935772180557251,5
low_frequency_suppression,1.5,0.5610897839069366,0.31430625915527344,0.7409334182739258,5
low_frequency_suppression,1.625,0.5109963417053223,0.31430625915527344,0.5210608541965485,5
low_frequency_suppression,1.75,0.392461359500885,-0.1252555251121521,0.5210608541965485,5
low_frequency_suppression,1.875,0.392461359500885,-0.1252555251121521,0.6443191766738892,5
low_frequency_suppression,2.0,0.5378962755203247,0.21055281162261963,0.5447168946266174,5
low_frequency_suppression,2.125,-0.13781490921974182,-0.3177264332771301,0.21055281162261963,5
low_frequency_suppression,2.25,-0.3177264332771301,-0.44272780418395996,-0.13781490921974182,5
low_frequency_suppression,2.375,0.11987939476966858,-0.44272780418395996,0.44228923320770264,5
low_frequency_suppression,2.5,0.11987939476966858,-0.35048359632492065,0.44228923320770264,5
low_frequency_suppression,2.625,-0.27405303716659546,-0.35048359632492065,-0.01650097966194153,5
low_frequency_suppression,2.75,-0.27405303716659546,-0.46412575244903564,-0.01650097966194153,5
low_frequency_suppression,2.875,0.007202059030532837,-0.46412575244903564,0.050827622413635254,5
low_frequency_suppression,3.0,0.06855657696723938,-0.4472962021827698,0.08442044258117676,5
low_frequency_suppression,3.125,0.050827622413635254,-0.4472962021827698,0.06855657696723938,5
low_frequency_suppression,3.25,-0.6061394810676575,-0.6545477211475372,-0.3969372808933258,5
low_frequency_suppression,3.375,-0.9181189015507698,-0.9730868116021156,-0.7241811156272888,5
low_frequency_suppression,3.5,-0.9181189015507698,-0.9730868116021156,-0.6347079277038574,5
low_frequency_suppression,3.625,-0.7589893341064453,-0.7593435645103455,-0.6347079277038574,5
low_frequency_suppression,3.75,0.06749528646469116,-0.6347079277038574,0.19632425904273987,5
low_frequency_suppression,3.875,0.3262399435043335,-0.1830483078956604,0.48381784558296204,5
low_frequency_suppression,4.0,0.5501100122928619,0.2862433195114136,0.5604157447814941,5
low_frequency_suppression,4.125,0.6407621204853058,0.5604157447814941,0.8845968246459961,5
low_frequency_suppression,4.25,0.6407621204853058,0.3547779321670532,1.0413494110107422,5
low_frequency_suppression,4.375,0.20724725723266602,-0.1519235074520111,1.0413494110107422,5
low_frequency_suppression,4.5,0.20724725723266602,-0.1569596230983734,0.6393759250640869,5
low_frequency_suppression,4.625,0.20238268375396729,-0.1569596230983734,0.33969080448150635,5
low_frequency_suppression,4.75,-0.20114514231681824,-0.20135468244552612,0.2934539318084717,5
low_frequency_suppression,4.875,-0.13377663493156433,-0.1950790286064148,0.2934539318084717,5
low_gamma_power,-4.875,-0.07981687784194946,-0.12838637828826904,0.14696931838989258,5
low_gamma_power,-4.75,-0.12838637828826904,-0.23773330450057983,0.14696931838989258,5
low_gamma_power,-4.625,0.04778432846069336,-0.23773330450057983,0.14696931838989258,5
low_gamma_power,-4.5,0.0,-0.16128754615783691,0.04778432846069336,5
low_gamma_power,-4.375,-0.17619383335113525,-0.20677101612091064,0.17674779891967773,5
low_gamma_power,-4.25,-0.17619383335113525,-0.20677101612091064,0.9330914616584778,5
low_gamma_power,-4.125,0.0,-0.10865283012390137,0.07005488872528076,5
low_gamma_power,-4.0,0.23410987854003906,0.04110753536224365,0.31369948387145996,5
low_gamma_power,-3.875,0.23410987854003906,-0.04110753536224365,0.3424021005630493,5
low_gamma_power,-3.75,0.003973484039306641,-0.04110753536224365,0.3424021005630493,5
low_gamma_power,-3.625,-0.2440440058708191,-0.2981966733932495,-0.2325446605682373,5
low_gamma_power,-3.5,-0.2981966733932495,-0.358251690864563,0.007452607154846191,5
low_gamma_power,-3.375,0.3115658760070801,0.12652802467346191,0.4598158597946167,5
low_gamma_power,-3.25,0.3690699338912964,0.12652802467346191,0.4598158597946167,5
low_gamma_power,-3.125,0.0957651138305664,-0.027471601963043213,0.10151958465576172,5
low_gamma_power,-3.0,-0.1405816674232483,-0.19612491130828857,-0.07975828647613525,5
low_gamma_power,-2.875,-0.19612491130828857,-0.25709670782089233,-0.08186060190200806,5
low_gamma_power,-2.75,0.08905017375946045,-0.08186060190200806,0.16067957878112793,5
low_gamma_power,-2.625,0.25167739391326904,-0.05871152877807617,0.3113795518875122,5
low_gamma_power,-2.5,0.6812864542007446,0.06496632099151611,0.7407504320144653,5
low_gamma_power,-2.375,0.49547040462493896,0.4847610592842102,0.7407504320144653,5
low_gamma_power,-2.25,-0.3048187494277954,-0.4547957181930542,-0.007192492485046387,5
low_gamma_power,-2.125,-0.3048187494277954,-0.4547957181930542,-0.08940666913986206,5
low_gamma_power,-2.0,-0.04778432846069336,-0.08940666913986206,0.0,5
low_gamma_power,-1.875,0.3788414001464844,0.04266899824142456,0.47685086727142334,5
low_gamma_power,-1.75,0.3788414001464844,0.04266899824142456,0.47685086727142334,5
low_gamma_power,-1.625,-0.17256271839141846,-0.2082425355911255,0.1406400203704834,5
low_gamma_power,-1.5,-0.17256271839141846,-0.2082425355911255,0.1406400203704834,5
low_gamma_power,-1.375,-0.17256271839141846,-0.2082425355911255,-0.11480385065078735,5
low_gamma_power,-1.25,-0.13744938373565674,-0.5628477931022644,-0.11480385065078735,5
low_gamma_power,-1.125,-0.0803459882736206,-1.263008564710617,-0.027326643466949463,5
low_gamma_power,-1.0,-0.0803459882736206,-1.263008564710617,0.09796267747879028,5
low_gamma_power,-0.875,-0.23851382732391357,-1.2194534987211227,0.1976935863494873,5
low_gamma_power,-0.75,-0.42336350679397583,-1.082440584897995,0.19408130645751953,5
low_gamma_power,-0.625,-0.42336350679397583,-0.9541504085063934,0.11857074499130249,5
low_gamma_power,-0.5,-0.3915061950683594,-0.6119727492332458,0.0401378870010376,5
low_gamma_power,-0.375,-0.07024574279785156,-0.2999091148376465,-0.023713350296020508,5
low_gamma_power,-0.25,0.3536273241043091,-0.023713350296020508,0.4429582357406616,5
low_gamma_power,-0.125,0.30273866653442383,-0.16323471069335938,0.4429582357406616,5
low_gamma_power,0.0,0.0760643482208252,-0.05879402160644531,0.30273866653442383,5
low_gamma_power,0.125,-0.29919570684432983,-0.58517986536026,0.2657354474067688,5
low_gamma_power,0.25,-0.29919570684432983,-0.873812735080719,0.2657354474067688,5
low_gamma_power,0.375,-0.3426293134689331,-1.028978943824768,-0.11342710256576538,5
low_gamma_power,0.5,-0.3426293134689331,-1.2681146413087845,-0.20344531536102295,5
low_gamma_power,0.625,-0.17601138353347778,-1.2681146413087845,0.0016973018646240234,5
low_gamma_power,0.75,-0.17601138353347778,-1.2681146413087845,0.0016973018646240234,5
low_gamma_power,0.875,-0.1402689814567566,-1.3665761947631836,0.14858591556549072,5
low_gamma_power,1.0,-0.1402689814567566,-1.4585372135043144,-0.03285670280456543,5
low_gamma_power,1.125,-0.10333836078643799,-2.196419060230255,-0.03285670280456543,5
low_gamma_power,1.25,-0.14939111471176147,-2.196419060230255,0.027385234832763672,5
low_gamma_power,1.375,-0.14939111471176147,-1.6196418851613998,0.48397111892700195,5
low_gamma_power,1.5,-0.14939111471176147,-0.7107672095298767,0.39655864238739014,5
low_gamma_power,1.625,0.03304821252822876,-0.7107672095298767,0.39655864238739014,5
low_gamma_power,1.75,0.2588038444519043,-0.7107672095298767,0.5688773989677429,5
low_gamma_power,1.875,0.2588038444519043,-0.65675288438797,1.03130704164505,5
low_gamma_power,2.0,0.2588038444519043,-0.65675288438797,1.5234309434890747,5
low_gamma_power,2.125,0.33004283905029297,-1.0799883604049683,1.2404230833053589,5
low_gamma_power,2.25,0.33004283905029297,-1.0799883604049683,1.1169569492340088,5
low_gamma_power,2.375,0.035266757011413574,-0.8368960022926331,1.1169569492340088,5
low_gamma_power,2.5,0.035266757011413574,-0.8368960022926331,0.5564659833908081,5
low_gamma_power,2.625,0.29036688804626465,-0.8405976295471191,0.4571290612220764,5
low_gamma_power,2.75,0.43270009756088257,-0.8077949285507202,0.6329607963562012,5
low_gamma_power,2.875,0.4571290612220764,-0.6844910979270935,0.7964624166488647,5
low_gamma_power,3.0,0.39674925804138184,-0.6844910979270935,1.1179035305976868,5
low_gamma_power,3.125,0.39674925804138184,-0.9787474870681763,1.1179035305976868,5
low_gamma_power,3.25,1.1358543634414673,-0.9787474870681763,1.1929283738136292,5
low_gamma_power,3.375,0.864116370677948,-0.9787474870681763,1.6808507442474365,5
low_gamma_power,3.5,1.1454834938049316,-1.001041829586029,1.3525353074073792,5
low_gamma_power,3.625,0.6229935884475708,-1.3157177194952965,1.6132681965827942,5
low_gamma_power,3.75,0.6229935884475708,-1.3157177194952965,1.6132681965827942,5
low_gamma_power,3.875,0.8186206817626953,-1.1590323150157928,1.6132681965827942,5
low_gamma_power,4.0,0.8984708786010742,0.3681509494781494,2.123742640018463,5
low_gamma_power,4.125,1.1321965456008911,0.953202486038208,2.2547260522842407,5
low_gamma_power,4.25,1.1321965456008911,0.953202486038208,2.542467176914215,5
low_gamma_power,4.375,0.6107079982757568,-1.414988499134779,1.9771063923835754,5
low_gamma_power,4.5,0.6107079982757568,-1.414988499134779,1.5686624646186829,5
low_gamma_power,4.625,0.8510992527008057,-0.995960146188736,1.673835813999176,5
low_gamma_power,4.75,0.8597447872161865,-0.8695487976074219,1.673835813999176,5
low_gamma_power,4.875,0.8597447872161865,-0.8695487976074219,1.797098457813263,5
multiband_fast_activity,-4.875,-0.08038604259490967,-0.3267395496368408,0.0,5
multiband_fast_activity,-4.75,-0.16413167119026184,-0.3267395496368408,-0.08038604259490967,5
multiband_fast_activity,-4.625,-0.043256402015686035,-0.14967060089111328,0.08265915513038635,5
multiband_fast_activity,-4.5,-0.043256402015686035,-0.05072605609893799,0.08265915513038635,5
multiband_fast_activity,-4.375,-0.01196974515914917,-0.16127121448516846,0.5327645540237427,5
multiband_fast_activity,-4.25,-0.16127121448516846,-0.18574170768260956,0.5392249822616577,5
multiband_fast_activity,-4.125,0.06726479530334473,0.06167125701904297,0.14979249238967896,5
multiband_fast_activity,-4.0,0.6032294034957886,-0.18574170768260956,0.6386791467666626,5
multiband_fast_activity,-3.875,0.6032294034957886,-0.26706066727638245,0.6328526735305786,5
multiband_fast_activity,-3.75,0.21159589290618896,-0.09091907739639282,0.25977128744125366,5
multiband_fast_activity,-3.625,-0.1096951961517334,-0.2582717537879944,-0.03750491142272949,5
multiband_fast_activity,-3.5,-0.10300663113594055,-0.1096951961517334,-0.03750491142272949,5
multiband_fast_activity,-3.375,0.7789300084114075,-0.10300663113594055,1.0595506429672241,5
multiband_fast_activity,-3.25,0.7789300084114075,-0.07763060927391052,1.0595506429672241,5
multiband_fast_activity,-3.125,0.0,-0.16696974635124207,0.09683310985565186,5
multiband_fast_activity,-3.0,0.0,-0.21612435579299927,0.0,5
multiband_fast_activity,-2.875,0.0,-0.06146061420440674,0.0,5
multiband_fast_activity,-2.75,0.2510913610458374,-0.06146061420440674,0.2943253517150879,5
multiband_fast_activity,-2.625,0.2596595287322998,0.024412691593170166,0.3552134037017822,5
multiband_fast_activity,-2.5,0.7064958810806274,0.16490602493286133,0.7493875026702881,5
multiband_fast_activity,-2.375,0.3193093538284302,0.22603610157966614,0.7064958810806274,5
multiband_fast_activity,-2.25,-0.14980041980743408,-0.22322916984558105,0.04455867409706116,5
multiband_fast_activity,-2.125,-0.14980041980743408,-0.22322916984558105,0.04455867409706116,5
multiband_fast_activity,-2.0,-0.02864527702331543,-0.12186312675476074,0.1854078769683838,5
multiband_fast_activity,-1.875,-0.007211446762084961,-0.026302874088287354,0.03725159168243408,5
multiband_fast_activity,-1.75,-0.007211446762084961,-0.024149775505065918,0.03725159168243408,5
multiband_fast_activity,-1.625,-0.027830451726913452,-0.2612649202346802,-0.024149775505065918,5
multiband_fast_activity,-1.5,-0.20680081844329834,-0.5512476563453674,0.005034804344177246,5
multiband_fast_activity,-1.375,-0.20680081844329834,-0.6482618451118469,0.005034804344177246,5
multiband_fast_activity,-1.25,-0.16724497079849243,-0.6482618451118469,0.030222594738006592,5
multiband_fast_activity,-1.125,-0.16724497079849243,-1.1746175438165665,0.08150729537010193,5
multiband_fast_activity,-1.0,-0.20580416917800903,-1.1746175438165665,0.08150729537010193,5
multiband_fast_activity,-0.875,-0.2725493907928467,-0.9553123116493225,0.16883036494255066,5
multiband_fast_activity,-0.75,-0.29874294996261597,-0.9553123116493225,-0.07204318046569824,5
multiband_fast_activity,-0.625,-0.2725493907928467,-0.8379336595535278,0.017162948846817017,5
multiband_fast_activity,-0.5,-0.16710281372070312,-0.8379336595535278,0.017162948846817017,5
multiband_fast_activity,-0.375,0.08959442377090454,-0.6109588742256165,0.12383931875228882,5
multiband_fast_activity,-0.25,-0.10378465056419373,-0.6109588742256165,0.12383931875228882,5
multiband_fast_activity,-0.125,-0.3031703233718872,-0.7659251391887665,-0.10378465056419373,5
multiband_fast_activity,0.0,-0.3031703233718872,-0.8052063286304474,0.23345991969108582,5
multiband_fast_activity,0.125,-0.2602962255477905,-1.14555823802948,0.2419155240058899,5
multiband_fast_activity,0.25,-0.2602962255477905,-1.2184110395610332,0.23068058490753174,5
multiband_fast_activity,0.375,-0.22881078720092773,-1.2690716031938791,-0.11568152904510498,5
multiband_fast_activity,0.5,-0.22881078720092773,-1.230135664343834,-0.20509696006774902,5
multiband_fast_activity,0.625,-0.20509696006774902,-1.230135664343834,-0.02092158794403076,5
multiband_fast_activity,0.75,-0.006946206092834473,-1.0456322729587555,0.015820622444152832,5
multiband_fast_activity,0.875,-0.11689367890357971,-1.280466303229332,0.04582136869430542,5
multiband_fast_activity,1.0,-0.1281326413154602,-1.4024502635002136,-0.006946206092834473,5
multiband_fast_activity,1.125,-0.1281326413154602,-1.4780534952878952,0.01047593355178833,5
multiband_fast_activity,1.25,-0.1281326413154602,-1.571298897266388,0.01047593355178833,5
multiband_fast_activity,1.375,-0.10499691963195801,-1.571298897266388,0.07389938831329346,5
multiband_fast_activity,1.5,-0.10499691963195801,-1.0916516482830048,0.285968542098999,5
multiband_fast_activity,1.625,0.01567816734313965,-1.0916516482830048,0.42017698287963867,5
multiband_fast_activity,1.75,0.01567816734313965,-1.0509957522153854,0.4195302128791809,5
multiband_fast_activity,1.875,0.03336668014526367,-1.0509957522153854,0.48454785346984863,5
multiband_fast_activity,2.0,0.03336668014526367,-1.0509957522153854,1.2128524482250214,5
multiband_fast_activity,2.125,0.16647332906723022,-1.144441083073616,1.1442645490169525,5
multiband_fast_activity,2.25,0.16647332906723022,-1.144441083073616,1.1442645490169525,5
multiband_fast_activity,2.375,0.08377724885940552,-0.9924373030662537,1.128109097480774,5
multiband_fast_activity,2.5,0.08377724885940552,-0.9924373030662537,0.32415470480918884,5
multiband_fast_activity,2.625,0.20596915483474731,-1.1518404334783554,0.32415470480918884,5
multiband_fast_activity,2.75,0.39043980836868286,-1.1518404334783554,0.604734867811203,5
multiband_fast_activity,2.875,0.604734867811203,-1.004254773259163,0.7031188607215881,5
multiband_fast_activity,3.0,0.5524130761623383,-1.004254773259163,1.1949533224105835,5
multiband_fast_activity,3.125,0.5524130761623383,-1.356392428278923,1.1949533224105835,5
multiband_fast_activity,3.25,1.2149505615234375,-1.356392428278923,1.3434503972530365,5
multiband_fast_activity,3.375,0.7474567294120789,-1.144097626209259,1.2149505615234375,5
multiband_fast_activity,3.5,0.6528856158256531,-1.144097626209259,1.2149505615234375,5
multiband_fast_activity,3.625,0.628110945224762,-1.2785141095519066,1.2860074043273926,5
multiband_fast_activity,3.75,0.5893170237541199,-1.2785141095519066,1.2860074043273926,5
multiband_fast_activity,3.875,0.5893170237541199,-1.018609493970871,1.2860074043273926,5
multiband_fast_activity,4.0,0.68120938539505,0.4456911087036133,1.4708881378173828,5
multiband_fast_activity,4.125,1.135298490524292,0.8092629313468933,1.5915343761444092,5
multiband_fast_activity,4.25,1.135298490524292,0.8092629313468933,1.5915343761444092,5
multiband_fast_activity,4.375,0.8825202584266663,-1.4861293733119965,0.8937406241893768,5
multiband_fast_activity,4.5,0.8074871897697449,-1.4861293733119965,0.8937406241893768,5
multiband_fast_activity,4.625,0.8074871897697449,-0.9680941700935364,1.1476300656795502,5
multiband_fast_activity,4.75,0.8074871897697449,-0.8482608795166016,1.2939257621765137,5
multiband_fast_activity,4.875,1.0244773030281067,-0.8241066932678223,1.2933337688446045,5
physiology_composite,-4.875,0.0,-0.1467447280883789,0.0,5
physiology_composite,-4.75,0.0,-0.026025056838989258,0.0,5
physiology_composite,-4.625,0.08292293548583984,0.07817208766937256,0.14830619096755981,5
physiology_composite,-4.5,0.17206817865371704,0.07817208766937256,0.18057018518447876,5
physiology_composite,-4.375,0.10902881622314453,-0.16682839393615723,0.18057018518447876,5
physiology_composite,-4.25,0.007923305034637451,-0.2412722110748291,0.14611345529556274,5
physiology_composite,-4.125,-0.12102437019348145,-0.16682839393615723,-0.057357966899871826,5
physiology_composite,-4.0,0.0,-0.057357966899871826,0.17177200317382812,5
physiology_composite,-3.875,0.0,-0.21243813633918762,0.17177200317382812,5
physiology_composite,-3.75,-0.17512911558151245,-0.31566423177719116,-0.16840970516204834,5
physiology_composite,-3.625,-0.34450092911720276,-0.522053062915802,-0.05060303211212158,5
physiology_composite,-3.5,-0.34450092911720276,-0.522053062915802,0.07283413410186768,5
physiology_composite,-3.375,0.23364663124084473,0.02249222993850708,0.7679744958877563,5
physiology_composite,-3.25,0.16305124759674072,0.11030852794647217,0.7679744958877563,5
physiology_composite,-3.125,-0.11461937427520752,-0.2798171639442444,-0.10679382085800171,5
physiology_composite,-3.0,-0.3380623459815979,-0.34056878089904785,-0.33516624569892883,5
physiology_composite,-2.875,-0.3380623459815979,-0.34056878089904785,-0.31633707880973816,5
physiology_composite,-2.75,0.15021264553070068,-0.31633707880973816,0.19669318199157715,5
physiology_composite,-2.625,0.236183762550354,-0.15813565254211426,0.35660111904144287,5
physiology_composite,-2.5,0.2782593369483948,0.05060303211212158,0.3941977024078369,5
physiology_composite,-2.375,0.2782593369483948,0.06254571676254272,0.3941977024078369,5
physiology_composite,-2.25,0.06254571676254272,-0.0012271404266357422,0.3941977024078369,5
physiology_composite,-2.125,-0.01964128017425537,-0.13672000169754028,0.26395463943481445,5
physiology_composite,-2.0,-0.13672000169754028,-0.17530235648155212,0.37861573696136475,5
physiology_composite,-1.875,-0.0236891508102417,-0.17530235648155212,0.37861573696136475,5
physiology_composite,-1.75,0.33356773853302,-0.17530235648155212,0.39472496509552,5
physiology_composite,-1.625,0.4923257827758789,0.2341664433479309,0.5275751352310181,5
physiology_composite,-1.5,0.39472496509552,0.3828505873680115,0.5136388540267944,5
physiology_composite,-1.375,0.46865957975387573,0.36328887939453125,0.4811582565307617,5
physiology_composite,-1.25,0.18159139156341553,0.13001275062561035,0.44438254833221436,5
physiology_composite,-1.125,-0.08514446020126343,-0.3609201908111572,0.0777251124382019,5
physiology_composite,-1.0,-0.08514446020126343,-0.8538196384906769,0.07673203945159912,5
physiology_composite,-0.875,-0.06529909372329712,-0.8538196384906769,0.0777251124382019,5
physiology_composite,-0.75,-0.020593702793121338,-0.8538196384906769,0.04712039232254028,5
physiology_composite,-0.625,-0.020593702793121338,-0.8678039610385895,0.08586055040359497,5
physiology_composite,-0.5,-0.020593702793121338,-0.9620425403118134,0.08586055040359497,5
physiology_composite,-0.375,-0.17815619707107544,-0.8604752123355865,0.16965734958648682,5
physiology_composite,-0.25,-0.25343114137649536,-0.6676576733589172,0.16965734958648682,5
physiology_composite,-0.125,-0.25343114137649536,-0.6082218885421753,0.0323178768157959,5
physiology_composite,0.0,0.010780394077301025,-0.6082218885421753,0.0323178768157959,5
physiology_composite,0.125,0.07249069213867188,-0.6866258978843689,0.12292081117630005,5
physiology_composite,0.25,0.10783064365386963,-0.7428808510303497,0.12292081117630005,5
physiology_composite,0.375,0.05465489625930786,-0.8752273619174957,0.10783064365386963,5
physiology_composite,0.5,-0.23431256413459778,-0.8752273619174957,0.12354403734207153,5
physiology_composite,0.625,-0.3146243989467621,-0.8638631403446198,0.28689461946487427,5
physiology_composite,0.75,-0.3850674629211426,-0.764541894197464,0.2000981569290161,5
physiology_composite,0.875,-0.3146243989467621,-0.8373434841632843,0.029282033443450928,5
physiology_composite,1.0,-0.25580736994743347,-0.8373434841632843,-0.053607404232025146,5
physiology_composite,1.125,-0.05890047550201416,-0.8373434841632843,0.06244230270385742,5
physiology_composite,1.25,-0.053607404232025146,-0.7208929657936096,0.06244230270385742,5
physiology_composite,1.375,-0.05890047550201416,-0.6369204521179199,0.08777546882629395,5
physiology_composite,1.5,-0.01679372787475586,-0.6369204521179199,0.24495702981948853,5
physiology_composite,1.625,0.24495702981948853,-0.6369204521179199,0.45205235481262207,5
physiology_composite,1.75,0.08578485250473022,-0.5638936758041382,0.10894834995269775,5
physiology_composite,1.875,-0.030062198638916016,-0.48587727546691895,0.10894834995269775,5
physiology_composite,2.0,-0.030062198638916016,-0.48587727546691895,0.523949146270752,5
physiology_composite,2.125,0.07413256168365479,-0.8767263889312744,0.10182571411132812,5
physiology_composite,2.25,0.07475006580352783,-0.8767263889312744,0.49742186069488525,5
physiology_composite,2.375,0.07475006580352783,-0.6634683609008789,0.49742186069488525,5
physiology_composite,2.5,0.1398540735244751,-0.6634683609008789,0.277083158493042,5
physiology_composite,2.625,0.05371493101119995,-0.8999353349208832,0.2287147045135498,5
physiology_composite,2.75,0.05371493101119995,-0.8999353349208832,0.2287147045135498,5
physiology_composite,2.875,-0.05695980787277222,-0.8190668225288391,0.17292273044586182,5
physiology_composite,3.0,-0.11788415908813477,-0.7388474941253662,0.2756759524345398,5
physiology_composite,3.125,-0.05695980787277222,-0.8190668225288391,0.2327823042869568,5
physiology_composite,3.25,0.11136704683303833,-0.9873691499233246,0.2756759524345398,5
physiology_composite,3.375,0.04852139949798584,-1.0492855310440063,0.2327823042869568,5
physiology_composite,3.5,-0.003563404083251953,-1.109284371137619,0.04852139949798584,5
physiology_composite,3.625,-0.003563404083251953,-1.109284371137619,0.32104194164276123,5
physiology_composite,3.75,-0.003563404083251953,-0.6452972292900085,0.4562493562698364,5
physiology_composite,3.875,0.025893092155456543,-0.585892379283905,0.4838372468948364,5
physiology_composite,4.0,0.47458094358444214,-0.1828540563583374,0.7162903547286987,5
physiology_composite,4.125,0.5988166332244873,-0.1279517412185669,0.7317647337913513,5
physiology_composite,4.25,0.3735318183898926,-0.1279517412185669,0.7317647337913513,5
physiology_composite,4.375,0.3735318183898926,-0.8427117168903351,0.7299572825431824,5
physiology_composite,4.5,0.4361966848373413,-0.9337186515331268,0.7299572825431824,5
physiology_composite,4.625,0.4361966848373413,-0.9337186515331268,0.7299572825431824,5
physiology_composite,4.75,0.48303723335266113,-0.808099240064621,0.4878111481666565,5
physiology_composite,4.875,0.38602203130722046,-0.7682940661907196,0.5479656457901001,5
rhythmicity,-4.875,-0.20729464292526245,-0.22078090906143188,-0.1879851520061493,5
rhythmicity,-4.75,-0.37321343272924423,-0.47252701222896576,-0.3170786499977112,5
rhythmicity,-4.625,-0.37321343272924423,-0.47252701222896576,-0.3699982762336731,5
rhythmicity,-4.5,-0.2989753186702728,-0.38825321197509766,-0.2903873324394226,5
rhythmicity,-4.375,-0.05367165803909302,-0.2903873324394226,0.011974096298217773,5
rhythmicity,-4.25,0.0,-0.08631366491317749,0.2442360520362854,5
rhythmicity,-4.125,0.2442360520362854,-0.14591798186302185,0.31176334619522095,5
rhythmicity,-4.0,0.13327014446258545,0.0738825798034668,0.2389281988143921,5
rhythmicity,-3.875,0.1532023549079895,0.0848381519317627,0.20375794172286987,5
rhythmicity,-3.75,0.1532023549079895,0.0848381519317627,0.20375794172286987,5
rhythmicity,-3.625,0.16457045078277588,0.06836843490600586,0.3851345181465149,5
rhythmicity,-3.5,0.16457045078277588,0.04710608720779419,0.3851345181465149,5
rhythmicity,-3.375,0.06836843490600586,0.024395406246185303,0.1161467432975769,5
rhythmicity,-3.25,0.08626538515090942,-0.3154343068599701,0.1161467432975769,5
rhythmicity,-3.125,0.0382654070854187,-0.22767597436904907,0.08626538515090942,5
rhythmicity,-3.0,0.008918821811676025,-0.26081445813179016,0.2462751269340515,5
rhythmicity,-2.875,-0.08076488971710205,-0.22767597436904907,0.42639225721359253,5
rhythmicity,-2.75,0.0589253306388855,0.04370611906051636,0.42639225721359253,5
rhythmicity,-2.625,0.0589253306388855,0.04370611906051636,0.11916965246200562,5
rhythmicity,-2.5,0.013392627239227295,-0.09101492166519165,0.2950577139854431,5
rhythmicity,-2.375,-0.11267608404159546,-0.25978150963783264,0.2950577139854431,5
rhythmicity,-2.25,-0.11267608404159546,-0.25978150963783264,-0.023786306381225586,5
rhythmicity,-2.125,0.0,-0.0652952790260315,0.0,5
rhythmicity,-2.0,0.0,-0.04710608720779419,0.0,5
rhythmicity,-1.875,-0.10656493902206421,-0.17620235681533813,-0.04710608720779419,5
rhythmicity,-1.75,-0.10656493902206421,-0.17620235681533813,-0.01812809705734253,5
rhythmicity,-1.625,-0.01812809705734253,-0.10436302423477173,0.40701407194137573,5
rhythmicity,-1.5,-0.04761207103729248,-0.06411182880401611,0.281621515750885,5
rhythmicity,-1.375,-0.060581743717193604,-0.10436302423477173,0.01646137237548828,5
rhythmicity,-1.25,-0.05088013410568237,-0.4160928726196289,-0.040933310985565186,5
rhythmicity,-1.125,0.02170509099960327,-0.060463905334472656,0.049610674381256104,5
rhythmicity,-1.0,-0.060463905334472656,-0.19013845920562744,0.16200929880142212,5
rhythmicity,-0.875,-0.060463905334472656,-0.2782917320728302,0.30397653579711914,5
rhythmicity,-0.75,-0.19486665725708008,-0.27755141258239746,0.30397653579711914,5
rhythmicity,-0.625,0.11276501417160034,-0.16928225755691528,0.12418687343597412,5
rhythmicity,-0.5,0.11276501417160034,-0.15171217918395996,0.12418687343597412,5
rhythmicity,-0.375,0.062123000621795654,-0.004372894763946533,0.12418687343597412,5
rhythmicity,-0.25,0.11812001466751099,0.0586584210395813,0.12400227785110474,5
rhythmicity,-0.125,-0.010455846786499023,-0.04395747184753418,0.19130581617355347,5
rhythmicity,0.0,-0.010455846786499023,-0.04395747184753418,0.10583460330963135,5
rhythmicity,0.125,-0.010455846786499023,-0.06872040033340454,-0.008931010961532593,5
rhythmicity,0.25,-0.055618226528167725,-0.06872040033340454,-0.008931010961532593,5
rhythmicity,0.375,-0.06872040033340454,-0.10708194971084595,-0.055618226528167725,5
rhythmicity,0.5,-0.14452272653579712,-0.15757739543914795,-0.055618226528167725,5
rhythmicity,0.625,-0.049929022789001465,-0.21195703744888306,-0.049015164375305176,5
rhythmicity,0.75,0.05790072679519653,-0.044858574867248535,0.1319919228553772,5
rhythmicity,0.875,0.08367401361465454,0.05790072679519653,0.1319919228553772,5
rhythmicity,1.0,-0.01957380771636963,-0.03343230485916138,0.08367401361465454,5
rhythmicity,1.125,-0.08019798994064331,-0.0990409255027771,-0.061910927295684814,5
rhythmicity,1.25,-0.0990409255027771,-0.10047131776809692,-0.09866136312484741,5
rhythmicity,1.375,0.0630960464477539,-0.08019798994064331,0.13715821504592896,5
rhythmicity,1.5,0.10139387845993042,-0.0280953049659729,0.1739943027496338,5
rhythmicity,1.625,0.0630960464477539,-0.0280953049659729,0.13715821504592896,5
rhythmicity,1.75,-0.10989236831665039,-0.14917057752609253,0.030792713165283203,5
rhythmicity,1.875,-0.14917057752609253,-0.21060168743133545,0.019174635410308838,5
rhythmicity,2.0,-0.10989236831665039,-0.35929208248853683,-0.07764744758605957,5
rhythmicity,2.125,-0.03578460216522217,-0.07764744758605957,0.11438864469528198,5
rhythmicity,2.25,0.1924089789390564,-0.13202577829360962,0.6383185982704163,5
rhythmicity,2.375,-0.155450701713562,-0.16923755407333374,0.1924089789390564,5
rhythmicity,2.5,-0.16762769222259521,-0.16923755407333374,0.07430124282836914,5
rhythmicity,2.625,0.07430124282836914,-0.1666121482849121,0.6512890458106995,5
rhythmicity,2.75,0.03353917598724365,-0.1666121482849121,0.6512890458106995,5
rhythmicity,2.875,0.04254961013793945,-0.05629211664199829,0.31233716011047363,5
rhythmicity,3.0,0.04254961013793945,-0.05629211664199829,0.23253750801086426,5
rhythmicity,3.125,0.023265600204467773,-0.06680625677108765,0.31233716011047363,5
rhythmicity,3.25,0.2771732211112976,-0.13400310277938843,0.3194008469581604,5
rhythmicity,3.375,0.15188997983932495,-0.1362583041191101,0.3194008469581604,5
rhythmicity,3.5,0.11616510152816772,-0.10333514213562012,0.15188997983932495,5
rhythmicity,3.625,0.10358154773712158,0.10157948732376099,0.2932669520378113,5
rhythmicity,3.75,0.10358154773712158,0.008825361728668213,0.5983780026435852,5
rhythmicity,3.875,-0.10408157110214233,-0.13073468208312988,0.6989650130271912,5
rhythmicity,4.0,-0.16230899095535278,-0.3267673850059509,0.7948935627937317,5
rhythmicity,4.125,-0.2779432237148285,-0.34903332591056824,0.5792527794837952,5
rhythmicity,4.25,-0.1973780393600464,-0.34903332591056824,-0.00886949896812439,5
rhythmicity,4.375,-0.1973780393600464,-0.3400970697402954,-0.00886949896812439,5
rhythmicity,4.5,0.08791095018386841,0.009583711624145508,0.09351569414138794,5
rhythmicity,4.625,0.08791095018386841,0.009583711624145508,0.09351569414138794,5
rhythmicity,4.75,-0.2941335588693619,-0.37718161940574646,-0.2665526270866394,5
rhythmicity,4.875,-0.2941335588693619,-0.4056427776813507,-0.23836803436279297,5
ripple_power,-4.875,-0.05115145444869995,-2.111938178539276,0.0,5
ripple_power,-4.75,0.0026873350143432617,-1.1940470933914185,0.45091116428375244,5
ripple_power,-4.625,0.0026873350143432617,0.0,0.5867840051651001,5
ripple_power,-4.5,-0.003442525863647461,-0.11225063353776932,0.0,5
ripple_power,-4.375,-0.34532827138900757,-0.6724755764007568,-0.13208246231079102,5
ripple_power,-4.25,-0.34532827138900757,-0.8667925596237183,-0.17970681190490723,5
ripple_power,-4.125,-0.35265666246414185,-0.8179323673248291,-0.2222725749015808,5
ripple_power,-4.0,-0.0445934534072876,-0.304096519947052,0.5777444839477539,5
ripple_power,-3.875,-0.1571207046508789,-0.33015358448028564,1.0972058773040771,5
ripple_power,-3.75,-0.33015358448028564,-0.38547447323799133,1.0972058773040771,5
ripple_power,-3.625,-0.11564570665359497,-0.23057767748832703,0.34442925453186035,5
ripple_power,-3.5,0.09860658645629883,-0.23057767748832703,0.23388934135437012,5
ripple_power,-3.375,0.05741167068481445,-0.19898879528045654,0.06396079063415527,5
ripple_power,-3.25,-0.19898879528045654,-0.2181415557861328,0.09860658645629883,5
ripple_power,-3.125,0.05741167068481445,0.004250016063451767,0.06396079063415527,5
ripple_power,-3.0,0.003442525863647461,-0.1323975920677185,0.14063403010368347,5
ripple_power,-2.875,0.03672623634338379,-0.08152222633361816,0.6079159379005432,5
ripple_power,-2.75,0.32989275455474854,-0.08152222633361816,0.7512261867523193,5
ripple_power,-2.625,0.8908777236938477,0.7413063049316406,0.989334225654602,5
ripple_power,-2.5,0.9023647308349609,0.8908777236938477,0.989334225654602,5
ripple_power,-2.375,0.6906661987304688,0.5434030890464783,0.9023647308349609,5
ripple_power,-2.25,0.15792511403560638,-0.1541309356689453,0.41408324241638184,5
ripple_power,-2.125,0.05174312740564346,-0.1541309356689453,0.41408324241638184,5
ripple_power,-2.0,-0.19059967994689941,-0.19621092081069946,-0.138045072555542,5
ripple_power,-1.875,-0.11487531661987305,-0.19621092081069946,0.14789032936096191,5
ripple_power,-1.75,0.14789032936096191,-0.11487531661987305,0.3234034776687622,5
ripple_power,-1.625,-0.2600771188735962,-0.268376886844635,0.09588479995727539,5
ripple_power,-1.5,-0.3087676763534546,-0.8188594579696655,0.17893779277801514,5
ripple_power,-1.375,-0.4332505762577057,-1.3394147753715515,0.09997117519378662,5
ripple_power,-1.25,-0.4332505762577057,-1.3394147753715515,0.09997117519378662,5
ripple_power,-1.125,-0.33823662996292114,-1.3198277950286865,0.030111730098724365,5
ripple_power,-1.0,-0.33823662996292114,-1.3198277950286865,0.019825100898742676,5
ripple_power,-0.875,-0.47227737307548523,-1.6775628924369812,0.019825100898742676,5
ripple_power,-0.75,-0.5691074132919312,-1.8541933000087738,-0.17292094230651855,5
ripple_power,-0.625,-0.5691074132919312,-1.8541933000087738,-0.4310383200645447,5
ripple_power,-0.5,-0.5569544434547424,-1.7131847739219666,-0.5503396093845367,5
ripple_power,-0.375,-0.4310383200645447,-1.4597294926643372,-0.12992525100708008,5
ripple_power,-0.25,-0.03809427097439766,-1.1808284521102905,0.266548752784729,5
ripple_power,-0.125,0.013778988271951675,-0.968106746673584,0.2867943048477173,5
ripple_power,0.0,0.49760472774505615,-0.968106746673584,0.5640415549278259,5
ripple_power,0.125,0.4016411304473877,-1.7575923204421997,0.9201769828796387,5
ripple_power,0.25,0.4016411304473877,-2.821251153945923,0.9201769828796387,5
ripple_power,0.375,-0.06539934873580933,-2.821251153945923,0.2702068090438843,5
ripple_power,0.5,-0.2465001940727234,-2.1856355853378773,-0.21734142303466797,5
ripple_power,0.625,-0.32546231150627136,-2.1856355853378773,-0.2465001940727234,5
ripple_power,0.75,-0.35620105266571045,-2.3171989768743515,-0.09478086233139038,5
ripple_power,0.875,-0.45124009251594543,-2.3171989768743515,0.2605135440826416,5
ripple_power,1.0,-0.45124009251594543,-1.9991349577903748,0.2605135440826416,5
ripple_power,1.125,-0.09326636046171188,-1.9991349577903748,0.2605135440826416,5
ripple_power,1.25,-0.09326636046171188,-2.780934453010559,0.1319989562034607,5
ripple_power,1.375,-0.09326636046171188,-2.9556881189346313,0.11560535430908203,5
ripple_power,1.5,0.070160411298275,-2.9556881189346313,0.11560535430908203,5
ripple_power,1.625,0.28463447093963623,-2.1077785417437553,0.5810480117797852,5
ripple_power,1.75,0.4488544464111328,-2.1077785417437553,0.4810671806335449,5
ripple_power,1.875,0.36826765537261963,-2.4594743847846985,0.8331328630447388,5
ripple_power,2.0,0.36826765537261963,-2.6139438450336456,0.5383058786392212,5
ripple_power,2.125,0.2934349775314331,-2.7626145482063293,0.5383058786392212,5
ripple_power,2.25,0.2934349775314331,-2.853687882423401,0.36682963371276855,5
ripple_power,2.375,0.36682963371276855,-2.8223180770874023,0.4134213626384735,5
ripple_power,2.5,-0.23035761713981628,-2.8223180770874023,0.49865102767944336,5
ripple_power,2.625,-0.47649508714675903,-2.6130433678627014,0.49865102767944336,5
ripple_power,2.75,-0.47649508714675903,-2.6130433678627014,0.927137017250061,5
ripple_power,2.875,-0.3954010605812073,-2.8242772817611694,0.927137017250061,5
ripple_power,3.0,-0.31715986132621765,-3.104199707508087,0.8986907005310059,5
ripple_power,3.125,-0.1985536813735962,-2.8242772817611694,0.8986907005310059,5
ripple_power,3.25,0.25711357593536377,-2.249734193086624,1.0062135457992554,5
ripple_power,3.375,1.2360248565673828,-2.249734193086624,1.4207324981689453,5
ripple_power,3.5,1.4207324981689453,-2.508316159248352,1.4588373899459839,5
ripple_power,3.625,1.2905356884002686,-2.8022507429122925,1.7496033906936646,5
ripple_power,3.75,1.072561264038086,-2.83136248588562,1.966976523399353,5
ripple_power,3.875,0.7251051664352417,-2.9723023176193237,1.966976523399353,5
ripple_power,4.0,0.46856918931007385,-2.9723023176193237,0.7251051664352417,5
ripple_power,4.125,0.46856918931007385,-2.7541858553886414,0.7835930585861206,5
ripple_power,4.25,0.46856918931007385,-2.7541858553886414,0.8936554193496704,5
ripple_power,4.375,-0.1108839362859726,-2.823119819164276,0.8936554193496704,5
ripple_power,4.5,-0.1108839362859726,-2.8571473956108093,0.6337559223175049,5
ripple_power,4.625,0.4708249270915985,-2.8571473956108093,0.6337559223175049,5
ripple_power,4.75,0.6005840301513672,-2.7697024941444397,0.7212320566177368,5
ripple_power,4.875,0.7212320566177368,-2.622870981693268,0.8101773262023926,5
rms_change,-4.875,-0.04031336307525635,-0.15600281953811646,-0.039238810539245605,5
rms_change,-4.75,-0.0010587573051452637,-0.028038859367370605,0.0,5
rms_change,-4.625,-0.0010587573051452637,-0.028038859367370605,0.0,5
rms_change,-4.5,-0.058943331241607666,-0.3441276550292969,0.0009535551071166992,5
rms_change,-4.375,-0.058943331241607666,-0.3441276550292969,0.006646275520324707,5
rms_change,-4.25,-0.04596894979476929,-0.15916836261749268,0.006646275520324707,5
rms_change,-4.125,0.006646275520324707,-0.15916836261749268,0.11502230167388916,5
rms_change,-4.0,-0.15583884716033936,-0.20401263236999512,0.11502230167388916,5
rms_change,-3.875,-0.04967731237411499,-0.15583884716033936,-0.034233927726745605,5
rms_change,-3.75,-0.04967731237411499,-0.15583884716033936,0.0,5
rms_change,-3.625,0.46446239948272705,-0.0009535551071166992,0.7334375977516174,5
rms_change,-3.5,0.46446239948272705,-0.0009535551071166992,0.7334375977516174,5
rms_change,-3.375,-0.05122143030166626,-0.10358929634094238,0.3935575485229492,5
rms_change,-3.25,0.08110356330871582,-0.2193073034286499,0.5382864475250244,5
rms_change,-3.125,0.08110356330871582,-0.4392101764678955,0.5382864475250244,5
rms_change,-3.0,-0.01630985736846924,-0.4392101764678955,0.0,5
rms_change,-2.875,0.0,-0.03176414966583252,0.0010587573051452637,5
rms_change,-2.75,0.09382021427154541,0.0,0.12933498620986938,5
rms_change,-2.625,0.09382021427154541,0.012702703475952148,0.1371055245399475,5
rms_change,-2.5,0.09382021427154541,0.012702703475952148,0.1371055245399475,5
rms_change,-2.375,0.12321019172668457,-0.07881128787994385,0.1371055245399475,5
rms_change,-2.25,0.12321019172668457,-0.07881128787994385,0.13535231351852417,5
rms_change,-2.125,0.2229064702987671,0.14685237407684326,0.24548405408859253,5
rms_change,-2.0,0.14685237407684326,0.13535231351852417,0.2614401578903198,5
rms_change,-1.875,0.1157524585723877,0.052696049213409424,0.2229064702987671,5
rms_change,-1.75,0.052696049213409424,-0.32109951972961426,0.1157524585723877,5
rms_change,-1.625,0.16072779893875122,-0.12957608699798584,0.19990789890289307,5
rms_change,-1.5,0.27630090713500977,0.19990789890289307,0.3706784248352051,5
rms_change,-1.375,0.27630090713500977,0.16072779893875122,0.3706784248352051,5
rms_change,-1.25,0.11010706424713135,-0.07473248243331909,0.17521822452545166,5
rms_change,-1.125,-0.07473248243331909,-0.14816498756408691,0.17521822452545166,5
rms_change,-1.0,0.15154516696929932,0.11371362209320068,0.27831876277923584,5
rms_change,-0.875,0.15154516696929932,0.11371362209320068,0.27831876277923584,5
rms_change,-0.75,-0.021311402320861816,-0.09112000465393066,0.050092458724975586,5
rms_change,-0.625,-0.021311402320861816,-0.09112000465393066,0.050092458724975586,5
rms_change,-0.5,0.3431586027145386,0.050092458724975586,0.48962050676345825,5
rms_change,-0.375,0.3226654529571533,-0.07484173774719238,0.48962050676345825,5
rms_change,-0.25,0.17837071418762207,-0.07484173774719238,0.24523532390594482,5
rms_change,-0.125,-0.16069191694259644,-0.19193542003631592,0.0940924882888794,5
rms_change,0.0,-0.16069191694259644,-0.19722521305084229,-0.10479700565338135,5
rms_change,0.125,-0.22944903373718262,-0.2637614607810974,-0.1478351354598999,5
rms_change,0.25,-0.22944903373718262,-0.2637614607810974,-0.10479700565338135,5
rms_change,0.375,-0.0347217321395874,-0.2637614607810974,0.25107908248901367,5
rms_change,0.5,0.12561070919036865,-0.37300920486450195,0.410833477973938,5
rms_change,0.625,0.12561070919036865,-0.25154584646224976,0.410833477973938,5
rms_change,0.75,0.12561070919036865,-0.18160098791122437,0.1801314353942871,5
rms_change,0.875,0.14188134670257568,-0.167829692363739,0.1801314353942871,5
rms_change,1.0,0.14188134670257568,-0.048234641551971436,0.26608049869537354,5
rms_change,1.125,0.06713485717773438,-0.02618783712387085,0.41734564304351807,5
rms_change,1.25,0.0968427062034607,0.061304330825805664,0.8798295259475708,5
rms_change,1.375,0.049566030502319336,0.016996562480926514,0.7357901334762573,5
rms_change,1.5,0.0968427062034607,0.06839978694915771,0.28337013721466064,5
rms_change,1.625,-0.018312454223632812,-0.07461059093475342,0.016996562480926514,5
rms_change,1.75,-0.0773497223854065,-0.19563770294189453,-0.018312454223632812,5
rms_change,1.875,-0.0773497223854065,-0.19563770294189453,-0.0003300905227661133,5
rms_change,2.0,-0.1705387830734253,-0.19563770294189453,-0.0003300905227661133,5
rms_change,2.125,-0.0041980743408203125,-0.16570717096328735,0.022181987762451172,5
rms_change,2.25,0.06258285045623779,-0.32702547311782837,0.25968360900878906,5
rms_change,2.375,0.10782086849212646,-0.16570717096328735,0.2455521821975708,5
rms_change,2.5,0.04120469093322754,-0.07142609357833862,0.06258285045623779,5
rms_change,2.625,-0.028370022773742676,-0.07142609357833862,0.04120469093322754,5
rms_change,2.75,-0.06521379947662354,-0.07709556818008423,1.2250593900680542,5
rms_change,2.875,-0.06521379947662354,-0.2493499517440796,1.7137020826339722,5
rms_change,3.0,-0.07504355907440186,-0.24874866008758545,1.7841147184371948,5
rms_change,3.125,-0.07504355907440186,-0.24874866008758545,2.0173310041427612,5
rms_change,3.25,0.5038440227508545,0.009887278079986572,2.329288363456726,5
rms_change,3.375,0.8872921466827393,0.7935376167297363,2.329288363456726,5
rms_change,3.5,1.2960248589515686,1.139805793762207,1.8248900175094604,5
rms_change,3.625,1.2960248589515686,1.139805793762207,1.5843440294265747,5
rms_change,3.75,0.30602484941482544,0.29294049739837646,0.8976596593856812,5
rms_change,3.875,0.21081477403640747,0.17283260822296143,0.606592059135437,5
rms_change,4.0,0.28571462631225586,0.255873441696167,0.606592059135437,5
rms_change,4.125,0.255873441696167,0.24835145473480225,0.606592059135437,5
rms_change,4.25,0.24835145473480225,0.2258671522140503,0.543333888053894,5
rms_change,4.375,0.2796291708946228,0.24835145473480225,0.5171228647232056,5
rms_change,4.5,0.31658220291137695,0.2796291708946228,0.37023890018463135,5
rms_change,4.625,0.37023890018463135,0.2796291708946228,0.405727744102478,5
rms_change,4.75,0.405727744102478,-0.04298323392868042,0.4714013338088989,5
rms_change,4.875,0.13491547107696533,-0.1527310013771057,0.5501827001571655,5
spectral_centroid,-4.875,0.5130500793457031,0.13757622241973877,0.6570477485656738,5
spectral_centroid,-4.75,0.9599497318267822,0.5896527767181396,0.9949600696563721,5
spectral_centroid,-4.625,0.9599497318267822,0.31533491611480713,0.9949600696563721,5
spectral_centroid,-4.5,0.20294785499572754,0.14145660400390625,0.7028517723083496,5
spectral_centroid,-4.375,-0.1532435417175293,-0.925335168838501,0.16471493244171143,5
spectral_centroid,-4.25,-0.35749495029449463,-1.1002061367034912,0.0,5
spectral_centroid,-4.125,-0.5551931858062744,-1.2508444786071777,-0.35749495029449463,5
spectral_centroid,-4.0,-0.49553442001342773,-0.5551931858062744,-0.3803821802139282,5
spectral_centroid,-3.875,0.0,-0.49553442001342773,0.1603754758834839,5
spectral_centroid,-3.75,0.0,-0.8279742002487183,0.1603754758834839,5
spectral_centroid,-3.625,-0.9272241592407227,-2.0778671503067017,0.0,5
spectral_centroid,-3.5,-0.9272241592407227,-2.0778671503067017,0.0,5
spectral_centroid,-3.375,0.056910037994384766,-0.2913527488708496,0.6213150024414062,5
spectral_centroid,-3.25,0.27006638050079346,0.056910037994384766,0.27884185314178467,5
spectral_centroid,-3.125,-0.9243705868721008,-0.9490628242492676,0.22495925426483154,5
spectral_centroid,-3.0,-0.9243705868721008,-1.6904985904693604,-0.5160470008850098,5
spectral_centroid,-2.875,-1.295554711483419,-1.6904985904693604,-1.085993155837059,5
spectral_centroid,-2.75,-0.2604484558105469,-1.08914315700531,0.0,5
spectral_centroid,-2.625,0.19215989112854004,-1.0843285918235779,0.5096757411956787,5
spectral_centroid,-2.5,1.267304539680481,0.17096209526062012,1.3719193935394287,5
spectral_centroid,-2.375,1.3719193935394287,0.0018200874328613281,1.5713480710983276,5
spectral_centroid,-2.25,0.9982202053070068,-0.24985921382904053,1.0506007671356201,5
spectral_centroid,-2.125,-0.24985921382904053,-0.848517894744873,0.9982202053070068,5
spectral_centroid,-2.0,-0.24985921382904053,-0.848517894744873,1.2295501232147217,5
spectral_centroid,-1.875,-0.44748783111572266,-0.4505780339241028,2.3828132152557373,5
spectral_centroid,-1.75,0.3145061731338501,-0.44748783111572266,3.579928159713745,5
spectral_centroid,-1.625,0.6087749004364014,0.1926206350326538,3.9047133922576904,5
spectral_centroid,-1.5,2.522554039955139,0.6168210506439209,2.5584914684295654,5
spectral_centroid,-1.375,2.0216047763824463,0.6168210506439209,2.153865098953247,5
spectral_centroid,-1.25,0.9330751895904541,0.6168210506439209,1.098684549331665,5
spectral_centroid,-1.125,0.04907333850860596,-1.2551010847091675,0.2219294309616089,5
spectral_centroid,-1.0,-0.24526596069335938,-3.0328414738178253,-0.09191977977752686,5
spectral_centroid,-0.875,-0.15096068382263184,-3.0328414738178253,-0.09191977977752686,5
spectral_centroid,-0.75,-0.15096068382263184,-2.39618456363678,-0.014924287796020508,5
spectral_centroid,-0.625,-0.033930063247680664,-2.39618456363678,0.35867011547088623,5
spectral_centroid,-0.5,-0.033930063247680664,-3.181395374238491,0.37796902656555176,5
spectral_centroid,-0.375,-0.49967455863952637,-3.181395374238491,0.8209731578826904,5
spectral_centroid,-0.25,-0.49967455863952637,-2.751776337623596,0.6816105842590332,5
spectral_centroid,-0.125,-0.2975733280181885,-1.2496684789657593,0.13307154178619385,5
spectral_centroid,0.0,-0.13715195655822754,-1.2496684789657593,0.1309800148010254,5
spectral_centroid,0.125,-0.15285372734069824,-1.3249560594558716,0.345744252204895,5
spectral_centroid,0.25,-0.15285372734069824,-2.1444212794303894,0.44267332553863525,5
spectral_centroid,0.375,0.44267332553863525,-2.123207688331604,0.8044463396072388,5
spectral_centroid,0.5,-0.1383744478225708,-2.123207688331604,1.0575982332229614,5
spectral_centroid,0.625,-0.43925774097442627,-2.123207688331604,1.0444986820220947,5
spectral_centroid,0.75,-0.5950582027435303,-1.7166261672973633,0.3082554340362549,5
spectral_centroid,0.875,-0.5950582027435303,-2.226963520050049,0.1814579963684082,5
spectral_centroid,1.0,-0.5034405589103699,-2.12674617767334,-0.00985860824584961,5
spectral_centroid,1.125,-0.043860793113708496,-2.200303614139557,0.12226343154907227,5
spectral_centroid,1.25,-0.043860793113708496,-2.0589629411697388,0.12226343154907227,5
spectral_centroid,1.375,-0.2729147672653198,-1.288779616355896,0.1214590072631836,5
spectral_centroid,1.5,-0.2729147672653198,-1.288779616355896,-0.002257704734802246,5
spectral_centroid,1.625,-0.054796695709228516,-1.181377649307251,0.8806483745574951,5
spectral_centroid,1.75,-0.3204358220100403,-0.9179604053497314,0.47127723693847656,5
spectral_centroid,1.875,-0.3204358220100403,-0.8854217529296875,0.39360177516937256,5
spectral_centroid,2.0,0.47127723693847656,-0.8854217529296875,0.7825632095336914,5
spectral_centroid,2.125,-0.048278212547302246,-2.510300934314728,0.7179998159408569,5
spectral_centroid,2.25,-0.33352696895599365,-2.510300934314728,-0.09296596050262451,5
spectral_centroid,2.375,-0.33352696895599365,-1.7263778448104858,-0.18141281604766846,5
spectral_centroid,2.5,-0.4992768168449402,-1.7263778448104858,-0.18141281604766846,5
spectral_centroid,2.625,-1.125751607120037,-2.2713194489479065,-0.4217345118522644,5
spectral_centroid,2.75,-1.125751607120037,-2.368216872215271,-0.44381749629974365,5
spectral_centroid,2.875,-1.016911968588829,-2.347074508666992,-0.44381749629974365,5
spectral_centroid,3.0,-1.016911968588829,-2.0083919763565063,-0.9689093232154846,5
spectral_centroid,3.125,-1.016911968588829,-2.0083919763565063,-0.9689093232154846,5
spectral_centroid,3.25,-0.9689093232154846,-2.734375536441803,-0.7669488191604614,5
spectral_centroid,3.375,-1.422352284193039,-3.040918469429016,-0.5036553144454956,5
spectral_centroid,3.5,-1.422352284193039,-3.114545179530978,-0.39052069187164307,5
spectral_centroid,3.625,-1.308191891759634,-3.040918469429016,-0.6235516667366028,5
spectral_centroid,3.75,-0.6235516667366028,-2.226901412010193,-0.061181068420410156,5
spectral_centroid,3.875,-0.3695654273033142,-1.5324358940124512,-0.29591846466064453,5
spectral_centroid,4.0,-0.957632303237915,-0.9980833530426025,0.4088500738143921,5
spectral_centroid,4.125,-0.8461530208587646,-0.957632303237915,1.7662177085876465,5
spectral_centroid,4.25,-0.8461530208587646,-1.1299709975719452,1.7662177085876465,5
spectral_centroid,4.375,-0.3950667381286621,-2.4265490770339966,1.1516430377960205,5
spectral_centroid,4.5,-0.18739616870880127,-2.5772759914398193,0.8679475784301758,5
spectral_centroid,4.625,-0.3950667381286621,-2.5772759914398193,0.6656200885772705,5
spectral_centroid,4.75,-0.7766388058662415,-2.501441478729248,0.7739415168762207,5
spectral_centroid,4.875,-0.8390202522277832,-2.1698243021965027,0.6324710845947266,5
spectral_entropy_change,-4.875,-0.08112514019012451,-0.10915470123291016,0.002910137176513672,5
spectral_entropy_change,-4.75,0.002910137176513672,-0.023290395736694336,0.2998095750808716,5
spectral_entropy_change,-4.625,0.19609606266021729,0.0,0.19969725608825684,5
spectral_entropy_change,-4.5,0.006067872047424316,-0.05392575263977051,0.07923078536987305,5
spectral_entropy_change,-4.375,-0.3684960603713989,-0.42278122901916504,-0.05392575263977051,5
spectral_entropy_change,-4.25,-0.3684960603713989,-0.5046588182449341,-0.05392575263977051,5
spectral_entropy_change,-4.125,-0.3411797285079956,-0.42278122901916504,-0.330469012260437,5
spectral_entropy_change,-4.0,-0.1503845453262329,-0.330469012260437,-0.0008901357650756836,5
spectral_entropy_change,-3.875,-0.12485206127166748,-0.1503845453262329,0.0,5
spectral_entropy_change,-3.75,0.0,0.0,0.0,5
spectral_entropy_change,-3.625,-0.023726701736450195,-0.23125851154327393,-0.008103013038635254,5
spectral_entropy_change,-3.5,0.0,-0.023726701736450195,0.0,5
spectral_entropy_change,-3.375,0.06463932991027832,-0.023726701736450195,0.28845036029815674,5
spectral_entropy_change,-3.25,0.28845036029815674,0.09878838062286377,0.35539937019348145,5
spectral_entropy_change,-3.125,-0.12184739112854004,-0.21569907665252686,0.030914664268493652,5
spectral_entropy_change,-3.0,0.008867263793945312,-0.39536046981811523,0.1256577968597412,5
spectral_entropy_change,-2.875,0.008867263793945312,-0.32116544246673584,0.27409160137176514,5
spectral_entropy_change,-2.75,-0.1986781358718872,-0.22180449962615967,0.27409160137176514,5
spectral_entropy_change,-2.625,0.3896348476409912,0.026380419731140137,0.42344820499420166,5
spectral_entropy_change,-2.5,0.023290395736694336,0.01875936985015869,0.3609353303909302,5
spectral_entropy_change,-2.375,0.04937124252319336,0.027797341346740723,0.36126160621643066,5
spectral_entropy_change,-2.25,0.04937124252319336,-0.14873135089874268,0.3609353303909302,5
spectral_entropy_change,-2.125,-0.14873135089874268,-0.3769678473472595,0.36126160621643066,5
spectral_entropy_change,-2.0,0.16106069087982178,-0.1495119333267212,0.5170001983642578,5
spectral_entropy_change,-1.875,0.23308849334716797,-0.24729251861572266,1.1235872507095337,5
spectral_entropy_change,-1.75,0.16106069087982178,-0.024834036827087402,1.438604474067688,5
spectral_entropy_change,-1.625,0.34991538524627686,0.17653512954711914,1.438604474067688,5
spectral_entropy_change,-1.5,0.34991538524627686,0.3371915817260742,1.2213376760482788,5
spectral_entropy_change,-1.375,0.6286484003067017,0.34991538524627686,0.7679429054260254,5
spectral_entropy_change,-1.25,0.6286484003067017,0.09942162036895752,0.6390184164047241,5
spectral_entropy_change,-1.125,-0.0316009521484375,-0.268947958946228,0.09069490432739258,5
spectral_entropy_change,-1.0,-0.21797049045562744,-0.2457348108291626,-0.21569061279296875,5
spectral_entropy_change,-0.875,-0.2457348108291626,-0.29254150390625,-0.21797049045562744,5
spectral_entropy_change,-0.75,-0.21569061279296875,-0.2457348108291626,-0.05108773708343506,5
spectral_entropy_change,-0.625,-0.18082237243652344,-0.36966943740844727,-0.02352118492126465,5
spectral_entropy_change,-0.5,-0.09331703186035156,-0.36966943740844727,0.11385321617126465,5
spectral_entropy_change,-0.375,0.09803152084350586,-0.40540993213653564,0.23994910717010498,5
spectral_entropy_change,-0.25,0.09803152084350586,-0.1519836187362671,0.16340088844299316,5
spectral_entropy_change,-0.125,0.09803152084350586,-0.46013331413269043,0.16340088844299316,5
spectral_entropy_change,0.0,0.11939465999603271,-0.3973168134689331,0.16340088844299316,5
spectral_entropy_change,0.125,-0.06410276889801025,-0.3973168134689331,0.1470087766647339,5
spectral_entropy_change,0.25,-0.06410276889801025,-0.1226433515548706,0.37096548080444336,5
spectral_entropy_change,0.375,-0.03824961185455322,-0.1226433515548706,0.37096548080444336,5
spectral_entropy_change,0.5,-0.019452929496765137,-0.1226433515548706,0.2588949203491211,5
spectral_entropy_change,0.625,-0.019452929496765137,-0.35200953483581543,0.2339165210723877,5
spectral_entropy_change,0.75,-0.03387951850891113,-0.24776315689086914,0.15434706211090088,5
spectral_entropy_change,0.875,-0.2598452568054199,-0.37527191638946533,0.15434706211090088,5
spectral_entropy_change,1.0,-0.03387951850891113,-0.2598452568054199,-0.004402041435241699,5
spectral_entropy_change,1.125,-0.16654527187347412,-0.3779250383377075,-0.03887331485748291,5
spectral_entropy_change,1.25,-0.25192582607269287,-0.3779250383377075,-0.03887331485748291,5
spectral_entropy_change,1.375,0.027250051498413086,-0.03887331485748291,0.028169989585876465,5
spectral_entropy_change,1.5,0.028169989585876465,0.027250051498413086,0.20401549339294434,5
spectral_entropy_change,1.625,-0.044678449630737305,-0.05709242820739746,0.20401549339294434,5
spectral_entropy_change,1.75,-0.05709242820739746,-0.08999228477478027,-0.044678449630737305,5
spectral_entropy_change,1.875,-0.009998083114624023,-0.106536865234375,0.1765362024307251,5
spectral_entropy_change,2.0,0.06549966335296631,-0.009998083114624023,0.1765362024307251,5
spectral_entropy_change,2.125,-0.13163256645202637,-0.4308485984802246,0.06549966335296631,5
spectral_entropy_change,2.25,-0.14389026165008545,-0.4845571517944336,0.2535468339920044,5
spectral_entropy_change,2.375,-0.14389026165008545,-0.4845571517944336,0.016572117805480957,5
spectral_entropy_change,2.5,-0.12637853622436523,-0.4845571517944336,0.016572117805480957,5
spectral_entropy_change,2.625,-0.12356305122375488,-0.5369573831558228,0.269863486289978,5
spectral_entropy_change,2.75,-0.12356305122375488,-0.5369573831558228,-0.03490126132965088,5
spectral_entropy_change,2.875,-0.12356305122375488,-0.19072747230529785,0.269863486289978,5
spectral_entropy_change,3.0,-0.03490126132965088,-0.16849350929260254,0.1464158296585083,5
spectral_entropy_change,3.125,0.10087954998016357,-0.16849350929260254,0.1383686065673828,5
spectral_entropy_change,3.25,0.07742011547088623,-0.32652127742767334,0.1383686065673828,5
spectral_entropy_change,3.375,-0.030353426933288574,-0.32652127742767334,0.18754005432128906,5
spectral_entropy_change,3.5,-0.030353426933288574,-0.3050025701522827,0.18754005432128906,5
spectral_entropy_change,3.625,-0.09681189060211182,-0.2574371099472046,0.049396634101867676,5
spectral_entropy_change,3.75,-0.09681189060211182,-0.19631171226501465,0.5403941869735718,5
spectral_entropy_change,3.875,0.3500380516052246,0.20556557178497314,0.8372613191604614,5
spectral_entropy_change,4.0,0.38999974727630615,0.3500380516052246,0.9094442129135132,5
spectral_entropy_change,4.125,0.38999974727630615,0.37473583221435547,0.8134232759475708,5
spectral_entropy_change,4.25,0.4125373363494873,0.3491342067718506,0.8055626153945923,5
spectral_entropy_change,4.375,0.37473583221435547,-0.11539351940155029,0.8055626153945923,5
spectral_entropy_change,4.5,0.15320038795471191,-0.2390742301940918,0.803158164024353,5
spectral_entropy_change,4.625,0.0892263650894165,-0.2390742301940918,0.8878720998764038,5
spectral_entropy_change,4.75,0.0892263650894165,-0.4338364601135254,0.7954984903335571,5
spectral_entropy_change,4.875,0.0892263650894165,-0.4338364601135254,0.4235192537307739,5
teager_energy,-4.875,-0.4353063702583313,-0.4620535373687744,-0.26562148332595825,5
teager_energy,-4.75,-0.5914505124092102,-1.5762438997626305,-0.4219118505716324,5
teager_energy,-4.625,-0.5914505124092102,-1.5762438997626305,-0.36161574721336365,5
teager_energy,-4.5,-0.36161574721336365,-1.4127910286188126,-0.04847210645675659,5
teager_energy,-4.375,0.02883821725845337,-0.6257495880126953,0.03292971849441528,5
teager_energy,-4.25,0.11903047561645508,0.05327808856964111,0.13075190782546997,5
teager_energy,-4.125,0.13075190782546997,0.03292971849441528,0.46342575550079346,5
teager_energy,-4.0,-0.06702226400375366,-0.15931826829910278,0.46342575550079346,5
teager_energy,-3.875,-0.03292971849441528,-0.4805648773908615,0.23161208629608154,5
teager_energy,-3.75,-0.03292971849441528,-0.4805648773908615,0.23161208629608154,5
teager_energy,-3.625,0.15747851133346558,-0.4300156235694885,0.6845349073410034,5
teager_energy,-3.5,0.6845349073410034,0.0,0.835090696811676,5
teager_energy,-3.375,0.0,-0.12835264205932617,0.0,5
teager_energy,-3.25,-0.136732816696167,-0.14113402366638184,-0.08734744787216187,5
teager_energy,-3.125,-0.14113402366638184,-0.37044185400009155,-0.136732816696167,5
teager_energy,-3.0,-0.136732816696167,-0.14113402366638184,0.5443580150604248,5
teager_energy,-2.875,0.30604618787765503,0.26733720302581787,0.6012173295021057,5
teager_energy,-2.75,0.6012173295021057,0.26733720302581787,0.7880735993385315,5
teager_energy,-2.625,0.16052156686782837,0.07924628257751465,0.9419599175453186,5
teager_energy,-2.5,0.016350507736206055,-0.18714189529418945,0.9419599175453186,5
teager_energy,-2.375,-0.24779844284057617,-0.2786548137664795,0.7191638946533203,5
teager_energy,-2.25,-0.24779844284057617,-0.2786548137664795,0.7055789828300476,5
teager_energy,-2.125,0.16244041919708252,0.0,0.4390409588813782,5
teager_energy,-2.0,0.16244041919708252,0.0,0.22429674863815308,5
teager_energy,-1.875,-0.30764079093933105,-0.4722064733505249,0.1639060378074646,5
teager_energy,-1.75,-0.7165312170982361,-0.7189244627952576,0.1639060378074646,5
teager_energy,-1.625,-0.7934308648109436,-0.8931286931037903,0.5074624419212341,5
teager_energy,-1.5,-1.001735359430313,-1.1042682528495789,0.1701098084449768,5
teager_energy,-1.375,-1.001735359430313,-1.1042682528495789,-0.10041004419326782,5
teager_energy,-1.25,-0.8558822274208069,-0.9640997648239136,-0.10041004419326782,5
teager_energy,-1.125,-0.36179953813552856,-0.5331484079360962,-0.3049536943435669,5
teager_energy,-1.0,0.25613927841186523,-0.36179953813552856,0.42573392391204834,5
teager_energy,-0.875,0.25613927841186523,-0.5549573302268982,0.42573392391204834,5
teager_energy,-0.75,-0.6633209586143494,-0.775696337223053,-0.5144794583320618,5
teager_energy,-0.625,-0.6750491475686431,-0.775696337223053,-0.5144794583320618,5
teager_energy,-0.5,0.13890677690505981,-0.278967022895813,0.19018173217773438,5
teager_energy,-0.375,0.11475557088851929,0.010445833206176758,0.19018173217773438,5
teager_energy,-0.25,0.010445833206176758,0.003491818904876709,0.1165848970413208,5
teager_energy,-0.125,-0.4115476608276367,-0.4221036434173584,-0.21767482161521912,5
teager_energy,0.0,-0.5636547803878784,-0.6591061353683472,-0.5022711753845215,5
teager_energy,0.125,-0.5989904403686523,-0.6591061353683472,-0.5976061820983887,5
teager_energy,0.25,-0.8507295846939087,-0.9525932371616364,-0.5900455992668867,5
teager_energy,0.375,-1.1050635278224945,-1.1467295289039612,-0.5900455992668867,5
teager_energy,0.5,-1.1643060445785522,-1.2520978152751923,-0.5492835696786642,5
teager_energy,0.625,-0.9333422780036926,-1.0977919101715088,-0.3840280920267105,5
teager_energy,0.75,-0.7035605311393738,-0.7631662487983704,-0.30237334966659546,5
teager_energy,0.875,-0.5850734114646912,-0.7035605311393738,-0.5511171668767929,5
teager_energy,1.0,-0.6797958016395569,-0.6942937416024506,-0.5850734114646912,5
teager_energy,1.125,-0.6441839337348938,-0.6942937416024506,-0.4872797727584839,5
teager_energy,1.25,-0.6041063815355301,-0.6441839337348938,-0.4872797727584839,5
teager_energy,1.375,-1.064001739025116,-1.0787297785282135,-0.27539733052253723,5
teager_energy,1.5,-1.064001739025116,-1.0787297785282135,0.04242420196533203,5
teager_energy,1.625,-0.939924418926239,-1.0118274688720703,0.04242420196533203,5
teager_energy,1.75,-0.939924418926239,-1.0118274688720703,0.2829786539077759,5
teager_energy,1.875,-1.1506882905960083,-1.2042397558689117,0.2829786539077759,5
teager_energy,2.0,-1.1755169332027435,-1.2290343642234802,0.4224659204483032,5
teager_energy,2.125,-1.2042397558689117,-1.2650106549263,0.4257596731185913,5
teager_energy,2.25,-1.2290343642234802,-1.2826387882232666,1.0257297158241272,5
teager_energy,2.375,-1.279299333691597,-1.3459028899669647,0.40467435121536255,5
teager_energy,2.5,-1.0917264819145203,-1.3459028899669647,0.40467435121536255,5
teager_energy,2.625,-1.0514081120491028,-1.297979161143303,1.0479937195777893,5
teager_energy,2.75,-0.47767484188079834,-1.1906855404376984,1.1528183817863464,5
teager_energy,2.875,-0.47767484188079834,-0.8954235911369324,1.4724823832511902,5
teager_energy,3.0,-0.8954235911369324,-0.9199548363685608,1.5438186526298523,5
teager_energy,3.125,-0.8849371671676636,-0.9199548363685608,1.6064621806144714,5
teager_energy,3.25,0.676676332950592,-0.8849371671676636,1.9402372241020203,5
teager_energy,3.375,1.497923195362091,0.19457852840423584,2.908292055130005,5
teager_energy,3.5,1.497923195362091,0.6597955226898193,2.756700038909912,5
teager_energy,3.625,0.6597955226898193,0.5557822585105896,2.5168297290802,5
teager_energy,3.75,0.28336507081985474,-0.04798412322998047,1.815685510635376,5
teager_energy,3.875,-0.13691818714141846,-0.21678078174591064,0.7480143308639526,5
teager_energy,4.0,-0.18059778213500977,-0.21678078174591064,0.7480143308639526,5
teager_energy,4.125,-0.18059778213500977,-0.22832131385803223,0.6282241344451904,5
teager_energy,4.25,-0.18059778213500977,-0.22832131385803223,0.21059846878051758,5
teager_energy,4.375,-0.22832131385803223,-0.2515873908996582,0.21059846878051758,5
teager_energy,4.5,-0.2515873908996582,-0.4115908145904541,0.3154962658882141,5
teager_energy,4.625,-0.2515873908996582,-0.4115908145904541,0.9892414808273315,5
teager_energy,4.75,-0.6856390237808228,-0.7347866296768188,0.9892414808273315,5
teager_energy,4.875,-0.6856390237808228,-0.7347866296768188,0.7087932825088501,5
