sample_id,split,label,channel_index,raw_channel_index,channel_id,source_prefix,channel_form,electrode_code,contact_text,contact_number,reference_tag,sampling_rate_hz,duration_seconds,line50_excess_db,line100_excess_db,line150_excess_db,std_stored_unit,peak_to_peak_stored_unit,zero_rate,repeated_diff_rate,line50_candidate,line50_severe,line100_candidate
test_000322,test,,0,0,POL B1,POL,POL,B,1,1.0,,2000.0000000000002,59.99999999999999,-0.17425741831001657,0.3377614360442538,0.6074920598524624,203.77617488695242,2886.908935546875,0.0,0.013558446320386002,False,False,False
test_000322,test,,1,1,POL B2,POL,POL,B,2,2.0,,2000.0000000000002,59.99999999999999,0.6959789170923982,-0.297107719113128,1.6646993239045913,98.78246752327908,1211.2290344238281,0.0,0.023875198959991333,False,False,False
test_000322,test,,2,2,POL B3,POL,POL,B,3,3.0,,2000.0000000000002,59.99999999999999,0.7533128563983004,-0.07079284405161383,1.832737061339936,63.672147397924896,596.8748626708984,0.0,0.039025325211043425,False,False,False
test_000322,test,,3,3,POL B4,POL,POL,B,4,4.0,,2000.0000000000002,59.99999999999999,2.238871308932405,0.5319610622402596,2.916376284966975,30.961454009275656,248.0465545654297,0.0,0.05981716514304286,False,False,False
test_000322,test,,4,4,POL B5,POL,POL,B,5,5.0,,2000.0000000000002,59.99999999999999,0.5577173371691956,0.6388318572876507,3.7334539377925235,19.599435881093832,132.03119277954102,0.0,0.0896090800756673,False,False,False
test_000322,test,,5,5,POL B6,POL,POL,B,6,6.0,,2000.0000000000002,59.99999999999999,2.4582250991104355,1.1381560115583442,3.0725660111091484,19.063896302477023,130.9570198059082,0.0,0.08799239993666613,False,False,False
test_000322,test,,6,6,POL B7,POL,POL,B,7,7.0,,2000.0000000000002,59.99999999999999,1.3742006200767514,1.6017839627205115,6.53990208187182,34.75587224339779,216.9918670654297,0.0,0.0659588829906916,False,False,False
test_000322,test,,7,7,POL B8,POL,POL,B,8,8.0,,2000.0000000000002,59.99999999999999,2.0722222949995195,0.550063077461824,5.74453437453365,41.90312311863871,278.417724609375,0.0,0.060350502920857675,False,False,False
test_000322,test,,8,8,POL B9,POL,POL,B,9,9.0,,2000.0000000000002,59.99999999999999,2.399072494527374,-0.13707612790618592,8.478275223209303,29.387332849781732,226.46427154541016,0.0,0.05611713430945258,False,False,False
test_000322,test,,9,9,POL B10,POL,POL,B,10,10.0,,2000.0000000000002,59.99999999999999,1.0385749010277405,-0.45861245050617183,6.785517621651821,37.121704619179525,359.0819396972656,0.0,0.05340877840648672,False,False,False
test_000322,test,,10,10,POL E3,POL,POL,E,3,3.0,,2000.0000000000002,59.99999999999999,4.052309591976531,1.6999923239073225,15.757740942811456,42.23531027275795,417.38258361816406,0.0,0.03498362486354053,False,False,False
test_000322,test,,11,11,POL E4,POL,POL,E,4,4.0,,2000.0000000000002,59.99999999999999,3.1902672087215374,-0.008705579808506277,15.245199414715778,57.931200119280994,715.5271759033203,0.0,0.02976691472428937,False,False,False
test_000322,test,,12,12,POL E5,POL,POL,E,5,5.0,,2000.0000000000002,59.99999999999999,4.761445037120219,0.24549823837046825,19.24957118512808,47.85450866374358,549.9022674560547,0.0,0.03850865423878532,False,False,False
test_000322,test,,13,13,POL E6,POL,POL,E,6,6.0,,2000.0000000000002,59.99999999999999,6.66396737202189,1.2762690344232803,20.389714400409797,42.51983318184994,424.60877990722656,0.0,0.03998366653055442,False,False,False
test_000322,test,,14,14,POL E7,POL,POL,E,7,7.0,,2000.0000000000002,59.99999999999999,6.300074649163257,0.7001198753525386,19.936995017466195,51.6884200302725,553.0268402099609,0.0,0.03773364778039817,False,False,False
test_000322,test,,15,15,POL E8,POL,POL,E,8,8.0,,2000.0000000000002,59.99999999999999,8.391691077777896,1.2996689481620303,16.72574118404724,51.94353563518111,594.1399688720703,0.0,0.03519195993299944,False,False,False
test_000322,test,,16,16,EEG C1-Ref,EEG,EEG ...-Ref,C,1,1.0,-Ref,2000.0000000000002,59.99999999999999,-0.4071583455613016,-0.689154189434733,2.5849661016339827,193.33275122952463,2432.4197387695312,0.0,0.01292510770923091,False,False,False
test_000322,test,,17,17,EEG C2-Ref,EEG,EEG ...-Ref,C,2,2.0,-Ref,2000.0000000000002,59.99999999999999,-0.21367767348179287,0.5029566157477567,4.197138694324643,147.075676493844,2124.1182861328125,0.0,0.014700122501020842,False,False,False
test_000322,test,,18,18,EEG C3-Ref,EEG,EEG ...-Ref,C,3,3.0,-Ref,2000.0000000000002,59.99999999999999,-1.3409688788847984,-0.33723489640878873,6.4297276778426715,108.65597079010772,1270.0190734863281,0.0,0.021216843473695613,False,False,False
test_000322,test,,19,19,EEG C4-Ref,EEG,EEG ...-Ref,C,4,4.0,-Ref,2000.0000000000002,59.99999999999999,1.413098431447675,-0.22225398339027191,9.813684317554866,77.01387014458423,802.7339172363281,0.0,0.027425228543571198,False,False,False
test_000322,test,,20,20,EEG C5-Ref,EEG,EEG ...-Ref,C,5,5.0,-Ref,2000.0000000000002,59.99999999999999,2.6302139844822454,0.5690082778048915,13.734837210298544,50.86970866636056,451.2688903808594,0.0,0.03223360194668289,False,False,False
test_000322,test,,21,21,POL E1,POL,POL,E,1,1.0,,2000.0000000000002,59.99999999999999,6.198633329158478,2.8658584063152395,18.145555052566454,32.31952872051676,286.9139404296875,0.0,0.03973366444720373,False,False,False
test_000322,test,,22,22,POL E2,POL,POL,E,2,2.0,,2000.0000000000002,59.99999999999999,8.979856819002471,1.6867516787520678,22.548532137287843,37.887671845786556,312.3046112060547,0.0,0.047783731531096094,False,False,False
test_000322,test,,23,23,EEG C6-Ref,EEG,EEG ...-Ref,C,6,6.0,-Ref,2000.0000000000002,59.99999999999999,1.7104808158214755,0.7207087515495774,13.745161233758608,42.877035138245894,381.44520568847656,0.0,0.03304194201618347,False,False,False
test_000322,test,,24,24,POL C7,POL,POL,C,7,7.0,,2000.0000000000002,59.99999999999999,3.3685776421201146,1.3373356970328358,15.644475927214854,41.07814550252796,363.86708068847656,0.0,0.034116950974591456,False,False,False
test_000322,test,,25,25,POL C8,POL,POL,C,8,8.0,,2000.0000000000002,59.99999999999999,3.779195434363924,1.4531850475005512,15.450352221751446,47.134103333797825,460.74192810058594,0.0,0.03137526146051217,False,False,False
test_000322,test,,26,26,POL C9,POL,POL,C,9,9.0,,2000.0000000000002,59.99999999999999,1.659262948771931,0.6294783976276004,13.520683714300318,52.32114101744434,608.7889099121094,0.0,0.02836690305752548,False,False,False
test_000322,test,,27,27,POL C10,POL,POL,C,10,10.0,,2000.0000000000002,59.99999999999999,1.0114881475914286,0.9831991086763552,10.384199283141815,61.637926857893625,506.7379455566406,0.0,0.02326686055717131,False,False,False
test_000322,test,,28,28,POL C11,POL,POL,C,11,11.0,,2000.0000000000002,59.99999999999999,1.6020133297760861,0.3627224270136584,12.453233990464259,54.94146610456124,527.7342681884766,0.0,0.028875240627005225,False,False,False
test_000322,test,,29,29,POL C12,POL,POL,C,12,12.0,,2000.0000000000002,59.99999999999999,2.3795005113592684,0.8868273695377794,15.838794711980853,52.79504387741753,602.9296417236328,0.0,0.031458595488295736,False,False,False
test_000322,test,,30,30,POL C13,POL,POL,C,13,13.0,,2000.0000000000002,59.99999999999999,2.2625197107696593,0.8836204926080716,13.488800746246765,46.69793686710237,543.2611846923828,0.0,0.03332527771064759,False,False,False
test_000322,test,,31,31,POL C14,POL,POL,C,14,14.0,,2000.0000000000002,59.99999999999999,3.1425574011922297,0.7640760288063785,7.703682471021152,57.29349456493008,542.5775299072266,0.0,0.027816898474153952,False,False,False
test_000322,test,,32,32,POL D1,POL,POL,D,1,1.0,,2000.0000000000002,59.99999999999999,0.8173825210535415,0.0979449643318856,4.149436198771944,75.09741877929072,732.1288757324219,0.0,0.020000166668055566,False,False,False
test_000322,test,,33,33,POL D2,POL,POL,D,2,2.0,,2000.0000000000002,59.99999999999999,1.1115995262578293,0.11413613684179336,6.999072359801103,50.63305292065658,537.4018859863281,0.0,0.027650230418586823,False,False,False
test_000322,test,,34,34,POL D3,POL,POL,D,3,3.0,,2000.0000000000002,59.99999999999999,1.589228381791825,-0.052315836285939214,9.727874483135047,47.1482798246002,474.90223693847656,0.0,0.031125259377161478,False,False,False
test_000322,test,,35,35,POL D4,POL,POL,D,4,4.0,,2000.0000000000002,59.99999999999999,1.698162192753723,0.5880353280791307,7.092536072568336,43.78899322093908,413.47633361816406,0.0,0.02089184076533971,False,False,False
test_000322,test,,36,36,POL DC01,POL,POL,DC,01,1.0,,2000.0000000000002,59.99999999999999,-0.3701207136216971,-0.6200206694043833,0.1846555976540067,182.73778328433744,366.30029296875,0.5335333333333333,0.6516804306702556,False,False,False
test_000322,test,,37,37,POL DC02,POL,POL,DC,02,2.0,,2000.0000000000002,59.99999999999999,0.12738549506463043,0.34220627776924906,-0.614507641643306,176.2162318842128,366.29998779296875,0.0,0.6766889724081034,False,False,False
test_000322,test,,38,38,POL DC03,POL,POL,DC,03,3.0,,2000.0000000000002,59.99999999999999,-0.8470268363246382,-0.06514586719752752,0.5976099369058586,156.9797016096944,366.29998779296875,0.24243333333333333,0.7334811123426028,False,False,False
test_000322,test,,39,39,POL DC04,POL,POL,DC,04,4.0,,2000.0000000000002,59.99999999999999,-1.0117944645532537,0.7064346596552151,-0.9844235730413687,180.11311381650253,366.29998779296875,0.590675,0.6620138501154176,False,False,False
test_000322,test,,40,40,POL DC05,POL,POL,DC,05,5.0,,2000.0000000000002,59.99999999999999,-0.497571165413084,-1.3882093275481389,0.047193408388662136,113.88393958632226,732.5999755859375,0.10835,0.8519404328369403,False,False,False
test_000322,test,,41,41,POL DC06,POL,POL,DC,06,6.0,,2000.0000000000002,59.99999999999999,-0.2753583461087784,0.16073499886514517,-1.0280073253852136,175.9640183877883,366.3001377929759,0.0,0.6765973049775414,False,False,False
test_000322,test,,42,42,POL DC07,POL,POL,DC,07,7.0,,2000.0000000000002,59.99999999999999,0.7169363360221465,-0.7103745902695815,-0.9455967262333526,70.34532037480687,732.6002807617188,0.0,0.9381494845790381,False,False,False
test_000322,test,,43,43,POL DC08,POL,POL,DC,08,8.0,,2000.0000000000002,59.99999999999999,-0.709695714993147,0.9172409277884039,0.06244972536648494,43.751302892152296,732.5999755859375,0.001075,0.9745831215260127,False,False,False
test_000322,test,,44,44,POL DC09,POL,POL,DC,09,9.0,,2000.0000000000002,59.99999999999999,-0.3395339058422374,0.13530569602292136,-0.08915411023945749,45.130609679442756,732.5999755859375,0.00085,0.9728997741647847,False,False,False
test_000322,test,,45,45,POL DC10,POL,POL,DC,10,10.0,,2000.0000000000002,59.99999999999999,0.4578606682162053,-0.06207614768726103,-0.11641499611684228,34.89113124436527,732.6002807617188,0.0,0.9833498612488437,False,False,False
test_000322,test,,46,46,POL DC11,POL,POL,DC,11,11.0,,2000.0000000000002,59.99999999999999,-1.3005558174909622,0.7513062437056022,-0.026276058104051342,127.23851430102285,732.6002807617188,0.0,0.8175068125567713,False,False,False
test_000322,test,,47,47,POL DC12,POL,POL,DC,12,12.0,,2000.0000000000002,59.99999999999999,0.93514462175016,-0.5526676810958878,-0.2010035620338971,35.67998093854016,732.6002807617188,0.0,0.9824498537487812,False,False,False
test_000322,test,,48,48,POL DC13,POL,POL,DC,13,13.0,,2000.0000000000002,59.99999999999999,0.09337569951285976,-0.5019254791849481,0.2468943616314781,137.8699688312759,732.5999755859375,8.333333333333334e-06,0.7872815606796724,False,False,False
test_000322,test,,49,49,POL DC14,POL,POL,DC,14,14.0,,2000.0000000000002,59.99999999999999,0.49799808584218097,-0.008352046023327127,-0.734679493120981,44.77690218955513,732.6002807617188,0.0,0.9731831098592488,False,False,False
test_000322,test,,50,50,POL DC15,POL,POL,DC,15,15.0,,2000.0000000000002,59.99999999999999,0.2880970141852323,0.29775189481339426,-0.07307292037898618,107.7912373256612,732.5999755859375,0.09574166666666667,0.8649322077683981,False,False,False
test_000322,test,,51,51,POL DC16,POL,POL,DC,16,16.0,,2000.0000000000002,59.99999999999999,-0.6076131978599506,0.06885030061836253,0.05249216162314095,133.3664309365933,732.6002807617188,0.0,0.8002816690139084,False,False,False
test_000322,test,,52,52,POL D5,POL,POL,D,5,5.0,,2000.0000000000002,59.99999999999999,1.4222005411681362,0.9817200024945939,9.66393432314992,43.74383469956316,379.3938751220703,0.0,0.03140026166884724,False,False,False
test_000322,test,,53,53,POL D6,POL,POL,D,6,6.0,,2000.0000000000002,59.99999999999999,-0.12908499665998327,0.19865141017542606,4.950864346006228,47.555996854736044,429.98020935058594,0.0,0.025533546112884276,False,False,False
test_000322,test,,54,54,POL D7,POL,POL,D,7,7.0,,2000.0000000000002,59.99999999999999,0.4200659210085117,-0.1437942113417574,7.4568732056522515,46.4399790888283,465.13624572753906,0.0,0.026150217918482654,False,False,False
test_000322,test,,55,55,POL D8,POL,POL,D,8,8.0,,2000.0000000000002,59.99999999999999,0.8622374531564024,-0.06923597347012546,8.543737651443577,44.21437424629625,417.87046813964844,0.0,0.03104192534937791,False,False,False
test_000322,test,,56,56,POL D9,POL,POL,D,9,9.0,,2000.0000000000002,59.99999999999999,0.5875691021358109,0.6869790108252928,9.993115317226808,43.39663069580158,382.7146759033203,0.0,0.03329194409953416,False,False,False
test_000322,test,,57,57,POL D10,POL,POL,D,10,10.0,,2000.0000000000002,59.99999999999999,0.6976061954694814,0.6313237226913104,9.000921169384181,42.26632571239298,367.0897216796875,0.0,0.033550279585663215,False,False,False
test_000322,test,,58,58,POL D11,POL,POL,D,11,11.0,,2000.0000000000002,59.99999999999999,0.6968823464325353,0.31882518624567596,9.159898874820321,41.19058726804938,438.9643859863281,0.0,0.03645030375253127,False,False,False
test_000322,test,,59,59,POL D12,POL,POL,D,12,12.0,,2000.0000000000002,59.99999999999999,1.1235439802294214,1.2873141400871755,9.351074504701911,57.704112917733326,532.5189361572266,0.0,0.035633630280252335,False,False,False
test_000322,test,,60,60,EEG M1-Ref,EEG,EEG ...-Ref,M,1,1.0,-Ref,2000.0000000000002,59.99999999999999,2.9436201538986033,-0.540503700317339,19.52134777235025,66.19002001986738,673.0467529296875,0.0,0.017816815140126167,False,False,False
test_000322,test,,61,61,EEG M2-Ref,EEG,EEG ...-Ref,M,2,2.0,-Ref,2000.0000000000002,59.99999999999999,3.561139520200751,0.023500720123805545,19.51472019180604,61.064001574030314,663.0856475830078,0.0,0.018433486945724546,False,False,False
test_000322,test,,62,62,POL M3,POL,POL,M,3,3.0,,2000.0000000000002,59.99999999999999,3.524433911481228,0.31923826159682483,19.057033822760346,65.53434641273705,714.7456817626953,0.0,0.018441820348502905,False,False,False
test_000322,test,,63,63,POL M4,POL,POL,M,4,4.0,,2000.0000000000002,59.99999999999999,3.6489071987002406,-0.25037884653939885,18.103758555610106,59.805746225324,730.7612915039062,0.0,0.0185001541679514,False,False,False
test_000322,test,,64,64,POL M5,POL,POL,M,5,5.0,,2000.0000000000002,59.99999999999999,8.611906273212833,0.5497077976522937,23.60050902112778,54.5246873317574,604.1985473632812,0.0,0.01970849757081309,False,False,False
test_000322,test,,65,65,POL M6,POL,POL,M,6,6.0,,2000.0000000000002,59.99999999999999,9.313859989293489,-0.12544932218712013,24.32421244217778,52.063013952865475,558.6909637451172,0.0,0.019308494237451977,False,False,False
test_000322,test,,66,66,POL M7,POL,POL,M,7,7.0,,2000.0000000000002,59.99999999999999,8.46181695852573,-0.102801758019988,24.524587716078386,51.78199732135069,525.9761199951172,0.0,0.024608538404486704,False,False,False
test_000322,test,,67,67,POL M8,POL,POL,M,8,8.0,,2000.0000000000002,59.99999999999999,5.484965496176205,0.3040258239593108,21.397516853333315,51.79865287296232,523.241943359375,0.0,0.0231918599321661,False,False,False
test_000322,test,,68,68,POL M9,POL,POL,M,9,9.0,,2000.0000000000002,59.99999999999999,4.2495643200136,0.5748394971146973,20.525640499372365,51.10479244403219,520.7999725341797,0.0,0.02141684514037617,False,False,False
test_000322,test,,69,69,POL M10,POL,POL,M,10,10.0,,2000.0000000000002,59.99999999999999,3.8648686031873085,1.040082605293037,21.802951166172917,52.187939969092234,546.5816192626953,0.0,0.023183526529387745,False,False,False
test_000322,test,,70,70,POL M11,POL,POL,M,11,11.0,,2000.0000000000002,59.99999999999999,4.396189657234336,0.6878869336174918,22.24934124113988,54.29386981387069,568.3589630126953,0.0,0.02379186493220777,False,False,False
test_000322,test,,71,71,POL M12,POL,POL,M,12,12.0,,2000.0000000000002,59.99999999999999,5.2796681840227535,0.7642007397058314,22.94086208323321,47.79628288604451,567.0891571044922,0.0,0.025675213960116336,False,False,False
test_000322,test,,72,72,POL M13,POL,POL,M,13,13.0,,2000.0000000000002,59.99999999999999,7.050692915516635,7.966895939796217,23.882438484354015,47.87284606016197,596.6796112060547,0.0,0.024491870765589712,False,False,False
test_000322,test,,73,73,POL U1,POL,POL,U,1,1.0,,2000.0000000000002,59.99999999999999,5.390760201121404,1.469834263853742,21.714205147849377,52.28101485778269,606.6402435302734,0.0,0.02924191034925291,False,False,False
test_000322,test,,74,74,POL U2,POL,POL,U,2,2.0,,2000.0000000000002,59.99999999999999,3.0017273207492683,-0.12135726557407811,19.47427252129077,69.25837728304207,828.02685546875,0.0,0.022400186668222234,False,False,False
test_000322,test,,75,75,POL U3,POL,POL,U,3,3.0,,2000.0000000000002,59.99999999999999,3.5293186897942608,0.7511629760636495,19.669336049298153,73.15388890107516,897.3630065917969,0.0,0.024391869932249434,False,False,False
test_000322,test,,76,76,POL U4,POL,POL,U,4,4.0,,2000.0000000000002,59.99999999999999,3.120291173516031,0.39015898843291974,18.998227950020926,77.75171262124067,984.7651977539062,0.0,0.02445020375169793,False,False,False
test_000322,test,,77,77,POL U5,POL,POL,U,5,5.0,,2000.0000000000002,59.99999999999999,3.224541800354425,-0.008375333820716022,19.199908576319682,78.58818651936039,992.1875,0.0,0.025125209376744805,False,False,False
test_000322,test,,78,78,POL U6,POL,POL,U,6,6.0,,2000.0000000000002,59.99999999999999,4.241420524151574,1.0485729491581763,20.993304004650287,83.49252780511821,1001.561767578125,0.0,0.02260018833490279,False,False,False
test_000322,test,,79,79,POL U7,POL,POL,U,7,7.0,,2000.0000000000002,59.99999999999999,5.281929113355185,0.8756777553361805,21.88905418459845,87.19097770942945,1009.56982421875,0.0,0.022591854932124435,False,False,False
test_000322,test,,80,80,POL U8,POL,POL,U,8,8.0,,2000.0000000000002,59.99999999999999,21.19228068233933,2.367700087944688,36.82903212327921,74.61230680694486,869.7257690429688,0.0,0.011825098542487854,True,True,False
test_000322,test,,81,81,POL U9,POL,POL,U,9,9.0,,2000.0000000000002,59.99999999999999,22.403398760823684,3.2897692189085017,37.449227263025726,60.48729929911784,751.6595458984375,0.0,0.01245010375086459,True,True,False
test_000322,test,,82,82,POL H1,POL,POL,H,1,1.0,,2000.0000000000002,59.99999999999999,18.55493407925187,-0.16718450717671293,33.42060874724992,54.06310147034129,554.0033264160156,0.0,0.01185843215360128,True,False,False
test_000322,test,,83,83,POL H2,POL,POL,H,2,2.0,,2000.0000000000002,59.99999999999999,17.296350586756795,0.20332833911111237,32.92194520879548,56.81633603034827,651.7569732666016,0.0,0.011583429861915516,True,False,False
test_000322,test,,84,84,POL H3,POL,POL,H,3,3.0,,2000.0000000000002,59.99999999999999,17.201271997047144,1.3293875286923322,33.322085012260835,54.0823091713451,610.6444854736328,0.0,0.01207510062583855,True,False,False
test_000322,test,,85,85,POL H4,POL,POL,H,4,4.0,,2000.0000000000002,59.99999999999999,19.88397973719587,0.8884987288655617,36.91976373155129,58.6296347895737,684.765380859375,0.0,0.011891765764714707,True,False,False
test_000322,test,,86,86,POL H5,POL,POL,H,5,5.0,,2000.0000000000002,59.99999999999999,19.10947798555516,2.1074414326264046,36.02412847182283,61.09728346712217,793.5545654296875,0.0,0.011925099375828132,True,False,False
test_000322,test,,87,87,POL H6,POL,POL,H,6,6.0,,2000.0000000000002,59.99999999999999,17.959517762705396,1.0298429948760914,35.441290782872045,57.7280593076231,820.4092407226562,0.0,0.012175101459178826,True,False,False
test_000322,test,,88,88,POL H7,POL,POL,H,7,7.0,,2000.0000000000002,59.99999999999999,17.679294243481035,0.8729148446072434,35.140402702047766,58.73647560339481,802.8311767578125,0.0,0.011500095834131951,True,False,False
test_000322,test,,89,89,POL H8,POL,POL,H,8,8.0,,2000.0000000000002,59.99999999999999,19.605290228845607,1.2571683975993933,36.20721258508078,49.95387922326858,660.7416381835938,0.0,0.011508429236910308,True,False,False
test_000322,test,,90,90,POL H9,POL,POL,H,9,9.0,,2000.0000000000002,59.99999999999999,21.089599760370522,2.590697209826489,36.92002790733958,50.6190567725767,648.1443023681641,0.0,0.011708430903590862,True,True,False
test_000322,test,,91,91,POL I1,POL,POL,I,1,1.0,,2000.0000000000002,59.99999999999999,16.28759418000682,-0.600837423070485,32.64716073057285,62.320378159309946,663.5739288330078,0.0,0.011391761598013316,True,False,False
test_000322,test,,92,92,POL I2,POL,POL,I,2,2.0,,2000.0000000000002,59.99999999999999,19.343075068590604,0.5045290192080534,34.930659557082095,59.02501712532807,677.8315887451172,0.0,0.011758431320261001,True,False,False
test_000322,test,,93,93,POL I3,POL,POL,I,3,3.0,,2000.0000000000002,59.99999999999999,20.186693652596798,0.08912522204190045,35.9489773197633,56.47791504668062,680.5657501220703,0.0,0.01160009666747223,True,True,False
test_000322,test,,94,94,POL I4,POL,POL,I,4,4.0,,2000.0000000000002,59.99999999999999,20.66564775622664,0.27822242972601374,37.43615884467416,58.298857754782944,715.1359558105469,0.0,0.012133434445287044,True,True,False
test_000322,test,,95,95,POL I5,POL,POL,I,5,5.0,,2000.0000000000002,59.99999999999999,20.919063767917216,1.4881159481888317,37.60696457673428,56.720688440755474,718.4566192626953,0.0,0.011833431945266211,True,True,False
test_000322,test,,96,96,POL I6,POL,POL,I,6,6.0,,2000.0000000000002,59.99999999999999,20.929915352162148,0.6042214472965994,37.834104765954045,55.023231261816385,715.3312377929688,0.0,0.011625096875807298,True,True,False
test_000322,test,,97,97,POL I7,POL,POL,I,7,7.0,,2000.0000000000002,59.99999999999999,21.533740226390073,1.2383235542951911,37.8932486857733,54.132213283345926,709.9607086181641,0.0,0.012325102709189243,True,True,False
test_000322,test,,98,98,POL R1,POL,POL,R,1,1.0,,2000.0000000000002,59.99999999999999,20.52406920285449,2.374346196878677,36.07746606153748,59.219998905721695,629.100830078125,0.0,0.01200010000083334,True,True,False
test_000322,test,,99,99,POL R2,POL,POL,R,2,2.0,,2000.0000000000002,59.99999999999999,20.15359380552312,2.3915102215649027,36.37929525665572,60.60898433674092,638.1831359863281,0.0,0.01155009625080209,True,True,False
test_000322,test,,100,100,POL R3,POL,POL,R,3,3.0,,2000.0000000000002,59.99999999999999,19.219772961838967,1.7315993157550174,35.29772879967991,56.2953264919972,622.3630218505859,0.0,0.011566763056358804,True,False,False
test_000322,test,,101,101,POL R4,POL,POL,R,4,4.0,,2000.0000000000002,59.99999999999999,16.480196554045882,1.7992714542006212,32.36913102394043,55.47778320914551,607.8124847412109,0.0,0.011366761389678248,True,False,False
test_000322,test,,102,102,POL R5,POL,POL,R,5,5.0,,2000.0000000000002,59.99999999999999,16.661836646833766,1.0828249992990728,31.036102176763784,59.78362632813659,625.8782501220703,0.0,0.011183426528554405,True,False,False
test_000322,test,,103,103,POL R6,POL,POL,R,6,6.0,,2000.0000000000002,59.99999999999999,20.011878692025654,2.363964729572136,35.80722960391019,54.821022447127945,594.5306854248047,0.0,0.011775098125817715,True,True,False
test_000322,test,,104,104,POL R7,POL,POL,R,7,7.0,,2000.0000000000002,59.99999999999999,36.89540382909846,36.56054405824361,34.40751395664528,99.85507958891603,1260.0570068359375,0.0,0.00650005416711806,True,True,True
test_000322,test,,105,105,POL R8,POL,POL,R,8,8.0,,2000.0000000000002,59.99999999999999,21.05561598706283,2.026396514535925,36.276631827677726,52.63750735990221,580.1750030517578,0.0,0.011058425486879058,True,True,False
test_000322,test,,106,106,POL R9,POL,POL,R,9,9.0,,2000.0000000000002,59.99999999999999,19.8234159734665,2.8852853939663294,35.25186810267745,52.263725074596,604.8827972412109,0.0,0.011391761598013316,True,False,False
test_000322,test,,107,107,POL R10,POL,POL,R,10,10.0,,2000.0000000000002,59.99999999999999,17.55896588964238,1.7301174142534248,34.33824066586649,55.13102959743318,629.8821258544922,0.0,0.011366761389678248,True,False,False
test_000322,test,,108,108,POL R11,POL,POL,R,11,11.0,,2000.0000000000002,59.99999999999999,15.693140163691055,0.29382994818688457,33.640355876870494,56.58598161749411,651.2691345214844,0.0,0.011383428195234961,True,False,False
test_000322,test,,109,109,POL R12,POL,POL,R,12,12.0,,2000.0000000000002,59.99999999999999,14.26044461586925,0.17702492813365417,32.069739571164355,53.79311115964098,660.8394012451172,0.0,0.011125092709105909,True,False,False
test_000322,test,,110,110,POL R13,POL,POL,R,13,13.0,,2000.0000000000002,59.99999999999999,13.258258512327227,-0.1860656431344723,31.23511978723961,56.22325828742272,676.1718597412109,0.0,0.011641763681364012,True,False,False
test_000322,test,,111,111,POL R14,POL,POL,R,14,14.0,,2000.0000000000002,59.99999999999999,12.665246103398829,0.05009156695769908,30.920371722938302,55.1898339432263,675.6834411621094,0.0,0.010925091042425353,True,False,False
test_000322,test,,112,112,POL R15,POL,POL,R,15,15.0,,2000.0000000000002,59.99999999999999,11.87399356398988,0.23318892679571798,29.993025758788253,59.528351200493404,713.6717376708984,0.0,0.010216751806265053,True,False,False
test_000322,test,,113,113,POL R16,POL,POL,R,16,16.0,,2000.0000000000002,59.99999999999999,11.207550625205796,-0.45210761229034135,29.222644686304854,58.1696744699416,878.4175720214844,0.0,0.010091750764589704,True,False,False
test_000322,test,,114,114,EEG A1-Ref,EEG,EEG ...-Ref,A,1,1.0,-Ref,2000.0000000000002,59.99999999999999,40.92464451122608,37.49820814916057,32.96475900511725,176.8704574683679,2113.1801147460938,0.0,0.005325044375369794,True,True,True
test_000322,test,,115,115,EEG A2-Ref,EEG,EEG ...-Ref,A,2,2.0,-Ref,2000.0000000000002,59.99999999999999,21.287629314171316,2.0437448056364547,36.93416362161594,52.645782651185385,536.5231323242188,0.0,0.012350102917524313,True,True,False
test_000322,test,,116,116,POL A3,POL,POL,A,3,3.0,,2000.0000000000002,59.99999999999999,20.835883271234394,4.326524449966204,35.94884350478716,52.09193689956626,516.1127471923828,0.0,0.010866757222976859,True,True,False
test_000322,test,,117,117,POL A4,POL,POL,A,4,4.0,,2000.0000000000002,59.99999999999999,22.454436721232632,2.9617813349038085,37.40050127256386,53.05081958421522,499.90211486816406,0.0,0.011758431320261001,True,True,False
test_000322,test,,118,118,POL A5,POL,POL,A,5,5.0,,2000.0000000000002,59.99999999999999,22.704107136279372,3.064416760026444,37.39370473815784,52.773290825008154,491.69866943359375,0.0,0.01121676013966783,True,True,False
test_000322,test,,119,119,POL A6,POL,POL,A,6,6.0,,2000.0000000000002,59.99999999999999,23.050802756318692,3.95834850919151,37.5478510674719,49.26835663951716,476.95249938964844,0.0,0.011491762431353594,True,True,False
test_000322,test,,120,120,POL A7,POL,POL,A,7,7.0,,2000.0000000000002,59.99999999999999,22.55143315939559,1.8457616579348466,37.74333351445351,48.40160787690311,483.9837646484375,0.0,0.012016766806390054,True,True,False
test_000322,test,,121,121,POL A8,POL,POL,A,8,8.0,,2000.0000000000002,59.99999999999999,22.520984574099153,2.0722579180567693,38.39518020557694,50.213846077820605,485.74151611328125,0.0,0.012316769306410886,True,True,False
test_000322,test,,122,122,POL A9,POL,POL,A,9,9.0,,2000.0000000000002,59.99999999999999,22.610381128407106,2.9044145753799966,38.14844239327322,47.91716466910026,479.9800720214844,0.0,0.012100100834173618,True,True,False
test_000322,test,,123,123,POL A10,POL,POL,A,10,10.0,,2000.0000000000002,59.99999999999999,22.507900893099585,3.7878219317934514,38.100782875281254,49.007077115689604,479.6873321533203,0.0,0.011833431945266211,True,True,False
test_000322,test,,124,124,POL A11,POL,POL,A,11,11.0,,2000.0000000000002,59.99999999999999,35.870326503621456,35.89336812824022,33.40562332036007,53.92657373116774,508.69090270996094,0.0,0.008258402153351278,True,True,True
test_000322,test,,125,125,POL A12,POL,POL,A,12,12.0,,2000.0000000000002,59.99999999999999,21.775446875490786,2.1339719616015955,37.12243202792345,51.68863987521849,479.88267517089844,0.0,0.011416761806348387,True,True,False
test_000322,test,,126,126,POL A13,POL,POL,A,13,13.0,,2000.0000000000002,59.99999999999999,21.097055220839998,1.791466401158359,36.813324698968785,50.195723401843345,461.0347137451172,0.0,0.011791764931374429,True,True,False
test_000322,test,,127,127,POL A14,POL,POL,A,14,14.0,,2000.0000000000002,59.99999999999999,19.885688560030207,1.9751662444572733,36.21719268714278,51.689921896483604,464.84361267089844,0.0,0.012116767639730332,True,False,False
test_000322,test,,128,128,POL A15,POL,POL,A,15,15.0,,2000.0000000000002,59.99999999999999,19.26171472674709,2.9452969401602087,36.25603399960372,51.791675653263866,469.62872314453125,0.0,0.011708430903590862,True,False,False
test_000322,test,,129,129,POL A16,POL,POL,A,16,16.0,,2000.0000000000002,59.99999999999999,21.4218635759967,29.892825727336604,33.528371330117345,52.05777953713656,494.531005859375,0.0,0.0072583938199485,True,True,True
test_000322,test,,130,130,EEG PO1-Ref,EEG,EEG ...-Ref,PO,1,1.0,-Ref,2000.0000000000002,59.99999999999999,20.589487322863956,1.5146798715321532,37.06645990259242,62.74981869877647,647.070068359375,0.0,0.01067508895907466,True,True,False
test_000322,test,,131,131,EEG PO2-Ref,EEG,EEG ...-Ref,PO,2,2.0,-Ref,2000.0000000000002,59.99999999999999,21.660338170406625,0.8883614399636413,37.83886420516248,57.735068321377156,570.2146911621094,0.0,0.010875090625755215,True,True,False
test_000322,test,,132,132,EEG PO3-Ref,EEG,EEG ...-Ref,PO,3,3.0,-Ref,2000.0000000000002,59.99999999999999,22.330061829299,1.3017722348572949,37.92064659938182,54.57093528769017,513.866943359375,0.0,0.011458428820240169,True,True,False
test_000322,test,,133,133,EEG PO4-Ref,EEG,EEG ...-Ref,PO,4,4.0,-Ref,2000.0000000000002,59.99999999999999,21.79094340302948,2.6894055367888186,37.51502265778648,54.10832070106716,520.0192565917969,0.0,0.011108425903549195,True,True,False
test_000322,test,,134,134,EEG PO5-Ref,EEG,EEG ...-Ref,PO,5,5.0,-Ref,2000.0000000000002,59.99999999999999,20.163368400561446,2.2523363082867194,35.82796776685243,50.211794093390694,485.6439666748047,0.0,0.011208426736889474,True,True,False
test_000322,test,,135,135,EEG PO6-Ref,EEG,EEG ...-Ref,PO,6,6.0,-Ref,2000.0000000000002,59.99999999999999,18.27354043495412,0.7415304835645352,33.31295531873143,56.39616233344149,477.0506134033203,0.0,0.011475095625796882,True,False,False
test_000322,test,,136,136,EEG PO7-Ref,EEG,EEG ...-Ref,PO,7,7.0,-Ref,2000.0000000000002,59.99999999999999,19.477067518108623,0.5895979009736253,35.5356766941745,47.808642764357685,419.82411193847656,0.0,0.011341761181343177,True,False,False
test_000322,test,,137,137,EEG PO8-Ref,EEG,EEG ...-Ref,PO,8,8.0,-Ref,2000.0000000000002,59.99999999999999,20.84101011347526,1.0910681557348365,37.041594835668874,52.24731685876413,475.9762725830078,0.0,0.011450095417461812,True,True,False
test_000322,test,,138,138,EEG PO9-Ref,EEG,EEG ...-Ref,PO,9,9.0,-Ref,2000.0000000000002,59.99999999999999,21.21348633463309,1.955618918942226,37.3402783314274,52.08820285609734,481.2497253417969,0.0,0.011308427570229752,True,True,False
test_000322,test,,139,139,EEG PO10-Ref,EEG,EEG ...-Ref,PO,10,10.0,-Ref,2000.0000000000002,59.99999999999999,20.78617062172387,2.691484885346081,37.23255741701528,54.16714109095565,502.44090270996094,0.0,0.011325094375786465,True,True,False
test_000322,test,,140,140,POL PO11,POL,POL,PO,11,11.0,,2000.0000000000002,59.99999999999999,18.80182546965418,0.39889661599935367,36.321864351484166,52.85898045821166,531.9335174560547,0.0,0.011541762848023733,True,False,False
test_000322,test,,141,141,POL PO12,POL,POL,PO,12,12.0,,2000.0000000000002,59.99999999999999,16.986232482229468,0.5671223885297398,32.053163522262366,53.31884117416901,598.6321868896484,0.0,0.0112417603480029,True,False,False
test_000322,test,,142,142,POL PO13,POL,POL,PO,13,13.0,,2000.0000000000002,59.99999999999999,15.509895302950383,0.9167251590619317,31.586947354016313,66.37162446972557,687.6950988769531,0.0,0.011166759722997691,True,False,False
test_000322,test,,143,143,POL PO14,POL,POL,PO,14,14.0,,2000.0000000000002,59.99999999999999,14.909288345518508,1.4618336437113555,32.38865250432192,63.65450538433436,697.0701904296875,0.0,0.010050083750697922,True,False,False
test_000322,test,,144,144,POL PO15,POL,POL,PO,15,15.0,,2000.0000000000002,59.99999999999999,19.456854177964242,1.03308798546653,36.39403231086601,58.00113116202383,654.5897521972656,0.0,0.009433411945099543,True,False,False
test_000322,test,,145,145,POL PO16,POL,POL,PO,16,16.0,,2000.0000000000002,59.99999999999999,21.47339447447331,-0.5875910486763324,38.442138707413996,51.47791525863331,635.1559448242188,0.0,0.00922507687564063,True,True,False
test_000322,test,,146,146,POL BL1,POL,POL,BL,1,1.0,,2000.0000000000002,59.99999999999999,6.975385636672615,-1.1817878569584053,24.392015784193276,168.44587171727855,3585.3453369140625,0.0,0.00723339361161343,False,False,False
test_000322,test,,147,147,POL BL2,POL,POL,BL,2,2.0,,2000.0000000000002,59.99999999999999,14.61924601079444,1.402003595931983,32.95222288985632,64.71166361751929,779.8824157714844,0.0,0.00903340861173843,True,False,False
test_000322,test,,148,148,POL BL3,POL,POL,BL,3,3.0,,2000.0000000000002,59.99999999999999,18.406860601743848,2.6434929429849325,35.99235086953566,57.88161401834167,643.7495727539062,0.0,0.009116742639521997,True,False,False
test_000322,test,,149,149,POL BL4,POL,POL,BL,4,4.0,,2000.0000000000002,59.99999999999999,20.15465265711477,2.85563624695244,36.99191183773719,55.783460635742,558.8865203857422,0.0,0.009191743264527204,True,True,False
test_000322,test,,150,150,POL BL5,POL,POL,BL,5,5.0,,2000.0000000000002,59.99999999999999,20.265084065199368,2.351198177826592,36.58431517016626,54.32474767077246,541.6013031005859,0.0,0.009933416111800932,True,True,False
test_000322,test,,151,151,POL BL6,POL,POL,BL,6,6.0,,2000.0000000000002,59.99999999999999,19.054629504075717,2.0030663635804284,35.14695910712101,57.88825770087061,571.3864135742188,0.0,0.008641738681155677,True,False,False
test_000322,test,,152,152,POL BL7,POL,POL,BL,7,7.0,,2000.0000000000002,59.99999999999999,17.793823226067595,1.4631999728782192,35.04603987165576,62.930587675401526,596.3864440917969,0.0,0.008866740556171301,True,False,False
test_000322,test,,153,153,POL BL8,POL,POL,BL,8,8.0,,2000.0000000000002,59.99999999999999,18.079248437239453,0.752087588974764,35.034012373181994,69.06092574926257,756.738037109375,0.0,0.009150076250635422,True,False,False
test_000322,test,,154,154,POL BL9,POL,POL,BL,9,9.0,,2000.0000000000002,59.99999999999999,18.324778063542357,1.0937166716042985,34.25722307637459,75.09024046532508,837.6952209472656,0.0,0.00981674847290394,True,False,False
test_000322,test,,155,155,POL BL10,POL,POL,BL,10,10.0,,2000.0000000000002,59.99999999999999,20.106742279094142,1.668034664451464,35.86379050925247,64.09306040321712,823.5345764160156,0.0,0.00894174118117651,True,True,False
test_000322,test,,156,156,POL BL11,POL,POL,BL,11,11.0,,2000.0000000000002,59.99999999999999,20.918062595017656,1.9385188804826612,35.978452330445386,56.4312828532698,764.1600341796875,0.0,0.00939174493120776,True,True,False
test_000322,test,,157,157,POL BL12,POL,POL,BL,12,12.0,,2000.0000000000002,59.99999999999999,20.6109702716098,0.021154389481004465,29.338485780474812,55.73992777450788,730.8593139648438,0.0,0.008525071042258685,True,True,False
test_000322,test,,158,158,POL EL1,POL,POL,EL,1,1.0,,2000.0000000000002,59.99999999999999,16.370885218656987,1.114602979619346,33.06956105608045,75.49775169477344,953.8055725097656,0.0,0.00858340486170718,True,False,False
test_000322,test,,159,159,POL EL2,POL,POL,EL,2,2.0,,2000.0000000000002,59.99999999999999,17.62852605573765,1.5578344574752332,33.78815895958556,73.551538991694,825.6834106445312,0.0,0.008483404028366903,True,False,False
test_000322,test,,160,160,POL EL3,POL,POL,EL,3,3.0,,2000.0000000000002,59.99999999999999,18.686676682941833,2.274992299252581,34.42159976010092,63.08808080971836,596.8748168945312,0.0,0.00837506979224827,True,False,False
test_000322,test,,161,161,POL EL4,POL,POL,EL,4,4.0,,2000.0000000000002,59.99999999999999,20.174297292992783,2.952015283537532,36.38072501289773,59.304411942672196,638.3788757324219,0.0,0.008850073750614588,True,True,False
test_000322,test,,162,162,POL EL5,POL,POL,EL,5,5.0,,2000.0000000000002,59.99999999999999,20.980409252696223,2.9015291821819744,36.97046086824492,58.60077309814887,619.8240203857422,0.0,0.008800073333944449,True,True,False
test_000322,test,,163,163,POL EL6,POL,POL,EL,6,6.0,,2000.0000000000002,59.99999999999999,21.17037286697494,3.481634477058254,37.08194691756081,58.01481384432686,618.9451599121094,0.0,0.009016741806181719,True,True,False
test_000322,test,,164,164,POL EL7,POL,POL,EL,7,7.0,,2000.0000000000002,59.99999999999999,20.157802280516158,2.2220611064746265,36.44825313709107,59.61245957639541,671.6792907714844,0.0,0.008533404445037042,True,True,False
test_000322,test,,165,165,POL EL8,POL,POL,EL,8,8.0,,2000.0000000000002,59.99999999999999,18.89453290827266,2.1376014772451795,36.154940835320055,60.18989477556948,777.5390319824219,0.0,0.00832506937557813,True,False,False
test_000322,test,,166,166,POL EL9,POL,POL,EL,9,9.0,,2000.0000000000002,59.99999999999999,18.59999909084423,2.6263782492200782,35.987342334615214,67.63836682285219,1016.60107421875,0.0,0.009041742014516787,True,False,False
test_000322,test,,167,167,POL EL10,POL,POL,EL,10,10.0,,2000.0000000000002,59.99999999999999,12.439415602106635,18.847450233504187,34.498110049208954,28.00058058192807,357.90943908691406,0.0,0.01107509229243577,True,False,True
test_000322,test,,168,168,POL EL11,POL,POL,EL,11,11.0,,2000.0000000000002,59.99999999999999,16.69383088300877,1.3196469339677757,34.423922238124234,63.96187031512184,839.2572631835938,0.0,0.008591738264485537,True,False,False
test_000322,test,,169,169,POL EL12,POL,POL,EL,12,12.0,,2000.0000000000002,59.99999999999999,19.46801678559887,1.6127838219190354,35.709044457873304,52.56900423862564,666.9915313720703,0.0,0.008333402778356487,True,False,False
test_000322,test,,170,170,POL EL13,POL,POL,EL,13,13.0,,2000.0000000000002,59.99999999999999,36.91088847966169,34.96345936583043,32.53525596360065,88.07010011205229,1425.0975952148438,0.0,0.005458378819823499,True,True,True
test_000489,test,,0,0,POL AC1,POL,POL,AC,1,1.0,,2000.0000000000002,59.99999999999999,14.488900196496683,0.3569650727516396,21.784422928351404,34.80307301807849,443.9449234008789,0.0,0.045683714030950257,True,False,False
test_000489,test,,1,1,POL AC2,POL,POL,AC,2,2.0,,2000.0000000000002,59.99999999999999,10.896723589776352,0.5966944433479471,16.01872851563945,23.53438288491615,272.94915771484375,0.0,0.058017150142917855,True,False,False
test_000489,test,,2,2,POL AC3,POL,POL,AC,3,3.0,,2000.0000000000002,59.99999999999999,5.471165731266523,0.24061219643060794,9.657979578922882,15.81263593339422,178.80824279785156,0.0,0.06195051625430212,False,False,False
test_000489,test,,3,3,POL AC4,POL,POL,AC,4,4.0,,2000.0000000000002,59.99999999999999,8.841580360491422,0.41899582283831033,9.489890492926232,11.461950146732677,97.65592575073242,0.0,0.06743389528246069,False,False,False
test_000489,test,,4,4,POL AC5,POL,POL,AC,5,5.0,,2000.0000000000002,59.99999999999999,10.166651574382158,0.16876127083305248,4.645625572373005,4.947858107080672,34.96091556549072,0.0,0.0973841448678739,True,False,False
test_000489,test,,5,5,POL AC6,POL,POL,AC,6,6.0,,2000.0000000000002,59.99999999999999,12.937402995012594,-0.01740103415044153,9.720558312175804,4.870032242807046,35.351542949676514,0.0,0.09441745347877899,True,False,False
test_000489,test,,6,6,POL AC7,POL,POL,AC,7,7.0,,2000.0000000000002,59.99999999999999,12.158263051483516,0.33015038827858756,13.45252146827429,14.358641723598694,116.69919204711914,0.0,0.06269218910157584,True,False,False
test_000489,test,,7,7,POL AC8,POL,POL,AC,8,8.0,,2000.0000000000002,59.99999999999999,9.666628685603623,0.4222125210935151,10.846889021146938,21.758861542527885,200.97653198242188,0.0,0.057683814031783597,False,False,False
test_000489,test,,8,8,POL AC9,POL,POL,AC,9,9.0,,2000.0000000000002,59.99999999999999,4.472011385520887,0.18377906336820365,5.105783466116396,31.435304816249445,278.3201675415039,0.0,0.05437545312877607,False,False,False
test_000489,test,,9,9,POL AC10,POL,POL,AC,10,10.0,,2000.0000000000002,59.99999999999999,0.3920561219635921,-0.5208082246696198,1.1522000177520455,48.8999916796972,373.8278503417969,0.0,0.040542004516704304,False,False,False
test_000489,test,,10,10,POL AC13,POL,POL,AC,13,13.0,,2000.0000000000002,59.99999999999999,0.8692437258786695,-0.2867019819961312,7.266999353996463,131.3784708152714,1073.3367309570312,0.0,0.02430853590446587,False,False,False
test_000489,test,,11,11,POL AC14,POL,POL,AC,14,14.0,,2000.0000000000002,59.99999999999999,0.5147593463279964,-0.6351506504402178,6.566670157455237,87.97061264699724,819.43212890625,0.0,0.03494195784964875,False,False,False
test_000489,test,,12,12,POL AC15,POL,POL,AC,15,15.0,,2000.0000000000002,59.99999999999999,4.139206434727064,-1.1769957915355242,14.371735155734488,101.0670681990075,1064.4530944824219,0.0,0.03882532354436287,False,False,False
test_000489,test,,13,13,POL AC16,POL,POL,AC,16,16.0,,2000.0000000000002,59.99999999999999,6.672335301594963,-0.03914145832558277,14.864087367013434,111.50155283781841,1203.3161926269531,0.0,0.03657530479420662,False,False,False
test_000489,test,,14,14,POL mPO1,POL,POL,mPO,1,1.0,,2000.0000000000002,59.99999999999999,2.101361176364504,1.07549117216518,16.76716561105181,124.6507577942215,1868.4541625976562,0.0,0.021816848473737282,False,False,False
test_000489,test,,15,15,POL mPO2,POL,POL,mPO,2,2.0,,2000.0000000000002,59.99999999999999,3.069183555021435,0.31983268941042303,18.648650947643887,66.03116952859635,1071.4833068847656,0.0,0.033708614238451985,False,False,False
test_000489,test,,16,16,POL mPO3,POL,POL,mPO,3,3.0,,2000.0000000000002,59.99999999999999,8.585595591724934,0.9448685704376047,22.948179586894923,39.02350610076981,575.0971984863281,0.0,0.04655872132267769,False,False,False
test_000489,test,,17,17,POL mPO4,POL,POL,mPO,4,4.0,,2000.0000000000002,59.99999999999999,10.810190338327272,0.33415989427745574,24.110885093901807,33.50136013635874,377.4409408569336,0.0,0.051192093267443894,True,False,False
test_000489,test,,18,18,POL mPO5,POL,POL,mPO,5,5.0,,2000.0000000000002,59.99999999999999,12.98357417535698,-0.11702575397329662,23.310957062126818,28.83009749392363,277.53870391845703,0.0,0.05048375403128359,True,False,False
test_000489,test,,19,19,POL E,POL,POL,unparsed,,,,2000.0000000000002,59.99999999999999,57.37361284466277,27.634529931794518,51.68244231085683,41.92570287618059,191.50332641601562,0.0,0.003000025000208335,True,True,True
test_000489,test,,20,20,POL mPO6,POL,POL,mPO,6,6.0,,2000.0000000000002,59.99999999999999,3.759675408663978,-0.1597772836457813,22.52278147348074,24.48694767111017,231.64056396484375,0.0,0.049100409170076416,False,False,False
test_000489,test,,21,21,POL mPO7,POL,POL,mPO,7,7.0,,2000.0000000000002,59.99999999999999,11.167662198721418,0.18269541560165042,22.936255070002844,24.476611706638266,184.76554107666016,0.0,0.050267085559046326,True,False,False
test_000489,test,,22,22,POL AC11,POL,POL,AC,11,11.0,,2000.0000000000002,59.99999999999999,5.966140870360692,0.7357055820683236,15.112479889703035,94.27821536690628,812.9876403808594,0.0,0.02836690305752548,False,False,False
test_000489,test,,23,23,POL AC12,POL,POL,AC,12,12.0,,2000.0000000000002,59.99999999999999,-0.9007977117542068,0.25572328192676674,2.8915217639072694,207.29947745483483,1374.5096435546875,0.0,0.02194184951541263,False,False,False
test_000489,test,,24,24,POL mPO8,POL,POL,mPO,8,8.0,,2000.0000000000002,59.99999999999999,10.255017052739015,-1.041666645436305,22.73548851189269,22.16577895543826,183.30054473876953,0.0,0.05367544729539413,True,False,False
test_000489,test,,25,25,POL mPO9,POL,POL,mPO,9,9.0,,2000.0000000000002,59.99999999999999,1.0149256923377235,-0.8160133002970951,20.117118079169487,26.72296335403973,228.51544189453125,0.0,0.05155042958691322,False,False,False
test_000489,test,,26,26,POL mPO10,POL,POL,mPO,10,10.0,,2000.0000000000002,59.99999999999999,2.216736803242064,-0.6273691894906777,16.385770729646964,30.36709177653954,283.2028274536133,0.0,0.04354202951691264,False,False,False
test_000489,test,,27,27,POL mPO11,POL,POL,mPO,11,11.0,,2000.0000000000002,59.99999999999999,3.7063119256754025,0.7533210652798605,17.344358487058873,41.97106730779996,397.2653350830078,0.0,0.0386086550721256,False,False,False
test_000489,test,,28,28,POL mPO12,POL,POL,mPO,12,12.0,,2000.0000000000002,59.99999999999999,5.087957637653034,1.247887097574688,16.424472474435294,51.57952086786623,527.7341613769531,0.0,0.038433653613780115,False,False,False
test_000489,test,,29,29,POL mPO13,POL,POL,mPO,13,13.0,,2000.0000000000002,59.99999999999999,1.5402407302508756,0.6576279139107055,15.711013189216366,74.30503796162462,763.5741577148438,0.0,0.03336694472453937,False,False,False
test_000489,test,,30,30,POL mPO14,POL,POL,mPO,14,14.0,,2000.0000000000002,59.99999999999999,0.7236101902849363,0.9089260535492755,11.186763012534264,103.7522449151572,1130.1756896972656,0.0,0.02767523062692189,False,False,False
test_000489,test,,31,31,POL mPO15,POL,POL,mPO,15,15.0,,2000.0000000000002,59.99999999999999,0.07844615341779518,0.18655662530969624,12.905996067372179,122.20100970458805,1141.8943481445312,0.0,0.02433353611280094,False,False,False
test_000489,test,,32,32,POL mPO16,POL,POL,mPO,16,16.0,,2000.0000000000002,59.99999999999999,4.698922839977685,4.3884948025438183e-05,17.04083620570851,99.30325413209454,1112.7929382324219,0.0,0.032950274585621546,False,False,False
test_000489,test,,33,33,POL TO1,POL,POL,TO,1,1.0,,2000.0000000000002,59.99999999999999,4.531804523125807,0.4299865974752183,4.488845774870893,51.075783580680095,418.0661315917969,0.0,0.04484204035033625,False,False,False
test_000489,test,,34,34,POL TO2,POL,POL,TO,2,2.0,,2000.0000000000002,59.99999999999999,15.850437446401235,-0.2587837752601751,21.71549695528047,54.62486402019144,457.2264862060547,0.0,0.044792039933666115,True,False,False
test_000489,test,,35,35,POL TO3,POL,POL,TO,3,3.0,,2000.0000000000002,59.99999999999999,5.263107934999817,-0.16756589623033136,13.148366635624804,72.02188078374827,614.35498046875,0.0,0.04517537646147051,False,False,False
test_000489,test,,36,36,POL TO4,POL,POL,TO,4,4.0,,2000.0000000000002,59.99999999999999,10.175991250998964,-0.6655887653889847,17.64666967998036,81.63339489219412,705.2730102539062,0.0,0.04014200118334319,True,False,False
test_000489,test,,37,37,POL DC01,POL,POL,DC,01,1.0,,2000.0000000000002,59.99999999999999,0.3010941231928292,-0.043343781290781716,-0.4121023638270793,49.35695023409792,732.5999755859375,0.017541666666666667,0.9682164018033483,False,False,False
test_000489,test,,38,38,POL DC02,POL,POL,DC,02,2.0,,2000.0000000000002,59.99999999999999,1.1678734708977834,-0.5803377218009108,-0.20743019310844174,115.12601929717601,732.6002807617188,0.0,0.8478820656838807,False,False,False
test_000489,test,,39,39,POL DC03,POL,POL,DC,03,3.0,,2000.0000000000002,59.99999999999999,0.658305960826977,-0.42426546026315626,0.24629813473820375,158.67776618358036,366.3001377929759,0.0,0.7256143801198344,False,False,False
test_000489,test,,40,40,POL DC04,POL,POL,DC,04,4.0,,2000.0000000000002,59.99999999999999,0.15315973363195973,0.5689872849847262,-0.35033981300608963,158.13206248700337,366.29998779296875,0.24774166666666667,0.7306144217868482,False,False,False
test_000489,test,,41,41,POL DC05,POL,POL,DC,05,5.0,,2000.0000000000002,59.99999999999999,0.09017820167046565,0.07090709820733054,0.2834830451008233,167.5381024556121,366.29998779296875,0.298,0.698630821923516,False,False,False
test_000489,test,,42,42,POL DC06,POL,POL,DC,06,6.0,,2000.0000000000002,59.99999999999999,-0.645416849112841,-0.39983206325975473,0.28533982600865976,123.55483383933627,732.5999755859375,4.1666666666666665e-05,0.8253152109600913,False,False,False
test_000489,test,,43,43,POL DC07,POL,POL,DC,07,7.0,,2000.0000000000002,59.99999999999999,4.128026554447054,0.6179045946706389,4.713937402711222,149.2001497314064,732.5999755859375,0.20999166666666666,0.7563979699830832,False,False,False
test_000489,test,,44,44,POL DC08,POL,POL,DC,08,8.0,,2000.0000000000002,59.99999999999999,67.8195087862524,32.23137587730808,59.36692075968114,15377.42574908932,61172.119140625,0.0,0.05972549771248094,True,True,True
test_000489,test,,45,45,POL DC09,POL,POL,DC,09,9.0,,2000.0000000000002,59.99999999999999,7.728356055625185,0.46462522791026223,4.778983607840676,177.9550442068652,366.29998779296875,0.3817583333333333,0.6720806006716723,False,False,False
test_000489,test,,46,46,POL DC10,POL,POL,DC,10,10.0,,2000.0000000000002,59.99999999999999,-0.6530665850065092,1.0354980935945952,-0.2827469841389796,38.04176403086699,732.5999755859375,0.002625,0.9804498370819756,False,False,False
test_000489,test,,47,47,POL DC11,POL,POL,DC,11,11.0,,2000.0000000000002,59.99999999999999,0.197763095109238,0.6438291109027796,0.2537116762966684,72.60058339851786,732.5999755859375,0.04066666666666666,0.9355661297177477,False,False,False
test_000489,test,,48,48,POL DC12,POL,POL,DC,12,12.0,,2000.0000000000002,59.99999999999999,0.6419345553031128,0.06925653511662558,0.25557218298862755,181.67517254628083,366.29998779296875,0.436675,0.6533637780314836,False,False,False
test_000489,test,,49,49,POL DC13,POL,POL,DC,13,13.0,,2000.0000000000002,59.99999999999999,0.19940469268562572,-0.619126428661354,-0.3227441246141176,120.38821177630751,732.6002807617188,0.0,0.8329152742939524,False,False,False
test_000489,test,,50,50,POL DC14,POL,POL,DC,14,14.0,,2000.0000000000002,59.99999999999999,-0.13652625000316854,0.8263753524354699,0.008993282955556996,56.851045073727974,732.6002807617188,0.0,0.9585329877748981,False,False,False
test_000489,test,,51,51,POL DC15,POL,POL,DC,15,15.0,,2000.0000000000002,59.99999999999999,0.41812282628861946,-0.8548850659979064,0.5756124309009163,68.1437604589298,732.6002807617188,0.0,0.9413828448570405,False,False,False
test_000489,test,,52,52,POL DC16,POL,POL,DC,16,16.0,,2000.0000000000002,59.99999999999999,13.385446601025377,3.7880909822079225,15.538328968174477,351.7647866147187,4761.90234375,0.0,0.735214460120501,True,False,False
test_000489,test,,53,53,POL TO5,POL,POL,TO,5,5.0,,2000.0000000000002,59.99999999999999,1.2939962809641887,-0.520236097363688,11.639114068694116,77.14797809019726,515.8200988769531,0.0,0.043025358544654536,False,False,False
test_000489,test,,54,54,POL TO6,POL,POL,TO,6,6.0,,2000.0000000000002,59.99999999999999,11.16480933942716,-0.5271805050413708,19.98491773975217,66.53139250649765,472.9491729736328,0.0,0.0447170393086609,True,False,False
test_000489,test,,55,55,POL TO7,POL,POL,TO,7,7.0,,2000.0000000000002,59.99999999999999,11.177596681830636,-0.9979420291279552,20.345033920537414,68.677858576924,525.4881591796875,0.0,0.040375336461137175,True,False,False
test_000489,test,,56,56,POL TO8,POL,POL,TO,8,8.0,,2000.0000000000002,59.99999999999999,1.8956529260051755,-0.5721144074585576,14.73372842813899,80.45227145805752,644.4333190917969,0.0,0.04149201243343695,False,False,False
test_000489,test,,57,57,POL TO9,POL,POL,TO,9,9.0,,2000.0000000000002,59.99999999999999,8.063107313511066,-0.3128133718673721,19.81544612333948,88.39285492895065,702.7341613769531,0.0,0.0357169643080359,False,False,False
test_000489,test,,58,58,POL TO10,POL,POL,TO,10,10.0,,2000.0000000000002,59.99999999999999,9.407956861031668,0.9550857619487332,21.733798308995734,98.25066176438753,957.4218139648438,0.0,0.03230026916890974,False,False,False
test_000489,test,,59,59,POL TO11,POL,POL,TO,11,11.0,,2000.0000000000002,59.99999999999999,10.919551651688156,0.8561939959544131,23.374226995202278,102.46395415212355,1055.3706665039062,0.0,0.03024191868265569,True,False,False
test_000489,test,,60,60,POL TO12,POL,POL,TO,12,12.0,,2000.0000000000002,59.99999999999999,16.127586074617575,2.6608349757354874,28.980349148075064,90.1050913101767,909.6676940917969,0.0,0.029841915349294576,True,False,False
test_000489,test,,61,61,POL TO13,POL,POL,TO,13,13.0,,2000.0000000000002,59.99999999999999,22.9414970920952,5.330795823060167,35.14843954355382,66.85995670933876,636.0335388183594,0.0,0.024416870140584506,True,True,False
test_000489,test,,62,62,POL Q1,POL,POL,Q,1,1.0,,2000.0000000000002,59.99999999999999,4.342094031763512,0.2006689473560164,20.8252343293925,78.30814574084721,754.5881958007812,0.0,0.033541946182884856,False,False,False
test_000489,test,,63,63,POL Q2,POL,POL,Q,2,2.0,,2000.0000000000002,59.99999999999999,3.541134125264145,0.895478110395853,21.475575036555238,185.19087339964526,2029.1007080078125,0.0,0.02390853257110476,False,False,False
test_000489,test,,64,64,POL Q3,POL,POL,Q,3,3.0,,2000.0000000000002,59.99999999999999,6.010559911312564,-0.31553597637695574,21.865873810622816,90.14211276401853,779.5882873535156,0.0,0.029891915765964717,False,False,False
test_000489,test,,65,65,POL Q4,POL,POL,Q,4,4.0,,2000.0000000000002,59.99999999999999,4.5074932404244965,-0.5900627945118544,20.405051130347363,103.32238796098494,1230.2711791992188,0.0,0.023425195209960083,False,False,False
test_000489,test,,66,66,POL Q5,POL,POL,Q,5,5.0,,2000.0000000000002,59.99999999999999,4.291226416022428,0.13483943888015915,21.239963545553152,78.36637900265232,754.4920654296875,0.0,0.0337252810440087,False,False,False
test_000489,test,,67,67,POL Q6,POL,POL,Q,6,6.0,,2000.0000000000002,59.99999999999999,3.698996334092535,0.14643973479831238,17.97710359399636,96.74210684974499,969.9189758300781,0.0,0.021258510487587395,False,False,False
test_000489,test,,68,68,POL Q7,POL,POL,Q,7,7.0,,2000.0000000000002,59.99999999999999,3.878426802789008,-0.12062916804395565,17.761361965001022,100.50532509780665,1010.6436462402344,0.0,0.020925174376453137,False,False,False
test_000489,test,,69,69,POL Q8,POL,POL,Q,8,8.0,,2000.0000000000002,59.99999999999999,4.246968384329838,-0.16097293356294312,17.1404386599035,102.58958505763523,1007.128662109375,0.0,0.019533496112467606,False,False,False
test_000489,test,,70,70,POL Q9,POL,POL,Q,9,9.0,,2000.0000000000002,59.99999999999999,6.106622421219465,-0.1114344880262398,18.229002630024127,86.44813784400242,784.5682067871094,0.0,0.020400170001416678,False,False,False
test_000489,test,,71,71,POL Q10,POL,POL,Q,10,10.0,,2000.0000000000002,59.99999999999999,4.993225228165771,-0.4880124898846234,19.78107739936717,73.81884097502693,641.5990295410156,0.0,0.022691855765464713,False,False,False
test_000489,test,,72,72,POL Q11,POL,POL,Q,11,11.0,,2000.0000000000002,59.99999999999999,5.245465949081403,0.24139866384911737,21.283693326077866,92.97476392416327,740.2338256835938,0.0,0.024675205626713555,False,False,False
test_000489,test,,73,73,POL Q12,POL,POL,Q,12,12.0,,2000.0000000000002,59.99999999999999,9.824193425728268,0.009158144714183546,26.509112808342632,73.09959498344878,639.1599578857422,0.0,0.03240027000225002,False,False,False
test_000489,test,,74,74,POL Q13,POL,POL,Q,13,13.0,,2000.0000000000002,59.99999999999999,14.339467205611099,0.8528131499438429,29.612357612099988,73.34297111990195,686.4240875244141,0.0,0.03436695305794215,True,False,False
test_000489,test,,75,75,POL R1,POL,POL,R,1,1.0,,2000.0000000000002,59.99999999999999,-0.3309257465053791,0.047315084653984124,9.196738402265924,99.861298475325,887.4014282226562,0.0,0.02947524562704689,False,False,False
test_000489,test,,76,76,POL R2,POL,POL,R,2,2.0,,2000.0000000000002,59.99999999999999,-0.3221591940525387,0.5772399153282789,7.109816538773799,98.65568327077803,862.1063842773438,0.0,0.021891849098742488,False,False,False
test_000489,test,,77,77,POL R3,POL,POL,R,3,3.0,,2000.0000000000002,59.99999999999999,0.24261175612415753,-0.0762766983661993,4.848067378563366,87.52787282866848,682.4199829101562,0.0,0.022041850348752907,False,False,False
test_000489,test,,78,78,POL R4,POL,POL,R,4,4.0,,2000.0000000000002,59.99999999999999,0.9016038704649685,0.8227266478564416,6.024621168172125,86.04435566041566,687.2046813964844,0.0,0.02289185743214527,False,False,False
test_000489,test,,79,79,POL R5,POL,POL,R,5,5.0,,2000.0000000000002,59.99999999999999,0.8789337792073916,-1.0410098664846008,11.074516161054612,60.00912910897093,465.8201599121094,0.0,0.033425278543987864,False,False,False
test_000489,test,,80,80,POL R6,POL,POL,R,6,6.0,,2000.0000000000002,59.99999999999999,4.13601529591783,-0.27847139036181573,18.25908373294389,56.19990090850811,488.67169189453125,0.0,0.035941966183051524,False,False,False
test_000489,test,,81,81,POL R7,POL,POL,R,7,7.0,,2000.0000000000002,59.99999999999999,27.4800090067972,-0.5336680436745033,41.69560739508677,58.33100117249006,556.3474731445312,0.0,0.013216776806473388,True,True,False
test_000489,test,,82,82,POL R8,POL,POL,R,8,8.0,,2000.0000000000002,59.99999999999999,26.615767911616807,-0.18999004548584536,41.43788800598767,60.97040926258548,617.0894165039062,0.0,0.013025108542571188,True,True,False
test_000489,test,,83,83,POL R9,POL,POL,R,9,9.0,,2000.0000000000002,59.99999999999999,25.84422032500054,0.27272302034517537,41.55498777352871,62.11838646109161,662.6949768066406,0.0,0.013025108542571188,True,True,False
test_000489,test,,84,84,POL R10,POL,POL,R,10,10.0,,2000.0000000000002,59.99999999999999,24.693107483948285,-0.06418444481648061,41.207345281167925,64.85650517304654,670.8007202148438,0.0,0.013008441737014475,True,True,False
test_000489,test,,85,85,POL R11,POL,POL,R,11,11.0,,2000.0000000000002,59.99999999999999,23.791742605776367,-0.05857896781714833,41.13730552151989,68.07920597273147,627.8318023681641,0.0,0.012158434653622114,True,True,False
test_000489,test,,86,86,POL R12,POL,POL,R,12,12.0,,2000.0000000000002,59.99999999999999,20.94207723962572,0.21074696919584757,38.40252124913376,73.97315091076857,715.1363525390625,0.0,0.012700105834215285,True,True,False
test_000489,test,,87,87,POL R13,POL,POL,R,13,13.0,,2000.0000000000002,59.99999999999999,19.64637483747801,0.17095500930628668,36.78382883866708,88.12862219872497,928.5135192871094,0.0,0.010833423611863431,True,False,False
test_000489,test,,88,88,POL R14,POL,POL,R,14,14.0,,2000.0000000000002,59.99999999999999,14.600881074252477,-0.4532138959241302,32.41760748752227,106.36730258230784,1065.3295593261719,0.0,0.010558421320177667,True,False,False
test_000489,test,,89,89,POL R15,POL,POL,R,15,15.0,,2000.0000000000002,59.99999999999999,12.719162448049415,-0.5302558148972416,29.082961423088275,145.58897233756142,1506.343505859375,0.0,0.009608413403445029,True,False,False
test_000489,test,,90,90,POL R16,POL,POL,R,16,16.0,,2000.0000000000002,59.99999999999999,9.835665680846123,0.5092403312730966,32.622778590076756,160.13359488454554,1415.7213745117188,0.0,0.009466745556212968,False,False,False
test_000489,test,,91,91,POL S1,POL,POL,S,1,1.0,,2000.0000000000002,59.99999999999999,18.514056704916,-0.5025009021551501,33.18536100890053,106.0853154695774,926.9515686035156,0.0,0.010650088750739589,True,False,False
test_000489,test,,92,92,POL S2,POL,POL,S,2,2.0,,2000.0000000000002,59.99999999999999,17.81744323724872,0.017574214847489264,33.32097476658644,100.77064434211118,820.8003845214844,0.0,0.010658422153517946,True,False,False
test_000489,test,,93,93,POL S3,POL,POL,S,3,3.0,,2000.0000000000002,59.99999999999999,21.081250601593723,-0.10363152644985371,34.29426458476961,88.11892286219556,785.3512268066406,0.0,0.012258435486962392,True,True,False
test_000489,test,,94,94,POL S4,POL,POL,S,4,4.0,,2000.0000000000002,59.99999999999999,27.515004911672317,0.1819349806683619,41.40760953137317,71.23842026790453,585.2538146972656,0.0,0.012483437361978017,True,True,False
test_000489,test,,95,95,POL S5,POL,POL,S,5,5.0,,2000.0000000000002,59.99999999999999,28.234578634808976,0.8868674531383114,41.94919228971707,64.52155453675904,517.0897827148438,0.0,0.012491770764756374,True,True,False
test_000489,test,,96,96,POL S6,POL,POL,S,6,6.0,,2000.0000000000002,59.99999999999999,27.619280635594755,1.2013857199844347,42.23158239441026,63.56730319072524,502.7342987060547,0.0,0.012775106459220493,True,True,False
test_000489,test,,97,97,POL S7,POL,POL,S,7,7.0,,2000.0000000000002,59.99999999999999,27.116246832229773,1.319348024621181,41.251889787572445,65.81853909656868,508.4959411621094,0.0,0.011875098959157993,True,True,False
test_000489,test,,98,98,POL S8,POL,POL,S,8,8.0,,2000.0000000000002,59.99999999999999,24.850942997463147,0.743878217147518,39.56398514499727,68.22185199099266,531.2496948242188,0.0,0.011991766598054983,True,True,False
test_000489,test,,99,99,POL S9,POL,POL,S,9,9.0,,2000.0000000000002,59.99999999999999,18.23139224255249,-0.4014302110628567,34.38212505156885,81.86602310100517,612.6935119628906,0.0,0.011458428820240169,True,False,False
test_000489,test,,100,100,POL S10,POL,POL,S,10,10.0,,2000.0000000000002,59.99999999999999,17.11810608607437,1.5747512369325212,33.07022060358808,102.61086131399091,767.771728515625,0.0,0.011200093334111117,True,False,False
test_000489,test,,101,101,POL S11,POL,POL,S,11,11.0,,2000.0000000000002,59.99999999999999,18.491218202733734,0.5179254980697058,34.96462004601851,91.96628158300291,828.514404296875,0.0,0.011366761389678248,True,False,False
test_000489,test,,102,102,POL S12,POL,POL,S,12,12.0,,2000.0000000000002,59.99999999999999,19.162694727181265,0.05859187217877467,36.22543431233718,96.3012073910931,900.3870849609375,0.0,0.011333427778564822,True,False,False
test_000489,test,,103,103,POL S13,POL,POL,S,13,13.0,,2000.0000000000002,59.99999999999999,20.13534638710917,0.13421859749299528,37.267052180187726,100.15977880578035,922.1647338867188,0.0,0.01174176451470429,True,True,False
test_000489,test,,104,104,POL S14,POL,POL,S,14,14.0,,2000.0000000000002,59.99999999999999,19.847561131469742,-0.23348044083739444,37.72313201548688,105.70677375497193,961.3243103027344,0.0,0.011625096875807298,True,False,False
test_000489,test,,105,105,POL S15,POL,POL,S,15,15.0,,2000.0000000000002,59.99999999999999,17.220019987334076,-0.2838162780589026,33.53503501181065,111.68669705025658,964.0619201660156,0.0,0.01160009666747223,True,False,False
test_000489,test,,106,106,POL S16,POL,POL,S,16,16.0,,2000.0000000000002,59.99999999999999,14.078591010025576,0.09919098548917345,30.915400723764574,112.79262543779936,1147.1658020019531,0.0,0.010000083334027783,True,False,False
test_000489,test,,107,107,POL T1,POL,POL,T,1,1.0,,2000.0000000000002,59.99999999999999,28.70753449898963,0.34247440823163744,38.177416929872386,68.8839979489037,556.8322296142578,0.0,0.011458428820240169,True,True,False
test_000489,test,,108,108,POL T2,POL,POL,T,2,2.0,,2000.0000000000002,59.99999999999999,29.10061259568854,0.4167603018803517,38.19848242646724,68.0978572005741,542.6740112304688,0.0,0.012183434861957183,True,True,False
test_000489,test,,109,109,EEG T3-Ref,EEG,EEG ...-Ref,T,3,3.0,-Ref,2000.0000000000002,59.99999999999999,28.46261409694016,-0.2324935569635567,37.577631656726915,65.61626295291529,578.2212524414062,0.0,0.011908432570271419,True,True,False
test_000489,test,,110,110,EEG T4-Ref,EEG,EEG ...-Ref,T,4,4.0,-Ref,2000.0000000000002,59.99999999999999,29.230309832693408,-0.1918125940186076,38.00392578278166,58.889263627848045,516.892822265625,0.0,0.011975099792498271,True,True,False
test_000489,test,,111,111,EEG T5-Ref,EEG,EEG ...-Ref,T,5,5.0,-Ref,2000.0000000000002,59.99999999999999,29.64029493882437,0.5085881289598031,40.5050452847599,63.851503735867475,531.7350158691406,0.0,0.012091767431395261,True,True,False
test_000489,test,,112,112,EEG T6-Ref,EEG,EEG ...-Ref,T,6,6.0,-Ref,2000.0000000000002,59.99999999999999,28.720877236039676,-0.38240383662435873,41.21998376711239,59.95519466212221,507.7138214111328,0.0,0.012675105625880216,True,True,False
test_000489,test,,113,113,EEG T7-Ref,EEG,EEG ...-Ref,T,7,7.0,-Ref,2000.0000000000002,59.99999999999999,25.442852452633005,-0.5177182050764282,39.76947808402859,60.53814001767262,501.9523468017578,0.0,0.012875107292560771,True,True,False
test_000489,test,,114,114,EEG T8-Ref,EEG,EEG ...-Ref,T,8,8.0,-Ref,2000.0000000000002,59.99999999999999,24.804177698403485,-0.19397478719149475,38.8998072917163,61.21724588730807,501.65769958496094,0.0,0.011900099167493062,True,True,False
test_000489,test,,115,115,EEG T9-Ref,EEG,EEG ...-Ref,T,9,9.0,-Ref,2000.0000000000002,59.99999999999999,26.78079790911932,1.0290037844574687,40.84960934507564,62.72768778190455,513.4762725830078,0.0,0.013100109167576396,True,True,False
test_000489,test,,116,116,EEG T10-Ref,EEG,EEG ...-Ref,T,10,10.0,-Ref,2000.0000000000002,59.99999999999999,26.111577760392915,1.6565713928407797,40.87341376809463,63.924810764125894,513.4763031005859,0.0,0.012575104792539938,True,True,False
test_000489,test,,117,117,POL T11,POL,POL,T,11,11.0,,2000.0000000000002,59.99999999999999,26.127320652796886,1.4462198387187808,41.1986542577488,64.39626329666272,528.7107543945312,0.0,0.01280844007033392,True,True,False
test_000489,test,,118,118,POL T12,POL,POL,T,12,12.0,,2000.0000000000002,59.99999999999999,25.973492385395446,0.4434047830063076,41.30440808953623,67.07512065258058,569.7263488769531,0.0,0.012466770556421303,True,True,False
test_000489,test,,119,119,POL T13,POL,POL,T,13,13.0,,2000.0000000000002,59.99999999999999,25.649202198028952,0.535285158905316,40.80107899284593,71.04907294667923,650.2925415039062,0.0,0.012566771389761582,True,True,False
test_000489,test,,120,120,POL T14,POL,POL,T,14,14.0,,2000.0000000000002,59.99999999999999,23.70170042733335,0.1767000795930153,39.767436206748044,78.7089633510333,773.5348815917969,0.0,0.012441770348086235,True,True,False
test_000489,test,,121,121,POL T15,POL,POL,T,15,15.0,,2000.0000000000002,59.99999999999999,22.563800539157004,0.04946959644243371,39.10540837521652,101.07638829050178,985.839111328125,0.0,0.012716772639771999,True,True,False
test_000489,test,,122,122,POL T16,POL,POL,T,16,16.0,,2000.0000000000002,59.99999999999999,22.507979567279698,-0.13148558034529378,38.77301993566541,93.4033146129257,873.730224609375,0.0,0.01273343944532871,True,True,False
test_000489,test,,123,123,EEG A1-Ref,EEG,EEG ...-Ref,A,1,1.0,-Ref,2000.0000000000002,59.99999999999999,10.926236879903247,0.26508920369844613,30.066088279657997,219.12847593332475,1460.3463745117188,0.0,0.009958416320136,True,False,False
test_000489,test,,124,124,EEG A2-Ref,EEG,EEG ...-Ref,A,2,2.0,-Ref,2000.0000000000002,59.99999999999999,12.863549168638635,0.1931869574581931,31.752429998307605,122.5269321770989,1063.96435546875,0.0,0.011175093125776048,True,False,False
test_000489,test,,125,125,POL A3,POL,POL,A,3,3.0,,2000.0000000000002,59.99999999999999,13.622329099795955,-0.7486714552393017,31.19944088122964,92.74037944071034,950.1927795410156,0.0,0.011416761806348387,True,False,False
test_000489,test,,126,126,POL A4,POL,POL,A,4,4.0,,2000.0000000000002,59.99999999999999,22.358063140985145,0.5487983809669438,36.638721817116654,107.37649827867493,813.5709533691406,0.0,0.012083434028616905,True,True,False
test_000489,test,,127,127,POL A5,POL,POL,A,5,5.0,,2000.0000000000002,59.99999999999999,24.90981995086821,0.9066216517807179,37.509111102253385,106.26779091734254,784.5675048828125,0.0,0.013016775139792831,True,True,False
test_000489,test,,128,128,POL A6,POL,POL,A,6,6.0,,2000.0000000000002,59.99999999999999,25.414922797217155,-0.24449476332201733,39.489143879577576,115.47554375559216,914.5467529296875,0.0,0.012133434445287044,True,True,False
test_000489,test,,129,129,POL A7,POL,POL,A,7,7.0,,2000.0000000000002,59.99999999999999,20.60256754211851,0.14517638541867733,39.034442533857685,123.90545694211413,1149.5094604492188,0.0,0.01185843215360128,True,True,False
test_000489,test,,130,130,POL A8,POL,POL,A,8,8.0,,2000.0000000000002,59.99999999999999,16.59714768196515,0.37964335049027526,37.764750696878,120.37441557363842,1386.6170654296875,0.0,0.011608430070250586,True,False,False
test_000489,test,,131,131,POL A9,POL,POL,A,9,9.0,,2000.0000000000002,59.99999999999999,22.56711711893043,0.08722374233764318,41.73140700902845,116.08374998086201,1139.3535461425781,0.0,0.012233435278627322,True,True,False
test_000489,test,,132,132,POL A10,POL,POL,A,10,10.0,,2000.0000000000002,59.99999999999999,22.081440335375973,-0.6280526052379589,40.46722923909374,125.74673087430952,1101.8514404296875,0.0,0.012575104792539938,True,True,False
test_000489,test,,133,133,POL A11,POL,POL,A,11,11.0,,2000.0000000000002,59.99999999999999,21.45676353961481,-0.3976540836617562,39.42982390369275,139.83240973407385,1303.2203369140625,0.0,0.01171676430636922,True,True,False
test_000489,test,,134,134,POL A12,POL,POL,A,12,12.0,,2000.0000000000002,59.99999999999999,20.118927822642448,0.16716050058654477,39.000434364130115,156.54220397461458,1581.8325805664062,0.0,0.011466762223018526,True,True,False
test_000489,test,,135,135,POL A13,POL,POL,A,13,13.0,,2000.0000000000002,59.99999999999999,19.011843221310286,0.42285120920479413,39.59018930575576,170.93097165731996,1756.052001953125,0.0,0.011766764723039358,True,False,False
test_000489,test,,136,136,POL A14,POL,POL,A,14,14.0,,2000.0000000000002,59.99999999999999,20.5949886089741,0.20348432935799693,40.01857006964787,133.26421825978085,1235.0576171875,0.0,0.011966766389719915,True,True,False
test_000489,test,,137,137,POL B1,POL,POL,B,1,1.0,,2000.0000000000002,59.99999999999999,12.310858493995953,0.3207287952784085,29.758655259814727,129.2239562412205,1375.195068359375,0.0,0.009616746806223386,True,False,False
test_000489,test,,138,138,POL B2,POL,POL,B,2,2.0,,2000.0000000000002,59.99999999999999,14.66398639860747,0.4983865616625718,29.433927859963482,131.39048222330138,1306.9325561523438,0.0,0.010525087709064242,True,False,False
test_000489,test,,139,139,POL B3,POL,POL,B,3,3.0,,2000.0000000000002,59.99999999999999,9.078757747530283,-0.4713734723501142,25.80432850953157,186.25792146564083,2357.128173828125,0.0,0.009458412153434612,False,False,False
test_000489,test,,140,140,POL B4,POL,POL,B,4,4.0,,2000.0000000000002,59.99999999999999,14.030411270289607,-0.6015462674390935,28.001328924933752,124.52297485114593,1156.5421447753906,0.0,0.01079175659797165,True,False,False
test_000489,test,,141,141,POL B5,POL,POL,B,5,5.0,,2000.0000000000002,59.99999999999999,19.365943927797854,0.05276765579627681,34.5840425054614,83.05143481846162,727.24560546875,0.0,0.01280844007033392,True,False,False
test_000489,test,,142,142,POL B6,POL,POL,B,6,6.0,,2000.0000000000002,59.99999999999999,23.22411554377713,-0.2118967855057795,38.44766447811775,76.57393540391028,651.1691284179688,0.0,0.012975108125901049,True,True,False
test_000489,test,,143,143,POL B7,POL,POL,B,7,7.0,,2000.0000000000002,59.99999999999999,25.52181596518107,-0.11491844642862145,40.334367004370975,76.90650475639443,636.1318054199219,0.0,0.012566771389761582,True,True,False
test_000489,test,,144,144,POL B8,POL,POL,B,8,8.0,,2000.0000000000002,59.99999999999999,28.308464749653712,0.9689191377166028,42.027151567687866,79.4721500258877,672.0690307617188,0.0,0.012125101042508687,True,True,False
test_000489,test,,145,145,POL B9,POL,POL,B,9,9.0,,2000.0000000000002,59.99999999999999,25.32584427154508,-0.28106511367026726,39.17656332269584,84.64455021739809,757.0299072265625,0.0,0.0141334511120926,True,True,False
test_000489,test,,146,146,POL B10,POL,POL,B,10,10.0,,2000.0000000000002,59.99999999999999,23.278798526175922,0.028060234396066166,37.71147048200354,93.08655205152317,892.2832946777344,0.0,0.01373344777873149,True,True,False
test_000489,test,,147,147,POL B11,POL,POL,B,11,11.0,,2000.0000000000002,59.99999999999999,20.76681912679185,0.18645452538886126,36.332218559214915,97.26636716956418,920.6029663085938,0.0,0.01300010833423612,True,True,False
test_000489,test,,148,148,POL B12,POL,POL,B,12,12.0,,2000.0000000000002,59.99999999999999,20.421988035910914,1.2821089666828998,35.80958969192389,106.47877239266381,993.8467102050781,0.0,0.012550104584204868,True,True,False
test_000489,test,,149,149,POL B13,POL,POL,B,13,13.0,,2000.0000000000002,59.99999999999999,20.171435006656697,1.7232032225284208,34.812734257070204,113.33401203963997,1032.3238220214844,0.0,0.012441770348086235,True,True,False
test_000489,test,,150,150,POL B14,POL,POL,B,14,14.0,,2000.0000000000002,59.99999999999999,20.115492743301733,0.8184341073108394,36.11096285491196,108.64164581898514,980.1733703613281,0.0,0.013283444028700239,True,True,False
test_000489,test,,151,151,POL B15,POL,POL,B,15,15.0,,2000.0000000000002,59.99999999999999,21.571801800261113,0.7814362549604839,37.52266003852657,88.45168483399601,707.714599609375,0.0,0.013808448403736698,True,True,False
test_000489,test,,152,152,POL U1,POL,POL,U,1,1.0,,2000.0000000000002,59.99999999999999,19.174308614206925,-0.062264887370721805,37.18131363723256,137.58263300343438,1045.5074768066406,0.0,0.012625105209210077,True,False,False
test_000489,test,,153,153,POL U2,POL,POL,U,2,2.0,,2000.0000000000002,59.99999999999999,19.945475234283503,-0.44704510759227445,36.049720217340436,136.00005775570875,1126.3665161132812,0.0,0.013133442778689823,True,False,False
test_000489,test,,154,154,POL U3,POL,POL,U,3,3.0,,2000.0000000000002,59.99999999999999,18.908475104790604,-0.24378042759666574,35.29943041839942,152.4538939283105,1256.6390075683594,0.0,0.012683439028658572,True,False,False
test_000489,test,,155,155,POL U4,POL,POL,U,4,4.0,,2000.0000000000002,59.99999999999999,17.962129076582563,-0.3357487356386934,34.59593593608111,180.11387254522054,1362.9844665527344,0.0,0.012425103542529521,True,False,False
test_000489,test,,156,156,POL U5,POL,POL,U,5,5.0,,2000.0000000000002,59.99999999999999,18.233895169298094,-0.6144534715400352,33.97747440344425,197.40590898444904,1520.9927978515625,0.0,0.012575104792539938,True,False,False
test_000489,test,,157,157,POL U6,POL,POL,U,6,6.0,,2000.0000000000002,59.99999999999999,20.881821338190907,-0.24828217570825495,36.032632055855565,175.70553103067718,1607.5188598632812,0.0,0.012825106875890632,True,True,False
test_000489,test,,158,158,POL U7,POL,POL,U,7,7.0,,2000.0000000000002,59.99999999999999,21.445404378324987,-0.10287881513341562,36.82938468153084,151.91819336277428,1481.5379638671875,0.0,0.013433445278710656,True,True,False
test_000489,test,,159,159,POL U8,POL,POL,U,8,8.0,,2000.0000000000002,59.99999999999999,22.893749166532245,0.6605075195182121,38.09258247051539,95.85644948924346,967.7729187011719,0.0,0.014208451737097809,True,True,False
test_000489,test,,160,160,POL L1,POL,POL,L,1,1.0,,2000.0000000000002,59.99999999999999,25.85538438527569,1.6636827600564748,39.055185215223894,68.39750938378502,556.2480163574219,0.0,0.014358452987108226,True,True,False
test_000489,test,,161,161,POL L2,POL,POL,L,2,2.0,,2000.0000000000002,59.99999999999999,23.096393450950274,0.5682319894078797,37.59024338424082,73.49620118070494,614.1590576171875,0.0,0.014691789098242486,True,True,False
test_000489,test,,162,162,POL L3,POL,POL,L,3,3.0,,2000.0000000000002,59.99999999999999,22.73257889888297,0.1928362537317367,37.348495403760474,80.30519253129194,704.98046875,0.0,0.013100109167576396,True,True,False
test_000489,test,,163,163,POL L4,POL,POL,L,4,4.0,,2000.0000000000002,59.99999999999999,20.989536976680945,-0.22943605726451824,36.31370979067118,88.43120540623299,756.5425720214844,0.0,0.012791773264777206,True,True,False
test_000489,test,,164,164,POL L5,POL,POL,L,5,5.0,,2000.0000000000002,59.99999999999999,18.36179738832899,-0.3275396034851793,34.1030662881827,95.80350520072083,840.3313598632812,0.0,0.013550112917607647,True,False,False
test_000489,test,,165,165,POL L6,POL,POL,L,6,6.0,,2000.0000000000002,59.99999999999999,20.285063046415864,0.7333160195617385,34.87496514721655,91.07919985935068,832.8093566894531,0.0,0.013250110417586813,True,True,False
test_000489,test,,166,166,POL L7,POL,POL,L,7,7.0,,2000.0000000000002,59.99999999999999,21.98211709290539,-0.16966269831132363,37.38675078323242,97.24366077782751,861.3262939453125,0.0,0.01306677555646297,True,True,False
test_000489,test,,167,167,POL L8,POL,POL,L,8,8.0,,2000.0000000000002,59.99999999999999,21.899061241459577,-0.02193436429748396,37.301068696038996,105.78310902549794,976.46435546875,0.0,0.013525112709272577,True,True,False
test_000489,test,,168,168,POL L9,POL,POL,L,9,9.0,,2000.0000000000002,59.99999999999999,22.08468299903142,-0.281390357695655,37.830331807073286,85.26339434144937,754.4904479980469,0.0,0.014608455070458921,True,True,False
test_000610,test,,0,0,POL B1,POL,POL,B,1,1.0,,2000.0000000000002,59.99999999999999,0.08371159163386302,-0.5368238123615688,0.08369414882197801,205.5170307206162,2955.5569458007812,0.0,0.01645847048725406,False,False,False
test_000610,test,,1,1,POL B2,POL,POL,B,2,2.0,,2000.0000000000002,59.99999999999999,0.864138736246106,-0.1556867886844598,1.224587898740299,99.63382083916393,1296.28662109375,0.0,0.02905024208535071,False,False,False
test_000610,test,,2,2,POL B3,POL,POL,B,3,3.0,,2000.0000000000002,59.99999999999999,0.4902011774104478,3.8775438230989474,3.819520813302742,51.87959134197797,450.4876403808594,0.0,0.042883690697422476,False,False,False
test_000610,test,,3,3,POL B4,POL,POL,B,4,4.0,,2000.0000000000002,59.99999999999999,3.033453084313738,7.705429785611122,7.914139536521167,30.55173915160778,299.31617736816406,0.0,0.05882549021241844,False,False,False
test_000610,test,,4,4,POL B5,POL,POL,B,5,5.0,,2000.0000000000002,59.99999999999999,6.340481878081819,6.863927743739278,0.267534923287062,14.580044402738272,130.5658836364746,0.0,0.08485070708922575,False,False,False
test_000610,test,,5,5,POL B6,POL,POL,B,6,6.0,,2000.0000000000002,59.99999999999999,1.9378397024305747,7.462865244389922,4.928001009117163,14.539026245077016,130.27337265014648,0.0,0.08574238118650988,False,False,False
test_000610,test,,6,6,POL B7,POL,POL,B,7,7.0,,2000.0000000000002,59.99999999999999,12.66598988060567,15.17210247665403,14.823296836893316,25.753612292514276,212.98822021484375,0.0,0.05572546437886983,True,False,True
test_000610,test,,7,7,POL B8,POL,POL,B,8,8.0,,2000.0000000000002,59.99999999999999,9.685443319331892,13.790032383615456,8.38643149542215,29.71218842614152,245.11678314208984,0.0,0.054567121392678275,False,False,True
test_000610,test,,8,8,POL B9,POL,POL,B,9,9.0,,2000.0000000000002,59.99999999999999,10.010924247973861,13.134021047114746,8.805642644872748,28.99410856101645,229.198974609375,0.0,0.05200043333694448,True,False,True
test_000610,test,,9,9,POL B10,POL,POL,B,10,10.0,,2000.0000000000002,59.99999999999999,10.301603150384048,12.899376183840815,8.688601055860218,47.11604602556676,343.55443572998047,0.0,0.046292052433770284,True,False,True
test_000610,test,,10,10,POL E3,POL,POL,E,3,3.0,,2000.0000000000002,59.99999999999999,2.1114757787697482,11.76833883583948,6.437865546351467,50.43061921043579,470.21434020996094,0.0,0.03445862048850407,False,False,True
test_000610,test,,11,11,POL E4,POL,POL,E,4,4.0,,2000.0000000000002,59.99999999999999,0.9906647553704274,10.0516222923054,6.501294994896444,67.9616964565443,647.9486694335938,0.0,0.029991916599304995,False,False,True
test_000610,test,,12,12,POL E5,POL,POL,E,5,5.0,,2000.0000000000002,59.99999999999999,5.112834107588716,10.758078468315315,9.926849803563735,57.07230183231526,508.0072784423828,0.0,0.03885032375269794,False,False,True
test_000610,test,,13,13,POL E6,POL,POL,E,6,6.0,,2000.0000000000002,59.99999999999999,1.0977917059000335,14.40711322981862,11.531250726101284,51.150236961204236,399.90206146240234,0.0,0.038558654655455465,False,False,True
test_000610,test,,14,14,POL E7,POL,POL,E,7,7.0,,2000.0000000000002,59.99999999999999,2.137631412300295,14.052362096700504,11.62251891741711,65.15015967597816,484.0818328857422,0.0,0.03670030583588196,False,False,True
test_000610,test,,15,15,POL E8,POL,POL,E,8,8.0,,2000.0000000000002,59.99999999999999,0.07265548916080773,14.624767408827362,8.975084753720399,64.51425165566005,520.8983917236328,0.0,0.036325302710855926,False,False,True
test_000610,test,,16,16,EEG C1-Ref,EEG,EEG ...-Ref,C,1,1.0,-Ref,2000.0000000000002,59.99999999999999,0.24429556843512507,-0.1535399589482817,-0.19210249113112554,155.84708599079727,2180.6632080078125,0.0,0.016833473612280103,False,False,False
test_000610,test,,17,17,EEG C2-Ref,EEG,EEG ...-Ref,C,2,2.0,-Ref,2000.0000000000002,59.99999999999999,0.43305190646586844,0.42944961716571517,-0.03668988330303937,121.5270671965549,1639.060546875,0.0,0.01919182659855499,False,False,False
test_000610,test,,18,18,EEG C3-Ref,EEG,EEG ...-Ref,C,3,3.0,-Ref,2000.0000000000002,59.99999999999999,-0.4263637188548005,1.6084015442447173,1.157477141407866,92.22334595068912,942.08935546875,0.0,0.02519187659897166,False,False,False
test_000610,test,,19,19,EEG C4-Ref,EEG,EEG ...-Ref,C,4,4.0,-Ref,2000.0000000000002,59.99999999999999,0.8806158893392058,3.0640590031539077,1.6929037685112023,65.07630891252147,616.2103576660156,0.0,0.030100250835423628,False,False,False
test_000610,test,,20,20,EEG C5-Ref,EEG,EEG ...-Ref,C,5,5.0,-Ref,2000.0000000000002,59.99999999999999,0.8665469579138028,4.557239581391859,0.27221695037736365,47.40655527070221,463.47645568847656,0.0,0.03493362444687039,False,False,False
test_000610,test,,21,21,POL E1,POL,POL,E,1,1.0,,2000.0000000000002,59.99999999999999,0.31143138483755434,14.900635757566086,6.385424160393628,30.59823788857235,368.8470764160156,0.0,0.03980033166943058,False,False,True
test_000610,test,,22,22,POL E2,POL,POL,E,2,2.0,,2000.0000000000002,59.99999999999999,3.7152320826633782,16.272278981791246,10.736048116320058,32.63148455314283,384.7652587890625,0.0,0.046592054933791115,False,False,True
test_000610,test,,23,23,EEG C6-Ref,EEG,EEG ...-Ref,C,6,6.0,-Ref,2000.0000000000002,59.99999999999999,4.595697837654466,6.298507202646747,1.5401016930955016,42.089264249855404,373.9256591796875,0.0,0.035450295419128496,False,False,False
test_000610,test,,24,24,POL C7,POL,POL,C,7,7.0,,2000.0000000000002,59.99999999999999,2.467782194083255,7.8640374069090955,0.4886901761749912,40.048658592018874,343.6518859863281,0.0,0.0377669813915116,False,False,False
test_000610,test,,25,25,POL C8,POL,POL,C,8,8.0,,2000.0000000000002,59.99999999999999,2.3026719640324647,8.904644943775875,1.081704593182127,44.83796927513122,395.9960021972656,0.0,0.03333361111342595,False,False,False
test_000610,test,,26,26,POL C9,POL,POL,C,9,9.0,,2000.0000000000002,59.99999999999999,3.1178947218776605,5.0948745788660075,1.9634760887834155,58.417020573014,516.5034484863281,0.0,0.029425245210376753,False,False,False
test_000610,test,,27,27,POL C10,POL,POL,C,10,10.0,,2000.0000000000002,59.99999999999999,2.808423244384523,2.813678816075295,1.681353366572972,75.7863076751206,579.9800720214844,0.0,0.024083534029450245,False,False,False
test_000610,test,,28,28,POL C11,POL,POL,C,11,11.0,,2000.0000000000002,59.99999999999999,1.525451886305646,5.835488252536225,0.7397794356162534,65.88262722975871,582.9096527099609,0.0,0.028241902015850133,False,False,False
test_000610,test,,29,29,POL C12,POL,POL,C,12,12.0,,2000.0000000000002,59.99999999999999,2.4667413375468676,8.244488380464546,2.9699002068594442,63.20997796894636,566.0151672363281,0.0,0.03170026416886807,False,False,False
test_000610,test,,30,30,POL C13,POL,POL,C,13,13.0,,2000.0000000000002,59.99999999999999,2.977214611384606,8.838761531497216,2.67462771602045,59.043058129700654,534.7652282714844,0.0,0.033566946391219925,False,False,False
test_000610,test,,31,31,POL C14,POL,POL,C,14,14.0,,2000.0000000000002,59.99999999999999,0.42364808099153195,8.495987001038204,1.2955029734437893,57.69076438846231,519.5306854248047,0.0,0.03360028000233335,False,False,False
test_000610,test,,32,32,POL D1,POL,POL,D,1,1.0,,2000.0000000000002,59.99999999999999,0.6168202537378414,3.490271774826379,5.544282072309809,73.47578420417082,721.7766418457031,0.0,0.020708505904215867,False,False,False
test_000610,test,,33,33,POL D2,POL,POL,D,2,2.0,,2000.0000000000002,59.99999999999999,2.4546852836936157,1.4700472175048895,7.009006255069032,51.94854377553377,535.9369201660156,0.0,0.030716922641022007,False,False,False
test_000610,test,,34,34,POL D3,POL,POL,D,3,3.0,,2000.0000000000002,59.99999999999999,6.327938644931017,8.613869797667089,11.913146313364287,45.581588947069925,454.39398193359375,0.0,0.03290860757172977,False,False,False
test_000610,test,,35,35,POL D4,POL,POL,D,4,4.0,,2000.0000000000002,59.99999999999999,4.401316595935684,9.386381355790126,9.10822382261596,42.522245287596434,414.15977478027344,0.0,0.022425186876557306,False,False,False
test_000610,test,,36,36,POL DC01,POL,POL,DC,01,1.0,,2000.0000000000002,59.99999999999999,1.7435793925551253,-0.7537349703253609,0.06645294560685144,59.67910536550784,732.5999755859375,0.026741666666666667,0.954299619163493,False,False,False
test_000610,test,,37,37,POL DC02,POL,POL,DC,02,2.0,,2000.0000000000002,59.99999999999999,-0.4094435356884516,-0.1514800426345722,0.4961899882258457,95.88708488575112,732.5999755859375,0.07393333333333334,0.891532429436912,False,False,False
test_000610,test,,38,38,POL DC03,POL,POL,DC,03,3.0,,2000.0000000000002,59.99999999999999,0.276160020170615,-0.5342969112598137,0.9646388051459297,41.954793442521506,732.5999755859375,0.0016583333333333333,0.9766331386094884,False,False,False
test_000610,test,,39,39,POL DC04,POL,POL,DC,04,4.0,,2000.0000000000002,59.99999999999999,-0.268459248626874,-0.6697924564604919,1.005120432886819,148.23820251169005,366.29998779296875,0.0,0.7620313502612521,False,False,False
test_000610,test,,40,40,POL DC05,POL,POL,DC,05,5.0,,2000.0000000000002,59.99999999999999,-0.5282854629087749,1.0579154747274804,0.6363941038242792,104.81555723200384,732.5999755859375,0.08989166666666666,0.86984058200485,False,False,False
test_000610,test,,41,41,POL DC06,POL,POL,DC,06,6.0,,2000.0000000000002,59.99999999999999,-0.8852771277848401,0.3443786137068252,-0.5201843578014693,170.68332172991796,366.29998779296875,0.6813166666666667,0.6926057717147643,False,False,False
test_000610,test,,42,42,POL DC07,POL,POL,DC,07,7.0,,2000.0000000000002,59.99999999999999,0.5149733023985265,-0.17182225573345178,-0.8093045443743827,73.32922854965986,732.5999755859375,0.04160833333333333,0.9334327786064884,False,False,False
test_000610,test,,43,43,POL DC08,POL,POL,DC,08,8.0,,2000.0000000000002,59.99999999999999,-0.6111196072014449,-0.9213878380115355,0.28140006239718895,35.472590419041964,732.5999755859375,0.006541666666666667,0.9829498579154826,False,False,False
test_000610,test,,44,44,POL DC09,POL,POL,DC,09,9.0,,2000.0000000000002,59.99999999999999,0.9882222955812421,0.28888019672164567,0.6957532207122314,182.77959031992867,366.29998779296875,0.46821666666666667,0.6519887665730548,False,False,False
test_000610,test,,45,45,POL DC10,POL,POL,DC,10,10.0,,2000.0000000000002,59.99999999999999,-0.8576884472605204,-0.40677711374153375,1.3864455731668945,129.38349546250612,732.5999755859375,0.14605,0.8120734339452829,False,False,False
test_000610,test,,46,46,POL DC11,POL,POL,DC,11,11.0,,2000.0000000000002,59.99999999999999,0.06794417339133692,0.5735603274714386,0.9008208714556296,35.92068525131415,732.5999755859375,0.005033333333333333,0.9822831856932142,False,False,False
test_000610,test,,47,47,POL DC12,POL,POL,DC,12,12.0,,2000.0000000000002,59.99999999999999,0.03311897446134425,-0.23974331886568442,1.0522697642747203,174.96069907335863,366.3001377929759,0.0,0.6800306669222244,False,False,False
test_000610,test,,48,48,POL DC13,POL,POL,DC,13,13.0,,2000.0000000000002,59.99999999999999,-0.3482300295701609,-0.6693706431011628,-0.1133512668203901,166.6296767689626,366.3001377929759,0.0,0.7053558779656497,False,False,False
test_000610,test,,49,49,POL DC14,POL,POL,DC,14,14.0,,2000.0000000000002,59.99999999999999,-0.5548083150839636,-0.32045579706993044,0.888912794399749,130.16335726757472,732.5999755859375,0.14823333333333333,0.807448395403295,False,False,False
test_000610,test,,50,50,POL DC15,POL,POL,DC,15,15.0,,2000.0000000000002,59.99999999999999,-0.52384691792014,0.13219832819431984,-0.6079215764990548,178.58611673002147,366.3001377929759,0.0,0.6620388503237526,False,False,False
test_000610,test,,51,51,POL DC16,POL,POL,DC,16,16.0,,2000.0000000000002,59.99999999999999,-0.5382513981149377,-0.9305330736185613,-1.3470056256254375,56.048817079896324,732.5999755859375,0.023275,0.9597496645805381,False,False,False
test_000610,test,,52,52,POL D5,POL,POL,D,5,5.0,,2000.0000000000002,59.99999999999999,4.373182109280181,6.937563862201467,12.026995462153778,42.761384031789994,391.6990661621094,0.0,0.03375028125234377,False,False,False
test_000610,test,,53,53,POL D6,POL,POL,D,6,6.0,,2000.0000000000002,59.99999999999999,0.5150349534105549,4.181243259972408,6.662241445473479,56.17829556408832,536.8161010742188,0.0,0.02599188326569388,False,False,False
test_000610,test,,54,54,POL D7,POL,POL,D,7,7.0,,2000.0000000000002,59.99999999999999,2.3520702179773996,-0.06777086303762925,4.499964228809066,59.233082799579655,621.3866271972656,0.0,0.025291877432311937,False,False,False
test_000610,test,,55,55,POL D8,POL,POL,D,8,8.0,,2000.0000000000002,59.99999999999999,1.3305579574173056,2.9829635053724015,10.013826822549207,54.89163848085943,579.1989440917969,0.0,0.02952524604371703,False,False,False
test_000610,test,,56,56,POL D9,POL,POL,D,9,9.0,,2000.0000000000002,59.99999999999999,5.29241236304943,7.599028774195348,13.66077278484452,54.60161187778925,570.9952087402344,0.0,0.03105025875215627,False,False,False
test_000610,test,,57,57,POL D10,POL,POL,D,10,10.0,,2000.0000000000002,59.99999999999999,4.512795271812281,5.855133936822008,13.018546205253493,51.587366940984566,536.8154907226562,0.0,0.034441953682947356,False,False,False
test_000610,test,,58,58,POL D11,POL,POL,D,11,11.0,,2000.0000000000002,59.99999999999999,3.9532906614247354,9.193669375253558,12.953422353287491,49.250914496444054,441.4061279296875,0.0,0.034741956182968194,False,False,False
test_000610,test,,59,59,POL D12,POL,POL,D,12,12.0,,2000.0000000000002,59.99999999999999,3.898199611092365,10.157389054209764,13.653951400382132,55.509735738834756,506.73779296875,0.0,0.03609196743306194,False,False,True
test_000610,test,,60,60,EEG M1-Ref,EEG,EEG ...-Ref,M,1,1.0,-Ref,2000.0000000000002,59.99999999999999,1.0611252125901147,4.593041980272817,14.508944666753274,65.41697083569423,639.2571716308594,0.0,0.020691839098659154,False,False,False
test_000610,test,,61,61,EEG M2-Ref,EEG,EEG ...-Ref,M,2,2.0,-Ref,2000.0000000000002,59.99999999999999,1.7608525842361,3.0318718099478685,15.345097920879676,64.76066018236406,667.8705139160156,0.0,0.022333519445995383,False,False,False
test_000610,test,,62,62,POL M3,POL,POL,M,3,3.0,,2000.0000000000002,59.99999999999999,2.008673913144367,2.648809259570624,14.210572745452566,70.36185559197544,691.6990966796875,0.0,0.021933516112634274,False,False,False
test_000610,test,,63,63,POL M4,POL,POL,M,4,4.0,,2000.0000000000002,59.99999999999999,1.272753937564798,2.0907850014953215,14.265899925937557,60.03582709239786,584.4718170166016,0.0,0.02146684555704631,False,False,False
test_000610,test,,64,64,POL M5,POL,POL,M,5,5.0,,2000.0000000000002,59.99999999999999,5.124026082478168,5.525209700064426,18.823514782623423,55.222151328115025,578.0268402099609,0.0,0.02244185368211402,False,False,False
test_000610,test,,65,65,POL M6,POL,POL,M,6,6.0,,2000.0000000000002,59.99999999999999,5.119130642672529,6.337653620227512,19.712169401133345,54.08208356298312,556.0546112060547,0.0,0.02073350611255094,False,False,False
test_000610,test,,66,66,POL M7,POL,POL,M,7,7.0,,2000.0000000000002,59.99999999999999,3.9417273019002064,7.339791861254049,18.885973513132765,54.55478317076369,549.3160705566406,0.0,0.026975224793539945,False,False,False
test_000610,test,,67,67,POL M8,POL,POL,M,8,8.0,,2000.0000000000002,59.99999999999999,2.122526097546962,4.9973265168667975,15.42036428976404,55.830652952900905,559.4723815917969,0.0,0.026175218126817723,False,False,False
test_000610,test,,68,68,POL M9,POL,POL,M,9,9.0,,2000.0000000000002,59.99999999999999,1.489365270732974,3.5926581234738992,15.06733407871014,56.043037949964216,558.7884521484375,0.0,0.022925191043258693,False,False,False
test_000610,test,,69,69,POL M10,POL,POL,M,10,10.0,,2000.0000000000002,59.99999999999999,1.056164354418471,4.485398936923923,16.63571600254481,55.87773644217773,545.9955291748047,0.0,0.02703355861298844,False,False,False
test_000610,test,,70,70,POL M11,POL,POL,M,11,11.0,,2000.0000000000002,59.99999999999999,1.3240646064663406,5.522139086211021,17.37871620979039,55.166746165092455,527.7339630126953,0.0,0.028250235418628488,False,False,False
test_000610,test,,71,71,POL M12,POL,POL,M,12,12.0,,2000.0000000000002,59.99999999999999,1.4601275426551694,6.4328659411192115,17.746410703864665,53.034993592508464,505.56639099121094,0.0,0.02952524604371703,False,False,False
test_000610,test,,72,72,POL M13,POL,POL,M,13,13.0,,2000.0000000000002,59.99999999999999,2.462391003802682,7.706276221300758,18.39032441270159,53.69948356444251,488.4760437011719,0.0,0.03015025125209377,False,False,False
test_000610,test,,73,73,POL U1,POL,POL,U,1,1.0,,2000.0000000000002,59.99999999999999,-0.7117190481791242,7.200229198870613,13.158432227140032,65.41969920705377,654.4921264648438,0.0,0.03187526562721356,False,False,False
test_000610,test,,74,74,POL U2,POL,POL,U,2,2.0,,2000.0000000000002,59.99999999999999,2.8407744010306617,6.893572037501566,11.114035975000915,91.09845243968374,858.5931701660156,0.0,0.025366878057317143,False,False,False
test_000610,test,,75,75,POL U3,POL,POL,U,3,3.0,,2000.0000000000002,59.99999999999999,1.5349062971991325,8.260982093254604,10.57247610198764,101.940582775579,1033.6910400390625,0.0,0.022308519237660314,False,False,False
test_000610,test,,76,76,POL U4,POL,POL,U,4,4.0,,2000.0000000000002,59.99999999999999,2.8590046683075467,8.390140133425696,7.246086276020479,105.56597041678084,1071.0931701660156,0.0,0.02221685180709839,False,False,False
test_000610,test,,77,77,POL U5,POL,POL,U,5,5.0,,2000.0000000000002,59.99999999999999,4.714223855151766,6.968594546330794,7.396799592057727,108.11213352167275,1167.3826293945312,0.0,0.023675197293310777,False,False,False
test_000610,test,,78,78,POL U6,POL,POL,U,6,6.0,,2000.0000000000002,59.99999999999999,15.603560457717428,16.756038873206236,20.36819921179098,110.81248131619334,1185.3514404296875,0.0,0.017700147501229176,True,False,True
test_000610,test,,79,79,POL U7,POL,POL,U,7,7.0,,2000.0000000000002,59.99999999999999,16.87731269469601,17.94234671988574,21.87689469102049,116.34102470809913,1165.8196411132812,0.0,0.016541804515037624,True,False,True
test_000610,test,,80,80,POL U8,POL,POL,U,8,8.0,,2000.0000000000002,59.99999999999999,22.505396810908206,9.512974729581241,37.34958505894816,98.63392021252166,1013.57373046875,0.0,0.01273343944532871,True,True,False
test_000610,test,,81,81,POL U9,POL,POL,U,9,9.0,,2000.0000000000002,59.99999999999999,23.798260384224697,10.214036745232729,37.95360207360965,74.99355109644898,809.5697021484375,0.0,0.01385011541762848,True,True,True
test_000610,test,,82,82,POL H1,POL,POL,H,1,1.0,,2000.0000000000002,59.99999999999999,20.835397430051028,7.2688602438824255,33.030849969474716,59.884690577121695,547.55810546875,0.0,0.013466778889824081,True,True,False
test_000610,test,,83,83,POL H2,POL,POL,H,2,2.0,,2000.0000000000002,59.99999999999999,19.546828638769416,5.7858701707416795,32.9896511098786,63.529281687460305,542.4798889160156,0.0,0.012575104792539938,True,False,False
test_000610,test,,84,84,POL H3,POL,POL,H,3,3.0,,2000.0000000000002,59.99999999999999,20.043101259583246,7.772618702969801,33.43454788924886,60.38978275030935,566.9914703369141,0.0,0.013341777848148734,True,True,False
test_000610,test,,85,85,POL H4,POL,POL,H,4,4.0,,2000.0000000000002,59.99999999999999,21.53329782285458,10.452529650602324,36.2670801782191,59.210116352423206,569.5311889648438,0.0,0.012500104167534729,True,True,True
test_000610,test,,86,86,POL H5,POL,POL,H,5,5.0,,2000.0000000000002,59.99999999999999,20.993305615985612,8.637499950114867,35.91079590447756,60.738645210316406,611.2304077148438,0.0,0.012483437361978017,True,True,False
test_000610,test,,87,87,POL H6,POL,POL,H,6,6.0,,2000.0000000000002,59.99999999999999,20.015564252375043,8.978422340160972,35.323755150410726,62.0045483150379,634.66748046875,0.0,0.011591763264693872,True,True,False
test_000610,test,,88,88,POL H7,POL,POL,H,7,7.0,,2000.0000000000002,59.99999999999999,20.075742905582892,8.92074796185793,34.93304769712841,61.295423957652744,631.0543518066406,0.0,0.01259177159809665,True,True,False
test_000610,test,,89,89,POL H8,POL,POL,H,8,8.0,,2000.0000000000002,59.99999999999999,21.814050716831176,10.053745072654499,35.89943621197425,56.86229054156772,579.1009826660156,0.0,0.013266777223143527,True,True,True
test_000610,test,,90,90,POL H9,POL,POL,H,9,9.0,,2000.0000000000002,59.99999999999999,23.166558636935545,9.749860434093417,37.089371252995335,60.82047849830123,550.488037109375,0.0,0.013500112500937508,True,True,False
test_000610,test,,91,91,POL I1,POL,POL,I,1,1.0,,2000.0000000000002,59.99999999999999,18.0074416373094,6.760351701845998,33.56209678204647,73.2122097372724,675.4874572753906,0.0,0.011816765139709497,True,False,False
test_000610,test,,92,92,POL I2,POL,POL,I,2,2.0,,2000.0000000000002,59.99999999999999,21.290765697974713,8.201941403259656,34.777654920104204,71.14972508384871,691.8944091796875,0.0,0.012958441320344335,True,True,False
test_000610,test,,93,93,POL I3,POL,POL,I,3,3.0,,2000.0000000000002,59.99999999999999,21.84330786846211,8.995469969909035,35.22004027686951,67.90557243954893,645.8976898193359,0.0,0.012858440487004059,True,True,False
test_000610,test,,94,94,POL I4,POL,POL,I,4,4.0,,2000.0000000000002,59.99999999999999,22.311162431564256,10.574446512606908,36.43693330827539,69.26810432850979,644.1404113769531,0.0,0.013175109792581605,True,True,True
test_000610,test,,95,95,POL I5,POL,POL,I,5,5.0,,2000.0000000000002,59.99999999999999,22.47960114239769,9.731621018126225,36.8995085597663,68.98015951755134,651.1715698242188,0.0,0.01365844715372628,True,True,False
test_000610,test,,96,96,POL I6,POL,POL,I,6,6.0,,2000.0000000000002,59.99999999999999,22.51880614371111,10.807231140388687,36.982610833828645,67.26133525600322,643.6517028808594,0.0,0.012800106667555563,True,True,True
test_000610,test,,97,97,POL I7,POL,POL,I,7,7.0,,2000.0000000000002,59.99999999999999,23.117995665147014,11.283348073909469,37.56887102631817,66.57079130798803,615.6246337890625,0.0,0.013100109167576396,True,True,True
test_000610,test,,98,98,POL R1,POL,POL,R,1,1.0,,2000.0000000000002,59.99999999999999,21.84309034718055,9.500467958487516,35.19685365256774,62.112080945461074,590.2339935302734,0.0,0.013033441945349545,True,True,False
test_000610,test,,99,99,POL R2,POL,POL,R,2,2.0,,2000.0000000000002,59.99999999999999,21.57002084211305,8.41867624888521,35.611143368380894,62.464505308867516,601.5619659423828,0.0,0.012458437153642947,True,True,False
test_000610,test,,100,100,POL R3,POL,POL,R,3,3.0,,2000.0000000000002,59.99999999999999,20.844290051241693,7.584593874318816,34.73989866310654,62.325580085111476,620.7030181884766,0.0,0.013508445903715865,True,True,False
test_000610,test,,101,101,POL R4,POL,POL,R,4,4.0,,2000.0000000000002,59.99999999999999,18.763837986101628,5.658042999379305,32.42833701745218,61.67597031986238,594.3355407714844,0.0,0.012608438403653364,True,False,False
test_000610,test,,102,102,POL R5,POL,POL,R,5,5.0,,2000.0000000000002,59.99999999999999,18.483033643207083,4.766870879366625,31.184732378755484,65.5186378987513,606.5426483154297,0.0,0.01295010791756598,True,False,False
test_000610,test,,103,103,POL R6,POL,POL,R,6,6.0,,2000.0000000000002,59.99999999999999,21.776794342927076,8.506494097632837,35.17584988728708,59.70680417201731,580.6637420654297,0.0,0.01378344819540163,True,True,False
test_000610,test,,104,104,POL R7,POL,POL,R,7,7.0,,2000.0000000000002,59.99999999999999,22.736905793985905,10.876738651496652,35.84493403909561,58.84977137637815,580.7610473632812,0.0,0.012575104792539938,True,True,True
test_000610,test,,105,105,POL R8,POL,POL,R,8,8.0,,2000.0000000000002,59.99999999999999,22.692058882926087,10.451628844344935,35.34294025958059,58.54589592935397,576.1717224121094,0.0,0.012500104167534729,True,True,True
test_000610,test,,106,106,POL R9,POL,POL,R,9,9.0,,2000.0000000000002,59.99999999999999,22.098409243713277,9.612091410798874,34.82651102306211,58.871197174842166,568.9451904296875,0.0,0.012400103334194452,True,True,False
test_000610,test,,107,107,POL R10,POL,POL,R,10,10.0,,2000.0000000000002,59.99999999999999,20.688377270731486,7.728023288815954,34.04449378593728,59.57535423808119,572.0701293945312,0.0,0.01219176826473554,True,True,False
test_000610,test,,108,108,POL R11,POL,POL,R,11,11.0,,2000.0000000000002,59.99999999999999,19.330506888182562,7.726235705898828,34.12668129641117,60.79371997557004,578.6129150390625,0.0,0.011675097292477437,True,False,False
test_000610,test,,109,109,POL R12,POL,POL,R,12,12.0,,2000.0000000000002,59.99999999999999,18.03101024795107,6.215113619693905,32.571363207974386,61.93538511621826,592.0897827148438,0.0,0.012583438195318295,True,False,False
test_000610,test,,110,110,POL R13,POL,POL,R,13,13.0,,2000.0000000000002,59.99999999999999,16.846084398615627,5.131726175000174,31.85979374636505,63.187201461629215,604.393798828125,0.0,0.011833431945266211,True,False,False
test_000610,test,,111,111,POL R14,POL,POL,R,14,14.0,,2000.0000000000002,59.99999999999999,16.25773064463772,4.563091865057144,31.057709357671776,63.618855857681936,600.1951904296875,0.0,0.011366761389678248,True,False,False
test_000610,test,,112,112,POL R15,POL,POL,R,15,15.0,,2000.0000000000002,59.99999999999999,15.008033316279342,3.548085387224535,29.853333888777694,64.27267845810835,621.3859100341797,0.0,0.010900090834090284,True,False,False
test_000610,test,,113,113,POL R16,POL,POL,R,16,16.0,,2000.0000000000002,59.99999999999999,14.42573434774161,3.86020635524392,29.42494132203237,66.45739053904119,702.3431396484375,0.0,0.01062508854240452,True,False,False
test_000610,test,,114,114,EEG A1-Ref,EEG,EEG ...-Ref,A,1,1.0,-Ref,2000.0000000000002,59.99999999999999,46.754366332462915,39.011852400466736,39.07809435335118,114.61515157310998,819.5312194824219,0.0,0.0028500237501979182,True,True,True
test_000610,test,,115,115,EEG A2-Ref,EEG,EEG ...-Ref,A,2,2.0,-Ref,2000.0000000000002,59.99999999999999,22.9572644568791,8.385099785121747,36.27436116487245,59.70701361483716,589.7457885742188,0.0,0.013300110834256952,True,True,False
test_000610,test,,116,116,POL A3,POL,POL,A,3,3.0,,2000.0000000000002,59.99999999999999,23.755821965227092,9.331078511254486,36.500327253401835,58.80175268977526,601.7572021484375,0.0,0.014083450695422462,True,True,False
test_000610,test,,117,117,POL A4,POL,POL,A,4,4.0,,2000.0000000000002,59.99999999999999,24.086100671217388,9.772922980441264,36.55086325861284,57.71345685007695,584.3746643066406,0.0,0.013433445278710656,True,True,False
test_000610,test,,118,118,POL A5,POL,POL,A,5,5.0,,2000.0000000000002,59.99999999999999,24.27350873294489,10.265362427879868,36.448894914305,56.71328374834033,562.7923889160156,0.0,0.013183443195359962,True,True,True
test_000610,test,,119,119,POL A6,POL,POL,A,6,6.0,,2000.0000000000002,59.99999999999999,24.51892441607539,9.796792883241082,36.657911076604385,56.24608491594579,549.6092529296875,0.0,0.013716780973174776,True,True,False
test_000610,test,,120,120,POL A7,POL,POL,A,7,7.0,,2000.0000000000002,59.99999999999999,24.155481024561205,11.406876561169017,36.70533734954083,55.70643884362928,539.3554077148438,0.0,0.013616780139834498,True,True,True
test_000610,test,,121,121,POL A8,POL,POL,A,8,8.0,,2000.0000000000002,59.99999999999999,24.267095867817183,12.06340861757222,36.93527977833784,55.30879594119743,533.3982391357422,0.0,0.013275110625921883,True,True,True
test_000610,test,,122,122,POL A9,POL,POL,A,9,9.0,,2000.0000000000002,59.99999999999999,24.42977398907365,11.16935573722705,36.773559769197284,55.16175826853642,529.8823089599609,0.0,0.01387511562596355,True,True,True
test_000610,test,,123,123,POL A10,POL,POL,A,10,10.0,,2000.0000000000002,59.99999999999999,24.475727217125502,10.62547890101146,36.85330306744207,55.12031314668788,532.1288604736328,0.0,0.014741789514912625,True,True,True
test_000610,test,,124,124,POL A11,POL,POL,A,11,11.0,,2000.0000000000002,59.99999999999999,24.034644006047678,11.820123610064005,36.679731991193925,55.25085319694184,529.1015319824219,0.0,0.013766781389844916,True,True,True
test_000610,test,,125,125,POL A12,POL,POL,A,12,12.0,,2000.0000000000002,59.99999999999999,23.3560666323157,10.9873000535425,36.22636905829394,55.530795132852255,539.4526519775391,0.0,0.013391778264818873,True,True,True
test_000610,test,,126,126,POL A13,POL,POL,A,13,13.0,,2000.0000000000002,59.99999999999999,22.645365706770896,10.30776630191157,35.79583773624751,56.02550402470188,548.1438446044922,0.0,0.0141334511120926,True,True,True
test_000610,test,,127,127,POL A14,POL,POL,A,14,14.0,,2000.0000000000002,59.99999999999999,21.805572841125276,9.34715333002442,35.29182592001307,57.300258098105964,557.4215240478516,0.0,0.014291785764881375,True,True,False
test_000610,test,,128,128,POL A15,POL,POL,A,15,15.0,,2000.0000000000002,59.99999999999999,21.573257601234893,8.836797513450517,35.37206915729685,59.034007423274595,563.0854339599609,0.0,0.013350111250927091,True,True,False
test_000610,test,,129,129,POL A16,POL,POL,A,16,16.0,,2000.0000000000002,59.99999999999999,20.953505993097956,9.354924225431,35.06304421976385,60.935773733518346,559.6673431396484,0.0,0.013575113125942716,True,True,False
test_000610,test,,130,130,EEG PO1-Ref,EEG,EEG ...-Ref,PO,1,1.0,-Ref,2000.0000000000002,59.99999999999999,22.965342104356235,11.574880053630947,36.244625634902896,76.22215638187758,702.0505981445312,0.0,0.012841773681447346,True,True,True
test_000610,test,,131,131,EEG PO2-Ref,EEG,EEG ...-Ref,PO,2,2.0,-Ref,2000.0000000000002,59.99999999999999,23.750871863132673,11.162728564304487,36.501867349643696,67.37301064426588,650.8784790039062,0.0,0.014091784098200819,True,True,True
test_000610,test,,132,132,EEG PO3-Ref,EEG,EEG ...-Ref,PO,3,3.0,-Ref,2000.0000000000002,59.99999999999999,24.37934173531972,11.037113667898542,36.830716195025445,63.05561201952711,621.6793823242188,0.0,0.01261677180643172,True,True,True
test_000610,test,,133,133,EEG PO4-Ref,EEG,EEG ...-Ref,PO,4,4.0,-Ref,2000.0000000000002,59.99999999999999,23.68562210653042,10.27807441567399,36.41845749082839,60.65495048317769,613.8669738769531,0.0,0.01385011541762848,True,True,True
test_000610,test,,134,134,EEG PO5-Ref,EEG,EEG ...-Ref,PO,5,5.0,-Ref,2000.0000000000002,59.99999999999999,23.078176801973026,8.40426851685287,35.14908981789632,58.78310478841544,562.6947326660156,0.0,0.013283444028700239,True,True,False
test_000610,test,,135,135,EEG PO6-Ref,EEG,EEG ...-Ref,PO,6,6.0,-Ref,2000.0000000000002,59.99999999999999,20.379373807590447,6.197359445006244,33.47469120238984,59.6928728301527,510.3511199951172,0.0,0.013141776181468178,True,True,False
test_000610,test,,136,136,EEG PO7-Ref,EEG,EEG ...-Ref,PO,7,7.0,-Ref,2000.0000000000002,59.99999999999999,22.227047547879735,9.755622927534855,35.184487056763565,57.48486139950245,531.6403656005859,0.0,0.01359177993149943,True,True,False
test_000610,test,,137,137,EEG PO8-Ref,EEG,EEG ...-Ref,PO,8,8.0,-Ref,2000.0000000000002,59.99999999999999,22.819394065431137,11.262556550303255,36.34079202810788,57.71157465283113,522.1672973632812,0.0,0.013316777639813666,True,True,True
test_000610,test,,138,138,EEG PO9-Ref,EEG,EEG ...-Ref,PO,9,9.0,-Ref,2000.0000000000002,59.99999999999999,23.39370147742561,10.03857916546928,36.19779332186439,57.93754565628936,530.7613525390625,0.0,0.012758439653663781,True,True,True
test_000610,test,,139,139,EEG PO10-Ref,EEG,EEG ...-Ref,PO,10,10.0,-Ref,2000.0000000000002,59.99999999999999,23.212918763406144,9.620866386599007,35.98846895731942,58.75335656894275,558.6910705566406,0.0,0.012941774514787624,True,True,False
test_000610,test,,140,140,POL PO11,POL,POL,PO,11,11.0,,2000.0000000000002,59.99999999999999,21.74215878136305,10.72760075842596,35.46329835663617,60.75544680008345,630.9563903808594,0.0,0.012441770348086235,True,True,True
test_000610,test,,141,141,POL PO12,POL,POL,PO,12,12.0,,2000.0000000000002,59.99999999999999,19.123741608824233,7.593111784941269,32.25936699969953,65.32741646687529,674.2186889648438,0.0,0.01311677597313311,True,False,False
test_000610,test,,142,142,POL PO13,POL,POL,PO,13,13.0,,2000.0000000000002,59.99999999999999,17.52205649284819,6.6002345477300555,31.538850845824836,78.79520274790637,726.0738220214844,0.0,0.012316769306410886,True,False,False
test_000610,test,,143,143,POL PO14,POL,POL,PO,14,14.0,,2000.0000000000002,59.99999999999999,18.633188474794068,7.658943486846361,32.338162130630565,79.47496175250994,932.128662109375,0.0,0.012550104584204868,True,False,False
test_000610,test,,144,144,POL PO15,POL,POL,PO,15,15.0,,2000.0000000000002,59.99999999999999,22.88600545168267,9.771031410448787,36.20901402379013,61.95046321867559,657.32373046875,0.0,0.010475087292394103,True,True,False
test_000610,test,,145,145,POL PO16,POL,POL,PO,16,16.0,,2000.0000000000002,59.99999999999999,23.708022392248218,11.359952699955546,36.68454981393544,60.80416943776795,538.2812194824219,0.0,0.010825090209085076,True,True,True
test_000610,test,,146,146,POL BL1,POL,POL,BL,1,1.0,,2000.0000000000002,59.99999999999999,15.108781680229404,3.2672954971559505,33.87497667281135,138.7083822379556,1321.3851013183594,0.0,0.009525079375661464,True,False,False
test_000610,test,,147,147,POL BL2,POL,POL,BL,2,2.0,,2000.0000000000002,59.99999999999999,20.852489813536753,6.201377549492002,34.89300258074012,67.91435665915036,786.9112548828125,0.0,0.00970008083400695,True,True,False
test_000610,test,,148,148,POL BL3,POL,POL,BL,3,3.0,,2000.0000000000002,59.99999999999999,23.006382643104793,8.37379194496096,35.21041831107037,63.558161661792475,754.2947692871094,0.0,0.010333419445162043,True,True,False
test_000610,test,,149,149,POL BL4,POL,POL,BL,4,4.0,,2000.0000000000002,59.99999999999999,23.470223857142738,9.396716432472948,36.099335395803514,64.67520929700123,756.8357849121094,0.0,0.010158417986816557,True,True,False
test_000610,test,,150,150,POL BL5,POL,POL,BL,5,5.0,,2000.0000000000002,59.99999999999999,22.879444582129636,8.888826213764132,35.646219760930364,72.75084757080943,853.3201599121094,0.0,0.010108417570146418,True,True,False
test_000610,test,,151,151,POL BL6,POL,POL,BL,6,6.0,,2000.0000000000002,59.99999999999999,21.262916555414712,6.364212761716238,34.22621938953869,95.18285748166974,992.3822021484375,0.0,0.009708414236785307,True,True,False
test_000610,test,,152,152,POL BL7,POL,POL,BL,7,7.0,,2000.0000000000002,59.99999999999999,19.907493132836983,6.737980155279088,34.087257140622896,109.0344870603568,1150.8782348632812,0.0,0.009908415903465861,True,False,False
test_000610,test,,153,153,POL BL8,POL,POL,BL,8,8.0,,2000.0000000000002,59.99999999999999,19.360497814605107,6.483049308070582,33.69489773898095,130.54252996420874,1323.3353271484375,0.0,0.009358411320094333,True,False,False
test_000610,test,,154,154,POL BL9,POL,POL,BL,9,9.0,,2000.0000000000002,59.99999999999999,20.227528704346994,6.176969835255478,33.32090607607898,129.39334621362562,1208.7826538085938,0.0,0.009933416111800932,True,True,False
test_000610,test,,155,155,POL BL10,POL,POL,BL,10,10.0,,2000.0000000000002,59.99999999999999,22.1272076817661,7.135246776506074,34.71789612082111,92.20592461026688,977.8315734863281,0.0,0.009933416111800932,True,True,False
test_000610,test,,156,156,POL BL11,POL,POL,BL,11,11.0,,2000.0000000000002,59.99999999999999,23.1925144474853,9.013784795749329,34.969219472898864,68.8860746954866,754.5896911621094,0.0,0.010025083542362853,True,True,False
test_000610,test,,157,157,POL BL12,POL,POL,BL,12,12.0,,2000.0000000000002,59.99999999999999,21.731828361943766,3.4244773317814827,30.89363968829921,67.74502228425371,700.8784790039062,0.0,0.009433411945099543,True,True,False
test_000610,test,,158,158,POL EL1,POL,POL,EL,1,1.0,,2000.0000000000002,59.99999999999999,21.62947084047215,8.84827006138597,34.68262927320022,153.83233788641527,1153.90478515625,0.0,0.01017508479237327,True,True,False
test_000610,test,,159,159,POL EL2,POL,POL,EL,2,2.0,,2000.0000000000002,59.99999999999999,22.128464704632762,6.890552493621286,34.408541001789324,179.82814453789803,1126.46435546875,0.0,0.010091750764589704,True,True,False
test_000610,test,,160,160,POL EL3,POL,POL,EL,3,3.0,,2000.0000000000002,59.99999999999999,22.996508279683315,7.959720129849336,34.85871711860239,103.92278560150302,1045.8978576660156,0.0,0.010041750347919567,True,True,False
test_000610,test,,161,161,POL EL4,POL,POL,EL,4,4.0,,2000.0000000000002,59.99999999999999,23.145775993751016,9.483202038252344,35.65707623718947,107.17890154276422,1016.1129150390625,0.0,0.009825081875682297,True,True,False
test_000610,test,,162,162,POL EL5,POL,POL,EL,5,5.0,,2000.0000000000002,59.99999999999999,23.511188050644108,10.161693923554317,35.66518509474015,95.98856994163053,956.3473510742188,0.0,0.010125084375703131,True,True,True
test_000610,test,,163,163,POL EL6,POL,POL,EL,6,6.0,,2000.0000000000002,59.99999999999999,23.572631194923886,9.19265749729104,35.819303331827165,85.01267903901817,864.5506591796875,0.0,0.010475087292394103,True,True,False
test_000610,test,,164,164,POL EL7,POL,POL,EL,7,7.0,,2000.0000000000002,59.99999999999999,22.396786414286048,10.610913950105466,35.301841377579564,79.61995242754378,795.0189819335938,0.0,0.009666747222893525,True,True,True
test_000610,test,,165,165,POL EL8,POL,POL,EL,8,8.0,,2000.0000000000002,59.99999999999999,21.505706154105386,10.268116234937182,35.2792159614813,84.95794431543325,941.0150451660156,0.0,0.009708414236785307,True,True,True
test_000610,test,,166,166,POL EL9,POL,POL,EL,9,9.0,,2000.0000000000002,59.99999999999999,21.216260487845982,8.277591331633701,35.02837943250177,102.34728159770982,1109.2767028808594,0.0,0.009800081667347228,True,True,False
test_000610,test,,167,167,POL EL10,POL,POL,EL,10,10.0,,2000.0000000000002,59.99999999999999,37.26498373271224,38.41224194222048,38.881410141718476,61.38193733611559,593.3591613769531,0.0,0.002741689514079284,True,True,True
test_000610,test,,168,168,POL EL11,POL,POL,EL,11,11.0,,2000.0000000000002,59.99999999999999,19.673035354132168,7.172989714171493,34.147059725287406,83.58728135860342,835.8392944335938,0.0,0.009375078125651047,True,False,False
test_000610,test,,169,169,POL EL12,POL,POL,EL,12,12.0,,2000.0000000000002,59.99999999999999,22.16724729471434,9.972495968734181,35.84429850711765,64.18020511050113,717.2850341796875,0.0,0.010141751181259843,True,True,False
test_000610,test,,170,170,POL EL13,POL,POL,EL,13,13.0,,2000.0000000000002,59.99999999999999,23.17540594270958,9.88237791067032,34.16904801149877,61.99112108324752,681.0541687011719,0.0,0.009983416528471071,True,True,False
test_000801,test,,0,0,EEG A1-Ref,EEG,EEG ...-Ref,A,1,1.0,-Ref,2000.0,60.0,7.116134840460756,1.5141564454453054,8.498536975761827,47.22355741256539,391.8943634033203,0.0,0.042283685697380814,False,False,False
test_000801,test,,1,1,EEG A2-Ref,EEG,EEG ...-Ref,A,2,2.0,-Ref,2000.0,60.0,0.7054744970163945,0.14349074644675722,3.8916566461895377,68.0320360146342,734.0807647705078,0.0,0.03272527271060592,False,False,False
test_000801,test,,2,2,POL A3,POL,POL,A,3,3.0,,2000.0,60.0,1.8930434095761586,0.17583636477168177,2.8129987862968897,58.270612209625355,577.0481262207031,0.0,0.03981699847498729,False,False,False
test_000801,test,,3,3,POL A4,POL,POL,A,4,4.0,,2000.0,60.0,0.5907563277225824,0.29097732756905287,2.8381398775954576,40.5670785927492,428.61244201660156,0.0,0.04904207535062792,False,False,False
test_000801,test,,4,4,POL A5,POL,POL,A,5,5.0,,2000.0,60.0,1.5777344736006917,0.4307797926222593,1.7116212915276372,16.37737716378715,188.18353462219238,0.0,0.08560904674205619,False,False,False
test_000801,test,,5,5,POL A6,POL,POL,A,6,6.0,,2000.0,60.0,4.066969279714806,0.40165711765804657,2.5040025283494582,16.346981835764336,186.62085342407227,0.0,0.08587571563096359,False,False,False
test_000801,test,,6,6,POL A7,POL,POL,A,7,7.0,,2000.0,60.0,15.25384920588547,4.349490671541711,10.463970166795157,38.930160498278035,435.1556930541992,0.0,0.05130042750356253,True,False,False
test_000801,test,,7,7,POL A8,POL,POL,A,8,8.0,,2000.0,60.0,8.9195715374988,1.0779081792153589,6.8412649963932735,54.977323531286245,561.9135284423828,0.0,0.03975033125276044,False,False,False
test_000801,test,,8,8,POL A9,POL,POL,A,9,9.0,,2000.0,60.0,6.546393658987148,1.4957988811210603,8.033108543332629,47.24451597442256,387.8904266357422,0.0,0.04103367528062734,False,False,False
test_000801,test,,9,9,POL A10,POL,POL,A,10,10.0,,2000.0,60.0,6.364533328588912,1.6172952471996607,6.9682731102009585,62.79476990500349,547.3631896972656,0.0,0.030616921807681732,False,False,False
test_000801,test,,10,10,POL B1,POL,POL,B,1,1.0,,2000.0,60.0,0.4288724371040556,0.5374552766688547,2.852783115691542,246.82749774097385,2294.3330078125,0.0,0.009341744514537622,False,False,False
test_000801,test,,11,11,POL B2,POL,POL,B,2,2.0,,2000.0,60.0,32.56298359035498,18.234784359009605,27.224369076026363,77.82114447923354,712.7929382324219,0.0,0.007108392569938083,True,True,True
test_000801,test,,12,12,POL B3,POL,POL,B,3,3.0,,2000.0,60.0,5.857917774001623,0.9670935278084487,11.519695368406232,45.37129623014764,511.2302703857422,0.0,0.034900290835756964,False,False,False
test_000801,test,,13,13,POL B4,POL,POL,B,4,4.0,,2000.0,60.0,10.396932049717549,2.7705839039228546,13.963224793510014,22.237640823202987,262.4999008178711,0.0,0.043475362294685786,True,False,False
test_000801,test,,14,14,POL B5,POL,POL,B,5,5.0,,2000.0,60.0,7.210990858254526,1.5191471316925527,12.058785368462656,42.51052481982353,414.64798736572266,0.0,0.039600330002750025,False,False,False
test_000801,test,,15,15,POL B6,POL,POL,B,6,6.0,,2000.0,60.0,7.001865575388418,1.6453983355287016,11.237199621206935,77.68333027110295,771.5817413330078,0.0,0.03492529104409203,False,False,False
test_000801,test,,16,16,POL B7,POL,POL,B,7,7.0,,2000.0,60.0,3.0061647778733875,0.8969279449615496,7.755857977245359,99.81719938501696,1027.0507507324219,0.0,0.026500220835173626,False,False,False
test_000801,test,,17,17,POL B8,POL,POL,B,8,8.0,,2000.0,60.0,1.7871411928097962,0.7895028064288566,7.532254743607673,127.10671027459833,1287.3997802734375,0.0,0.021808515070958923,False,False,False
test_000801,test,,18,18,POL B9,POL,POL,B,9,9.0,,2000.0,60.0,0.9102296542662602,0.35376208293165945,4.217345173096921,138.8376938142933,1233.5913391113281,0.0,0.02027516895974133,False,False,False
test_000801,test,,19,19,POL B10,POL,POL,B,10,10.0,,2000.0,60.0,0.6045675040218236,0.8707462495574578,4.367103002622071,152.23869993240632,1449.0220031738281,0.0,0.020933507779231492,False,False,False
test_000801,test,,20,20,POL B11,POL,POL,B,11,11.0,,2000.0,60.0,1.7182530154146847,0.42698188616204524,3.359331462325274,164.79819285237517,1639.5498657226562,0.0,0.022108517570979758,False,False,False
test_000801,test,,21,21,POL A11,POL,POL,A,11,11.0,,2000.0,60.0,9.23900806530004,1.6205430268181178,8.506174784365284,83.2813229355469,795.3123474121094,0.0,0.032341936182801526,False,False,False
test_000801,test,,22,22,POL A12,POL,POL,A,12,12.0,,2000.0,60.0,11.02112276115288,1.9989351997559113,8.346762830428778,67.93288682178955,551.2692413330078,0.0,0.038266985558212986,True,False,False
test_000801,test,,23,23,POL B12,POL,POL,B,12,12.0,,2000.0,60.0,1.805385821458252,-0.27003274142578604,3.06347715209151,169.27664325514058,1660.9334106445312,0.0,0.02184184868207235,False,False,False
test_000801,test,,24,24,POL T1,POL,POL,T,1,1.0,,2000.0,60.0,5.147678849598048,0.5178790244441216,1.2242053332213716,83.86191520184737,894.238037109375,0.0,0.028916907640897008,False,False,False
test_000801,test,,25,25,POL T2,POL,POL,T,2,2.0,,2000.0,60.0,3.568657032077814,0.7961509619395208,-0.05924383239583441,115.45849146171031,1312.499267578125,0.0,0.02393353277943983,False,False,False
test_000801,test,,26,26,EEG T3-Ref,EEG,EEG ...-Ref,T,3,3.0,-Ref,2000.0,60.0,3.5084715501773838,0.8538192289846381,0.388261292833028,129.2247219245225,1551.5567016601562,0.0,0.021891849098742488,False,False,False
test_000801,test,,27,27,EEG T4-Ref,EEG,EEG ...-Ref,T,4,4.0,-Ref,2000.0,60.0,2.643309363779423,0.047854386988956873,0.9400174654552638,136.03183969296492,1666.887939453125,0.0,0.021816848473737282,False,False,False
test_000801,test,,28,28,EEG T5-Ref,EEG,EEG ...-Ref,T,5,5.0,-Ref,2000.0,60.0,1.787000809373279,-1.2764801265172412,0.32774791074242965,150.52198903521904,1872.3626708984375,0.0,0.02153351277927316,False,False,False
test_000801,test,,29,29,EEG T6-Ref,EEG,EEG ...-Ref,T,6,6.0,-Ref,2000.0,60.0,1.0378769194089328,-0.7139743958306155,0.03562662665906911,168.21449867346644,2060.3515625,0.0,0.02132517770981425,False,False,False
test_000801,test,,30,30,EEG T7-Ref,EEG,EEG ...-Ref,T,7,7.0,-Ref,2000.0,60.0,1.8344815569788655,0.021299850687162877,0.20318576145568124,175.57531843602595,2067.08349609375,0.0,0.02194184951541263,False,False,False
test_000801,test,,31,31,EEG T8-Ref,EEG,EEG ...-Ref,T,8,8.0,-Ref,2000.0,60.0,2.4980426171504266,0.21124832832202842,0.7962630796058746,169.4567282263068,1904.7850341796875,0.0,0.021025175209793415,False,False,False
test_000801,test,,32,32,EEG T9-Ref,EEG,EEG ...-Ref,T,9,9.0,-Ref,2000.0,60.0,3.4194578944425205,0.1394854506600966,-0.01721050627976003,161.26604666202607,1791.3075561523438,0.0,0.02082517354311286,False,False,False
test_000801,test,,33,33,EEG T10-Ref,EEG,EEG ...-Ref,T,10,10.0,-Ref,2000.0,60.0,5.115352692877755,0.23475873822217502,0.26623404985432647,136.73298788191954,1463.4725952148438,0.0,0.025700214168451405,False,False,False
test_000801,test,,34,34,POL T11,POL,POL,T,11,11.0,,2000.0,60.0,7.205115318822878,0.5940585828864974,1.4533001209867473,126.2677777753594,1122.553955078125,0.0,0.02770023083525696,False,False,False
test_000801,test,,35,35,POL K1,POL,POL,K,1,1.0,,2000.0,60.0,2.5368962451812176,-0.348280436003911,4.457016195116844,86.50992721997957,930.1752319335938,0.0,0.030466920557671313,False,False,False
test_000801,test,,36,36,POL DC01,POL,POL,DC,01,1.0,,2000.0,60.0,-0.2269077741775241,0.12664239942323474,-0.08492442284159817,179.61426064037056,732.6002807617188,0.0,0.6607221726847724,False,False,False
test_000801,test,,37,37,POL DC02,POL,POL,DC,02,2.0,,2000.0,60.0,0.24480073358528653,-0.00820436794769704,0.09276942429414438,68.68840945221416,732.5999755859375,0.036158333333333334,0.9412328436070301,False,False,False
test_000801,test,,38,38,POL DC03,POL,POL,DC,03,3.0,,2000.0,60.0,-0.9150896617224982,0.46567216583549004,0.1961018526785188,183.1350676830094,366.29998779296875,0.5063833333333333,0.6487470728922741,False,False,False
test_000801,test,,39,39,POL DC04,POL,POL,DC,04,4.0,,2000.0,60.0,0.07879689856835881,0.09403940579638488,0.43513568350185505,50.19392469288099,732.6002807617188,0.0,0.9667663897199144,False,False,False
test_000801,test,,40,40,POL DC05,POL,POL,DC,05,5.0,,2000.0,60.0,-0.2353143820936995,-0.15297254736348018,0.6929531100702097,118.0115700898352,732.5999755859375,0.11759166666666666,0.8381819848498737,False,False,False
test_000801,test,,41,41,POL DC06,POL,POL,DC,06,6.0,,2000.0,60.0,-0.701752368319956,-0.16696159894609305,-0.15101110978724105,65.8115381176947,732.5999755859375,0.00025833333333333334,0.9450495420795173,False,False,False
test_000801,test,,42,42,POL DC07,POL,POL,DC,07,7.0,,2000.0,60.0,0.30187185774655156,-0.39724631124286863,0.4915674786952256,181.85770653063355,366.29998779296875,0.4407083333333333,0.6577804815040126,False,False,False
test_000801,test,,43,43,POL DC08,POL,POL,DC,08,8.0,,2000.0,60.0,0.761790252446735,-0.3657548775725471,-0.055783160093087196,182.83256507114032,366.29998779296875,0.529425,0.6504387536562805,False,False,False
test_000801,test,,44,44,POL DC09,POL,POL,DC,09,9.0,,2000.0,60.0,0.6396224671196077,-0.10289406682944076,-0.03194568818878107,49.3081113992527,732.6002807617188,0.0,0.9682664022200185,False,False,False
test_000801,test,,45,45,POL DC10,POL,POL,DC,10,10.0,,2000.0,60.0,0.16378849969892884,-0.8004266332101362,-0.060937975226457754,170.12053040183343,366.29998779296875,0.31478333333333336,0.6932557771314761,False,False,False
test_000801,test,,46,46,POL DC11,POL,POL,DC,11,11.0,,2000.0,60.0,0.2906035308518098,-0.10184123397210965,0.5566809551267491,175.05387877510898,366.29998779296875,0.3529833333333333,0.6826556887974067,False,False,False
test_000801,test,,47,47,POL DC12,POL,POL,DC,12,12.0,,2000.0,60.0,0.31596215841957037,1.3944541222048232,0.8028683355382014,166.6237834932232,732.5999755859375,8.333333333333334e-06,0.7024475203960033,False,False,False
test_000801,test,,48,48,POL DC13,POL,POL,DC,13,13.0,,2000.0,60.0,0.4856289770924643,0.24070627324771973,-0.1745082697672276,37.037665034395225,732.6002807617188,0.0,0.9811998433320278,False,False,False
test_000801,test,,49,49,POL DC14,POL,POL,DC,14,14.0,,2000.0,60.0,-0.3021131950555387,-0.76659158085325,-0.12947482894016715,82.03775062853423,732.5999755859375,0.0528,0.9173243110359253,False,False,False
test_000801,test,,50,50,POL DC15,POL,POL,DC,15,15.0,,2000.0,60.0,0.22291244130894475,0.11661490141106287,0.6269474777423487,180.66411143868055,366.29998779296875,0.5821,0.6591054925457712,False,False,False
test_000801,test,,51,51,POL DC16,POL,POL,DC,16,16.0,,2000.0,60.0,0.43729174349310707,0.358064383302879,0.7435954501238036,84.78166396099344,732.5999755859375,0.056525,0.9130659422161851,False,False,False
test_000801,test,,52,52,POL K2,POL,POL,K,2,2.0,,2000.0,60.0,3.3490806650592493,-0.6505343925604596,4.021387498526165,81.07815982341822,835.2531127929688,0.0,0.030233585279877333,False,False,False
test_000801,test,,53,53,POL K3,POL,POL,K,3,3.0,,2000.0,60.0,3.3775540489756266,-0.12053123977803107,4.45067716146619,76.03633885134066,691.5997619628906,0.0,0.02902524187701564,False,False,False
test_000801,test,,54,54,POL K4,POL,POL,K,4,4.0,,2000.0,60.0,0.9098194339112096,-0.2577459887394061,3.620351764091253,74.65418804006991,596.3863220214844,0.0,0.027616896807473396,False,False,False
test_000801,test,,55,55,POL K5,POL,POL,K,5,5.0,,2000.0,60.0,0.17708844823588785,-0.3268714540384017,3.31200663306205,79.75870300726912,602.2455749511719,0.0,0.02542521187676564,False,False,False
test_000801,test,,56,56,POL K6,POL,POL,K,6,6.0,,2000.0,60.0,2.274277142754884,0.6523482280251136,4.825243577884996,82.12324707949132,669.6278381347656,0.0,0.02585021541846182,False,False,False
test_000801,test,,57,57,POL K7,POL,POL,K,7,7.0,,2000.0,60.0,4.009803230954157,0.679290176950357,5.96478715291335,97.95954865153821,943.8453979492188,0.0,0.02722522687689064,False,False,False
test_000801,test,,58,58,POL N1,POL,POL,N,1,1.0,,2000.0,60.0,4.598165739483283,0.4328613122530043,3.50095401572264,106.69479408575715,1187.6916198730469,0.0,0.02858357152976275,False,False,False
test_000801,test,,59,59,POL N2,POL,POL,N,2,2.0,,2000.0,60.0,3.527767338426066,0.4755141328078976,3.10618459399566,102.0425545693792,1102.3404846191406,0.0,0.02874190618255152,False,False,False
test_000801,test,,60,60,POL N3,POL,POL,N,3,3.0,,2000.0,60.0,3.8585223588758835,0.8085506653075392,3.019863779769873,98.84468190211962,1032.6148986816406,0.0,0.0271752264602205,False,False,False
test_000801,test,,61,61,POL N4,POL,POL,N,4,4.0,,2000.0,60.0,3.94038014642471,1.002822907926637,3.8027227336674043,96.49914785655946,929.5881042480469,0.0,0.02703355861298844,False,False,False
test_000801,test,,62,62,POL N5,POL,POL,N,5,5.0,,2000.0,60.0,3.190753635803733,1.0108386372025597,3.1622821254540154,91.48265766030377,829.3940734863281,0.0,0.027925232710272585,False,False,False
test_000801,test,,63,63,POL N6,POL,POL,N,6,6.0,,2000.0,60.0,3.789709425711918,0.8618986730726531,3.963028775177233,99.08588089662153,908.102294921875,0.0,0.029300244168701407,False,False,False
test_000801,test,,64,64,POL N7,POL,POL,N,7,7.0,,2000.0,60.0,5.165753141012926,1.1043065584101774,6.352646661675591,102.60968173831115,857.3235473632812,0.0,0.03229193576613138,False,False,False
test_000801,test,,65,65,EEG M1-Ref,EEG,EEG ...-Ref,M,1,1.0,-Ref,2000.0,60.0,2.1771485535437454,0.4999383305675952,0.10971375280764284,399.6259473720221,3963.3729858398438,0.0,0.022491854098784157,False,False,False
test_000801,test,,66,66,EEG M2-Ref,EEG,EEG ...-Ref,M,2,2.0,-Ref,2000.0,60.0,3.1864838954564605,0.4246970925787197,0.49356239578619887,371.1447686901168,3997.159912109375,0.0,0.022775189793248277,False,False,False
test_000801,test,,67,67,POL M3,POL,POL,M,3,3.0,,2000.0,60.0,4.590797798508264,0.6492854859508603,0.8106036187751032,330.3973536480764,3984.466796875,0.0,0.023066858890490753,False,False,False
test_000801,test,,68,68,POL M4,POL,POL,M,4,4.0,,2000.0,60.0,4.5511880772027,0.28409034100321917,1.128759769741465,290.8756177175453,3723.5322875976562,0.0,0.02411686764056367,False,False,False
test_000801,test,,69,69,POL M5,POL,POL,M,5,5.0,,2000.0,60.0,4.3808618614891035,-0.34652606054652196,1.5318502843064397,257.9213565762614,3546.0909423828125,0.0,0.023733531112759273,False,False,False
test_000801,test,,70,70,POL M6,POL,POL,M,6,6.0,,2000.0,60.0,4.696294025457494,0.2225991744768557,1.24426142159282,220.88012306287445,3248.826416015625,0.0,0.024341869515579297,False,False,False
test_000801,test,,71,71,POL M7,POL,POL,M,7,7.0,,2000.0,60.0,4.4540452308096175,0.4388559994049049,0.9749297739302794,178.4797995392137,2735.8379516601562,0.0,0.024708539237826982,False,False,False
test_000801,test,,72,72,POL M8,POL,POL,M,8,8.0,,2000.0,60.0,5.353136143634723,0.5146258133926745,1.8403216952855836,141.90961925078818,2075.0917358398438,0.0,0.02850857090475754,False,False,False
test_000801,test,,73,73,POL PC1,POL,POL,PC,1,1.0,,2000.0,60.0,6.450519681028368,0.16932392043393385,7.726760858104724,102.09935866998106,1078.3201599121094,0.0,0.02275018958491321,False,False,False
test_000801,test,,74,74,POL PC2,POL,POL,PC,2,2.0,,2000.0,60.0,11.964457452747865,1.339295347017947,9.950962582500479,101.97705074274526,1152.6364135742188,0.0,0.027241893682447355,True,False,False
test_000801,test,,75,75,POL PC3,POL,POL,PC,3,3.0,,2000.0,60.0,11.587608456102199,1.133200260791893,9.028415843057422,102.02842051292173,1168.0663146972656,0.0,0.028783573196443302,True,False,False
test_000801,test,,76,76,POL PC4,POL,POL,PC,4,4.0,,2000.0,60.0,11.283781596498049,1.450340104180696,9.62140646778693,101.19678907633738,1165.6249694824219,0.0,0.027450228751906267,True,False,False
test_000801,test,,77,77,POL PC5,POL,POL,PC,5,5.0,,2000.0,60.0,9.644663099877336,0.4618980358643238,8.94834981357506,98.76394725277565,1131.1509094238281,0.0,0.027216893474112283,False,False,False
test_000801,test,,78,78,POL PC6,POL,POL,PC,6,6.0,,2000.0,60.0,5.3777919896484345,1.5251422800156718,9.488386299688587,97.21693811988472,1101.8548278808594,0.0,0.026408553404611707,False,False,False
test_000801,test,,79,79,POL PC7,POL,POL,PC,7,7.0,,2000.0,60.0,5.546045957391314,1.664939101634995,8.307331789893608,94.43770834565812,1065.2327270507812,0.0,0.02735022791856599,False,False,False
test_000801,test,,80,80,POL PC8,POL,POL,PC,8,8.0,,2000.0,60.0,19.271699697855883,1.158858512958305,28.019515444832926,92.64271354421365,1017.1849975585938,0.0,0.011091759097992484,True,False,False
test_000801,test,,81,81,POL PC9,POL,POL,PC,9,9.0,,2000.0,60.0,18.614055686601816,1.138890655124241,27.721458850186202,93.02350883315566,994.7262878417969,0.0,0.011275093959116326,True,False,False
test_000801,test,,82,82,POL PC10,POL,POL,PC,10,10.0,,2000.0,60.0,18.136697334731846,1.2700957150188015,27.662833680835135,94.86191257158526,945.6047973632812,0.0,0.011283427361894683,True,False,False
test_000801,test,,83,83,POL PC11,POL,POL,PC,11,11.0,,2000.0,60.0,17.826111256304863,1.1728804793917542,27.54279431263671,92.81957447918741,838.7687377929688,0.0,0.011091759097992484,True,False,False
test_000801,test,,84,84,POL PC12,POL,POL,PC,12,12.0,,2000.0,60.0,18.172915579395152,1.1938460899045862,28.138546506900152,88.52477695003412,854.2952880859375,0.0,0.011391761598013316,True,False,False
test_000801,test,,85,85,POL PC13,POL,POL,PC,13,13.0,,2000.0,60.0,20.184755055838394,1.618527870543143,29.668102461837172,88.33834526680575,798.8276977539062,0.0,0.011733431111925933,True,True,False
test_000801,test,,86,86,POL I1,POL,POL,I,1,1.0,,2000.0,60.0,16.84216489344935,0.386448301357889,25.747351026187403,127.82697958877071,1620.0158386230469,0.0,0.01079175659797165,True,False,False
test_000801,test,,87,87,POL I2,POL,POL,I,2,2.0,,2000.0,60.0,16.57343868375275,0.7361002332989068,25.582615090000495,115.7359067897616,1431.053466796875,0.0,0.010866757222976859,True,False,False
test_000801,test,,88,88,POL I3,POL,POL,I,3,3.0,,2000.0,60.0,16.527121236962927,0.9132998211215594,25.44964310211869,112.75031358350789,1326.170166015625,0.0,0.010775089792414937,True,False,False
test_000801,test,,89,89,POL I4,POL,POL,I,4,4.0,,2000.0,60.0,16.286195835842033,0.6963058606396195,25.329012602499027,113.86600895247898,1241.99169921875,0.0,0.010891757431311927,True,False,False
test_000801,test,,90,90,POL I5,POL,POL,I,5,5.0,,2000.0,60.0,16.028106871635142,0.6444708495877476,25.415362736259056,116.31696965870967,1150.6813354492188,0.0,0.011725097709147576,True,False,False
test_000801,test,,91,91,POL I6,POL,POL,I,6,6.0,,2000.0,60.0,15.936375112023658,0.43616616108765544,25.805213162444836,116.50192281961053,1127.3424072265625,0.0,0.01121676013966783,True,False,False
test_000801,test,,92,92,POL I7,POL,POL,I,7,7.0,,2000.0,60.0,18.65815995500025,1.1599892829205913,28.66979203692804,103.43873795678036,1005.1755676269531,0.0,0.011991766598054983,True,False,False
test_000801,test,,93,93,POL I8,POL,POL,I,8,8.0,,2000.0,60.0,18.969949391232447,1.3549710438716354,28.688414789053386,98.156475676362,885.3508605957031,0.0,0.011433428611905098,True,False,False
test_000801,test,,94,94,POL J1,POL,POL,J,1,1.0,,2000.0,60.0,17.670722689800865,0.7650048080706637,21.903661225369436,342.2446166184613,3986.5182495117188,0.0,0.010200085000708339,True,False,False
test_000801,test,,95,95,POL J2,POL,POL,J,2,2.0,,2000.0,60.0,17.240415029047405,0.32907669972086795,24.126795668994134,308.53368948733055,3801.456787109375,0.0,0.010108417570146418,True,False,False
test_000801,test,,96,96,POL J3,POL,POL,J,3,3.0,,2000.0,60.0,16.08056711570158,0.5996756724957466,22.656200580195804,309.9836929921338,3915.5211791992188,0.0,0.009958416320136,True,False,False
test_000801,test,,97,97,POL J4,POL,POL,J,4,4.0,,2000.0,60.0,14.964432772677947,0.5723312918623602,19.772447820123272,323.67119715042537,4106.0517578125,0.0,0.010116750972924774,True,False,False
test_000801,test,,98,98,POL J5,POL,POL,J,5,5.0,,2000.0,60.0,13.562937906661903,0.3046654793510698,17.550929834895015,332.1686655081238,4166.3070068359375,0.0,0.009708414236785307,True,False,False
test_000801,test,,99,99,POL J6,POL,POL,J,6,6.0,,2000.0,60.0,12.51345414010444,-0.03291003748996202,16.731719288421438,318.54727000915756,3990.9163818359375,0.0,0.00970008083400695,True,False,False
test_000801,test,,100,100,POL J7,POL,POL,J,7,7.0,,2000.0,60.0,12.778426550389494,0.26794251934178553,17.19141494676507,219.98281293980696,2898.7298583984375,0.0,0.010308419236826974,True,False,False
test_000801,test,,101,101,POL J8,POL,POL,J,8,8.0,,2000.0,60.0,12.19943931241571,0.784259731573455,20.092159990540367,143.10622993175622,1753.9061889648438,0.0,0.010925091042425353,True,False,False
test_000801,test,,102,102,POL S1,POL,POL,S,1,1.0,,2000.0,60.0,19.43929715753303,0.7044106781400006,26.91347107210121,199.10749611446536,2506.7369995117188,0.0,0.011058425486879058,True,False,False
test_000801,test,,103,103,POL S2,POL,POL,S,2,2.0,,2000.0,60.0,18.98975977580112,0.678894279786509,23.095123891732072,325.62237577712426,3731.7320556640625,0.0,0.010100084167368061,True,False,False
test_000801,test,,104,104,POL S3,POL,POL,S,3,3.0,,2000.0,60.0,18.0290866144352,0.9105117880907486,20.42174498441012,382.4139270513373,3836.2301025390625,0.0,0.01060008833406945,True,False,False
test_000801,test,,105,105,POL S4,POL,POL,S,4,4.0,,2000.0,60.0,14.993696009469538,-0.13697574873417828,15.93132189351772,305.117766892437,2983.5936279296875,0.0,0.009875082292352436,True,False,False
test_000801,test,,106,106,POL S5,POL,POL,S,5,5.0,,2000.0,60.0,13.542226619332007,-0.09845667425156293,14.31569942260872,155.84919791200608,1562.4020385742188,0.0,0.009966749722914357,True,False,False
test_000801,test,,107,107,POL S6,POL,POL,S,6,6.0,,2000.0,60.0,20.327004702555833,0.506714494038223,23.79709884212759,249.31671586261086,2743.6516723632812,0.0,0.010558421320177667,True,True,False
test_000801,test,,108,108,POL S7,POL,POL,S,7,7.0,,2000.0,60.0,22.4142659182389,0.48073195623364345,28.270098827848592,269.65797328937344,3058.2997436523438,0.0,0.010491754097950817,True,True,False
test_000801,test,,109,109,POL S8,POL,POL,S,8,8.0,,2000.0,60.0,20.464968776803865,0.5238668061420907,29.788975081802256,269.0612112692347,3026.85400390625,0.0,0.01095842465353878,True,True,False
test_000801,test,,110,110,POL S9,POL,POL,S,9,9.0,,2000.0,60.0,31.31901806078295,22.541345542384924,32.6129553907268,165.74961232230564,1996.1913146972656,0.0,0.004425036875307294,True,True,True
test_000801,test,,111,111,POL S10,POL,POL,S,10,10.0,,2000.0,60.0,12.655664360572825,-0.38178549762735037,21.62932095930134,370.48073600029204,3639.744873046875,0.0,0.009466745556212968,True,False,False
test_000801,test,,112,112,POL S11,POL,POL,S,11,11.0,,2000.0,60.0,11.272735587800058,-0.4982056641810233,21.243469959586506,414.55135206863946,4022.3623046875,0.0,0.009091742431186926,True,False,False
test_000801,test,,113,113,POL S12,POL,POL,S,12,12.0,,2000.0,60.0,10.436002385725192,-0.11377137035167895,22.284583586502862,401.62981036820815,4110.0526123046875,0.0,0.00877507312560938,True,False,False
test_000801,test,,114,114,POL S13,POL,POL,S,13,13.0,,2000.0,60.0,10.096530217868365,0.30680062224448307,23.027771462227573,395.9679896658295,4143.45361328125,0.0,0.008208401736681139,True,False,False
test_000801,test,,115,115,POL S14,POL,POL,S,14,14.0,,2000.0,60.0,9.593232358223107,0.5423989649957641,23.404558572844113,397.2085752041337,4150.189392089844,0.0,0.008400070000583338,False,False,False
test_000801,test,,116,116,POL S15,POL,POL,S,15,15.0,,2000.0,60.0,9.474633578334174,0.3496345310234758,24.018047905648604,386.6951313139392,4072.4520874023438,0.0,0.007916732639438663,False,False,False
test_000801,test,,117,117,POL S16,POL,POL,S,16,16.0,,2000.0,60.0,9.777935786015231,0.18210240268211456,24.53187029972614,354.04839445549595,3680.559326171875,0.0,0.008483404028366903,False,False,False
test_000801,test,,118,118,POL R1,POL,POL,R,1,1.0,,2000.0,60.0,15.787629745492724,0.06018004442686159,24.416454609393497,132.4263888564571,1328.3153076171875,0.0,0.010466753889615746,True,False,False
test_000801,test,,119,119,POL R2,POL,POL,R,2,2.0,,2000.0,60.0,13.985787658828798,-0.18975325627601267,21.553603605877267,146.23210525205684,1614.7431640625,0.0,0.01029175243127026,True,False,False
test_000801,test,,120,120,POL R3,POL,POL,R,3,3.0,,2000.0,60.0,13.687382534472688,0.23765064644277287,20.676048480080894,280.93834863722424,3870.2146606445312,0.0,0.009583413195109958,True,False,False
test_000801,test,,121,121,POL R4,POL,POL,R,4,4.0,,2000.0,60.0,18.255704689153415,0.6463027024458722,22.642978491937555,266.95403565928837,2939.2567749023438,0.0,0.010708422570188085,True,False,False
test_000801,test,,122,122,POL R5,POL,POL,R,5,5.0,,2000.0,60.0,19.963634710757304,0.27933853296268324,25.64691690354534,317.8967504166554,3664.0615234375,0.0,0.010258418820156835,True,False,False
test_000801,test,,123,123,POL R6,POL,POL,R,6,6.0,,2000.0,60.0,17.613269276848463,0.14378888944303386,27.12557554734111,329.76992919755855,3761.81640625,0.0,0.010508420903507528,True,False,False
test_000801,test,,124,124,POL R7,POL,POL,R,7,7.0,,2000.0,60.0,13.878049578576627,0.6182506056848672,26.6870647759835,353.0742907970233,3905.2720947265625,0.0,0.009916749306244218,True,False,False
test_000801,test,,125,125,POL R8,POL,POL,R,8,8.0,,2000.0,60.0,9.959438808060188,0.777567447520987,25.20637929148077,402.2084882199615,3950.0882568359375,0.0,0.010100084167368061,False,False,False
test_000801,test,,126,126,POL R9,POL,POL,R,9,9.0,,2000.0,60.0,7.2892751546094185,0.33951982756361804,22.714639549666288,458.6061959563107,4060.4442138671875,0.0,0.00970008083400695,False,False,False
test_000801,test,,127,127,POL R10,POL,POL,R,10,10.0,,2000.0,60.0,0.7689013048384159,8.584524842719961,31.24131282813941,501.4655454445496,4863.182861328125,0.0,0.007325061042175352,False,False,False
test_000801,test,,128,128,POL R11,POL,POL,R,11,11.0,,2000.0,60.0,6.881154683649512,0.08806002592674314,18.971577904262844,536.1558530341445,4230.7525634765625,0.0,0.010566754722956024,False,False,False
test_000801,test,,129,129,POL R12,POL,POL,R,12,12.0,,2000.0,60.0,4.864376324164377,-0.21679337804277538,15.492947671692853,590.597481329406,4351.658447265625,0.0,0.010683422361853016,False,False,False
test_000801,test,,130,130,POL R13,POL,POL,R,13,13.0,,2000.0,60.0,4.4613398448601895,0.057761634420221586,10.595313928224224,466.6321065640327,4107.126708984375,0.0,0.008225068542237852,False,False,False
test_000801,test,,131,131,POL R14,POL,POL,R,14,14.0,,2000.0,60.0,9.11415710837434,-0.5396688075726737,14.77543535340892,149.8360612953633,1941.9910888671875,0.0,0.009783414861790515,False,False,False
test_000801,test,,132,132,POL R15,POL,POL,R,15,15.0,,2000.0,60.0,10.176896253348254,0.023895868098665476,19.624746727224792,190.9926360441695,1864.5463256835938,0.0,0.010400086667388895,True,False,False
test_000801,test,,133,133,POL R16,POL,POL,R,16,16.0,,2000.0,60.0,16.612952138191144,0.7996447628275417,26.492025642384313,142.20364548454205,1191.303466796875,0.0,0.011225093542446187,True,False,False
test_000801,test,,134,134,POL H1,POL,POL,H,1,1.0,,2000.0,60.0,18.256072555622943,1.1210374951689341,30.57755238281873,152.23669635748533,1797.4605407714844,0.0,0.011341761181343177,True,False,False
test_000801,test,,135,135,POL H2,POL,POL,H,2,2.0,,2000.0,60.0,16.383380375865933,1.1617766992117176,29.65400403855098,148.82740758389747,1779.0030517578125,0.0,0.010750089584079867,True,False,False
test_000801,test,,136,136,POL H3,POL,POL,H,3,3.0,,2000.0,60.0,15.967396555982969,1.1181821679601913,30.08922008509718,142.25266998803664,1683.2999267578125,0.0,0.010875090625755215,True,False,False
test_000801,test,,137,137,POL H4,POL,POL,H,4,4.0,,2000.0,60.0,15.711358177453159,0.9729161051790423,29.826659532769785,134.33657615828415,1582.4210205078125,0.0,0.01115009291744098,True,False,False
test_000801,test,,138,138,POL H5,POL,POL,H,5,5.0,,2000.0,60.0,16.506937610826785,0.411386208275557,30.345563483205066,126.6841197265925,1363.1825866699219,0.0,0.011658430486920725,True,False,False
test_000801,test,,139,139,POL H6,POL,POL,H,6,6.0,,2000.0,60.0,17.670085309099413,1.0192036785165224,30.72028846349545,115.78028295606046,1274.218017578125,0.0,0.011116759306327552,True,False,False
test_000801,test,,140,140,POL L1,POL,POL,L,1,1.0,,2000.0,60.0,13.800806479285567,0.002330597181602155,14.880955049430565,311.2790111430335,3691.3992309570312,0.0,0.009933416111800932,True,False,False
test_000801,test,,141,141,POL L2,POL,POL,L,2,2.0,,2000.0,60.0,13.514689346348712,-0.070852907292913,18.74883615120542,417.25530959078856,4052.9285888671875,0.0,0.010550087917399312,True,False,False
test_000801,test,,142,142,POL L3,POL,POL,L,3,3.0,,2000.0,60.0,13.095427454703085,0.09486399086642291,22.68974745600923,435.1505536790819,4088.078857421875,0.0,0.010808423403528363,True,False,False
test_000801,test,,143,143,POL L4,POL,POL,L,4,4.0,,2000.0,60.0,11.682373770911127,-0.23475013517889967,22.584135303205933,436.08593741336404,4149.702880859375,0.0,0.010333419445162043,True,False,False
test_000801,test,,144,144,POL L5,POL,POL,L,5,5.0,,2000.0,60.0,11.665485350911734,0.308839143309648,21.531768232635887,433.75063179884637,4218.257751464844,0.0,0.008425070208918408,True,False,False
test_000801,test,,145,145,POL L6,POL,POL,L,6,6.0,,2000.0,60.0,12.092810509629873,0.2504608307638346,20.81015385218976,399.6765321840907,4029.87548828125,0.0,0.007875065625546879,True,False,False
test_000801,test,,146,146,POL L7,POL,POL,L,7,7.0,,2000.0,60.0,13.65388337491927,-0.07686925567508864,24.254911761057976,316.2351731057145,3438.9610595703125,0.0,0.008200068333902782,True,False,False
test_000801,test,,147,147,POL L8,POL,POL,L,8,8.0,,2000.0,60.0,14.820385256080087,0.40041411785879766,24.929701124125877,164.18046748806645,1561.715576171875,0.0,0.008525071042258685,True,False,False
train_000001,train,0.0,0,0,POL E1,POL,POL,E,1,1.0,,2000.0,60.0,2.128361529002528,0.5302828670972235,5.587564545793721,88.96249125410402,441.7967529296875,0.0,0.03923366028050234,False,False,False
train_000001,train,0.0,1,1,POL E2,POL,POL,E,2,2.0,,2000.0,60.0,1.5628424659363127,0.039927289472763756,5.338438857016684,59.51055840250848,319.8238830566406,0.0,0.03926699389161576,False,False,False
train_000001,train,0.0,2,2,POL E3,POL,POL,E,3,3.0,,2000.0,60.0,1.7612264571150078,0.756995533376093,4.3137523383187535,49.63182180932732,260.9372863769531,0.0,0.038583654863790534,False,False,False
train_000001,train,0.0,3,3,POL E4,POL,POL,E,4,4.0,,2000.0,60.0,0.5997268994348495,0.3539717409952038,3.1455799889084446,80.7430587467578,401.65940856933594,0.0,0.03329194409953416,False,False,False
train_000001,train,0.0,4,4,POL E5,POL,POL,E,5,5.0,,2000.0,60.0,0.8422137289680269,0.42596474110108096,2.211626084073664,56.97814029536815,324.0231170654297,0.0,0.032691939099492494,False,False,False
train_000001,train,0.0,5,5,POL E6,POL,POL,E,6,6.0,,2000.0,60.0,0.8280155508184985,0.07196875028463506,4.296105170006664,39.89625608102488,250.09716033935547,0.0,0.033141942849523744,False,False,False
train_000001,train,0.0,6,6,POL E7,POL,POL,E,7,7.0,,2000.0,60.0,1.0668392971129388,-0.19199923954942005,4.647810874429431,35.91972053016177,235.15583038330078,0.0,0.034716955974633125,False,False,False
train_000001,train,0.0,7,7,POL E8,POL,POL,E,8,8.0,,2000.0,60.0,0.9379277353104196,-0.04152929365763146,4.398736854886814,35.24126229871648,254.10103607177734,0.0,0.034266952224601875,False,False,False
train_000001,train,0.0,8,8,POL E9,POL,POL,E,9,9.0,,2000.0,60.0,0.7212326923471064,0.13145200718660183,3.549618223180402,32.75716428171144,241.11280822753906,0.0,0.031216926807723398,False,False,False
train_000001,train,0.0,9,9,POL E10,POL,POL,E,10,10.0,,2000.0,60.0,1.0237140578025283,0.06248124898596417,2.6161508649821794,34.88244829913927,253.22237396240234,0.0,0.029133576113134278,False,False,False
train_000001,train,0.0,10,10,POL E13,POL,POL,E,13,13.0,,2000.0,60.0,0.7044074832725594,0.5145091205902221,1.9731690744991899,35.853757705551715,280.8590850830078,0.0,0.0257585479878999,False,False,False
train_000001,train,0.0,11,11,POL E14,POL,POL,E,14,14.0,,2000.0,60.0,0.9989459012910011,-0.08046560660630045,1.4798343358085742,38.39124205288619,290.52699279785156,0.0,0.030133584446537055,False,False,False
train_000001,train,0.0,12,12,EEG F1-Ref,EEG,EEG ...-Ref,F,1,1.0,-Ref,2000.0,60.0,2.2887342741363543,0.6872011402294578,4.509852742067066,105.34616304174554,489.8434753417969,0.0,0.03966699722497687,False,False,False
train_000001,train,0.0,13,13,EEG F2-Ref,EEG,EEG ...-Ref,F,2,2.0,-Ref,2000.0,60.0,1.1371890227851436,0.8935753475256583,2.9727752570357273,79.9412355106198,357.81248474121094,0.0,0.03984199868332236,False,False,False
train_000001,train,0.0,14,14,EEG F3-Ref,EEG,EEG ...-Ref,F,3,3.0,-Ref,2000.0,60.0,0.90892570966097,1.1286791436259567,3.041099766614855,82.19923136908584,384.1796417236328,0.0,0.03790864923874366,False,False,False
train_000001,train,0.0,15,15,EEG F4-Ref,EEG,EEG ...-Ref,F,4,4.0,-Ref,2000.0,60.0,0.9431492329383239,1.1252579162056389,3.749525833938508,45.93309626506913,295.1169891357422,0.0,0.034433620280169004,False,False,False
train_000001,train,0.0,16,16,EEG F5-Ref,EEG,EEG ...-Ref,F,5,5.0,-Ref,2000.0,60.0,1.3274677167392177,0.2187619132990727,3.9020747434943592,44.19660356970563,306.44480895996094,0.0,0.033983616530137754,False,False,False
train_000001,train,0.0,17,17,EEG F6-Ref,EEG,EEG ...-Ref,F,6,6.0,-Ref,2000.0,60.0,1.4173109789381109,-0.0007667104369644415,4.171284107351708,46.26103844114913,274.2181854248047,0.0,0.03510862590521588,False,False,False
train_000001,train,0.0,18,18,EEG F7-Ref,EEG,EEG ...-Ref,F,7,7.0,-Ref,2000.0,60.0,2.001812793155141,0.6944855207655456,5.03548320974131,49.879471354782524,310.3513946533203,0.0,0.03261693847448729,False,False,False
train_000001,train,0.0,19,19,EEG F8-Ref,EEG,EEG ...-Ref,F,8,8.0,-Ref,2000.0,60.0,1.6838693103187643,0.10218243006484568,4.492792334528856,51.33231926170703,319.1403503417969,0.0,0.03216693472445604,False,False,False
train_000001,train,0.0,20,20,EEG F9-Ref,EEG,EEG ...-Ref,F,9,9.0,-Ref,2000.0,60.0,1.2233540958322948,-0.42618091009278986,3.107463538187591,41.51335152478526,291.11293029785156,0.0,0.029741914515954298,False,False,False
train_000001,train,0.0,21,21,POL E11,POL,POL,E,11,11.0,,2000.0,60.0,0.9150443468967029,0.6115330756823736,2.464939642492044,37.053531269421356,272.85130310058594,0.0,0.027650230418586823,False,False,False
train_000001,train,0.0,22,22,POL E12,POL,POL,E,12,12.0,,2000.0,60.0,0.8624018452831945,0.2661600965756496,2.327885266320079,48.322522116830136,315.82008361816406,0.0,0.026400220001833348,False,False,False
train_000001,train,0.0,23,23,EEG F10-Ref,EEG,EEG ...-Ref,F,10,10.0,-Ref,2000.0,60.0,0.9270746541569677,-0.5010086422579572,1.5813882476452203,48.29700950663456,337.2067565917969,0.0,0.02392519937666147,False,False,False
train_000001,train,0.0,24,24,POL F11,POL,POL,F,11,11.0,,2000.0,60.0,0.6183930770199448,0.9087703169213088,1.0190381062303917,53.87409534022335,384.6674346923828,0.0,0.02103350861257177,False,False,False
train_000001,train,0.0,25,25,POL F12,POL,POL,F,12,12.0,,2000.0,60.0,0.6587954499068778,0.49197168603417407,1.0701494965963592,52.61783117798048,381.1519012451172,0.0,0.019058492154101284,False,False,False
train_000001,train,0.0,26,26,POL F13,POL,POL,F,13,13.0,,2000.0,60.0,1.016914714658035,0.8430494070347672,0.6337027111597491,53.31320756698669,416.0148468017578,0.0,0.021100175834798625,False,False,False
train_000001,train,0.0,27,27,POL F14,POL,POL,F,14,14.0,,2000.0,60.0,1.039538588212581,0.8215504873139119,1.343290578270475,42.82066021017147,324.70643615722656,0.0,0.02433353611280094,False,False,False
train_000001,train,0.0,28,28,POL F15,POL,POL,F,15,15.0,,2000.0,60.0,0.9679465300569643,0.11936569666607691,2.302985319101884,37.62573168007637,296.2884521484375,0.0,0.029683580696505805,False,False,False
train_000001,train,0.0,29,29,POL G1,POL,POL,G,1,1.0,,2000.0,60.0,1.5921213922251751,-0.24223751897103668,2.357828192422753,80.52308284615468,391.50360107421875,0.0,0.030225251877098975,False,False,False
train_000001,train,0.0,30,30,POL G2,POL,POL,G,2,2.0,,2000.0,60.0,1.3140184352765958,1.023994054278503,2.2470763167883097,56.2360074477405,316.01551818847656,0.0,0.030866923891032426,False,False,False
train_000001,train,0.0,31,31,POL G3,POL,POL,G,3,3.0,,2000.0,60.0,2.162055810456916,1.3761880824051798,4.417443157379209,53.335801429059124,290.6243896484375,0.0,0.03794198284985708,False,False,False
train_000001,train,0.0,32,32,POL G4,POL,POL,G,4,4.0,,2000.0,60.0,2.0835008553517396,0.9366184515012811,4.8155951461916535,39.18890053528532,249.99929809570312,0.0,0.03958366319719331,False,False,False
train_000001,train,0.0,33,33,POL G5,POL,POL,G,5,5.0,,2000.0,60.0,2.328706040587373,1.429954345276923,4.3925963695141945,57.28553823624047,331.2496871948242,0.0,0.03587529896082468,False,False,False
train_000001,train,0.0,34,34,POL G6,POL,POL,G,6,6.0,,2000.0,60.0,1.7126818294269803,0.979799047558006,4.511939156125296,41.53751249348899,280.0777130126953,0.0,0.034166951391261594,False,False,False
train_000001,train,0.0,35,35,POL G7,POL,POL,G,7,7.0,,2000.0,60.0,2.6808613773195002,0.6268035331845445,4.3535843339999705,35.73595701078721,269.62847900390625,0.0,0.032808606738389486,False,False,False
train_000001,train,0.0,36,36,POL DC01,POL,POL,DC,01,1.0,,2000.0,60.0,-0.35787661720516517,-0.372664196020753,-0.07488423521609316,80.31778493895001,732.6002807617188,0.0,0.9200243335361128,False,False,False
train_000001,train,0.0,37,37,POL DC02,POL,POL,DC,02,2.0,,2000.0,60.0,-0.6016116744022642,0.5529176584403026,-0.4540115302273431,113.52012682510274,732.5999755859375,0.107525,0.8512487604063367,False,False,False
train_000001,train,0.0,38,38,POL DC03,POL,POL,DC,03,3.0,,2000.0,60.0,-0.9581658660399994,-0.16672463133870355,0.5590664167975382,43.20070407702391,732.5999755859375,0.012583333333333334,0.9747497895815799,False,False,False
train_000001,train,0.0,39,39,POL DC04,POL,POL,DC,04,4.0,,2000.0,60.0,0.6854149279868429,0.8995566673262116,0.257259836759385,87.19833801142985,732.5999755859375,0.00023333333333333333,0.9080992341602847,False,False,False
train_000001,train,0.0,40,40,POL DC05,POL,POL,DC,05,5.0,,2000.0,60.0,-0.5947873489661325,-0.22170618006868792,-0.006026322305768873,38.59206518202742,732.6002807617188,0.0,0.9798164984708206,False,False,False
train_000001,train,0.0,41,41,POL DC06,POL,POL,DC,06,6.0,,2000.0,60.0,0.3703301369948754,0.2780968008504717,-0.33758538853162845,179.43401844894498,366.29998779296875,0.39979166666666666,0.662488854073784,False,False,False
train_000001,train,0.0,42,42,POL DC07,POL,POL,DC,07,7.0,,2000.0,60.0,0.12432093004032863,0.2575432599245175,-0.7641937876090779,167.47051751191455,732.6002807617188,0.0,0.6982724856040468,False,False,False
train_000001,train,0.0,43,43,POL DC08,POL,POL,DC,08,8.0,,2000.0,60.0,0.09493263870344117,0.5331548684559694,-0.06363457520983629,180.76964798012,366.29998779296875,0.58035,0.6561638013650114,False,False,False
train_000001,train,0.0,44,44,POL DC09,POL,POL,DC,09,9.0,,2000.0,60.0,0.42266011667651976,0.4850545776867177,0.08682372669475101,40.18545106860833,732.5999755859375,0.0095,0.9780664838873657,False,False,False
train_000001,train,0.0,45,45,POL DC10,POL,POL,DC,10,10.0,,2000.0,60.0,-0.3192334344255924,0.3838837794082239,-0.28487372113524895,183.1332210660175,366.29998779296875,0.5067666666666667,0.6486220718505987,False,False,False
train_000001,train,0.0,46,46,POL DC11,POL,POL,DC,11,11.0,,2000.0,60.0,0.012461302934276846,-0.22052307180741698,-1.095188040030809,169.74256843726545,366.29998779296875,0.31221666666666664,0.6932641105342544,False,False,False
train_000001,train,0.0,47,47,POL DC12,POL,POL,DC,12,12.0,,2000.0,60.0,-0.4124470715633322,0.35701671323037765,-0.2306481879550562,170.96775647061634,366.29998779296875,0.32069166666666665,0.6883140692839107,False,False,False
train_000001,train,0.0,48,48,POL DC13,POL,POL,DC,13,13.0,,2000.0,60.0,0.9993277852055271,0.32451043634403104,0.6847943611133379,48.18515870696153,732.5999755859375,0.016475,0.9695664130534422,False,False,False
train_000001,train,0.0,49,49,POL DC14,POL,POL,DC,14,14.0,,2000.0,60.0,0.6962046910136949,0.06960583700154697,-0.05231500981352094,36.79660383700892,732.6002807617188,0.0,0.9826998558321319,False,False,False
train_000001,train,0.0,50,50,POL DC15,POL,POL,DC,15,15.0,,2000.0,60.0,-0.336036833720027,0.10375529787631649,-0.8200271904597896,181.8817279978708,366.3001377929759,0.0,0.6543887865732214,False,False,False
train_000001,train,0.0,51,51,POL DC16,POL,POL,DC,16,16.0,,2000.0,60.0,-0.8029255751034102,0.26143852635682563,0.290768524393808,132.33449248771916,732.6002807617188,0.0,0.8066817223476862,False,False,False
train_000001,train,0.0,52,52,POL G8,POL,POL,G,8,8.0,,2000.0,60.0,2.530864597561972,0.7623917592499203,5.021824110618963,39.399555332515405,273.1443328857422,0.0,0.03423361861348845,False,False,False
train_000001,train,0.0,53,53,POL G9,POL,POL,G,9,9.0,,2000.0,60.0,2.2646553295767275,0.6859853553435152,3.5985481393355307,47.32356615255638,316.99200439453125,0.0,0.03300860840507004,False,False,False
train_000001,train,0.0,54,54,POL G10,POL,POL,G,10,10.0,,2000.0,60.0,1.7083961778001733,0.42941186183250596,3.299400174037243,43.37177788155386,316.2108917236328,0.0,0.031100259168826406,False,False,False
train_000001,train,0.0,55,55,POL G11,POL,POL,G,11,11.0,,2000.0,60.0,1.5419089012392537,0.5534585938285724,2.9211574923801065,46.309081559833835,345.3117218017578,0.0,0.029258577154809624,False,False,False
train_000001,train,0.0,56,56,POL G12,POL,POL,G,12,12.0,,2000.0,60.0,1.2776720011887912,0.6023362708848202,2.0009954573773703,42.7030735205538,330.4685821533203,0.0,0.027241893682447355,False,False,False
train_000001,train,0.0,57,57,POL G13,POL,POL,G,13,13.0,,2000.0,60.0,0.7362942454885122,0.7592441011226994,2.416417389943065,45.86061121394774,377.9291534423828,0.0,0.02592521604346703,False,False,False
train_000001,train,0.0,58,58,POL G14,POL,POL,G,14,14.0,,2000.0,60.0,1.1083133807425114,0.41908429499195105,2.757080174567657,43.246844888501215,361.3279571533203,0.0,0.0266585554879624,False,False,False
train_000001,train,0.0,59,59,POL G15,POL,POL,G,15,15.0,,2000.0,60.0,1.2373020313452114,0.03608177597026841,3.1965712924955896,43.54027241390433,367.4803161621094,0.0,0.02735022791856599,False,False,False
train_000001,train,0.0,60,60,POL G16,POL,POL,G,16,16.0,,2000.0,60.0,1.5632066897254346,-0.12545990011657046,2.744002849221949,38.067240869280546,316.79676818847656,0.0,0.029141909515912633,False,False,False
train_000001,train,0.0,61,61,POL H1,POL,POL,H,1,1.0,,2000.0,60.0,2.6796086495660205,-0.07631971340327338,2.6457499530069537,58.367619277559676,316.99205017089844,0.0,0.03125859382161518,False,False,False
train_000001,train,0.0,62,62,POL H2,POL,POL,H,2,2.0,,2000.0,60.0,1.1161329536453801,0.2491307072156197,3.957624327935558,48.857424383716314,273.3395233154297,0.0,0.038616988474903954,False,False,False
train_000001,train,0.0,63,63,POL H3,POL,POL,H,3,3.0,,2000.0,60.0,19.670362656434396,11.269148565991857,17.42918413585475,59.33300601939974,310.15623474121094,0.0,0.019125159376328135,True,False,True
train_000001,train,0.0,64,64,POL H4,POL,POL,H,4,4.0,,2000.0,60.0,1.8163141763904602,0.44285022687404224,3.9960712273280654,75.6833090264066,346.5818176269531,0.0,0.03908365903049192,False,False,False
train_000001,train,0.0,65,65,POL H5,POL,POL,H,5,5.0,,2000.0,60.0,0.9148729376297869,0.014327899225039105,3.823665412652178,73.22461548876016,357.90980529785156,0.0,0.03840032000266669,False,False,False
train_000001,train,0.0,66,66,POL H6,POL,POL,H,6,6.0,,2000.0,60.0,0.8679293264414677,0.0766058836585799,4.437412575332808,33.333225672349094,242.28498077392578,0.0,0.03645030375253127,False,False,False
train_000001,train,0.0,67,67,POL H7,POL,POL,H,7,7.0,,2000.0,60.0,1.4527902600690368,-0.4959175758942329,4.676682843400143,34.1267583160692,243.06632232666016,0.0,0.036800306669222245,False,False,False
train_000001,train,0.0,68,68,POL H8,POL,POL,H,8,8.0,,2000.0,60.0,1.5651144939340258,0.032351448188027876,4.6654077279423225,53.97003348665073,339.5503387451172,0.0,0.035941966183051524,False,False,False
train_000001,train,0.0,69,69,POL H9,POL,POL,H,9,9.0,,2000.0,60.0,0.8693722711310168,0.119516074549625,3.655572468894484,48.83292409689008,341.4060363769531,0.0,0.03521696014133451,False,False,False
train_000001,train,0.0,70,70,POL H10,POL,POL,H,10,10.0,,2000.0,60.0,0.6455675611482434,0.044473848994869336,2.6523527468702883,35.4782814562755,271.8743133544922,0.0,0.0323086025716881,False,False,False
train_000001,train,0.0,71,71,POL H11,POL,POL,H,11,11.0,,2000.0,60.0,0.9122742663067364,0.3200401987614065,2.723434979510861,37.01424701588221,269.3353042602539,0.0,0.030400253335444462,False,False,False
train_000001,train,0.0,72,72,POL H12,POL,POL,H,12,12.0,,2000.0,60.0,0.9695090109013488,0.3456758195230809,1.8903924564040375,37.852228743923746,276.9527893066406,0.0,0.028766906390886592,False,False,False
train_000001,train,0.0,73,73,POL H13,POL,POL,H,13,13.0,,2000.0,60.0,1.2919603939292947,0.14286023944042933,1.7584694837183934,35.7430006501793,267.18714904785156,0.0,0.02844190368253069,False,False,False
train_000001,train,0.0,74,74,POL H14,POL,POL,H,14,14.0,,2000.0,60.0,1.5467520106492396,0.20362421467546413,2.2303326224498137,29.52835061831114,250.87873077392578,0.0,0.032675272293935784,False,False,False
train_000001,train,0.0,75,75,POL H15,POL,POL,H,15,15.0,,2000.0,60.0,1.3133087044194163,0.016576118868577364,2.013467128848516,28.126425597263257,238.8669204711914,0.0,0.03526696055800465,False,False,False
train_000001,train,0.0,76,76,POL I1,POL,POL,I,1,1.0,,2000.0,60.0,1.7095420858702086,0.7338480578522023,2.7607721377307612,92.48926029476151,471.9722137451172,0.0,0.03259193826615222,False,False,False
train_000001,train,0.0,77,77,POL I2,POL,POL,I,2,2.0,,2000.0,60.0,0.80174359680548,0.2763378744973955,3.6552838314460128,36.20427265315951,241.1132049560547,0.0,0.035175293127442726,False,False,False
train_000001,train,0.0,78,78,POL I3,POL,POL,I,3,3.0,,2000.0,60.0,1.6909115321737433,-0.5122098802158753,4.959441497858244,45.29579183178853,281.2494812011719,0.0,0.03884199034991958,False,False,False
train_000001,train,0.0,79,79,POL I4,POL,POL,I,4,4.0,,2000.0,60.0,1.4639497239334225,0.21974824859153846,4.731512061339042,54.97487545774309,322.6559066772461,0.0,0.03924199368328069,False,False,False
train_000001,train,0.0,80,80,POL I5,POL,POL,I,5,5.0,,2000.0,60.0,0.7600813791121432,0.03450836108915693,10.05783572026842,36.84132185719469,253.1248016357422,0.0,0.039933666113884284,False,False,False
train_000001,train,0.0,81,81,POL I6,POL,POL,I,6,6.0,,2000.0,60.0,0.7580131461730715,-0.16239682494407826,9.784534117956087,45.75918670273563,283.10501861572266,0.0,0.037241977016475136,False,False,False
train_000001,train,0.0,82,82,POL I7,POL,POL,I,7,7.0,,2000.0,60.0,0.6217858788998788,0.5689997452806014,9.911882041928715,42.17583476173849,283.4958801269531,0.0,0.038000316669305576,False,False,False
train_000001,train,0.0,83,83,POL I8,POL,POL,I,8,8.0,,2000.0,60.0,0.8188093235666792,0.24164538319081694,9.931180565847328,39.389295457683296,269.8241271972656,0.0,0.03737531146092884,False,False,False
train_000001,train,0.0,84,84,POL I9,POL,POL,I,9,9.0,,2000.0,60.0,0.15820049828875787,0.7496326598023583,8.421795315024413,34.16830699336339,265.91761779785156,0.0,0.035591963266360556,False,False,False
train_000001,train,0.0,85,85,POL I10,POL,POL,I,10,10.0,,2000.0,60.0,0.24352483139038533,0.9048691746971509,3.2963001274141615,52.233902948272785,308.2030487060547,0.0,0.02762523021025175,False,False,False
train_000001,train,0.0,86,86,POL I11,POL,POL,I,11,11.0,,2000.0,60.0,-0.3900540517612697,-0.5059255338241093,3.2543133357620757,46.528942494860765,319.6285858154297,0.0,0.023733531112759273,False,False,False
train_000001,train,0.0,87,87,POL I12,POL,POL,I,12,12.0,,2000.0,60.0,0.39381802515540515,-0.38670783832302874,5.989444206559239,50.846759256034275,327.44129943847656,0.0,0.028258568821406847,False,False,False
train_000001,train,0.0,88,88,POL I13,POL,POL,I,13,13.0,,2000.0,60.0,1.030349466491869,-0.04082318689054807,7.1372800101567515,39.41253409853005,296.09351348876953,0.0,0.03020858507154226,False,False,False
train_000001,train,0.0,89,89,POL I14,POL,POL,I,14,14.0,,2000.0,60.0,1.1925283648731515,-0.4335942720405348,7.2910189178225995,41.93402498413512,322.9491271972656,0.0,0.0300669172243102,False,False,False
train_000001,train,0.0,90,90,POL I15,POL,POL,I,15,15.0,,2000.0,60.0,1.236095604548723,-0.3428056341080945,6.880934409878189,37.477811983720734,291.6988220214844,0.0,0.030408586738222818,False,False,False
train_000001,train,0.0,91,91,POL I16,POL,POL,I,16,16.0,,2000.0,60.0,0.7851518808083204,-0.36083829192053557,7.703391242085559,59.59294124435353,345.50730895996094,0.0,0.03345027875232293,False,False,False
train_000001,train,0.0,92,92,POL J1,POL,POL,J,1,1.0,,2000.0,60.0,2.0609494746183157,0.7315682254746535,8.48664268622791,51.808947916062934,287.4020233154297,0.0,0.03640863673863949,False,False,False
train_000001,train,0.0,93,93,POL J2,POL,POL,J,2,2.0,,2000.0,60.0,1.041917865474578,-0.05373770622794233,8.567734577158637,34.821977808805194,217.7731170654297,0.0,0.038900324169368075,False,False,False
train_000001,train,0.0,94,94,POL J3,POL,POL,J,3,3.0,,2000.0,60.0,0.8832526577975074,-0.09799507323076886,9.352650004000452,35.93739676193795,218.7499008178711,0.0,0.038266985558212986,False,False,False
train_000001,train,0.0,95,95,POL J4,POL,POL,J,4,4.0,,2000.0,60.0,1.0126299740560119,0.05386431095936364,9.902989884843418,47.56300090509239,292.38267517089844,0.0,0.03806698389153243,False,False,False
train_000001,train,0.0,96,96,POL J5,POL,POL,J,5,5.0,,2000.0,60.0,1.2179139932286867,0.4965085108524294,9.37012192677523,48.74261373600065,297.26560974121094,0.0,0.03703364194701623,False,False,False
train_000001,train,0.0,97,97,POL J6,POL,POL,J,6,6.0,,2000.0,60.0,1.0927272739978064,0.26550053944257535,9.39966908319681,36.56243291944562,254.1990966796875,0.0,0.03662530521087676,False,False,False
train_000001,train,0.0,98,98,POL J7,POL,POL,J,7,7.0,,2000.0,60.0,1.1802492193740517,0.38339241314279066,8.972921185591648,36.50013362072287,247.2655029296875,0.0,0.03527529396078301,False,False,False
train_000001,train,0.0,99,99,POL J8,POL,POL,J,8,8.0,,2000.0,60.0,0.9250240419278994,-0.15766144314381492,8.48966713561447,35.05527855296285,257.51932525634766,0.0,0.033833615280127335,False,False,False
train_000001,train,0.0,100,100,POL J9,POL,POL,J,9,9.0,,2000.0,60.0,0.5199246724564893,-0.37717282315498146,7.087744101932522,40.27781401317287,286.3280487060547,0.0,0.03111692597438312,False,False,False
train_000001,train,0.0,101,101,POL J10,POL,POL,J,10,10.0,,2000.0,60.0,0.24529891680413238,-0.08211747021974662,7.637674984516419,38.173341515753684,288.8670883178711,0.0,0.03181693180776506,False,False,False
train_000001,train,0.0,102,102,POL J11,POL,POL,J,11,11.0,,2000.0,60.0,0.49734134964170307,0.26587254472116495,7.530967610479797,40.19007487761542,306.8356170654297,0.0,0.030725256043800366,False,False,False
train_000001,train,0.0,103,103,POL J12,POL,POL,J,12,12.0,,2000.0,60.0,0.3779327837411496,0.3517424644769027,7.016657206340247,33.16193722622665,262.49951171875,0.0,0.031783598196651636,False,False,False
train_000001,train,0.0,104,104,POL J13,POL,POL,J,13,13.0,,2000.0,60.0,1.0561921768913272,0.35246276666884446,7.783068255331687,28.584104018722805,199.7068099975586,0.0,0.03296694139117826,False,False,False
train_000001,train,0.0,105,105,EEG M1-Ref,EEG,EEG ...-Ref,M,1,1.0,-Ref,2000.0,60.0,1.2372358730827466,0.4994749383666145,5.378056451883513,71.34592588465607,501.26953125,0.0,0.023375194793289943,False,False,False
train_000001,train,0.0,106,106,EEG M2-Ref,EEG,EEG ...-Ref,M,2,2.0,-Ref,2000.0,60.0,0.7944494806559148,0.18597551616427765,3.808648465802374,58.72061969193493,380.4683532714844,0.0,0.0241502012516771,False,False,False
train_000001,train,0.0,107,107,POL M3,POL,POL,M,3,3.0,,2000.0,60.0,0.22416682996480194,-0.12850668055856107,2.8292988915621606,50.75662354818966,406.7382049560547,0.0,0.022400186668222234,False,False,False
train_000001,train,0.0,108,108,POL M4,POL,POL,M,4,4.0,,2000.0,60.0,0.675868952589014,-0.2927237751920926,4.612920705148625,47.70842867788815,319.3356018066406,0.0,0.027291894099117493,False,False,False
train_000001,train,0.0,109,109,POL M5,POL,POL,M,5,5.0,,2000.0,60.0,1.40679045518069,0.12497872238924262,8.462680666581145,43.049962533861944,284.1795349121094,0.0,0.03170026416886807,False,False,False
train_000001,train,0.0,110,110,POL M6,POL,POL,M,6,6.0,,2000.0,60.0,1.270401239506001,0.1621267714734617,8.77134614445455,35.68392324728301,240.03874969482422,0.0,0.0339169493079109,False,False,False
train_000001,train,0.0,111,111,POL M7,POL,POL,M,7,7.0,,2000.0,60.0,1.3657005237076967,0.6162732366782133,8.46937038700069,50.60379200778528,308.9842300415039,0.0,0.029008575071458927,False,False,False
train_000001,train,0.0,112,112,POL M8,POL,POL,M,8,8.0,,2000.0,60.0,1.2244148752708723,0.2923007431860646,9.418766770087059,39.00363648546421,276.6599884033203,0.0,0.03298360819673497,False,False,False
train_000001,train,0.0,113,113,POL M9,POL,POL,M,9,9.0,,2000.0,60.0,1.2659639896988464,0.20287929684512482,8.605497976916977,35.36850882233532,259.47217559814453,0.0,0.03453362111350928,False,False,False
train_000001,train,0.0,114,114,POL M10,POL,POL,M,10,10.0,,2000.0,60.0,0.9045267526545769,1.1061938009758197,7.487671145313735,35.83130179122825,261.9138946533203,0.0,0.03316694305785881,False,False,False
train_000001,train,0.0,115,115,POL M11,POL,POL,M,11,11.0,,2000.0,60.0,1.6072086213353827,0.8828662981938475,7.751913762742654,41.062808213824425,287.3040466308594,0.0,0.03190026583554863,False,False,False
train_000001,train,0.0,116,116,POL M12,POL,POL,M,12,12.0,,2000.0,60.0,1.7785033165651902,1.2719715627920756,8.310621524857849,42.716381840911666,298.63226318359375,0.0,0.03292527437728648,False,False,False
train_000001,train,0.0,117,117,POL M13,POL,POL,M,13,13.0,,2000.0,60.0,0.9339998256924582,-0.037231775972134666,5.7069314067084065,41.98295937091515,286.91349029541016,0.0,0.029750247918732656,False,False,False
train_000001,train,0.0,118,118,POL M14,POL,POL,M,14,14.0,,2000.0,60.0,-0.0836091282749178,-0.739491466215932,3.390615375423276,63.23872886571646,424.41387939453125,0.0,0.02044183701530846,False,False,False
train_000001,train,0.0,119,119,POL M15,POL,POL,M,15,15.0,,2000.0,60.0,1.117593187996054,0.9977024999036387,5.203286790318316,46.3762099363768,317.8710021972656,0.0,0.026316885974049783,False,False,False
train_000001,train,0.0,120,120,POL M16,POL,POL,M,16,16.0,,2000.0,60.0,0.7554917651320472,0.372719914139325,5.562000577238231,40.173449928008594,318.1635208129883,0.0,0.0270418920157668,False,False,False
train_000001,train,0.0,121,121,POL pMC1,POL,POL,pMC,1,1.0,,2000.0,60.0,1.6253643637671955,0.8629522060416501,6.69125680394222,77.71090608494697,395.11688232421875,0.0,0.028758572988108234,False,False,False
train_000001,train,0.0,122,122,POL pMC2,POL,POL,pMC,2,2.0,,2000.0,60.0,0.06345877597790159,-0.6152828921218825,4.167938835693267,59.303795288774026,322.1678771972656,0.0,0.026283552362936356,False,False,False
train_000001,train,0.0,123,123,POL pMC3,POL,POL,pMC,3,3.0,,2000.0,60.0,0.3253349730979308,0.03635314470989999,4.142856819617392,41.53458474539668,312.20672607421875,0.0,0.021641847015391794,False,False,False
train_000001,train,0.0,124,124,POL pMC4,POL,POL,pMC,4,4.0,,2000.0,60.0,0.1932915258676769,0.027223456812797,2.847942095637435,67.49105018226454,381.0544738769531,0.0,0.018675155626296885,False,False,False
train_000001,train,0.0,125,125,POL pMC5,POL,POL,pMC,5,5.0,,2000.0,60.0,0.02988257936109629,-0.008864149861440103,4.436661697709038,55.07000915985568,370.8001403808594,0.0,0.023558529654413785,False,False,False
train_000001,train,0.0,126,126,POL pMC6,POL,POL,pMC,6,6.0,,2000.0,60.0,0.13120249774183518,0.45877158096098053,3.394717799097575,45.779940203142466,403.3199462890625,0.0,0.02132517770981425,False,False,False
train_000001,train,0.0,127,127,POL pMC7,POL,POL,pMC,7,7.0,,2000.0,60.0,0.2768618906875391,0.4082554184909721,4.797509943603621,52.843655772774376,433.59307861328125,0.0,0.021800181668180568,False,False,False
train_000001,train,0.0,128,128,POL pMC8,POL,POL,pMC,8,8.0,,2000.0,60.0,-0.32484673136500086,-0.33339891895853574,5.215840240271483,52.315884461665725,458.4955749511719,0.0,0.02217518479320661,False,False,False
train_000001,train,0.0,129,129,POL pMC9,POL,POL,pMC,9,9.0,,2000.0,60.0,-0.5548911776798486,0.06640306948629662,5.101009046297791,50.50173711572429,478.320068359375,0.0,0.021100175834798625,False,False,False
train_000001,train,0.0,130,130,POL pMC10,POL,POL,pMC,10,10.0,,2000.0,60.0,-0.29091417973629846,-0.11018957154707468,5.431988393388813,51.94274677696121,516.5032501220703,0.0,0.02036683639030325,False,False,False
train_000001,train,0.0,131,131,POL pMC11,POL,POL,pMC,11,11.0,,2000.0,60.0,-0.07676691862738211,-0.20757225179083394,5.501560390582947,53.11597026532377,556.1522369384766,0.0,0.01932516104300869,False,False,False
train_000001,train,0.0,132,132,POL pMC12,POL,POL,pMC,12,12.0,,2000.0,60.0,-0.2223776197682561,-0.08276204917065579,4.8085963558402245,47.313008263110234,537.5971069335938,0.0,0.019000158334652788,False,False,False
train_000001,train,0.0,133,133,POL pMC13,POL,POL,pMC,13,13.0,,2000.0,60.0,0.7709099664497803,-0.36850198528922967,6.2155547361378645,24.79230790853797,251.56243133544922,0.0,0.031625263543862865,False,False,False
train_000001,train,0.0,134,134,POL aMC1,POL,POL,aMC,1,1.0,,2000.0,60.0,1.6274210825509214,1.3480352202855672,8.275633983364823,45.79285675698466,326.36663818359375,0.0,0.03235026958557988,False,False,False
train_000001,train,0.0,135,135,POL aMC2,POL,POL,aMC,2,2.0,,2000.0,60.0,0.10064064815802158,0.022987364055907688,3.8474082885198326,50.29843116923384,304.97972106933594,0.0,0.02675022291852432,False,False,False
train_000001,train,0.0,136,136,POL aMC3,POL,POL,aMC,3,3.0,,2000.0,60.0,0.6091781552983098,0.8192098893011239,3.722122608356964,63.640577373442035,326.4644775390625,0.0,0.029400245002041685,False,False,False
train_000001,train,0.0,137,137,POL aMC4,POL,POL,aMC,4,4.0,,2000.0,60.0,1.2763029392616854,2.2226617702309,9.564155416736536,43.11595281800903,324.5111999511719,0.0,0.03531696097467479,False,False,False
train_000001,train,0.0,138,138,POL aMC5,POL,POL,aMC,5,5.0,,2000.0,60.0,0.9724300133025374,1.0237654070190736,9.584193677733161,45.87669979474908,332.1283874511719,0.0,0.03656697139142826,False,False,False
train_000001,train,0.0,139,139,POL aMC6,POL,POL,aMC,6,6.0,,2000.0,60.0,1.481996898857845,1.1748315611417943,10.315176206469552,37.51157321067859,279.7845001220703,0.0,0.034741956182968194,False,False,False
train_000001,train,0.0,140,140,POL aMC7,POL,POL,aMC,7,7.0,,2000.0,60.0,1.1840120911698317,1.2949365652324387,9.253100650343574,38.70315904528983,281.73807525634766,0.0,0.035333627780231504,False,False,False
train_000001,train,0.0,141,141,POL aMC8,POL,POL,aMC,8,8.0,,2000.0,60.0,0.822758702544847,0.3561162014459285,8.428151261672397,36.960939522791485,267.57791900634766,0.0,0.03194193284944041,False,False,False
train_000001,train,0.0,142,142,POL aMC9,POL,POL,aMC,9,9.0,,2000.0,60.0,0.6102261669886131,-0.15489671996981522,7.018746886336359,51.303314002254915,346.38624572753906,0.0,0.031650263752197934,False,False,False
train_000001,train,0.0,143,143,POL aMC10,POL,POL,aMC,10,10.0,,2000.0,60.0,0.5768079239612627,0.23666518449258273,6.8697270723509,47.75134771301808,346.87486267089844,0.0,0.03466695555796298,False,False,False
train_000001,train,0.0,144,144,POL aMC11,POL,POL,aMC,11,11.0,,2000.0,60.0,0.37828840351423776,0.7023561868043275,15.427853983929424,26.15047379942442,209.66770935058594,0.0,0.03448362069683914,False,False,False
train_000001,train,0.0,145,145,POL aMC12,POL,POL,aMC,12,12.0,,2000.0,60.0,0.8247501277760348,1.3379389476596018,16.830677554929835,17.011956050033806,128.906005859375,0.0,0.04237535312794273,False,False,False
train_000001,train,0.0,146,146,POL aMC13,POL,POL,aMC,13,13.0,,2000.0,60.0,2.4107504799658437,1.6787806508079874,20.772316232753084,5.760506035905151,45.605430603027344,0.0,0.053983783198193316,False,False,False
train_000001,train,0.0,147,147,POL AC1,POL,POL,AC,1,1.0,,2000.0,60.0,0.8188618348871455,0.8142243536466774,12.111518326851307,57.745511055834925,387.98817443847656,0.0,0.026141884515704296,False,False,False
train_000001,train,0.0,148,148,POL AC2,POL,POL,AC,2,2.0,,2000.0,60.0,0.21615651244754633,1.0513795810408875,12.590973677857654,48.163997205129576,324.2184295654297,0.0,0.028133567779731496,False,False,False
train_000001,train,0.0,149,149,POL AC3,POL,POL,AC,3,3.0,,2000.0,60.0,-0.006833681750080928,1.1542683587714533,9.387857980883643,53.446043412013815,353.6127014160156,0.0,0.02554187951566263,False,False,False
train_000001,train,0.0,150,150,POL AC4,POL,POL,AC,4,4.0,,2000.0,60.0,0.8152492872641899,0.17081258286022094,13.40131326502939,43.44246766038323,275.5857849121094,0.0,0.031641930349419575,False,False,False
train_000001,train,0.0,151,151,POL AC5,POL,POL,AC,5,5.0,,2000.0,60.0,1.5920909166999573,1.7674037004244165,12.888201844479596,47.33866286269675,282.90966796875,0.0,0.03104192534937791,False,False,False
train_000001,train,0.0,152,152,POL AC6,POL,POL,AC,6,6.0,,2000.0,60.0,1.5598244465415412,1.33030299069911,16.083950912440724,38.05016483020324,275.78114318847656,0.0,0.03535862798856657,False,False,False
train_000001,train,0.0,153,153,POL AC7,POL,POL,AC,7,7.0,,2000.0,60.0,1.887044065335841,0.5008229115646599,14.033384611918255,41.424125248581504,295.8978729248047,0.0,0.034566954724622706,False,False,False
train_000001,train,0.0,154,154,POL AC8,POL,POL,AC,8,8.0,,2000.0,60.0,1.8582532155010856,0.8939251896390304,14.898588504502001,37.66133948462016,249.21849060058594,0.0,0.033691947432895275,False,False,False
train_000001,train,0.0,155,155,POL AC9,POL,POL,AC,9,9.0,,2000.0,60.0,1.6992183034563648,1.0669749565149926,15.554481540842461,36.86184100459106,259.8629455566406,0.0,0.03451695430795257,False,False,False
train_000001,train,0.0,156,156,POL AC10,POL,POL,AC,10,10.0,,2000.0,60.0,1.8638377612845678,1.9712435990233204,15.408441986793749,32.22378452770822,221.38656616210938,0.0,0.03453362111350928,False,False,False
train_000001,train,0.0,157,157,POL AC11,POL,POL,AC,11,11.0,,2000.0,60.0,1.8000891398459538,1.4834900376082976,15.959581511491319,37.726644844558486,243.8473358154297,0.0,0.03479195659963833,False,False,False
train_000001,train,0.0,158,158,POL AC12,POL,POL,AC,12,12.0,,2000.0,60.0,2.196791686966526,1.1447970764221795,15.079474075263231,39.10475805058037,248.82786560058594,0.0,0.03390861590513254,False,False,False
train_000001,train,0.0,159,159,POL AC13,POL,POL,AC,13,13.0,,2000.0,60.0,1.6654148312001986,0.42146075839272323,14.462082545934745,36.956362179821156,275.68316650390625,0.0,0.03097525812715106,False,False,False
train_000001,train,0.0,160,160,POL AC14,POL,POL,AC,14,14.0,,2000.0,60.0,1.4691935200909587,0.21897292069951238,13.25217037496274,42.96165141584971,303.12477111816406,0.0,0.029250243752031266,False,False,False
train_000001,train,0.0,161,161,POL AC15,POL,POL,AC,15,15.0,,2000.0,60.0,0.7237509274221641,-0.09510400664905008,13.532374953494678,31.451057031519685,259.56998443603516,0.0,0.03156692972441437,False,False,False
train_000001,train,0.0,162,162,POL AC16,POL,POL,AC,16,16.0,,2000.0,60.0,0.8449088243860514,0.5247746340518448,15.021789929841795,17.369038983527584,130.76142120361328,0.0,0.03831698597488312,False,False,False
train_000001,train,0.0,163,163,EEG PO1-Ref,EEG,EEG ...-Ref,PO,1,1.0,-Ref,2000.0,60.0,1.4132687083343352,0.6882305946707991,14.155300210866672,41.557379862797525,300.8785705566406,0.0,0.030400253335444462,False,False,False
train_000001,train,0.0,164,164,EEG PO2-Ref,EEG,EEG ...-Ref,PO,2,2.0,-Ref,2000.0,60.0,1.28315085669388,0.2842079323552096,14.303891008519322,40.621180212012554,278.61267852783203,0.0,0.03183359861332178,False,False,False
train_000001,train,0.0,165,165,EEG PO3-Ref,EEG,EEG ...-Ref,PO,3,3.0,-Ref,2000.0,60.0,1.413059706110476,1.0919903813520266,16.11106102077343,53.46209115853039,340.0386199951172,0.0,0.03720031000258336,False,False,False
train_000001,train,0.0,166,166,EEG PO4-Ref,EEG,EEG ...-Ref,PO,4,4.0,-Ref,2000.0,60.0,1.0134937897963914,1.2905400135298348,15.111891408992042,49.889247550479176,291.99205017089844,0.0,0.03735864465537213,False,False,False
train_000001,train,0.0,167,167,EEG PO5-Ref,EEG,EEG ...-Ref,PO,5,5.0,-Ref,2000.0,60.0,0.5335669721033641,1.2616714316929962,11.85821158263854,36.02382078949318,227.83150482177734,0.0,0.032200268335569465,False,False,False
train_000001,train,0.0,168,168,EEG PO6-Ref,EEG,EEG ...-Ref,PO,6,6.0,-Ref,2000.0,60.0,1.5354085621965676,-0.5519133210047669,11.789453533525753,61.48041664805068,310.5463409423828,0.0,0.032625271877265646,False,False,False
train_000001,train,0.0,169,169,EEG PO7-Ref,EEG,EEG ...-Ref,PO,7,7.0,-Ref,2000.0,60.0,1.5553209459612263,1.4398853424752578,15.879893952007853,68.62519658768458,394.4335174560547,0.0,0.03410028416903474,False,False,False
train_000001,train,0.0,170,170,EEG PO8-Ref,EEG,EEG ...-Ref,PO,8,8.0,-Ref,2000.0,60.0,39.42075692336148,18.023759544384106,23.618597839640515,32.3891099834844,195.99607849121094,0.0,0.0059750497920816005,True,True,True
train_000001,train,0.0,171,171,EEG PO9-Ref,EEG,EEG ...-Ref,PO,9,9.0,-Ref,2000.0,60.0,1.4244848197958915,1.810416483032654,16.294249760491645,63.314424285944945,349.31605529785156,0.0,0.030475253960449672,False,False,False
train_000001,train,0.0,172,172,EEG PO10-Ref,EEG,EEG ...-Ref,PO,10,10.0,-Ref,2000.0,60.0,43.91205021212549,21.002093600445477,26.582815243383667,43.39369623890322,230.46873474121094,0.0,0.0039500329169409746,True,True,True
train_000001,train,0.0,173,173,POL PO11,POL,POL,PO,11,11.0,,2000.0,60.0,44.689031696782244,21.173023294039027,26.8171873462008,43.49660530024109,226.46482849121094,0.0,0.004075033958616322,True,True,True
train_000001,train,0.0,174,174,POL PO12,POL,POL,PO,12,12.0,,2000.0,60.0,35.74663999911194,19.943341045306,25.376935342253066,10.07755014460685,67.38279342651367,0.0,0.01126676055633797,True,True,True
train_000001,train,0.0,175,175,POL PO13,POL,POL,PO,13,13.0,,2000.0,60.0,35.71427082661953,19.843100804348325,25.9859785574477,9.991231377339446,65.234375,0.0,0.011025091875765631,True,True,True
train_000001,train,0.0,176,176,POL PO14,POL,POL,PO,14,14.0,,2000.0,60.0,35.287336622426494,19.449446304514442,25.26542258114656,10.210153202662905,66.40623664855957,0.0,0.011041758681322345,True,True,True
train_000001,train,0.0,177,177,POL PO15,POL,POL,PO,15,15.0,,2000.0,60.0,33.26944915313038,18.71380261513464,24.63382956600735,9.957537351649263,68.3593521118164,0.0,0.012816773473112275,True,True,True
train_000001,train,0.0,178,178,POL PO16,POL,POL,PO,16,16.0,,2000.0,60.0,-0.2852310930177317,-0.6555555166389313,6.097134665015096,57.829762114913116,378.02708435058594,0.0,0.01842515354294619,False,False,False
train_000012,train,0.0,0,0,EEG A1-Ref,EEG,EEG ...-Ref,A,1,1.0,-Ref,2000.0,60.0,1.3940173821397885,0.5961496383546103,5.167160087618584,106.77162124704647,797.5582275390625,0.0,0.014808456737139476,False,False,False
train_000012,train,0.0,1,1,EEG A2-Ref,EEG,EEG ...-Ref,A,2,2.0,-Ref,2000.0,60.0,1.3260643540005426,0.7173749841701693,5.156785587442927,103.82032238674014,772.7536010742188,0.0,0.015200126667722231,False,False,False
train_000012,train,0.0,2,2,POL A3,POL,POL,A,3,3.0,,2000.0,60.0,1.3676842258727095,0.6796575523323414,5.237781760260193,98.36287151413246,788.1834716796875,0.0,0.015475128959407995,False,False,False
train_000012,train,0.0,3,3,POL A4,POL,POL,A,4,4.0,,2000.0,60.0,1.7115877451538246,0.6930380852761241,5.280934321714742,95.66357204148285,807.6167755126953,0.0,0.015541796181634846,False,False,False
train_000012,train,0.0,4,4,POL A5,POL,POL,A,5,5.0,,2000.0,60.0,1.8778386477343887,0.5775857132552489,5.171605091988369,102.59090381399794,833.4958038330078,0.0,0.015741797848315402,False,False,False
train_000012,train,0.0,5,5,POL A6,POL,POL,A,6,6.0,,2000.0,60.0,0.9164818039852614,0.45749496072321044,5.0269413953745525,109.5714754512284,863.3787231445312,0.0,0.01626680222335186,False,False,False
train_000012,train,0.0,6,6,POL A7,POL,POL,A,7,7.0,,2000.0,60.0,7.446525796347591,0.36572225045454687,5.2098532304743905,117.5782732238466,870.214599609375,0.0,0.014808456737139476,False,False,False
train_000012,train,0.0,7,7,POL A8,POL,POL,A,8,8.0,,2000.0,60.0,1.9859276673644297,0.5391898035234971,6.456730986139931,123.33261126413966,827.4409790039062,0.0,0.01650013750114584,False,False,False
train_000012,train,0.0,8,8,POL A9,POL,POL,A,9,9.0,,2000.0,60.0,2.145236646005942,0.562207418816303,5.847476456402588,114.4809130084703,744.6282348632812,0.0,0.016450137084475704,False,False,False
train_000012,train,0.0,9,9,POL A10,POL,POL,A,10,10.0,,2000.0,60.0,2.906381837838557,0.5668187616713664,6.655132278592837,94.43726948511059,627.441162109375,0.0,0.016975141459512164,False,False,False
train_000012,train,0.0,10,10,POL B1,POL,POL,B,1,1.0,,2000.0,60.0,0.32343722531387736,0.17447746431742683,1.8158686968368987,140.2622441741556,2167.4765014648438,0.0,0.01430011916765973,False,False,False
train_000012,train,0.0,11,11,POL B2,POL,POL,B,2,2.0,,2000.0,60.0,0.5424011822866607,0.43833993598631266,2.2284692410673763,99.00013112957379,843.0663299560547,0.0,0.01577513145942883,False,False,False
train_000012,train,0.0,12,12,POL B3,POL,POL,B,3,3.0,,2000.0,60.0,-0.27609497139230066,0.49263757001673647,1.6570017175259466,95.79761639684972,724.0232849121094,0.0,0.01558346319552663,False,False,False
train_000012,train,0.0,13,13,POL B4,POL,POL,B,4,4.0,,2000.0,60.0,-0.4043668385094065,0.46395645664311314,2.137940810268861,104.9494098122298,885.0580749511719,0.0,0.0165084709039242,False,False,False
train_000012,train,0.0,14,14,POL B5,POL,POL,B,5,5.0,,2000.0,60.0,-0.3370109702537163,0.4230448961328204,1.9317361589383173,120.96959604956999,915.5271911621094,0.0,0.01828348569571413,False,False,False
train_000012,train,0.0,15,15,POL B6,POL,POL,B,6,6.0,,2000.0,60.0,-0.23159650493509068,0.39272731385974247,1.9047385142533066,144.26222158285785,996.7768859863281,0.0,0.017091809098409152,False,False,False
train_000012,train,0.0,16,16,POL B7,POL,POL,B,7,7.0,,2000.0,60.0,0.5465663495645328,0.24805731452558755,1.843036147772254,150.60877074909814,938.3771057128906,0.0,0.01761681347344561,False,False,False
train_000012,train,0.0,17,17,POL B8,POL,POL,B,8,8.0,,2000.0,60.0,0.04294790831534337,0.21635672509441348,1.9126897730781458,149.78905650724855,904.10107421875,0.0,0.017658480487337393,False,False,False
train_000012,train,0.0,18,18,POL B9,POL,POL,B,9,9.0,,2000.0,60.0,-0.0179804681665123,0.11591737651198614,1.5534772610981884,125.63101935523397,755.6640319824219,0.0,0.01778348152901274,False,False,False
train_000012,train,0.0,19,19,POL B10,POL,POL,B,10,10.0,,2000.0,60.0,-0.011490494808679495,-0.04066200053232703,1.4298611892359547,89.90587316148931,603.6131591796875,0.0,0.01835848632071934,False,False,False
train_000012,train,0.0,20,20,POL B11,POL,POL,B,11,11.0,,2000.0,60.0,1.7008569962657432,1.0186963364705521,1.8362226350849782,69.81958584547723,568.2613830566406,0.0,0.019300160834673622,False,False,False
train_000012,train,0.0,21,21,POL A11,POL,POL,A,11,11.0,,2000.0,60.0,17.93543981480304,6.616298537653391,3.7728586699670825,83.9931849465378,603.0269775390625,0.0,0.012008433403611697,True,False,False
train_000012,train,0.0,22,22,POL A12,POL,POL,A,12,12.0,,2000.0,60.0,2.1263422114501767,0.2890816359795479,5.347274131136787,75.3662069696654,552.2459716796875,0.0,0.01842515354294619,False,False,False
train_000012,train,0.0,23,23,POL U1,POL,POL,U,1,1.0,,2000.0,60.0,-0.8152438879939399,0.6428211027386954,0.9231241973035355,113.3589686459835,882.6145935058594,0.0,0.016383469862248853,False,False,False
train_000012,train,0.0,24,24,POL U2,POL,POL,U,2,2.0,,2000.0,60.0,-0.7572140035936281,0.5360971250047464,1.0653854552612305,152.85465464343275,1298.2388916015625,0.0,0.0159334661122176,False,False,False
train_000012,train,0.0,25,25,POL U3,POL,POL,U,3,3.0,,2000.0,60.0,0.4219602367913604,0.21876949588651243,1.1681493754345824,167.5457416382351,1372.751220703125,0.0,0.015308460903840866,False,False,False
train_000012,train,0.0,26,26,POL U4,POL,POL,U,4,4.0,,2000.0,60.0,-0.25913209201388965,0.2472363455127927,0.6910770489218997,161.9787934807633,1306.9315795898438,0.0,0.015358461320511003,False,False,False
train_000012,train,0.0,27,27,POL U5,POL,POL,U,5,5.0,,2000.0,60.0,-0.0648430400975187,0.17187416139586198,0.5167262957070933,121.50333191876548,1087.6944580078125,0.0,0.01648347069558913,False,False,False
train_000012,train,0.0,28,28,POL U6,POL,POL,U,6,6.0,,2000.0,60.0,-0.462904721586132,0.13221528726723397,0.4830703613000563,77.77999259843585,711.7183837890625,0.0,0.01783348194568288,False,False,False
train_000012,train,0.0,29,29,POL U7,POL,POL,U,7,7.0,,2000.0,60.0,-0.5535972866543233,0.2832083705227693,0.34255006038311364,47.40414610024674,428.90602111816406,0.0,0.019450162084684038,False,False,False
train_000012,train,0.0,30,30,POL U8,POL,POL,U,8,8.0,,2000.0,60.0,-0.6456203346080681,0.4021252142404298,1.0180715231183393,28.587546916543626,276.9530334472656,0.0,0.020200168334736122,False,False,False
train_000012,train,0.0,31,31,POL T1,POL,POL,T,1,1.0,,2000.0,60.0,0.9831323950509223,0.5869607781283638,2.9501900035221946,410.6245590446484,2137.9794311523438,0.0,0.015925132709439245,False,False,False
train_000012,train,0.0,32,32,POL T2,POL,POL,T,2,2.0,,2000.0,60.0,0.5462886053120803,0.5143195156088695,2.835545211031093,88.12112913764177,754.2966461181641,0.0,0.015450128751072925,False,False,False
train_000012,train,0.0,33,33,EEG T3-Ref,EEG,EEG ...-Ref,T,3,3.0,-Ref,2000.0,60.0,0.1904729461809206,0.546438380788028,2.663910714778966,93.70918051370136,791.6991577148438,0.0,0.016991808265068877,False,False,False
train_000012,train,0.0,34,34,EEG T4-Ref,EEG,EEG ...-Ref,T,4,4.0,-Ref,2000.0,60.0,-0.019957461257915254,0.20316987754060623,2.538008195216679,147.7755652049391,1225.2909240722656,0.0,0.01567513062608855,False,False,False
train_000012,train,0.0,35,35,EEG T5-Ref,EEG,EEG ...-Ref,T,5,5.0,-Ref,2000.0,60.0,-0.0566722826368084,0.32398247149896,2.81844270699379,297.49933807419137,1457.6122436523438,0.0,0.01510845923716031,False,False,False
train_000012,train,0.0,36,36,POL DC01,POL,POL,DC,01,1.0,,2000.0,60.0,0.14168332342381806,0.03706189933323258,-0.5399100740471807,92.63848025832918,732.6002807617188,0.0,0.8965491379094825,False,False,False
train_000012,train,0.0,37,37,POL DC02,POL,POL,DC,02,2.0,,2000.0,60.0,-1.0587051984486553,-0.6641406357772822,0.14577703462178027,90.2516302900253,732.5999755859375,0.0001,0.9014325119375994,False,False,False
train_000012,train,0.0,38,38,POL DC03,POL,POL,DC,03,3.0,,2000.0,60.0,0.47002700106351164,0.26914690068123953,0.07816441578920898,34.17747033929042,732.5999755859375,0.005158333333333333,0.9837331977766481,False,False,False
train_000012,train,0.0,39,39,POL DC04,POL,POL,DC,04,4.0,,2000.0,60.0,-0.07672916733644967,-0.74044310740073,0.27210143585109103,78.49519240555435,732.5999755859375,0.00019166666666666667,0.9235660297169143,False,False,False
train_000012,train,0.0,40,40,POL DC05,POL,POL,DC,05,5.0,,2000.0,60.0,-0.11648530846753742,-0.23712047576616374,0.06460686627599752,182.71517252735342,366.29998779296875,0.5344333333333333,0.650030416920141,False,False,False
train_000012,train,0.0,41,41,POL DC06,POL,POL,DC,06,6.0,,2000.0,60.0,-0.8601452815311267,0.1776643856429215,-0.017841983808087446,81.21039896530827,732.6002807617188,0.0,0.918999324994375,False,False,False
train_000012,train,0.0,42,42,POL DC07,POL,POL,DC,07,7.0,,2000.0,60.0,-0.9500285255788179,-1.1934183878019138,1.3182433185770392,126.13243005148414,732.6002807617188,0.0,0.8208068400570004,False,False,False
train_000012,train,0.0,43,43,POL DC08,POL,POL,DC,08,8.0,,2000.0,60.0,-0.660640687101117,-0.045426118017943655,-0.8963075655990181,131.01253534066456,732.6002807617188,0.0,0.808898407486729,False,False,False
train_000012,train,0.0,44,44,POL DC09,POL,POL,DC,09,9.0,,2000.0,60.0,-0.025285944981542303,0.7102873933626639,-0.4115237430536103,42.36261030463862,732.5999755859375,0.012341666666666667,0.9760664672205601,False,False,False
train_000012,train,0.0,45,45,POL DC10,POL,POL,DC,10,10.0,,2000.0,60.0,-0.30880013521474176,-0.6834159050387008,-0.20807487894713486,76.11463333420603,732.5999755859375,0.045083333333333336,0.9286494054117118,False,False,False
train_000012,train,0.0,46,46,POL DC11,POL,POL,DC,11,11.0,,2000.0,60.0,-0.40610480397683774,0.6370381531054456,-0.7034661140055478,177.62123771568844,366.29998779296875,0.378075,0.6715972633105276,False,False,False
train_000012,train,0.0,47,47,POL DC12,POL,POL,DC,12,12.0,,2000.0,60.0,-0.6617334658456246,0.115325659420285,-0.04279896152812449,55.920376099408685,732.6002807617188,0.0,0.959816331802765,False,False,False
train_000012,train,0.0,48,48,POL DC13,POL,POL,DC,13,13.0,,2000.0,60.0,0.04347314871193972,0.2196807071689683,0.08448352866397593,59.9506471971646,732.5999755859375,0.026858333333333335,0.9542662855523796,False,False,False
train_000012,train,0.0,49,49,POL DC14,POL,POL,DC,14,14.0,,2000.0,60.0,-0.5194242271978132,-0.39245455270282004,0.1514976814865648,177.3491838288616,366.29998779296875,0.6248416666666666,0.6679638996991641,False,False,False
train_000012,train,0.0,50,50,POL DC15,POL,POL,DC,15,15.0,,2000.0,60.0,-0.4415672622905984,-0.3014158975262574,-0.4272448426710196,165.9205733335767,366.29998779296875,0.0,0.7066642222018517,False,False,False
train_000012,train,0.0,51,51,POL DC16,POL,POL,DC,16,16.0,,2000.0,60.0,0.04284047172664163,-0.1622852339544113,-0.2838139750018921,52.98405449357825,732.5999755859375,0.020583333333333332,0.9636663638863657,False,False,False
train_000012,train,0.0,52,52,EEG T6-Ref,EEG,EEG ...-Ref,T,6,6.0,-Ref,2000.0,60.0,0.0857164805173665,0.5217209189596606,2.6209114189436273,154.78752821284223,916.5990905761719,0.0,0.01594179951499596,False,False,False
train_000012,train,0.0,53,53,EEG T7-Ref,EEG,EEG ...-Ref,T,7,7.0,-Ref,2000.0,60.0,-0.07892600852105151,0.26111506524439987,2.7359765922374555,105.65484451858714,903.1238098144531,0.0,0.016416803473362277,False,False,False
train_000012,train,0.0,54,54,EEG T8-Ref,EEG,EEG ...-Ref,T,8,8.0,-Ref,2000.0,60.0,0.9627698328209122,0.24857050362923436,2.3840326088674435,100.7487676712383,843.359130859375,0.0,0.015791798264985543,False,False,False
train_000012,train,0.0,55,55,EEG T9-Ref,EEG,EEG ...-Ref,T,9,9.0,-Ref,2000.0,60.0,0.41572862068040906,-0.003920241082266091,3.2658391906770827,81.07009572375193,588.8670196533203,0.0,0.01620013500112501,False,False,False
train_000012,train,0.0,56,56,EEG T10-Ref,EEG,EEG ...-Ref,T,10,10.0,-Ref,2000.0,60.0,0.3109151261949729,0.5011780912226542,2.1026779185694973,71.83692574623937,455.6639099121094,0.0,0.018400153334611122,False,False,False
train_000012,train,0.0,57,57,POL T11,POL,POL,T,11,11.0,,2000.0,60.0,0.558561951974763,0.607063235199505,2.110691038881652,46.42760922099367,310.3514099121094,0.0,0.01911682597354978,False,False,False
train_000012,train,0.0,58,58,POL T12,POL,POL,T,12,12.0,,2000.0,60.0,1.1933880585307244,0.8528342515912244,0.9747184820012276,35.53673601836315,256.9333038330078,0.0,0.017350144584538204,False,False,False
train_000012,train,0.0,59,59,POL J1,POL,POL,J,1,1.0,,2000.0,60.0,4.23921255789846,-0.08714883313761249,9.624962985135795,161.0730514764403,1087.9876708984375,0.0,0.016833473612280103,False,False,False
train_000012,train,0.0,60,60,POL J2,POL,POL,J,2,2.0,,2000.0,60.0,4.121426213715474,-0.21789319846272936,9.70699515402425,184.70913041199967,1154.2967834472656,0.0,0.016283469028908575,False,False,False
train_000012,train,0.0,61,61,POL J3,POL,POL,J,3,3.0,,2000.0,60.0,3.7390879683808205,-0.17314895447483367,9.691575356016585,209.37033633262834,1263.8648071289062,0.0,0.016166801390011584,False,False,False
train_000012,train,0.0,62,62,POL J4,POL,POL,J,4,4.0,,2000.0,60.0,4.00011538066427,-0.1777339264605176,9.68873464523018,240.6068386465307,1352.73291015625,0.0,0.016000133334444454,False,False,False
train_000012,train,0.0,63,63,POL J5,POL,POL,J,5,5.0,,2000.0,60.0,4.272637939480594,-0.37766078844817785,9.55226914902618,195.18003396383014,1050.5854187011719,0.0,0.016558471320594337,False,False,False
train_000012,train,0.0,64,64,POL J6,POL,POL,J,6,6.0,,2000.0,60.0,4.247292981269598,-0.4620825695637388,8.611486032004613,55.92293773247992,483.3980712890625,0.0,0.017466812223435196,False,False,False
train_000012,train,0.0,65,65,POL J7,POL,POL,J,7,7.0,,2000.0,60.0,3.538934105630142,-0.40873907144601956,6.163608839609762,52.18739960900954,374.2183532714844,0.0,0.01480012333436112,False,False,False
train_000012,train,0.0,66,66,POL K1,POL,POL,K,1,1.0,,2000.0,60.0,2.560783169004297,-0.052424762970863056,9.52540752855018,100.26031579000323,802.6363525390625,0.0,0.015383461528846074,False,False,False
train_000012,train,0.0,67,67,POL K2,POL,POL,K,2,2.0,,2000.0,60.0,3.107547971081988,0.032491016088572224,10.043092651456632,134.4899714992719,1165.2314453125,0.0,0.016275135626130217,False,False,False
train_000012,train,0.0,68,68,POL K3,POL,POL,K,3,3.0,,2000.0,60.0,0.01366628247260566,0.04978329609831504,9.758467972175367,177.76332662229507,1493.3572387695312,0.0,0.015925132709439245,False,False,False
train_000012,train,0.0,69,69,POL K4,POL,POL,K,4,4.0,,2000.0,60.0,2.9621511311852844,0.048481870239967244,9.794101149404371,210.3708368531365,1432.2212524414062,0.0,0.0159334661122176,False,False,False
train_000012,train,0.0,70,70,POL K5,POL,POL,K,5,5.0,,2000.0,60.0,4.711686035720115,-0.19376706136292668,9.643993903141254,213.3007022322286,1418.3561096191406,0.0,0.016566804723372696,False,False,False
train_000012,train,0.0,71,71,POL K6,POL,POL,K,6,6.0,,2000.0,60.0,4.013493909407561,-0.27038050880927844,9.508683587767276,174.39324403718393,1191.2068786621094,0.0,0.01635846965391378,False,False,False
train_000012,train,0.0,72,72,POL K7,POL,POL,K,7,7.0,,2000.0,60.0,4.084678936618357,0.003657014049399148,9.45859382964057,125.73464381228767,853.416748046875,0.0,0.017816815140126167,False,False,False
train_000012,train,0.0,73,73,POL K8,POL,POL,K,8,8.0,,2000.0,60.0,4.289115556553739,0.1476730822790102,9.443486370722336,75.87145196719331,492.7733154296875,0.0,0.0177918149317911,False,False,False
train_000012,train,0.0,74,74,POL L1,POL,POL,L,1,1.0,,2000.0,60.0,7.31832545854532,0.05291068873454623,13.74594436960991,86.8961707517977,804.5896606445312,0.0,0.01480012333436112,False,False,False
train_000012,train,0.0,75,75,POL L2,POL,POL,L,2,2.0,,2000.0,60.0,6.615511250890743,-0.134612494157859,13.562194971945994,134.21415550805972,1101.1714782714844,0.0,0.014125117709314244,False,False,False
train_000012,train,0.0,76,76,POL L3,POL,POL,L,3,3.0,,2000.0,60.0,6.641962054234117,0.1638406385555864,13.844684214360948,159.1461888817822,1319.0381774902344,0.0,0.01530012750106251,False,False,False
train_000012,train,0.0,77,77,POL L4,POL,POL,L,4,4.0,,2000.0,60.0,7.289417156911762,-0.11125194061910011,13.89530719560043,181.9278710985887,1310.7381591796875,0.0,0.015216793473278945,False,False,False
train_000012,train,0.0,78,78,POL L5,POL,POL,L,5,5.0,,2000.0,60.0,8.082377959359672,-0.404716108805758,14.681890966576685,191.98943350499798,1399.3140869140625,0.0,0.01437511979266494,False,False,False
train_000012,train,0.0,79,79,POL L6,POL,POL,L,6,6.0,,2000.0,60.0,7.580476438111267,-0.4332757062892581,13.369311199144345,172.45576586480303,1307.1278381347656,0.0,0.01577513145942883,False,False,False
train_000012,train,0.0,80,80,POL L7,POL,POL,L,7,7.0,,2000.0,60.0,24.903611024781256,2.4146678955872005,28.497489335931967,134.06919867903346,1039.5464172363281,0.0,0.005616713472612272,True,True,False
train_000012,train,0.0,81,81,POL L8,POL,POL,L,8,8.0,,2000.0,60.0,26.218346931209613,2.1748154339753842,28.85374450056405,122.79478224773877,875.3905944824219,0.0,0.005800048333736115,True,True,False
train_000012,train,0.0,82,82,EEG M1-Ref,EEG,EEG ...-Ref,M,1,1.0,-Ref,2000.0,60.0,24.11209259519536,2.0681398719193522,27.3268134377537,95.08932985048727,823.4374694824219,0.0,0.005941716180968175,True,True,False
train_000012,train,0.0,83,83,EEG M2-Ref,EEG,EEG ...-Ref,M,2,2.0,-Ref,2000.0,60.0,24.378876915618534,2.061513537558345,27.51091036592504,101.99948232823432,925.4876403808594,0.0,0.00600005000041667,True,True,False
train_000012,train,0.0,84,84,POL M3,POL,POL,M,3,3.0,,2000.0,60.0,24.212214208800233,1.941745116871392,27.530725769496097,111.58951617243422,1042.8703918457031,0.0,0.0059667163893032445,True,True,False
train_000012,train,0.0,85,85,POL M4,POL,POL,M,4,4.0,,2000.0,60.0,24.003217490667403,1.7428336327925666,27.58872599386528,124.71221930423705,1187.5971069335938,0.0,0.006058383819865166,True,True,False
train_000012,train,0.0,86,86,POL M5,POL,POL,M,5,5.0,,2000.0,60.0,23.712957433470304,1.778738587132123,27.606805991395635,138.42565874025425,1364.7453918457031,0.0,0.006041717014308452,True,True,False
train_000012,train,0.0,87,87,POL M6,POL,POL,M,6,6.0,,2000.0,60.0,23.71681798956719,1.7881464284729827,27.621748211482334,176.24302845415045,1746.7765502929688,0.0,0.006125051042092018,True,True,False
train_000012,train,0.0,88,88,POL M7,POL,POL,M,7,7.0,,2000.0,60.0,22.74512208990295,1.8552574882662785,27.636137194643013,216.23139629083218,2096.868408203125,0.0,0.0060250502087517395,True,True,False
train_000012,train,0.0,89,89,POL M8,POL,POL,M,8,8.0,,2000.0,60.0,23.12041438173239,1.9143044790638977,27.705751668028764,214.57167774546258,2126.0651245117188,0.0,0.005783381528179402,True,True,False
train_000012,train,0.0,90,90,POL M9,POL,POL,M,9,9.0,,2000.0,60.0,24.158631897601875,1.9575252194739288,27.688708700474336,100.83244176890062,884.765380859375,0.0,0.006075050625421879,True,True,False
train_000012,train,0.0,91,91,POL N1,POL,POL,N,1,1.0,,2000.0,60.0,24.126440488405304,1.6946353090829334,27.64808683834356,66.44824640099134,601.9529418945312,0.0,0.0061917182643188694,True,True,False
train_000012,train,0.0,92,92,POL N2,POL,POL,N,2,2.0,,2000.0,60.0,24.010400261313002,1.8199668584932693,27.71464530288157,64.95728080570579,580.1755981445312,0.0,0.006383386528221069,True,True,False
train_000012,train,0.0,93,93,POL N3,POL,POL,N,3,3.0,,2000.0,60.0,23.966195632127523,1.7680752253935261,27.73364966043724,63.32106077694213,551.4645538330078,0.0,0.0057500479170659756,True,True,False
train_000012,train,0.0,94,94,POL N4,POL,POL,N,4,4.0,,2000.0,60.0,24.160483250327353,1.7233298134999109,27.726681236822984,63.417351021745574,529.8826904296875,0.0,0.006316719305994216,True,True,False
train_000012,train,0.0,95,95,POL N5,POL,POL,N,5,5.0,,2000.0,60.0,24.25301444014273,1.875087274499795,27.754508563184626,66.0475409028406,541.015380859375,0.0,0.00600005000041667,True,True,False
train_000012,train,0.0,96,96,POL N6,POL,POL,N,6,6.0,,2000.0,60.0,24.291491061785724,1.8926689524240619,27.793960673434995,71.00729847705878,629.6872711181641,0.0,0.006033383611530096,True,True,False
train_000012,train,0.0,97,97,POL N7,POL,POL,N,7,7.0,,2000.0,60.0,24.297767214864443,1.922169514160229,27.82802371617968,72.25609405482048,662.3045806884766,0.0,0.005941716180968175,True,True,False
train_000012,train,0.0,98,98,POL N8,POL,POL,N,8,8.0,,2000.0,60.0,24.45592448587174,2.053225763041957,27.960809719201812,57.62393470524737,479.2967987060547,0.0,0.005733381111509263,True,True,False
train_000012,train,0.0,99,99,POL N9,POL,POL,N,9,9.0,,2000.0,60.0,25.759365525908944,2.4114127220713018,28.55331454880597,54.069337727969156,426.8553161621094,0.0,0.006450053750447921,True,True,False
train_000012,train,0.0,100,100,EEG P1-Ref,EEG,EEG ...-Ref,P,1,1.0,-Ref,2000.0,60.0,23.785841149430848,1.8493679378928785,27.40409638066321,75.90385364650938,705.85888671875,0.0,0.0060250502087517395,True,True,False
train_000012,train,0.0,101,101,EEG P2-Ref,EEG,EEG ...-Ref,P,2,2.0,-Ref,2000.0,60.0,24.06099274451006,1.7715586995919006,27.55581581038527,78.08625112182557,766.5022888183594,0.0,0.005950049583746531,True,True,False
train_000012,train,0.0,102,102,EEG P3-Ref,EEG,EEG ...-Ref,P,3,3.0,-Ref,2000.0,60.0,23.754326017738485,1.9004906442750564,27.585568456304664,81.69854481166296,885.3484497070312,0.0,0.006225051875432295,True,True,False
train_000012,train,0.0,103,103,EEG P4-Ref,EEG,EEG ...-Ref,P,4,4.0,-Ref,2000.0,60.0,23.64258443710461,1.9052694983863812,27.555883896428472,85.89107155213722,960.5447082519531,0.0,0.006358386319885999,True,True,False
train_000012,train,0.0,104,104,EEG P5-Ref,EEG,EEG ...-Ref,P,5,5.0,-Ref,2000.0,60.0,23.447575560291906,1.9523891779266578,27.552541698405612,95.79470151724028,1013.0853271484375,0.0,0.005841715347627897,True,True,False
train_000012,train,0.0,105,105,EEG P6-Ref,EEG,EEG ...-Ref,P,6,6.0,-Ref,2000.0,60.0,23.39608706920171,2.1499154741196853,27.631387232469585,119.21933635773732,1050.8780212402344,0.0,0.006283385694880791,True,True,False
train_000012,train,0.0,106,106,EEG P7-Ref,EEG,EEG ...-Ref,P,7,7.0,-Ref,2000.0,60.0,23.88588309082348,2.122428889993904,27.765191139868893,106.93424444132813,860.1559906005859,0.0,0.006133384444870374,True,True,False
train_000012,train,0.0,107,107,EEG P8-Ref,EEG,EEG ...-Ref,P,8,8.0,-Ref,2000.0,60.0,24.170441298439815,2.0612711014788254,27.796200311283876,65.73427214399483,554.8823852539062,0.0,0.0062417186809890085,True,True,False
train_000012,train,0.0,108,108,POL R1,POL,POL,R,1,1.0,,2000.0,60.0,23.772079128154054,2.0411856659928467,27.8388441745963,88.15681520998724,729.1013641357422,0.0,0.006083384028200235,True,True,False
train_000012,train,0.0,109,109,POL R2,POL,POL,R,2,2.0,,2000.0,60.0,23.89228626644921,1.8345216650169833,27.710925673091033,82.59071464443291,685.7418975830078,0.0,0.006108384236535304,True,True,False
train_000012,train,0.0,110,110,POL R3,POL,POL,R,3,3.0,,2000.0,60.0,23.21915506351327,2.0055980409676435,27.78747474508448,78.1907562879167,652.4413146972656,0.0,0.006016716805973383,True,True,False
train_000012,train,0.0,111,111,POL R4,POL,POL,R,4,4.0,,2000.0,60.0,21.92873928784625,2.0929086100458214,27.53170143039945,75.87303026276325,686.4253845214844,0.0,0.0057000475003958365,True,True,False
train_000012,train,0.0,112,112,POL R5,POL,POL,R,5,5.0,,2000.0,60.0,22.60250893449936,1.4404478191288808,27.777643782974337,80.9136919600276,687.2069091796875,0.0,0.005908382569854749,True,True,False
train_000012,train,0.0,113,113,POL R6,POL,POL,R,6,6.0,,2000.0,60.0,22.67147542705346,1.3344126946648842,27.705352914031,86.09797075731767,772.0700988769531,0.0,0.006033383611530096,True,True,False
train_000012,train,0.0,114,114,POL R7,POL,POL,R,7,7.0,,2000.0,60.0,23.683245533745847,1.9262781739459593,27.84451484149736,73.86029154272403,608.0073394775391,0.0,0.005958382986524888,True,True,False
train_000012,train,0.0,115,115,POL R8,POL,POL,R,8,8.0,,2000.0,60.0,23.93034165388752,2.1395219818641915,27.95163612138921,67.60019621877909,599.4135589599609,0.0,0.005625046875390628,True,True,False
train_000012,train,0.0,116,116,POL R9,POL,POL,R,9,9.0,,2000.0,60.0,23.29545194788292,2.194193118911696,27.78832024334594,69.18588070418392,613.0856323242188,0.0,0.0059667163893032445,True,True,False
train_000012,train,0.0,117,117,POL R10,POL,POL,R,10,10.0,,2000.0,60.0,22.42396488829716,1.818755334784981,27.46958448721585,74.47438456254115,684.0816955566406,0.0,0.005766714722622688,True,True,False
train_000012,train,0.0,118,118,POL R11,POL,POL,R,11,11.0,,2000.0,60.0,22.3296389555057,1.9178210189638025,27.74701134263062,75.30758133940473,685.156005859375,0.0,0.005733381111509263,True,True,False
train_000012,train,0.0,119,119,POL R12,POL,POL,R,12,12.0,,2000.0,60.0,23.00173831864051,1.931467741278806,27.845623690902638,74.34965878419608,757.5192260742188,0.0,0.005883382361519679,True,True,False
train_000012,train,0.0,120,120,POL R13,POL,POL,R,13,13.0,,2000.0,60.0,22.059736876498004,1.8757064192139046,27.800304355882762,78.2903419796739,874.1203460693359,0.0,0.005866715555962966,True,True,False
train_000012,train,0.0,121,121,POL R14,POL,POL,R,14,14.0,,2000.0,60.0,21.62999344351941,1.8637782284038562,27.947455571019397,82.92548144104208,959.3745727539062,0.0,0.006016716805973383,True,True,False
train_000012,train,0.0,122,122,POL R15,POL,POL,R,15,15.0,,2000.0,60.0,21.99464282344045,1.867123902222313,28.013748750384142,85.4880990514787,965.8176422119141,0.0,0.005691714097617481,True,True,False
train_000012,train,0.0,123,123,POL R16,POL,POL,R,16,16.0,,2000.0,60.0,22.035086197418376,1.812522312713393,27.93914538139752,94.74998367961855,991.2105407714844,0.0,0.00600005000041667,True,True,False
train_000012,train,0.0,124,124,POL AC1,POL,POL,AC,1,1.0,,2000.0,60.0,24.140636501160152,1.4815276635755397,27.724738163214152,86.80403940149039,711.9139709472656,0.0,0.006016716805973383,True,True,False
train_000012,train,0.0,125,125,POL AC2,POL,POL,AC,2,2.0,,2000.0,60.0,24.574613167315825,1.8211053683718605,27.764519981643186,79.16944748774829,652.0503845214844,0.0,0.005891715764298036,True,True,False
train_000012,train,0.0,126,126,POL AC3,POL,POL,AC,3,3.0,,2000.0,60.0,24.84224426965495,1.868959768429908,27.762681840068115,76.2313976366458,629.4917144775391,0.0,0.0057500479170659756,True,True,False
train_000012,train,0.0,127,127,POL AC4,POL,POL,AC,4,4.0,,2000.0,60.0,24.86514626404958,2.0149247498660805,27.732170249293908,74.61384561509358,624.9997711181641,0.0,0.005891715764298036,True,True,False
train_000012,train,0.0,128,128,POL AC5,POL,POL,AC,5,5.0,,2000.0,60.0,24.861031909439323,1.9249850312547592,27.82103862542819,73.66452655836167,623.6324157714844,0.0,0.005883382361519679,True,True,False
train_000012,train,0.0,129,129,POL AC6,POL,POL,AC,6,6.0,,2000.0,60.0,24.93447729187009,2.060185537539917,27.829850981467036,73.43015699127758,626.2693481445312,0.0,0.005883382361519679,True,True,False
train_000012,train,0.0,130,130,POL AC7,POL,POL,AC,7,7.0,,2000.0,60.0,24.831688276287473,1.9759236333881438,27.764651567541428,73.43627945048173,635.6443939208984,0.0,0.005766714722622688,True,True,False
train_000012,train,0.0,131,131,POL AC8,POL,POL,AC,8,8.0,,2000.0,60.0,24.618748081754724,2.0008212074142744,27.702737946731126,74.48581692206265,637.3041839599609,0.0,0.006016716805973383,True,True,False
train_000012,train,0.0,132,132,POL AC9,POL,POL,AC,9,9.0,,2000.0,60.0,24.786153000352527,2.030787765199753,27.73922311771789,77.66883441379841,662.5973510742188,0.0,0.005783381528179402,True,True,False
train_000012,train,0.0,133,133,POL AC10,POL,POL,AC,10,10.0,,2000.0,60.0,24.523430799862794,2.0635792955051886,27.649913283887134,77.25254108269307,685.8393707275391,0.0,0.005525046042050351,True,True,False
train_000012,train,0.0,134,134,POL AC11,POL,POL,AC,11,11.0,,2000.0,60.0,23.858668122372023,2.187072622147898,27.66629564181347,80.78613832400298,706.0544586181641,0.0,0.006100050833756948,True,True,False
train_000012,train,0.0,135,135,POL AC12,POL,POL,AC,12,12.0,,2000.0,60.0,22.84980077706193,1.941306555287798,27.563047906201597,81.74156802567033,662.7926940917969,0.0,0.00585838215318461,True,True,False
train_000012,train,0.0,136,136,POL AC13,POL,POL,AC,13,13.0,,2000.0,60.0,23.424804877159833,2.1953639822780255,27.765904922733228,78.86875875338632,669.433349609375,0.0,0.006233385278210652,True,True,False
train_000012,train,0.0,137,137,POL AC14,POL,POL,AC,14,14.0,,2000.0,60.0,23.556370142487935,1.9871022754727128,27.6607100505072,79.19950902424883,678.613037109375,0.0,0.005558379653163776,True,True,False
train_000012,train,0.0,138,138,POL AC15,POL,POL,AC,15,15.0,,2000.0,60.0,33.93653486862536,15.815001294950186,28.954316787131273,223.9794982449218,2715.7215576171875,0.0,0.002883357361311344,True,True,True
train_000012,train,0.0,139,139,POL AC16,POL,POL,AC,16,16.0,,2000.0,60.0,23.69637585640353,2.030496962778531,27.736307371811822,80.93933154448294,726.7563629150391,0.0,0.006116717639313661,True,True,False
train_000027,train,1.0,0,0,POL R1,POL,POL,R,1,1.0,,1999.9999999999998,60.00000000000001,-0.6024892844039048,-0.032433317591822566,0.7184203298042351,117.28525065777472,857.9093933105469,0.0,0.020791839931999432,False,False,False
train_000027,train,1.0,1,1,POL R2,POL,POL,R,2,2.0,,1999.9999999999998,60.00000000000001,-0.6687052573211645,0.041739632148551045,0.6599884326636576,112.7489942542781,854.6868591308594,0.0,0.01992516604305036,False,False,False
train_000027,train,1.0,2,2,POL R3,POL,POL,R,3,3.0,,1999.9999999999998,60.00000000000001,-0.665121982104479,0.08950874322564822,0.7824449406635031,121.29142178835158,1046.0933227539062,0.0,0.021433511945932883,False,False,False
train_000027,train,1.0,3,3,POL R4,POL,POL,R,4,4.0,,1999.9999999999998,60.00000000000001,-0.48064617382528874,-0.14812772836972976,0.7922233258989295,121.93311586570049,1180.1754760742188,0.0,0.019675163959699662,False,False,False
train_000027,train,1.0,4,4,POL R5,POL,POL,R,5,5.0,,1999.9999999999998,60.00000000000001,-0.35757676994382454,-0.17891998743572238,0.9383837707689828,145.29133970311594,1261.816162109375,0.0,0.018416820140167836,False,False,False
train_000027,train,1.0,5,5,POL R6,POL,POL,R,6,6.0,,1999.9999999999998,60.00000000000001,-0.33510253266162604,-0.1606915140052672,0.9082151779186659,186.52184054759383,1552.4407348632812,0.0,0.017416811806765055,False,False,False
train_000027,train,1.0,6,6,POL R7,POL,POL,R,7,7.0,,1999.9999999999998,60.00000000000001,-0.5151350124184025,-0.09002023393621301,0.9170987279322713,232.418468013162,1978.2220458984375,0.0,0.015683464028866907,False,False,False
train_000027,train,1.0,7,7,POL R8,POL,POL,R,8,8.0,,1999.9999999999998,60.00000000000001,2.6321009088712124,0.1627209258059561,1.0814469954941468,311.68892135805646,2289.6481323242188,0.0,0.013416778473153942,False,False,False
train_000027,train,1.0,8,8,POL R9,POL,POL,R,9,9.0,,1999.9999999999998,60.00000000000001,-0.937183337806905,-0.17067520898386734,1.0700922470176495,280.2915795168515,2269.335205078125,0.0,0.01482512354269619,False,False,False
train_000027,train,1.0,9,9,POL R10,POL,POL,R,10,10.0,,1999.9999999999998,60.00000000000001,-0.7838870686893409,-0.40485772506310463,0.9752537057608608,279.6038799899373,2233.1044921875,0.0,0.014516787639897,False,False,False
train_000027,train,1.0,10,10,POL R13,POL,POL,R,13,13.0,,1999.9999999999998,60.00000000000001,0.03974462818873421,-0.40653351704308727,1.2513674428972419,211.5074007241272,1765.7224731445312,0.0,0.016408470070583922,False,False,False
train_000027,train,1.0,11,11,POL R14,POL,POL,R,14,14.0,,1999.9999999999998,60.00000000000001,-0.2719299542145596,-0.46617307842194033,1.182306824052236,108.91847479938042,973.5343933105469,0.0,0.02475853965449712,False,False,False
train_000027,train,1.0,12,12,POL R15,POL,POL,R,15,15.0,,1999.9999999999998,60.00000000000001,-0.39916448853149666,-0.5386430788503596,0.9534758693315437,68.93998389351924,509.8631591796875,0.0,0.0300669172243102,False,False,False
train_000027,train,1.0,13,13,POL R16,POL,POL,R,16,16.0,,1999.9999999999998,60.00000000000001,-0.310216014122695,0.1954547592090372,-0.33631321978788714,67.27334555124237,983.1051025390625,0.0,0.027050225418545154,False,False,False
train_000027,train,1.0,14,14,POL PC1,POL,POL,PC,1,1.0,,1999.9999999999998,60.00000000000001,-0.5731024413086769,-0.27148441533547285,-0.5417099687947756,110.74449440387203,854.296142578125,0.0,0.01508345902882524,False,False,False
train_000027,train,1.0,15,15,POL PC2,POL,POL,PC,2,2.0,,1999.9999999999998,60.00000000000001,-0.3537496881306871,-0.1514194828892087,-0.5712688825543707,86.05892820089561,671.9722595214844,0.0,0.015975133126109386,False,False,False
train_000027,train,1.0,16,16,POL PC3,POL,POL,PC,3,3.0,,1999.9999999999998,60.00000000000001,0.1833267512509793,-0.3282367371497872,-0.7378795485409974,79.96993289805938,649.8043212890625,0.0,0.0168918074317286,False,False,False
train_000027,train,1.0,17,17,POL PC4,POL,POL,PC,4,4.0,,1999.9999999999998,60.00000000000001,0.3108771158849281,-0.49650703047199696,-0.5212373629246158,89.15603813448617,828.9061279296875,0.0,0.01657513812615105,False,False,False
train_000027,train,1.0,18,18,POL PC5,POL,POL,PC,5,5.0,,1999.9999999999998,60.00000000000001,0.09437915448662981,-0.2667004267225254,0.14450341372319256,91.99601051233586,790.0383605957031,0.0,0.0161251343761198,False,False,False
train_000027,train,1.0,19,19,POL PC6,POL,POL,PC,6,6.0,,1999.9999999999998,60.00000000000001,-0.20353245424257937,-0.03340462587472231,0.20443790406449333,103.02484773116292,988.573974609375,0.0,0.014541787848232068,False,False,False
train_000027,train,1.0,20,20,POL PC7,POL,POL,PC,7,7.0,,1999.9999999999998,60.00000000000001,-0.43248453668600056,-0.21532748689801898,-0.10723988593983996,77.45677966760431,867.1867065429688,0.0,0.016108467570563088,False,False,False
train_000027,train,1.0,21,21,POL R11,POL,POL,R,11,11.0,,1999.9999999999998,60.00000000000001,-1.076893059660463,-0.4416960929985531,1.1123899202319971,135.0035414004601,1146.9723510742188,0.0,0.017841815348461236,False,False,False
train_000027,train,1.0,22,22,POL R12,POL,POL,R,12,12.0,,1999.9999999999998,60.00000000000001,-0.12472043061213137,-0.20597473472041386,1.005239974971835,184.3428678568675,1564.4517822265625,0.0,0.015733464445537047,False,False,False
train_000027,train,1.0,23,23,POL PC8,POL,POL,PC,8,8.0,,1999.9999999999998,60.00000000000001,0.1395227765836201,0.49621845794842245,-0.38524740990676826,55.2117012474515,665.1361083984375,0.0,0.020816840140334504,False,False,False
train_000027,train,1.0,24,24,POL PC9,POL,POL,PC,9,9.0,,1999.9999999999998,60.00000000000001,-0.27925741456072267,-0.19862311604036037,-0.33865886202244677,47.192898423800976,406.0538024902344,0.0,0.05586713222610189,False,False,False
train_000027,train,1.0,25,25,EEG F1-Ref,EEG,EEG ...-Ref,F,1,1.0,-Ref,1999.9999999999998,60.00000000000001,0.5780493744778852,-0.31406911982356445,5.353092247977395,140.13171254654918,1187.987548828125,0.0,0.014725122709355911,False,False,False
train_000027,train,1.0,26,26,EEG F2-Ref,EEG,EEG ...-Ref,F,2,2.0,-Ref,1999.9999999999998,60.00000000000001,0.7256832122024546,-0.36962872680034187,5.570262384282789,139.46054947733157,1179.2964782714844,0.0,0.014058450487087393,False,False,False
train_000027,train,1.0,27,27,EEG F3-Ref,EEG,EEG ...-Ref,F,3,3.0,-Ref,1999.9999999999998,60.00000000000001,0.6992533994356759,-0.18878793206478095,5.714967678381187,130.4990887902948,1153.1241760253906,0.0,0.013075108959241327,False,False,False
train_000027,train,1.0,28,28,EEG F4-Ref,EEG,EEG ...-Ref,F,4,4.0,-Ref,1999.9999999999998,60.00000000000001,0.6675485117680875,0.14455044922675472,5.709456975391395,140.62926432833103,1182.2262573242188,0.0,0.013575113125942716,False,False,False
train_000027,train,1.0,29,29,EEG F5-Ref,EEG,EEG ...-Ref,F,5,5.0,-Ref,1999.9999999999998,60.00000000000001,0.8079831922661797,0.5153483551156485,5.631503139570455,195.74148698114914,1149.1208190917969,0.0,0.013300110834256952,False,False,False
train_000027,train,1.0,30,30,EEG F6-Ref,EEG,EEG ...-Ref,F,6,6.0,-Ref,1999.9999999999998,60.00000000000001,1.3211706918860044,0.8579918391513026,6.135261447147756,174.94656595055002,1736.7169799804688,0.0,0.015400128334402787,False,False,False
train_000027,train,1.0,31,31,EEG F7-Ref,EEG,EEG ...-Ref,F,7,7.0,-Ref,1999.9999999999998,60.00000000000001,1.6246419146729052,-0.7901235550696745,5.235287672686186,35.25988421688623,389.0618438720703,0.0,0.03305027541896183,False,False,False
train_000027,train,1.0,32,32,POL G1,POL,POL,G,1,1.0,,1999.9999999999998,60.00000000000001,0.4306965798458387,-0.44068242772704075,0.4272397762925412,96.94136852524167,991.6984252929688,0.0,0.01494179118159318,False,False,False
train_000027,train,1.0,33,33,POL G2,POL,POL,G,2,2.0,,1999.9999999999998,60.00000000000001,-0.028263299322312453,-0.7722326542780491,0.6329075938921012,98.34105246988304,1090.2335205078125,0.0,0.0141334511120926,False,False,False
train_000027,train,1.0,34,34,POL G3,POL,POL,G,3,3.0,,1999.9999999999998,60.00000000000001,0.02479340010170845,-0.4851086038868727,0.7637072018034954,103.20351448149512,1118.9444580078125,0.0,0.012158434653622114,False,False,False
train_000027,train,1.0,35,35,POL G4,POL,POL,G,4,4.0,,1999.9999999999998,60.00000000000001,0.22441613870358668,0.38924118946298275,1.0461386632266032,97.82662346697978,1146.8742980957031,0.0,0.014266785556546304,False,False,False
train_000027,train,1.0,36,36,POL DC01,POL,POL,DC,01,1.0,,1999.9999999999998,60.00000000000001,-0.44414575383484267,0.08915301817928616,-0.07906319585713167,150.82613451541013,366.3001377929759,0.0,0.7516145967883066,False,False,False
train_000027,train,1.0,37,37,POL DC02,POL,POL,DC,02,2.0,,1999.9999999999998,60.00000000000001,-0.10426861290877402,-1.2260170872051686,0.32118552252976595,40.77981741077882,732.5999755859375,0.010733333333333333,0.977674813956783,False,False,False
train_000027,train,1.0,38,38,POL DC03,POL,POL,DC,03,3.0,,1999.9999999999998,60.00000000000001,0.2477116806748295,0.13737644620634357,-0.005605740242503603,183.08575495494404,366.29998779296875,0.0,0.6499387494895791,False,False,False
train_000027,train,1.0,39,39,POL DC04,POL,POL,DC,04,4.0,,1999.9999999999998,60.00000000000001,-0.36359492198784565,-0.4946324615937408,0.730205184053037,164.6704063048314,732.5999755859375,0.2811,0.7087225726881058,False,False,False
train_000027,train,1.0,40,40,POL DC05,POL,POL,DC,05,5.0,,1999.9999999999998,60.00000000000001,0.504617703947988,0.170776333253416,0.29533492843388154,60.034952331608345,732.5999755859375,0.027058333333333334,0.953832948607905,False,False,False
train_000027,train,1.0,41,41,POL DC06,POL,POL,DC,06,6.0,,1999.9999999999998,60.00000000000001,-0.4564705620056517,0.25293219715638365,-0.7270343230193265,34.90885647780322,732.5999755859375,0.0040416666666666665,0.9837165309710915,False,False,False
train_000027,train,1.0,42,42,POL DC07,POL,POL,DC,07,7.0,,1999.9999999999998,60.00000000000001,0.20180686438303508,0.18569123964929987,-0.20627834375815968,43.04500438156733,732.6002807617188,0.0,0.9752164601371678,False,False,False
train_000027,train,1.0,43,43,POL DC08,POL,POL,DC,08,8.0,,1999.9999999999998,60.00000000000001,-0.003965647189441145,-0.2041835682796112,-0.2157566669384389,122.32736336576981,732.5999755859375,0.12785,0.8283319027658563,False,False,False
train_000027,train,1.0,44,44,POL DC09,POL,POL,DC,09,9.0,,1999.9999999999998,60.00000000000001,0.6183062384066798,0.2556197513507727,0.07530378230654658,35.3034237399733,732.5999755859375,0.0038,0.9826998558321319,False,False,False
train_000027,train,1.0,45,45,POL DC10,POL,POL,DC,10,10.0,,1999.9999999999998,60.00000000000001,-1.108982618943431,-0.49257597020561306,0.4377276724551387,43.87656006028273,732.5999755859375,0.013058333333333333,0.9741664513870949,False,False,False
train_000027,train,1.0,46,46,POL DC11,POL,POL,DC,11,11.0,,1999.9999999999998,60.00000000000001,-0.3001646439405148,-0.9472138740293817,-0.34455652691386884,175.9815596153725,366.29998779296875,0.6385166666666666,0.6784389869915582,False,False,False
train_000027,train,1.0,47,47,POL DC12,POL,POL,DC,12,12.0,,1999.9999999999998,60.00000000000001,-0.5746420651693254,1.0254394473523556,-0.5068365833144984,76.33598368417991,732.5999755859375,0.0452,0.9278993991616596,False,False,False
train_000027,train,1.0,48,48,POL DC13,POL,POL,DC,13,13.0,,1999.9999999999998,60.00000000000001,-0.17554295009704757,0.5682738913950472,-0.2265312967418237,95.24471971991174,732.5999755859375,0.07288333333333333,0.8921491012425103,False,False,False
train_000027,train,1.0,49,49,POL DC14,POL,POL,DC,14,14.0,,1999.9999999999998,60.00000000000001,0.931854078847892,-0.49501191352800145,-1.0068322745298315,145.22697710398774,366.3001377929759,0.0,0.7673230610255085,False,False,False
train_000027,train,1.0,50,50,POL DC15,POL,POL,DC,15,15.0,,1999.9999999999998,60.00000000000001,-0.050268297754444885,-0.2473779547299347,-0.16307009480283127,179.98280506679527,366.29998779296875,0.40741666666666665,0.6589721581013175,False,False,False
train_000027,train,1.0,51,51,POL DC16,POL,POL,DC,16,16.0,,1999.9999999999998,60.00000000000001,0.07100361955209342,0.37917918263506545,-0.024215866253906593,158.98266618935557,366.29998779296875,0.7482416666666667,0.7241810348419571,False,False,False
train_000027,train,1.0,52,52,POL G5,POL,POL,G,5,5.0,,1999.9999999999998,60.00000000000001,-0.7829462155791722,-0.030471945988999494,0.9407132420426194,93.88685084891779,1261.62060546875,0.0,0.015233460278835657,False,False,False
train_000027,train,1.0,53,53,POL G6,POL,POL,G,6,6.0,,1999.9999999999998,60.00000000000001,-0.3787389328001411,-0.09672725505125503,0.7682074173571407,49.054070954049116,591.6986694335938,0.0,0.02445853715447629,False,False,False
train_000027,train,1.0,54,54,POL G7,POL,POL,G,7,7.0,,1999.9999999999998,60.00000000000001,-0.7515607122341199,-0.0494337972513484,1.1939406986386722,33.49057115128293,432.90924072265625,0.0,0.043200360003000024,False,False,False
train_000027,train,1.0,55,55,POL H1,POL,POL,H,1,1.0,,1999.9999999999998,60.00000000000001,0.4674095942975867,0.12473867778823602,1.2545145548912604,91.03090358604904,720.6053771972656,0.0,0.013941782848190401,False,False,False
train_000027,train,1.0,56,56,POL H2,POL,POL,H,2,2.0,,1999.9999999999998,60.00000000000001,-0.2063144888997568,-0.04056903185745617,1.1876335642075821,96.73653142025077,829.8824157714844,0.0,0.021900182501520846,False,False,False
train_000027,train,1.0,57,57,POL H3,POL,POL,H,3,3.0,,1999.9999999999998,60.00000000000001,0.16930792407177625,-0.07771140092225465,1.5767559697454998,108.71113629566197,944.6282348632812,0.0,0.022416853473778947,False,False,False
train_000027,train,1.0,58,58,POL H4,POL,POL,H,4,4.0,,1999.9999999999998,60.00000000000001,1.0618551994970162,-0.21921425169776598,1.367568926353682,124.36875035890452,1124.6087646484375,0.0,0.021516845973716447,False,False,False
train_000027,train,1.0,59,59,POL H5,POL,POL,H,5,5.0,,1999.9999999999998,60.00000000000001,0.45726313090344534,-0.2898239353604095,1.3042148418077737,142.70388072176132,1289.8428039550781,0.0,0.021000175001458347,False,False,False
train_000027,train,1.0,60,60,POL H6,POL,POL,H,6,6.0,,1999.9999999999998,60.00000000000001,0.39053040030335834,-0.31810899684601684,1.1764144994635575,174.78225754237363,1512.0111389160156,0.0,0.020291835765298045,False,False,False
train_000027,train,1.0,61,61,POL H7,POL,POL,H,7,7.0,,1999.9999999999998,60.00000000000001,-0.08049894729093078,-0.2918693318587965,1.4101144385865956,237.89438801758757,1861.1315002441406,0.0,0.01875848965408045,False,False,False
train_000027,train,1.0,62,62,POL H8,POL,POL,H,8,8.0,,1999.9999999999998,60.00000000000001,-1.1621913611310795,0.20413241221085,1.65390387018697,316.30048518538206,2383.00732421875,0.0,0.01584179868165568,False,False,False
train_000027,train,1.0,63,63,POL H9,POL,POL,H,9,9.0,,1999.9999999999998,60.00000000000001,-0.20216089556314537,-0.06136705243034095,1.2473021579810126,192.05254944379226,1385.0581665039062,0.0,0.02073350611255094,False,False,False
train_000027,train,1.0,64,64,POL I1,POL,POL,I,1,1.0,,1999.9999999999998,60.00000000000001,-0.03545460626539553,0.059051038184882734,5.264436726797043,191.90997617892646,1630.1754760742188,0.0,0.017941816181801514,False,False,False
train_000027,train,1.0,65,65,POL I2,POL,POL,I,2,2.0,,1999.9999999999998,60.00000000000001,0.5857451256455258,0.14327619462025748,5.431371787689057,212.455217147217,1459.6672973632812,0.0,0.017666813890115752,False,False,False
train_000027,train,1.0,66,66,POL I3,POL,POL,I,3,3.0,,1999.9999999999998,60.00000000000001,0.4919893565657496,0.5015587422054256,5.8661525051382455,309.83265719646835,1822.5560302734375,0.0,0.014333452778773157,False,False,False
train_000027,train,1.0,67,67,POL I4,POL,POL,I,4,4.0,,1999.9999999999998,60.00000000000001,1.0302627572949477,2.8130530048550595,5.808619177345278,470.14330711261283,2750.8779296875,0.0,0.011700097500812507,False,False,False
train_000027,train,1.0,68,68,POL I5,POL,POL,I,5,5.0,,1999.9999999999998,60.00000000000001,0.8116297435050092,-0.1015829846115063,6.1229086971126625,518.5990020439509,3124.114013671875,0.0,0.011258427153559613,False,False,False
train_000027,train,1.0,69,69,POL I6,POL,POL,I,6,6.0,,1999.9999999999998,60.00000000000001,1.4023564575838863,0.3630764793999921,6.5939038275034365,416.39628600700456,2076.752197265625,0.0,0.013775114792623272,False,False,False
train_000027,train,1.0,70,70,POL T1,POL,POL,T,1,1.0,,1999.9999999999998,60.00000000000001,-0.15355049888092165,0.023077845550443246,-0.6579355945475405,103.01464523915712,812.7928771972656,0.0,0.017016808473403946,False,False,False
train_000027,train,1.0,71,71,POL T2,POL,POL,T,2,2.0,,1999.9999999999998,60.00000000000001,-0.4774433129360783,0.15499770352882625,-0.6523666850694232,111.09968694655508,946.8747253417969,0.0,0.017108475903965865,False,False,False
train_000027,train,1.0,72,72,EEG T3-Ref,EEG,EEG ...-Ref,T,3,3.0,-Ref,1999.9999999999998,60.00000000000001,-0.6063624207366762,0.02297171224309321,-0.6863098422841039,120.59719243882007,1132.2258605957031,0.0,0.018575154792956607,False,False,False
train_000027,train,1.0,73,73,EEG T4-Ref,EEG,EEG ...-Ref,T,4,4.0,-Ref,1999.9999999999998,60.00000000000001,-0.4925032616309871,-0.14280644841682774,-0.5197906045645052,147.69621491177304,1512.4993896484375,0.0,0.017533479445662047,False,False,False
train_000027,train,1.0,74,74,EEG T5-Ref,EEG,EEG ...-Ref,T,5,5.0,-Ref,1999.9999999999998,60.00000000000001,-0.6625889306563016,-0.015702444220874478,-0.5305399657795022,191.92743560352912,1946.7767333984375,0.0,0.016591804931707765,False,False,False
train_000027,train,1.0,75,75,EEG T6-Ref,EEG,EEG ...-Ref,T,6,6.0,-Ref,1999.9999999999998,60.00000000000001,-0.9175404833327432,-0.09892924195567193,-0.30757868290841917,229.3963648811183,2105.7609252929688,0.0,0.01650013750114584,False,False,False
train_000027,train,1.0,76,76,EEG T7-Ref,EEG,EEG ...-Ref,T,7,7.0,-Ref,1999.9999999999998,60.00000000000001,-0.9966104033048626,0.1240576133363877,-0.667787558016708,241.29178479631074,2236.80908203125,0.0,0.01517512645938716,False,False,False
train_000027,train,1.0,77,77,EEG T8-Ref,EEG,EEG ...-Ref,T,8,8.0,-Ref,1999.9999999999998,60.00000000000001,-0.8232154756820875,0.27348036602228093,-0.6392989232631974,250.50171805508649,2350.482666015625,0.0,0.014983458195484963,False,False,False
train_000027,train,1.0,78,78,EEG T9-Ref,EEG,EEG ...-Ref,T,9,9.0,-Ref,1999.9999999999998,60.00000000000001,-1.1192656465778386,0.4513269108188155,-0.4841984561398313,96.79896523586154,828.8079833984375,0.0,0.023441862015516797,False,False,False
train_000027,train,1.0,79,79,EEG T10-Ref,EEG,EEG ...-Ref,T,10,10.0,-Ref,1999.9999999999998,60.00000000000001,-0.008251180555228223,0.22636449493376634,0.18152567493672017,110.32685567382629,1612.3941650390625,0.0,0.015758464653872116,False,False,False
train_000027,train,1.0,80,80,POL B1,POL,POL,B,1,1.0,,1999.9999999999998,60.00000000000001,-0.0645600263090791,-0.28980374615307,1.932379083479396,1089.5067928525652,6265.132080078125,0.0,0.023150192918274318,False,False,False
train_000027,train,1.0,81,81,POL B2,POL,POL,B,2,2.0,,1999.9999999999998,60.00000000000001,0.6040251038490467,0.35250740792303503,2.41013602100242,1077.9823315762155,6341.01220703125,0.0,0.02231685264043867,False,False,False
train_000027,train,1.0,82,82,POL B3,POL,POL,B,3,3.0,,1999.9999999999998,60.00000000000001,1.157485343901568,0.4850642118502675,2.9237158193063366,295.48180589878746,3006.830078125,0.0,0.006125051042092018,False,False,False
train_000027,train,1.0,83,83,POL B4,POL,POL,B,4,4.0,,1999.9999999999998,60.00000000000001,2.736830843164655,0.9694351608492515,3.1044886632266606,340.4744975622512,2856.0489501953125,0.0,0.00740006166718056,False,False,False
train_000027,train,1.0,84,84,POL B5,POL,POL,B,5,5.0,,1999.9999999999998,60.00000000000001,2.8666547630820887,1.0056497927937582,2.9623133765600684,247.47280985449248,2083.58349609375,0.0,0.007325061042175352,False,False,False
train_000027,train,1.0,85,85,POL B6,POL,POL,B,6,6.0,,1999.9999999999998,60.00000000000001,3.663360339863474,0.44826374369198907,3.1655533040764587,220.41154148007567,1985.2483520507812,0.0,0.008091734097784149,False,False,False
train_000027,train,1.0,86,86,POL B7,POL,POL,B,7,7.0,,1999.9999999999998,60.00000000000001,3.859199594942691,0.3965610095261127,3.2611703450588454,222.53747627058897,1984.5647583007812,0.0,0.009041742014516787,False,False,False
train_000027,train,1.0,87,87,POL B8,POL,POL,B,8,8.0,,1999.9999999999998,60.00000000000001,4.044277725811401,0.577424251909392,3.1931397499997685,180.5327084374957,1490.136474609375,0.0,0.010066750556254635,False,False,False
train_000027,train,1.0,88,88,POL B9,POL,POL,B,9,9.0,,1999.9999999999998,60.00000000000001,3.90663452141508,0.36410808332420563,3.2337984002624225,182.56460720019345,1558.690673828125,0.0,0.010516754306285885,False,False,False
train_000027,train,1.0,89,89,POL B10,POL,POL,B,10,10.0,,1999.9999999999998,60.00000000000001,3.931079913542468,0.6737123124232279,3.18423729010028,264.0376052261501,2344.4317626953125,0.0,0.00955841298677489,False,False,False
train_000027,train,1.0,90,90,POL B11,POL,POL,B,11,11.0,,1999.9999999999998,60.00000000000001,4.304024079799371,0.5804528744534366,3.520528537288594,317.17037785349254,2811.126953125,0.0,0.009758414653455446,False,False,False
train_000027,train,1.0,91,91,POL B12,POL,POL,B,12,12.0,,1999.9999999999998,60.00000000000001,4.377067509486027,0.5348130948922903,3.4704819631080444,301.77000500452965,2630.2703857421875,0.0,0.009650080417336811,False,False,False
train_000027,train,1.0,92,92,POL B13,POL,POL,B,13,13.0,,1999.9999999999998,60.00000000000001,4.121077584217339,0.5219078870357634,2.9214091811105614,115.51327583668757,1035.7420654296875,0.0,0.010500087500729173,False,False,False
train_000027,train,1.0,93,93,EEG M1-Ref,EEG,EEG ...-Ref,M,1,1.0,-Ref,1999.9999999999998,60.00000000000001,6.058091617647968,0.3810025098224165,4.97184544456282,182.4796964558825,1520.4097900390625,0.0,0.01088342402853357,False,False,False
train_000027,train,1.0,94,94,EEG M2-Ref,EEG,EEG ...-Ref,M,2,2.0,-Ref,1999.9999999999998,60.00000000000001,5.764467527971409,0.37382548236678,5.100017815312359,219.71669544347228,1957.8070068359375,0.0,0.010216751806265053,False,False,False
train_000027,train,1.0,95,95,POL M3,POL,POL,M,3,3.0,,1999.9999999999998,60.00000000000001,5.439522806161041,0.4385976989739885,4.956296591337942,230.0750627723397,2160.7341918945312,0.0,0.010241752014600121,False,False,False
train_000027,train,1.0,96,96,POL M4,POL,POL,M,4,4.0,,1999.9999999999998,60.00000000000001,5.464241134481361,0.4954945910958153,4.836613198002162,139.4084125603251,1291.2107543945312,0.0,0.010591754931291095,False,False,False
train_000027,train,1.0,97,97,POL M5,POL,POL,M,5,5.0,,1999.9999999999998,60.00000000000001,6.519503900388097,0.29385785277102344,4.943203659514297,106.39472404301044,896.19091796875,0.0,0.012100100834173618,False,False,False
train_000027,train,1.0,98,98,POL M6,POL,POL,M,6,6.0,,1999.9999999999998,60.00000000000001,5.212870115413843,0.1541001360527961,3.1443116078045312,110.13158079478413,1046.2882690429688,0.0,0.011341761181343177,False,False,False
train_000027,train,1.0,99,99,POL N1,POL,POL,N,1,1.0,,1999.9999999999998,60.00000000000001,6.001945874756367,0.4389906571369132,4.810132528630194,192.62829943202885,1550.0968017578125,0.0,0.010708422570188085,False,False,False
train_000027,train,1.0,100,100,POL N2,POL,POL,N,2,2.0,,1999.9999999999998,60.00000000000001,5.583858115665208,0.07776761885200523,5.384343078407776,246.73840143726966,2128.898193359375,0.0,0.010250085417378478,False,False,False
train_000027,train,1.0,101,101,POL N3,POL,POL,N,3,3.0,,1999.9999999999998,60.00000000000001,6.887185375539271,0.14470691406129804,5.427146854515845,126.0816909417982,1168.163818359375,0.0,0.011183426528554405,False,False,False
train_000027,train,1.0,102,102,POL N4,POL,POL,N,4,4.0,,1999.9999999999998,60.00000000000001,8.467659798362458,0.11269437788116915,5.30068452105115,105.07239003284668,735.1558837890625,0.0,0.011541762848023733,False,False,False
train_000027,train,1.0,103,103,EEG O1-Ref,EEG,EEG ...-Ref,O,1,1.0,-Ref,1999.9999999999998,60.00000000000001,8.780322427628665,0.32533277005480454,9.713020925355398,246.91114324117996,1470.1105346679688,0.0,0.009500079167326394,False,False,False
train_000027,train,1.0,104,104,EEG O2-Ref,EEG,EEG ...-Ref,O,2,2.0,-Ref,1999.9999999999998,60.00000000000001,8.731353240070671,0.24511907829089224,9.647513411423809,334.93839719374665,1809.4721069335938,0.0,0.008683405695047459,False,False,False
train_000027,train,1.0,105,105,POL O3,POL,POL,O,3,3.0,,1999.9999999999998,60.00000000000001,8.577072032362532,-0.21593427162476359,9.76160616465989,368.8148058308893,2199.0208740234375,0.0,0.007908399236660306,False,False,False
train_000027,train,1.0,106,106,POL O4,POL,POL,O,4,4.0,,1999.9999999999998,60.00000000000001,10.29174369299134,0.07915960183916274,9.902854653925388,85.84300290396581,672.8511657714844,0.0,0.01188343236193635,True,False,False
train_000027,train,1.0,107,107,POL O5,POL,POL,O,5,5.0,,1999.9999999999998,60.00000000000001,11.762665068131815,0.45670530105406315,9.320350475905787,70.19954180896535,593.5536804199219,0.0,0.011991766598054983,True,False,False
train_000057,train,0.0,0,0,POL R1,POL,POL,R,1,1.0,,1999.9999999999998,60.00000000000001,0.8485567838076316,0.41445388019505863,7.190171927511672,78.06883299756734,608.3005065917969,0.0,0.029900249168743072,False,False,False
train_000057,train,0.0,1,1,POL R2,POL,POL,R,2,2.0,,1999.9999999999998,60.00000000000001,1.2919257030576041,0.04646148006231706,7.44355107449815,56.401606743260146,520.5075531005859,0.0,0.03021691847432062,False,False,False
train_000057,train,0.0,2,2,POL R3,POL,POL,R,3,3.0,,1999.9999999999998,60.00000000000001,0.6936780443212008,0.6478086126674345,8.108212700291745,52.40378819081289,521.4840850830078,0.0,0.034758622988524904,False,False,False
train_000057,train,0.0,3,3,POL R4,POL,POL,R,4,4.0,,1999.9999999999998,60.00000000000001,1.842436509805282,0.2503959413860267,8.402023123242623,40.70675532893171,386.42555236816406,0.0,0.031225260210501753,False,False,False
train_000057,train,0.0,4,4,POL R5,POL,POL,R,5,5.0,,1999.9999999999998,60.00000000000001,1.7015619652166953,0.08024848132484842,8.348821008978554,40.561671452624104,365.62493896484375,0.0,0.030800256668805575,False,False,False
train_000057,train,0.0,5,5,POL R6,POL,POL,R,6,6.0,,1999.9999999999998,60.00000000000001,1.1394575979149633,0.058433003526131906,7.489171077267769,44.418018631415826,355.76153564453125,0.0,0.02924191034925291,False,False,False
train_000057,train,0.0,6,6,POL R7,POL,POL,R,7,7.0,,1999.9999999999998,60.00000000000001,1.4472139023394404,-0.10311747743454769,7.6318759755217105,50.52978996914756,386.5233459472656,0.0,0.027508562571354762,False,False,False
train_000057,train,0.0,7,7,POL R8,POL,POL,R,8,8.0,,1999.9999999999998,60.00000000000001,12.658771892356985,0.4768739419690786,7.481137973841307,57.21218068876921,590.0390014648438,0.0,0.018625155209626747,True,False,False
train_000057,train,0.0,8,8,POL R9,POL,POL,R,9,9.0,,1999.9999999999998,60.00000000000001,2.3613804823549973,0.11573366540056643,8.311013184142823,63.0504555750444,461.81622314453125,0.0,0.02808356736306136,False,False,False
train_000057,train,0.0,9,9,POL R10,POL,POL,R,10,10.0,,1999.9999999999998,60.00000000000001,1.8995149450723137,-0.013664541486023987,8.044047226045768,67.70966814357061,503.7105712890625,0.0,0.02772523104359203,False,False,False
train_000057,train,0.0,10,10,POL R13,POL,POL,R,13,13.0,,1999.9999999999998,60.00000000000001,1.602843785072794,0.9864643539097582,8.965464654351734,79.55457812026873,571.6794738769531,0.0,0.03029191909932583,False,False,False
train_000057,train,0.0,11,11,POL R14,POL,POL,R,14,14.0,,1999.9999999999998,60.00000000000001,3.2742682609797837,1.2001354485995377,9.928355496174282,49.65571980756028,364.5506896972656,0.0,0.03946699555829632,False,False,False
train_000057,train,0.0,12,12,POL R15,POL,POL,R,15,15.0,,1999.9999999999998,60.00000000000001,4.126852754157264,1.0291728985503497,12.492301621929782,28.47881913486289,206.05435180664062,0.0,0.04770873090609088,False,False,False
train_000057,train,0.0,13,13,POL R16,POL,POL,R,16,16.0,,1999.9999999999998,60.00000000000001,3.40497072468673,-2.519370792913749,3.299810480783682,25.230588686230185,275.19476318359375,0.0,0.04010866757222977,False,False,False
train_000057,train,0.0,14,14,POL PC1,POL,POL,PC,1,1.0,,1999.9999999999998,60.00000000000001,4.1061748318415745,-0.913519885726015,1.283057323448475,41.19363359127069,329.49200439453125,0.0,0.023183526529387745,False,False,False
train_000057,train,0.0,15,15,POL PC2,POL,POL,PC,2,2.0,,1999.9999999999998,60.00000000000001,1.5147397838506445,-0.4075742364200111,1.131561893223124,42.219657113508106,352.2460021972656,0.0,0.023533529446078717,False,False,False
train_000057,train,0.0,16,16,POL PC3,POL,POL,PC,3,3.0,,1999.9999999999998,60.00000000000001,2.4220063964100786,-0.4017618085404161,1.6014286167423617,46.197912965814474,418.4569549560547,0.0,0.02288352402936691,False,False,False
train_000057,train,0.0,17,17,POL PC4,POL,POL,PC,4,4.0,,1999.9999999999998,60.00000000000001,3.08519422996637,-0.04092709440309185,1.2830283520892398,54.068679645697294,541.0153961181641,0.0,0.020483504029200243,False,False,False
train_000057,train,0.0,18,18,POL PC5,POL,POL,PC,5,5.0,,1999.9999999999998,60.00000000000001,2.0662078014493814,-0.49111695231052266,5.940934904293006,62.361424596808085,660.7415313720703,0.0,0.01928349402911691,False,False,False
train_000057,train,0.0,19,19,POL PC6,POL,POL,PC,6,6.0,,1999.9999999999998,60.00000000000001,1.846601485722721,-1.0375799506613956,4.733817446151852,73.53270089987814,844.4332275390625,0.0,0.01695014125117709,False,False,False
train_000057,train,0.0,20,20,POL PC7,POL,POL,PC,7,7.0,,1999.9999999999998,60.00000000000001,3.0759621959311296,-0.9565795003840236,2.154378845798523,69.11976270779162,907.0311889648438,0.0,0.01845015375128126,False,False,False
train_000057,train,0.0,21,21,POL R11,POL,POL,R,11,11.0,,1999.9999999999998,60.00000000000001,0.691012855748055,1.0005433236666939,7.698067423354074,79.48980178815218,736.4255981445312,0.0,0.027141892849107077,False,False,False
train_000057,train,0.0,22,22,POL R12,POL,POL,R,12,12.0,,1999.9999999999998,60.00000000000001,1.8297127368466404,1.2110472389577487,7.336093980485026,74.79400164854225,529.7848815917969,0.0,0.027741897849148742,False,False,False
train_000057,train,0.0,23,23,POL PC8,POL,POL,PC,8,8.0,,1999.9999999999998,60.00000000000001,1.8437390813666332,0.4466839762216841,0.6494063290733898,49.932627772129955,647.2654876708984,0.0,0.023941866182218184,False,False,False
train_000057,train,0.0,24,24,POL PC9,POL,POL,PC,9,9.0,,1999.9999999999998,60.00000000000001,1.7334683979667806,-0.008344246471392511,2.1694216222169995,6.871818765777391,92.48044967651367,0.0,0.06997558312985941,False,False,False
train_000057,train,0.0,25,25,EEG F1-Ref,EEG,EEG ...-Ref,F,1,1.0,-Ref,1999.9999999999998,60.00000000000001,0.580283182239926,-0.4489597471470145,14.639237733048294,55.35778450041337,486.4255676269531,0.0,0.02236685305710881,False,False,False
train_000057,train,0.0,26,26,EEG F2-Ref,EEG,EEG ...-Ref,F,2,2.0,-Ref,1999.9999999999998,60.00000000000001,0.010439252231404508,-0.32429710895289005,15.02265897631543,63.99479001985651,564.2577667236328,0.0,0.021208510070917258,False,False,False
train_000057,train,0.0,27,27,EEG F3-Ref,EEG,EEG ...-Ref,F,3,3.0,-Ref,1999.9999999999998,60.00000000000001,0.34312621151916106,0.47264476021913887,14.621001970381505,70.62624423276338,576.5624389648438,0.0,0.019216826806890058,False,False,False
train_000057,train,0.0,28,28,EEG F4-Ref,EEG,EEG ...-Ref,F,4,4.0,-Ref,1999.9999999999998,60.00000000000001,0.47055206335540567,-0.08367746663326929,14.78539656078369,71.55687536379618,608.2028503417969,0.0,0.01873348944574538,False,False,False
train_000057,train,0.0,29,29,EEG F5-Ref,EEG,EEG ...-Ref,F,5,5.0,-Ref,1999.9999999999998,60.00000000000001,0.11536045722727689,0.284821453524315,15.13673852515921,66.04818629704266,613.18359375,0.0,0.018750156251302094,False,False,False
train_000057,train,0.0,30,30,EEG F6-Ref,EEG,EEG ...-Ref,F,6,6.0,-Ref,1999.9999999999998,60.00000000000001,0.3231963463725157,0.7354094932795721,15.550800077458435,64.65563043583738,535.3514709472656,0.0,0.023300194168284737,False,False,False
train_000057,train,0.0,31,31,EEG F7-Ref,EEG,EEG ...-Ref,F,7,7.0,-Ref,1999.9999999999998,60.00000000000001,3.617638341989045,0.7895848581970917,17.713833105169037,14.444015266792702,163.7690887451172,0.0,0.040683672363936364,False,False,False
train_000057,train,0.0,32,32,POL G1,POL,POL,G,1,1.0,,1999.9999999999998,60.00000000000001,4.808127411364238,-0.5902843097394888,2.288378079168482,53.60451736751004,495.21446228027344,0.0,0.021883515695964133,False,False,False
train_000057,train,0.0,33,33,POL G2,POL,POL,G,2,2.0,,1999.9999999999998,60.00000000000001,1.312491147797271,-0.3119234422122571,1.1961471546490463,55.92570337446964,538.9646148681641,0.0,0.020025166876390638,False,False,False
train_000057,train,0.0,34,34,POL G3,POL,POL,G,3,3.0,,1999.9999999999998,60.00000000000001,1.2002150100028193,-0.2922712721418019,1.0280003017260122,65.25393631275777,628.1246948242188,0.0,0.01690847423728531,False,False,False
train_000057,train,0.0,35,35,POL G4,POL,POL,G,4,4.0,,1999.9999999999998,60.00000000000001,1.2581075048253543,0.13672028112009751,1.109669732416673,55.904816841838944,620.0191955566406,0.0,0.01838348652905441,False,False,False
train_000057,train,0.0,36,36,POL DC01,POL,POL,DC,01,1.0,,1999.9999999999998,60.00000000000001,0.7354944352565636,-0.6079166632979243,0.5724906352228045,183.14999081854694,366.29998779296875,0.5000916666666667,0.6486970724756039,False,False,False
train_000057,train,0.0,37,37,POL DC02,POL,POL,DC,02,2.0,,1999.9999999999998,60.00000000000001,0.1480007300669712,-0.39118584847521853,0.11470644900936308,46.92689652418089,732.5999755859375,0.01575,0.9708330902757523,False,False,False
train_000057,train,0.0,38,38,POL DC03,POL,POL,DC,03,3.0,,1999.9999999999998,60.00000000000001,-0.2833625705191728,0.10631868864719755,0.1853367031448401,182.99106773572748,366.29998779296875,0.0,0.6496637471978933,False,False,False
train_000057,train,0.0,39,39,POL DC04,POL,POL,DC,04,4.0,,1999.9999999999998,60.00000000000001,0.5904037197797395,0.0886131688095228,-0.045884762272626375,173.00075378864503,366.29998779296875,0.33586666666666665,0.6841807015058459,False,False,False
train_000057,train,0.0,40,40,POL DC05,POL,POL,DC,05,5.0,,1999.9999999999998,60.00000000000001,-0.1378667058824724,-0.6506636067072207,-1.1266846360264233,66.46656852674715,732.5999755859375,0.033591666666666666,0.9440495337461146,False,False,False
train_000057,train,0.0,41,41,POL DC06,POL,POL,DC,06,6.0,,1999.9999999999998,60.00000000000001,0.3791745409253521,-0.03342710538961739,0.021951991582663782,43.09380923571558,732.5999755859375,0.0011916666666666666,0.9748497904149201,False,False,False
train_000057,train,0.0,42,42,POL DC07,POL,POL,DC,07,7.0,,1999.9999999999998,60.00000000000001,-1.3815041026122454,0.6295189349999688,0.20516852572519642,52.17079347739098,732.6002807617188,0.0,0.9646330386086551,False,False,False
train_000057,train,0.0,43,43,POL DC08,POL,POL,DC,08,8.0,,1999.9999999999998,60.00000000000001,0.28390558726210996,0.5457647608642056,0.22013349195277787,117.20610808102089,732.5999755859375,0.11575,0.8428486904057534,False,False,False
train_000057,train,0.0,44,44,POL DC09,POL,POL,DC,09,9.0,,1999.9999999999998,60.00000000000001,-0.02486948996373456,-0.12558678446041044,0.15434298865824095,56.829651631923156,732.5999755859375,0.024091666666666667,0.9583329861082176,False,False,False
train_000057,train,0.0,45,45,POL DC10,POL,POL,DC,10,10.0,,1999.9999999999998,60.00000000000001,0.5301506624988039,-0.7925118627565928,-0.10437895037090493,34.797531532512046,732.5999755859375,0.004866666666666667,0.9830831923599364,False,False,False
train_000057,train,0.0,46,46,POL DC11,POL,POL,DC,11,11.0,,1999.9999999999998,60.00000000000001,-0.08548333037270249,-0.3746501197384534,0.23501896529403665,176.43317382991683,366.29998779296875,0.36583333333333334,0.6746306219218493,False,False,False
train_000057,train,0.0,47,47,POL DC12,POL,POL,DC,12,12.0,,1999.9999999999998,60.00000000000001,-0.3192245832287021,-0.6957919650606565,-0.10394604310804517,68.20034493280791,732.5999755859375,0.03551666666666667,0.9417161809681748,False,False,False
train_000057,train,0.0,48,48,POL DC13,POL,POL,DC,13,13.0,,1999.9999999999998,60.00000000000001,0.2819204685661884,-0.1705396728341617,0.952769779615763,168.72984433175347,366.29998779296875,0.3055333333333333,0.6967891399094992,False,False,False
train_000057,train,0.0,49,49,POL DC14,POL,POL,DC,14,14.0,,1999.9999999999998,60.00000000000001,0.9279357334929825,-0.2922827696797558,0.7075825568501428,175.04824344343956,366.29998779296875,0.6470666666666667,0.677755647963733,False,False,False
train_000057,train,0.0,50,50,POL DC15,POL,POL,DC,15,15.0,,1999.9999999999998,60.00000000000001,-0.7542757012583379,-0.7104465456831812,0.940273093418015,172.2708913715807,366.29998779296875,0.6697583333333333,0.6849473745614547,False,False,False
train_000057,train,0.0,51,51,POL DC16,POL,POL,DC,16,16.0,,1999.9999999999998,60.00000000000001,0.49988917289273566,-1.0421345304610292,-0.2738290188711042,160.68375296552546,732.6002807617188,0.0,0.7237393644947041,False,False,False
train_000057,train,0.0,52,52,POL G5,POL,POL,G,5,5.0,,1999.9999999999998,60.00000000000001,-0.03819466180627515,-0.2043216836378114,2.4750780180312555,58.353900232385186,537.9880523681641,0.0,0.019108492570771424,False,False,False
train_000057,train,0.0,53,53,POL G6,POL,POL,G,6,6.0,,1999.9999999999998,60.00000000000001,0.6366035622093749,0.14838360997165295,3.1416775828723758,35.35603234247712,290.03904724121094,0.0,0.03024191868265569,False,False,False
train_000057,train,0.0,54,54,POL G7,POL,POL,G,7,7.0,,1999.9999999999998,60.00000000000001,7.767218475456376,-0.001697107624851174,1.660130015053589,17.27441009532275,157.22630310058594,0.0,0.05720881007341728,False,False,False
train_000057,train,0.0,55,55,POL H1,POL,POL,H,1,1.0,,1999.9999999999998,60.00000000000001,8.863149146793717,0.4692455416805972,12.523403048600663,45.845098989251426,401.1716003417969,0.0,0.022866857223810197,False,False,False
train_000057,train,0.0,56,56,POL H2,POL,POL,H,2,2.0,,1999.9999999999998,60.00000000000001,6.994780415145625,-0.10578730944622979,12.41124535168617,46.984386969101976,462.1090393066406,0.0,0.031141926182718188,False,False,False
train_000057,train,0.0,57,57,POL H3,POL,POL,H,3,3.0,,1999.9999999999998,60.00000000000001,2.6213222688341418,0.1109627340816407,13.894763018177795,54.46691153941278,552.0506286621094,0.0,0.032100267502229184,False,False,False
train_000057,train,0.0,58,58,POL H4,POL,POL,H,4,4.0,,1999.9999999999998,60.00000000000001,7.658556364850034,0.04471702517819836,13.64027133241404,63.184022906877516,678.124267578125,0.0,0.030791923266027216,False,False,False
train_000057,train,0.0,59,59,POL H5,POL,POL,H,5,5.0,,1999.9999999999998,60.00000000000001,6.658091412715627,-0.6841008336248384,13.432851570600302,71.87497354192676,816.7965087890625,0.0,0.02924191034925291,False,False,False
train_000057,train,0.0,60,60,POL H6,POL,POL,H,6,6.0,,1999.9999999999998,60.00000000000001,7.633386676350845,-0.8462631758938167,13.736288748937554,86.65548341147338,995.8007507324219,0.0,0.029775248127067725,False,False,False
train_000057,train,0.0,61,61,POL H7,POL,POL,H,7,7.0,,1999.9999999999998,60.00000000000001,5.980354587395791,-1.0550249303437482,13.753863075791593,117.00172133793119,1284.2773132324219,0.0,0.02635021958516321,False,False,False
train_000057,train,0.0,62,62,POL H8,POL,POL,H,8,8.0,,1999.9999999999998,60.00000000000001,2.670545960302437,-1.0732033509497803,12.867334748403668,166.68580714279378,1732.1285400390625,0.0,0.023875198959991333,False,False,False
train_000057,train,0.0,63,63,POL H9,POL,POL,H,9,9.0,,1999.9999999999998,60.00000000000001,6.54515759119381,-0.7812794215174259,13.060138019350564,106.22795048217398,1070.2142028808594,0.0,0.031150259585496547,False,False,False
train_000057,train,0.0,64,64,POL I1,POL,POL,I,1,1.0,,1999.9999999999998,60.00000000000001,0.819211943038547,0.050755507840455634,18.418319502714816,113.10951965036682,1152.7334594726562,0.0,0.02550021250177085,False,False,False
train_000057,train,0.0,65,65,POL I2,POL,POL,I,2,2.0,,1999.9999999999998,60.00000000000001,-0.09207292578431973,-0.6631457502761975,18.206407890404545,135.11092374427025,1237.3037109375,0.0,0.024850207085059042,False,False,False
train_000057,train,0.0,66,66,POL I3,POL,POL,I,3,3.0,,1999.9999999999998,60.00000000000001,0.5154088143135548,-0.40510735738699244,17.730966971492656,221.56161038419273,1814.84326171875,0.0,0.020575171459762166,False,False,False
train_000057,train,0.0,67,67,POL I4,POL,POL,I,4,4.0,,1999.9999999999998,60.00000000000001,0.5905464486301394,-0.5879475776138592,17.59743985513209,336.93877855463444,2610.930908203125,0.0,0.01902515854298786,False,False,False
train_000057,train,0.0,68,68,POL I5,POL,POL,I,5,5.0,,1999.9999999999998,60.00000000000001,1.79111108183723,-0.29833531852663453,17.823700186290818,366.981158150286,2810.7398681640625,0.0,0.017391811598429986,False,False,False
train_000057,train,0.0,69,69,POL I6,POL,POL,I,6,6.0,,1999.9999999999998,60.00000000000001,0.5544788317758389,-0.051420269701698905,18.14189450926805,285.62016167097056,1969.5302734375,0.0,0.02148351236260302,False,False,False
train_000057,train,0.0,70,70,POL T1,POL,POL,T,1,1.0,,1999.9999999999998,60.00000000000001,5.301047754377487,-0.6612944156222995,7.158064200251358,53.875527536835165,428.71070861816406,0.0,0.026958557987983234,False,False,False
train_000057,train,0.0,71,71,POL T2,POL,POL,T,2,2.0,,1999.9999999999998,60.00000000000001,4.046098074010888,-0.8189086279365156,7.81049230439204,56.99780725527686,459.3746032714844,0.0,0.025958549654580453,False,False,False
train_000057,train,0.0,72,72,EEG T3-Ref,EEG,EEG ...-Ref,T,3,3.0,-Ref,1999.9999999999998,60.00000000000001,6.4803174984529015,-0.19761051306933158,7.131404776751066,64.02608434267249,570.2145080566406,0.0,0.027333561113009275,False,False,False
train_000057,train,0.0,73,73,EEG T4-Ref,EEG,EEG ...-Ref,T,4,4.0,-Ref,1999.9999999999998,60.00000000000001,4.564602119091067,-0.7125966467109518,7.236408730179842,79.93959791513032,820.9958801269531,0.0,0.024316869307244228,False,False,False
train_000057,train,0.0,74,74,EEG T5-Ref,EEG,EEG ...-Ref,T,5,5.0,-Ref,1999.9999999999998,60.00000000000001,4.732806838119928,-0.6078640248799214,7.9866909598602795,93.70807820061925,844.3354187011719,0.0,0.025241877015641796,False,False,False
train_000057,train,0.0,75,75,EEG T6-Ref,EEG,EEG ...-Ref,T,6,6.0,-Ref,1999.9999999999998,60.00000000000001,6.332341634272991,0.4975943556354367,8.444770351858237,111.9851153611469,917.6757507324219,0.0,0.02504187534896124,False,False,False
train_000057,train,0.0,76,76,EEG T7-Ref,EEG,EEG ...-Ref,T,7,7.0,-Ref,1999.9999999999998,60.00000000000001,4.835491137601866,0.6401314586412004,8.066936861110083,128.42495153114737,1108.7868347167969,0.0,0.02250852090434087,False,False,False
train_000057,train,0.0,77,77,EEG T8-Ref,EEG,EEG ...-Ref,T,8,8.0,-Ref,1999.9999999999998,60.00000000000001,3.7173288504926036,-0.35081457328775645,6.786757650013378,156.58480303909084,1294.3341369628906,0.0,0.021166843057025476,False,False,False
train_000057,train,0.0,78,78,EEG T9-Ref,EEG,EEG ...-Ref,T,9,9.0,-Ref,1999.9999999999998,60.00000000000001,7.258013215864213,-0.4501737058775105,9.533326682581452,79.39319094295064,657.7146301269531,0.0,0.036250302085850714,False,False,False
train_000057,train,0.0,79,79,EEG T10-Ref,EEG,EEG ...-Ref,T,10,10.0,-Ref,1999.9999999999998,60.00000000000001,7.590205079296178,1.1831617146969944,3.660629391951425,74.61374063051043,704.2966918945312,0.0,0.02606688389069909,False,False,False
train_000057,train,0.0,80,80,POL B1,POL,POL,B,1,1.0,,1999.9999999999998,60.00000000000001,6.132558608385619,0.3129115357418324,18.698567425557016,160.8660979259888,3526.9481201171875,0.0,0.013050108750906257,False,False,False
train_000057,train,0.0,81,81,POL B2,POL,POL,B,2,2.0,,1999.9999999999998,60.00000000000001,6.420337567593188,0.497906536517959,18.97863075963745,150.42507528245147,3010.1553344726562,0.0,0.013291777431478595,False,False,False
train_000057,train,0.0,82,82,POL B3,POL,POL,B,3,3.0,,1999.9999999999998,60.00000000000001,14.032223895502467,0.18268343530256076,19.642403458916167,155.13585277572884,1224.7041931152344,0.0,0.014141784514870958,True,False,False
train_000057,train,0.0,83,83,POL B4,POL,POL,B,4,4.0,,1999.9999999999998,60.00000000000001,16.183013663636913,0.43586210300805,19.535178843614485,140.33448997899967,1377.5360717773438,0.0,0.013475112292602438,True,False,False
train_000057,train,0.0,84,84,POL B5,POL,POL,B,5,5.0,,1999.9999999999998,60.00000000000001,17.16597355146557,0.4698519718759818,19.641032392010295,142.03215651611862,1386.322998046875,0.0,0.013716780973174776,True,False,False
train_000057,train,0.0,85,85,POL B6,POL,POL,B,6,6.0,,1999.9999999999998,60.00000000000001,19.10590736380123,0.7101873201437048,19.856550475510414,157.5159745749981,1431.8319702148438,0.0,0.013600113334277786,True,False,False
train_000057,train,0.0,86,86,POL B7,POL,POL,B,7,7.0,,1999.9999999999998,60.00000000000001,19.587548325110838,0.5111094166752949,20.231351943964015,177.99399894125665,1489.7405395507812,0.0,0.014066783889865748,True,False,False
train_000057,train,0.0,87,87,POL B8,POL,POL,B,8,8.0,,1999.9999999999998,60.00000000000001,16.95227102114491,-0.1858253942143157,19.919989797988723,147.78231072064472,1196.5806274414062,0.0,0.01418345152876274,True,False,False
train_000057,train,0.0,88,88,POL B9,POL,POL,B,9,9.0,,1999.9999999999998,60.00000000000001,14.819781755515253,-0.06478708008307578,19.426118745115875,149.2790212248111,1200.7811279296875,0.0,0.013416778473153942,True,False,False
train_000057,train,0.0,89,89,POL B10,POL,POL,B,10,10.0,,1999.9999999999998,60.00000000000001,15.136957898197512,-0.12509505467686488,19.646287294614446,200.32067102772075,1583.8810119628906,0.0,0.013275110625921883,True,False,False
train_000057,train,0.0,90,90,POL B11,POL,POL,B,11,11.0,,1999.9999999999998,60.00000000000001,15.967211397638689,-0.18903212011004752,20.380280273989154,236.82820337032115,1933.0990600585938,0.0,0.01278343986199885,True,False,False
train_000057,train,0.0,91,91,POL B12,POL,POL,B,12,12.0,,1999.9999999999998,60.00000000000001,16.72216259964573,-0.7382157286270854,20.513416239609658,212.7059390628867,1687.3986206054688,0.0,0.01378344819540163,True,False,False
train_000057,train,0.0,92,92,POL B13,POL,POL,B,13,13.0,,1999.9999999999998,60.00000000000001,18.498965852192914,-0.7918392422121874,19.99685260027755,63.61630671002915,659.7649230957031,0.0,0.013750114584288202,True,False,False
train_000057,train,0.0,93,93,EEG M1-Ref,EEG,EEG ...-Ref,M,1,1.0,-Ref,1999.9999999999998,60.00000000000001,17.53555910777205,0.514364072587739,22.108112798104088,171.08835292586312,1246.4801025390625,0.0,0.013791781598179984,True,False,False
train_000057,train,0.0,94,94,EEG M2-Ref,EEG,EEG ...-Ref,M,2,2.0,-Ref,1999.9999999999998,60.00000000000001,18.209620101266676,0.08773741543515329,22.6164556900314,217.41155527875046,1491.210205078125,0.0,0.012908440903674196,True,False,False
train_000057,train,0.0,95,95,POL M3,POL,POL,M,3,3.0,,1999.9999999999998,60.00000000000001,18.863171243684974,0.6830242226557438,22.190674836379007,232.80278725955728,1581.05078125,0.0,0.013575113125942716,True,False,False
train_000057,train,0.0,96,96,POL M4,POL,POL,M,4,4.0,,1999.9999999999998,60.00000000000001,15.997511775607256,0.9410874416902593,21.76769499497201,134.60274962463322,1272.9486694335938,0.0,0.013558446320386002,True,False,False
train_000057,train,0.0,97,97,POL M5,POL,POL,M,5,5.0,,1999.9999999999998,60.00000000000001,19.600800467833277,0.5946089266534514,22.799835172108697,102.74025282279946,818.1635131835938,0.0,0.014700122501020842,True,False,False
train_000057,train,0.0,98,98,POL M6,POL,POL,M,6,6.0,,1999.9999999999998,60.00000000000001,20.107167553882643,-0.686368596018254,17.43054123756822,103.92887296508898,781.9329833984375,0.0,0.013958449653747115,True,True,False
train_000057,train,0.0,99,99,POL N1,POL,POL,N,1,1.0,,1999.9999999999998,60.00000000000001,15.099399912840266,0.44088076489976646,20.65388622042417,162.4696342252825,1145.8002319335938,0.0,0.012658438820323503,True,False,False
train_000057,train,0.0,100,100,POL N2,POL,POL,N,2,2.0,,1999.9999999999998,60.00000000000001,16.245321331506105,0.472491633455263,21.724375174129726,239.55053716432943,1658.1968994140625,0.0,0.012391769931416096,True,False,False
train_000057,train,0.0,101,101,POL N3,POL,POL,N,3,3.0,,1999.9999999999998,60.00000000000001,18.334197318871144,0.05170927856478963,22.435392487159582,107.17142908850386,777.3436279296875,0.0,0.014066783889865748,True,False,False
train_000057,train,0.0,102,102,POL N4,POL,POL,N,4,4.0,,1999.9999999999998,60.00000000000001,22.41319980144166,-0.24342516852786622,22.40040901180175,96.63215193465852,673.1444702148438,0.0,0.013358444653705448,True,True,False
train_000057,train,0.0,103,103,EEG O1-Ref,EEG,EEG ...-Ref,O,1,1.0,-Ref,1999.9999999999998,60.00000000000001,14.324153832407214,0.01460731568237063,24.144345104107316,221.3622345514205,1488.183349609375,0.0,0.009775081459012158,True,False,False
train_000057,train,0.0,104,104,EEG O2-Ref,EEG,EEG ...-Ref,O,2,2.0,-Ref,1999.9999999999998,60.00000000000001,15.134182986171016,0.514259526590496,24.144504090367924,326.0633317523898,2234.275146484375,0.0,0.008608405070042251,True,False,False
train_000057,train,0.0,105,105,POL O3,POL,POL,O,3,3.0,,1999.9999999999998,60.00000000000001,13.14657159630465,0.5949927269491546,24.717500891735817,379.4514596489716,2678.9976806640625,0.0,0.00844173701447512,True,False,False
train_000057,train,0.0,106,106,POL O4,POL,POL,O,4,4.0,,1999.9999999999998,60.00000000000001,21.091887216210367,0.46326095784297505,26.96929402349593,71.53233688918955,524.5110626220703,0.0,0.012908440903674196,True,True,False
train_000057,train,0.0,107,107,POL O5,POL,POL,O,5,5.0,,1999.9999999999998,60.00000000000001,23.105671035030717,0.06038280697588327,27.187666475501953,62.081884186590486,455.76112365722656,0.0,0.012608438403653364,True,True,False
train_000107,train,0.0,0,0,POL E1,POL,POL,E,1,1.0,,2000.0,60.0,0.6608761592227075,1.0630776706679788,-2.003953994139785,75.188454986658,366.6014709472656,0.0,0.03480029000241669,False,False,False
train_000107,train,0.0,1,1,POL E2,POL,POL,E,2,2.0,,2000.0,60.0,0.42973260536981644,1.0597808518922496,-2.0926125336345356,54.30049738317772,333.69105529785156,0.0,0.03600863340527838,False,False,False
train_000107,train,0.0,2,2,POL E3,POL,POL,E,3,3.0,,2000.0,60.0,0.41497978663626506,1.366927984231606,-2.1994797042584446,49.303241420375876,292.675537109375,0.0,0.034166951391261594,False,False,False
train_000107,train,0.0,3,3,POL E4,POL,POL,E,4,4.0,,2000.0,60.0,-0.1379704216970767,1.4698482059050373,-2.508027485233033,80.04769437097038,390.233642578125,0.0,0.029733581113175943,False,False,False
train_000107,train,0.0,4,4,POL E5,POL,POL,E,5,5.0,,2000.0,60.0,0.2027956982576763,1.6758011309414744,-2.550282131333504,55.27423574332733,324.0231170654297,0.0,0.028941907849232076,False,False,False
train_000107,train,0.0,5,5,POL E6,POL,POL,E,6,6.0,,2000.0,60.0,-0.021656819655645563,1.6041595294486033,-2.5788679324511428,39.89337609746375,276.65960693359375,0.0,0.029633580279835665,False,False,False
train_000107,train,0.0,6,6,POL E7,POL,POL,E,7,7.0,,2000.0,60.0,0.18984570202720333,1.4029562561696671,-2.7927655586857774,36.16535573281442,299.9994812011719,0.0,0.031000258335486128,False,False,False
train_000107,train,0.0,7,7,POL E8,POL,POL,E,8,8.0,,2000.0,60.0,0.4473156315103384,1.0940934185464721,-2.866184945694425,38.57900016098945,296.9720458984375,0.0,0.031108592571604764,False,False,False
train_000107,train,0.0,8,8,POL E9,POL,POL,E,9,9.0,,2000.0,60.0,-0.08165109884034602,1.2640037484545914,-2.917828841120925,34.6071724622666,278.71038818359375,0.0,0.028991908265902217,False,False,False
train_000107,train,0.0,9,9,POL E10,POL,POL,E,10,10.0,,2000.0,60.0,-0.22609064640455814,1.0389547201142162,-2.874876098809887,34.36826371047366,283.0074996948242,0.0,0.026533554446287053,False,False,False
train_000107,train,0.0,10,10,POL E13,POL,POL,E,13,13.0,,2000.0,60.0,0.5831974163159747,1.7685138527140563,-3.0598787553835463,36.765532466480735,312.9879608154297,0.0,0.023733531112759273,False,False,False
train_000107,train,0.0,11,11,POL E14,POL,POL,E,14,14.0,,2000.0,60.0,0.4102271411473115,1.6478159134046941,-3.2121472076671593,38.027458839672235,316.30821228027344,0.0,0.027008558404653372,False,False,False
train_000107,train,0.0,12,12,EEG F1-Ref,EEG,EEG ...-Ref,F,1,1.0,-Ref,2000.0,60.0,0.9323371249963492,1.427932546488426,-2.144142307051785,90.37821659253362,436.913818359375,0.0,0.03564196368303069,False,False,False
train_000107,train,0.0,13,13,EEG F2-Ref,EEG,EEG ...-Ref,F,2,2.0,-Ref,2000.0,60.0,0.014138242759144899,1.4882174920179114,-2.3764260431925295,83.07310217874142,362.69529724121094,0.0,0.03598363319694331,False,False,False
train_000107,train,0.0,14,14,EEG F3-Ref,EEG,EEG ...-Ref,F,3,3.0,-Ref,2000.0,60.0,0.09258494368108403,1.3265303096346284,-2.607514268442962,86.16387951963782,388.2812042236328,0.0,0.03362528021066842,False,False,False
train_000107,train,0.0,15,15,EEG F4-Ref,EEG,EEG ...-Ref,F,4,4.0,-Ref,2000.0,60.0,0.40892152113771835,1.5440465728972008,-2.439842038313879,41.6617782171437,291.9919967651367,0.0,0.030466920557671313,False,False,False
train_000107,train,0.0,16,16,EEG F5-Ref,EEG,EEG ...-Ref,F,5,5.0,-Ref,2000.0,60.0,0.09335377395006768,1.571363850598277,-2.585263287801462,51.114794202744115,353.2220764160156,0.0,0.03127526062717189,False,False,False
train_000107,train,0.0,17,17,EEG F6-Ref,EEG,EEG ...-Ref,F,6,6.0,-Ref,2000.0,60.0,0.45022214326675747,1.3934507183766258,-2.679404737822648,42.66395938938251,276.1713104248047,0.0,0.03194193284944041,False,False,False
train_000107,train,0.0,18,18,EEG F7-Ref,EEG,EEG ...-Ref,F,7,7.0,-Ref,2000.0,60.0,1.3435677083522644,1.3849798672943312,-2.746949173534304,47.52372937937408,334.9607696533203,0.0,0.029208576738139484,False,False,False
train_000107,train,0.0,19,19,EEG F8-Ref,EEG,EEG ...-Ref,F,8,8.0,-Ref,2000.0,60.0,1.5213144215645682,1.0583149115028228,-2.7638490170417978,59.32022074501542,427.1480712890625,0.0,0.029783581529846084,False,False,False
train_000107,train,0.0,20,20,EEG F9-Ref,EEG,EEG ...-Ref,F,9,9.0,-Ref,2000.0,60.0,1.3279037348813856,1.3116719539921209,-2.9397532019750012,46.118715946209015,494.62831115722656,0.0,0.027291894099117493,False,False,False
train_000107,train,0.0,21,21,POL E11,POL,POL,E,11,11.0,,2000.0,60.0,-0.08030000737087532,1.2809936046791055,-2.8806484010984184,36.21406293565214,281.24974060058594,0.0,0.025391878265652215,False,False,False
train_000107,train,0.0,22,22,POL E12,POL,POL,E,12,12.0,,2000.0,60.0,0.1804308673396737,1.5077014684987748,-3.014461101905739,45.84789464723283,335.351318359375,0.0,0.02445020375169793,False,False,False
train_000107,train,0.0,23,23,EEG F10-Ref,EEG,EEG ...-Ref,F,10,10.0,-Ref,2000.0,60.0,1.236094537571313,1.087509599868722,-2.772178019992118,49.11616147040864,565.4292449951172,0.0,0.021925182709855915,False,False,False
train_000107,train,0.0,24,24,POL F11,POL,POL,F,11,11.0,,2000.0,60.0,1.133063465578448,1.038765963369527,-2.2828787945484836,53.225920514309664,551.2687530517578,0.0,0.018991824931874433,False,False,False
train_000107,train,0.0,25,25,POL F12,POL,POL,F,12,12.0,,2000.0,60.0,1.4846862091534117,1.592195180527469,-2.633622313952213,52.500989394189496,457.3236999511719,0.0,0.01783348194568288,False,False,False
train_000107,train,0.0,26,26,POL F13,POL,POL,F,13,13.0,,2000.0,60.0,1.200584782407156,1.2974611238206102,-3.0202068687631156,51.10944506445217,423.72967529296875,0.0,0.019133492779106493,False,False,False
train_000107,train,0.0,27,27,POL F14,POL,POL,F,14,14.0,,2000.0,60.0,1.2953767947487447,1.5900500125027752,-3.1629385104276726,40.446958337137694,397.362548828125,0.0,0.022183518195984967,False,False,False
train_000107,train,0.0,28,28,POL F15,POL,POL,F,15,15.0,,2000.0,60.0,1.2643169173952384,1.606242256844212,-3.3876101961812015,37.73349219241154,344.72584533691406,0.0,0.02630855257127143,False,False,False
train_000107,train,0.0,29,29,POL G1,POL,POL,G,1,1.0,,2000.0,60.0,0.8558569069818103,1.4199628064540413,-1.9363142159607585,69.72148475081723,348.5348815917969,0.0,0.027333561113009275,False,False,False
train_000107,train,0.0,30,30,POL G2,POL,POL,G,2,2.0,,2000.0,60.0,0.0797884109967131,1.5836800554171162,-2.3620167691751055,56.983998789224344,345.9959716796875,0.0,0.028808573404778375,False,False,False
train_000107,train,0.0,31,31,POL G3,POL,POL,G,3,3.0,,2000.0,60.0,0.37536022838950156,1.269283794170668,-2.411314070697204,48.34931619378004,313.8665313720703,0.0,0.03409195076625639,False,False,False
train_000107,train,0.0,32,32,POL G4,POL,POL,G,4,4.0,,2000.0,60.0,0.20253026137155475,1.417431677910142,-2.5828317060078327,40.50222634842575,297.8507385253906,0.0,0.035325294377453145,False,False,False
train_000107,train,0.0,33,33,POL G5,POL,POL,G,5,5.0,,2000.0,60.0,0.39959486070340133,1.3636482427000631,-2.5633231889514434,74.75801479576856,418.5542907714844,0.0,0.03278360653005442,False,False,False
train_000107,train,0.0,34,34,POL G6,POL,POL,G,6,6.0,,2000.0,60.0,0.4237512078220932,1.2986559901280121,-2.765416964237923,46.28423251284844,324.12062072753906,0.0,0.031316927641063676,False,False,False
train_000107,train,0.0,35,35,POL G7,POL,POL,G,7,7.0,,2000.0,60.0,0.9634017315169163,1.0581502729893193,-2.665324973308911,34.94724148593198,287.5971984863281,0.0,0.030816923474362285,False,False,False
train_000107,train,0.0,36,36,POL DC01,POL,POL,DC,01,1.0,,2000.0,60.0,-0.24115951734821725,0.04904747375257357,-0.6206377832994269,84.86524139632832,732.6002807617188,0.0,0.9107825898549154,False,False,False
train_000107,train,0.0,37,37,POL DC02,POL,POL,DC,02,2.0,,2000.0,60.0,-0.5846085526010902,0.45682464770373143,0.13750119667960842,115.29202342681018,732.5999755859375,0.11136666666666667,0.8469653913782614,False,False,False
train_000107,train,0.0,38,38,POL DC03,POL,POL,DC,03,3.0,,2000.0,60.0,0.24549040385238935,0.3745094406303784,0.31040836455926474,42.07161025316746,732.5999755859375,0.011425,0.9763831365261377,False,False,False
train_000107,train,0.0,39,39,POL DC04,POL,POL,DC,04,4.0,,2000.0,60.0,0.18269149238931243,-0.17268316807177042,0.2923018256923036,90.42549104488693,732.5999755859375,0.00019166666666666667,0.9011658430486921,False,False,False
train_000107,train,0.0,40,40,POL DC05,POL,POL,DC,05,5.0,,2000.0,60.0,0.33652149258733394,-0.07370108841178616,-0.4463603040334225,38.713820919175625,732.6002807617188,0.0,0.9797498312485937,False,False,False
train_000107,train,0.0,41,41,POL DC06,POL,POL,DC,06,6.0,,2000.0,60.0,0.6832791347048294,0.1658862024699059,0.28575222690757823,177.0395689613702,366.29998779296875,0.371925,0.6689972416436804,False,False,False
train_000107,train,0.0,42,42,POL DC07,POL,POL,DC,07,7.0,,2000.0,60.0,-0.4393599144873196,-0.490683812418879,-0.43114037950264417,171.4636650548282,732.6002807617188,0.0,0.688414070117251,False,False,False
train_000107,train,0.0,43,43,POL DC08,POL,POL,DC,08,8.0,,2000.0,60.0,-0.30271831708306973,0.14981522209345566,-0.1352114476000642,177.71217803678002,366.29998779296875,0.6209333333333333,0.6680889007408395,False,False,False
train_000107,train,0.0,44,44,POL DC09,POL,POL,DC,09,9.0,,2000.0,60.0,0.36684320886565625,-0.07412443766416887,-0.7964154095098807,40.36647736590271,732.5999755859375,0.009541666666666667,0.9777164809706748,False,False,False
train_000107,train,0.0,45,45,POL DC10,POL,POL,DC,10,10.0,,2000.0,60.0,-1.0037033908958697,0.35651305083288953,-0.16286951335410949,183.13411766515335,366.29998779296875,0.5065833333333334,0.6487304060867174,False,False,False
train_000107,train,0.0,46,46,POL DC11,POL,POL,DC,11,11.0,,2000.0,60.0,0.08269386648624617,-0.12136972449382907,-0.6023833455908332,173.14025644774384,366.29998779296875,0.3369666666666667,0.6827973566446387,False,False,False
train_000107,train,0.0,47,47,POL DC12,POL,POL,DC,12,12.0,,2000.0,60.0,0.600745296976185,0.38486201711248846,-0.3859608268343785,173.93117591778238,366.29998779296875,0.34336666666666665,0.6767473062275519,False,False,False
train_000107,train,0.0,48,48,POL DC13,POL,POL,DC,13,13.0,,2000.0,60.0,0.858781480874677,0.8337899677026064,1.0353150197971468,50.01442371613957,732.5999755859375,0.017858333333333334,0.9675830631921932,False,False,False
train_000107,train,0.0,49,49,POL DC14,POL,POL,DC,14,14.0,,2000.0,60.0,1.5505492100994454,-0.42749211711859847,0.387938921766895,41.545156763507705,732.6002807617188,0.0,0.980433170276419,False,False,False
train_000107,train,0.0,50,50,POL DC15,POL,POL,DC,15,15.0,,2000.0,60.0,0.5620642149762477,0.6816440827571881,-0.6154647793707073,182.0604878673586,366.3001377929759,0.0,0.6556554637955316,False,False,False
train_000107,train,0.0,51,51,POL DC16,POL,POL,DC,16,16.0,,2000.0,60.0,-0.3972959013730107,0.4553933725355897,0.4293620548486343,142.83934696120608,366.3001377929759,0.0,0.7764648038733656,False,False,False
train_000107,train,0.0,52,52,POL G8,POL,POL,G,8,8.0,,2000.0,60.0,1.2123605152654486,1.365491295545687,-2.6999971291908715,42.586371909703026,313.57398986816406,0.0,0.03181693180776506,False,False,False
train_000107,train,0.0,53,53,POL G9,POL,POL,G,9,9.0,,2000.0,60.0,1.358035103355436,1.3944628380971746,-3.030594583349653,64.35040381511352,439.64817810058594,0.0,0.030175251460428838,False,False,False
train_000107,train,0.0,54,54,POL G10,POL,POL,G,10,10.0,,2000.0,60.0,1.0910521685224064,1.3065051430351837,-3.0637261968133513,47.19474308043937,370.0194854736328,0.0,0.028133567779731496,False,False,False
train_000107,train,0.0,55,55,POL G11,POL,POL,G,11,11.0,,2000.0,60.0,1.2140134955158441,1.2725671665044047,-3.028984771774981,44.63359662890488,366.6983947753906,0.0,0.02630021916849307,False,False,False
train_000107,train,0.0,56,56,POL G12,POL,POL,G,12,12.0,,2000.0,60.0,1.1845709391779915,1.109780861627808,-2.9095499935395974,41.22819750113493,344.5310821533203,0.0,0.025033541946182885,False,False,False
train_000107,train,0.0,57,57,POL G13,POL,POL,G,13,13.0,,2000.0,60.0,1.0571249952988617,1.1552944010475235,-3.0300958965043048,46.6222789453044,392.77288818359375,0.0,0.023491862432186934,False,False,False
train_000107,train,0.0,58,58,POL G14,POL,POL,G,14,14.0,,2000.0,60.0,1.2262704335804324,1.1401688680025157,-3.377098515045713,43.85702935146252,397.55841064453125,0.0,0.023725197709980918,False,False,False
train_000107,train,0.0,59,59,POL G15,POL,POL,G,15,15.0,,2000.0,60.0,1.3376873373703178,1.11217505444485,-3.3152074160236737,45.41265073243674,412.8904571533203,0.0,0.02390853257110476,False,False,False
train_000107,train,0.0,60,60,POL G16,POL,POL,G,16,16.0,,2000.0,60.0,1.7534426925655633,1.0878904674963161,-3.56913755749283,38.98320655049733,356.5428466796875,0.0,0.02540021166843057,False,False,False
train_000107,train,0.0,61,61,POL H1,POL,POL,H,1,1.0,,2000.0,60.0,0.6136654267955659,1.4937482228919599,-1.9711088397641263,53.9566204690865,334.0818786621094,0.0,0.027933566113050944,False,False,False
train_000107,train,0.0,62,62,POL H2,POL,POL,H,2,2.0,,2000.0,60.0,-0.2343224646334072,1.2102753405448254,-2.4243553571280776,51.487382451201036,298.0465393066406,0.0,0.034733622780189835,False,False,False
train_000107,train,0.0,63,63,POL H3,POL,POL,H,3,3.0,,2000.0,60.0,16.53270490570175,3.0881446875454848,4.517218086715079,66.91533104332028,558.7890319824219,0.0,0.017158476320636006,True,False,False
train_000107,train,0.0,64,64,POL H4,POL,POL,H,4,4.0,,2000.0,60.0,0.34227530930377426,1.6330800794512381,-2.3209160673927713,80.69611820598428,346.5818176269531,0.0,0.03505029208576738,False,False,False
train_000107,train,0.0,65,65,POL H5,POL,POL,H,5,5.0,,2000.0,60.0,0.025428012659496433,1.1743528943034656,-2.429571730834922,73.38614179800607,357.90980529785156,0.0,0.034466953891282424,False,False,False
train_000107,train,0.0,66,66,POL H6,POL,POL,H,6,6.0,,2000.0,60.0,-0.19487778674989203,1.5395552197264208,-2.5271321939305906,33.69517843527764,274.9997863769531,0.0,0.03289194076617305,False,False,False
train_000107,train,0.0,67,67,POL H7,POL,POL,H,7,7.0,,2000.0,60.0,0.33757364391046085,1.2916165752602626,-2.698846507387292,38.00605401282806,293.4569320678711,0.0,0.03317527646063717,False,False,False
train_000107,train,0.0,68,68,POL H8,POL,POL,H,8,8.0,,2000.0,60.0,0.5893263193793076,1.0503099427026599,-2.8096001279597766,66.44740833694995,414.3549346923828,0.0,0.032216935141126175,False,False,False
train_000107,train,0.0,69,69,POL H9,POL,POL,H,9,9.0,,2000.0,60.0,0.22227864307793688,0.9968001806144058,-3.1239869333256105,56.702064463887346,377.929443359375,0.0,0.03165859715497629,False,False,False
train_000107,train,0.0,70,70,POL H10,POL,POL,H,10,10.0,,2000.0,60.0,0.11743249144817265,1.016351496066941,-3.1193945669878778,35.370627095721424,295.50706481933594,0.0,0.02919190993258277,False,False,False
train_000107,train,0.0,71,71,POL H11,POL,POL,H,11,11.0,,2000.0,60.0,0.3149385685298414,1.228923066100319,-2.91412961332767,37.9628114842357,314.15941619873047,0.0,0.02767523062692189,False,False,False
train_000107,train,0.0,72,72,POL H12,POL,POL,H,12,12.0,,2000.0,60.0,0.6868908682916732,1.1151137639763595,-2.9173637699170656,38.25360892278571,321.1910095214844,0.0,0.025725214376786473,False,False,False
train_000107,train,0.0,73,73,POL H13,POL,POL,H,13,13.0,,2000.0,60.0,0.41345563697067245,1.018182105312801,-3.0354178311186897,36.61916355897018,333.9839324951172,0.0,0.025800215001791683,False,False,False
train_000107,train,0.0,74,74,POL H14,POL,POL,H,14,14.0,,2000.0,60.0,0.13046347316756082,0.97370333388407,-3.2998436391905672,29.70796118059535,292.4802703857422,0.0,0.02962524687705731,False,False,False
train_000107,train,0.0,75,75,POL H15,POL,POL,H,15,15.0,,2000.0,60.0,-0.0004766585620171064,1.191513464824556,-3.6808906527372716,28.13977293221383,273.9254608154297,0.0,0.032650272085600715,False,False,False
train_000107,train,0.0,76,76,POL I1,POL,POL,I,1,1.0,,2000.0,60.0,0.12300633567641218,1.0169923419772222,-1.9538151990587493,81.01567250644804,408.69102478027344,0.0,0.029041908682572354,False,False,False
train_000107,train,0.0,77,77,POL I2,POL,POL,I,2,2.0,,2000.0,60.0,0.08279572611394626,1.2684894001502613,-2.1992851785361576,34.94249395173556,292.3827209472656,0.0,0.03143359527996067,False,False,False
train_000107,train,0.0,78,78,POL I3,POL,POL,I,3,3.0,,2000.0,60.0,0.41802748939931833,1.2356154568615714,-2.2544262479904047,48.14996482189226,344.92124938964844,0.0,0.0341086175718131,False,False,False
train_000107,train,0.0,79,79,POL I4,POL,POL,I,4,4.0,,2000.0,60.0,0.3776828079819198,1.3875265902667895,-2.4019557653459724,83.91011320278984,457.81201171875,0.0,0.03526696055800465,False,False,False
train_000107,train,0.0,80,80,POL I5,POL,POL,I,5,5.0,,2000.0,60.0,0.0014623287693717659,1.3998541110012157,-1.182043833104798,48.77720577419123,347.9489440917969,0.0,0.03554196284969041,False,False,False
train_000107,train,0.0,81,81,POL I6,POL,POL,I,6,6.0,,2000.0,60.0,0.1496093766488711,1.2168076758362887,-1.366862167242707,75.53397830071461,428.3196258544922,0.0,0.03380861507179227,False,False,False
train_000107,train,0.0,82,82,POL I7,POL,POL,I,7,7.0,,2000.0,60.0,0.07712482485266067,1.2552287696378115,-1.3451322827601977,49.35107369399491,355.66380310058594,0.0,0.033841948682905694,False,False,False
train_000107,train,0.0,83,83,POL I8,POL,POL,I,8,8.0,,2000.0,60.0,0.18756961401889707,1.0942669319537648,-1.3413910195017578,39.99127372533105,320.31239318847656,0.0,0.03392528271068926,False,False,False
train_000107,train,0.0,84,84,POL I9,POL,POL,I,9,9.0,,2000.0,60.0,-0.24235749159802186,1.053858991034438,-1.587634996893506,37.64535226577338,323.53472900390625,0.0,0.032383603196693304,False,False,False
train_000107,train,0.0,85,85,POL I10,POL,POL,I,10,10.0,,2000.0,60.0,-0.510788471159293,0.9566756625085165,-1.474756663065357,53.14330401175453,381.4452362060547,0.0,0.02461687180726506,False,False,False
train_000107,train,0.0,86,86,POL I11,POL,POL,I,11,11.0,,2000.0,60.0,-0.23583084503508964,1.6789278565179464,-1.4381799109241113,48.464562357877085,393.5542907714844,0.0,0.021291844098700823,False,False,False
train_000107,train,0.0,87,87,POL I12,POL,POL,I,12,12.0,,2000.0,60.0,0.20838193396756552,0.9781836258132915,-1.7115179044485798,53.11785725256285,446.7771911621094,0.0,0.024916874307285893,False,False,False
train_000107,train,0.0,88,88,POL I13,POL,POL,I,13,13.0,,2000.0,60.0,0.00210798010478306,0.7701934879873462,-1.78197169263433,42.842718740879214,451.2691650390625,0.0,0.02641688680739006,False,False,False
train_000107,train,0.0,89,89,POL I14,POL,POL,I,14,14.0,,2000.0,60.0,-0.15560491542196928,0.8170124415019536,-1.6475639219965135,43.77141625609728,455.66395568847656,0.0,0.026191884932374437,False,False,False
train_000107,train,0.0,90,90,POL I15,POL,POL,I,15,15.0,,2000.0,60.0,-0.02985065888550541,1.0189095087297309,-1.721397242803917,40.1983036994303,433.00721740722656,0.0,0.026933557779648162,False,False,False
train_000107,train,0.0,91,91,POL I16,POL,POL,I,16,16.0,,2000.0,60.0,-0.01630874182240329,1.49943015331079,-1.8009991494902378,64.02895044106927,423.24156188964844,0.0,0.030058583821531846,False,False,False
train_000107,train,0.0,92,92,POL J1,POL,POL,J,1,1.0,,2000.0,60.0,0.4207127948745293,1.1867955837611626,-1.1245673712767925,50.42061607247978,333.0074462890625,0.0,0.03299194159951333,False,False,False
train_000107,train,0.0,93,93,POL J2,POL,POL,J,2,2.0,,2000.0,60.0,-0.06795442288595746,1.3166228373456133,-1.038329787850303,34.25918183776579,290.03863525390625,0.0,0.03377528146067884,False,False,False
train_000107,train,0.0,94,94,POL J3,POL,POL,J,3,3.0,,2000.0,60.0,0.06775501744382391,1.3919587458230078,-1.187305947828442,36.43085318720808,288.37876892089844,0.0,0.03361694680789007,False,False,False
train_000107,train,0.0,95,95,POL J4,POL,POL,J,4,4.0,,2000.0,60.0,0.23811540027872663,1.3778986127495898,-1.2816990484725728,91.99331809378381,466.21070861816406,0.0,0.033858615488462404,False,False,False
train_000107,train,0.0,96,96,POL J5,POL,POL,J,5,5.0,,2000.0,60.0,0.22994362158602805,1.4320264026329588,-1.3400912340401407,67.55255709262124,416.3085632324219,0.0,0.033525279377328146,False,False,False
train_000107,train,0.0,97,97,POL J6,POL,POL,J,6,6.0,,2000.0,60.0,0.06536295018621982,1.3341154382933738,-1.5302218268170549,49.426006108182634,371.67950439453125,0.0,0.03242527021058509,False,False,False
train_000107,train,0.0,98,98,POL J7,POL,POL,J,7,7.0,,2000.0,60.0,0.4163110535584283,1.1829901170214758,-1.3630963191587109,38.67453120376223,363.3787384033203,0.0,0.03188359902999192,False,False,False
train_000107,train,0.0,99,99,POL J8,POL,POL,J,8,8.0,,2000.0,60.0,0.2691704420930919,1.1247899125692138,-1.4168210150963592,37.27373556399256,364.3551788330078,0.0,0.02969191409928416,False,False,False
train_000107,train,0.0,100,100,POL J9,POL,POL,J,9,9.0,,2000.0,60.0,0.22903380127838216,1.129232682649966,-1.4840835544700373,42.21862841924799,369.43348693847656,0.0,0.02815856798806657,False,False,False
train_000107,train,0.0,101,101,POL J10,POL,POL,J,10,10.0,,2000.0,60.0,0.10337186139421292,1.1203461127284087,-1.7780945469385803,40.965935516283444,414.9412536621094,0.0,0.028025233543612863,False,False,False
train_000107,train,0.0,102,102,POL J11,POL,POL,J,11,11.0,,2000.0,60.0,0.11308805809830645,1.0488642879595376,-1.46004513028446,43.03141350902387,469.04248046875,0.0,0.027100225835215295,False,False,False
train_000107,train,0.0,103,103,POL J12,POL,POL,J,12,12.0,,2000.0,60.0,0.2103387495515534,0.9796606826906746,-1.7439321814057758,35.68334327024944,432.81170654296875,0.0,0.02760856340469504,False,False,False
train_000107,train,0.0,104,104,POL J13,POL,POL,J,13,13.0,,2000.0,60.0,0.0705633798355186,1.0661031154219998,-1.7633872067352416,29.900908483984722,325.09730529785156,0.0,0.029750247918732656,False,False,False
train_000107,train,0.0,105,105,EEG M1-Ref,EEG,EEG ...-Ref,M,1,1.0,-Ref,2000.0,60.0,0.8017076155180733,0.958698951923377,-0.8664692144290963,78.13035239953848,581.54296875,0.0,0.02063350527921066,False,False,False
train_000107,train,0.0,106,106,EEG M2-Ref,EEG,EEG ...-Ref,M,2,2.0,-Ref,2000.0,60.0,0.15447015444202428,0.6718788277466053,-1.2497028545015878,65.9603651404937,552.2455291748047,0.0,0.021408511737597814,False,False,False
train_000107,train,0.0,107,107,POL M3,POL,POL,M,3,3.0,,2000.0,60.0,-0.49734424597876353,0.6668236519679138,-1.050259302140247,59.31918295676182,518.6522521972656,0.0,0.020216835140292835,False,False,False
train_000107,train,0.0,108,108,POL M4,POL,POL,M,4,4.0,,2000.0,60.0,0.27330555742448326,0.9790004803695211,-1.2070497438618588,52.878478362715356,478.22216796875,0.0,0.02483354027950233,False,False,False
train_000107,train,0.0,109,109,POL M5,POL,POL,M,5,5.0,,2000.0,60.0,0.45447095403674787,1.4878115410820434,-1.286567512153477,76.95341434702927,514.8434600830078,0.0,0.028258568821406847,False,False,False
train_000107,train,0.0,110,110,POL M6,POL,POL,M,6,6.0,,2000.0,60.0,0.3635608425634365,1.4592160613601588,-1.4163295396243847,49.51592956182285,388.2807312011719,0.0,0.029641913682614023,False,False,False
train_000107,train,0.0,111,111,POL M7,POL,POL,M,7,7.0,,2000.0,60.0,0.7788972264579213,1.578973146385139,-1.353500467011159,77.61454993249426,476.56227111816406,0.0,0.02689189076575638,False,False,False
train_000107,train,0.0,112,112,POL M8,POL,POL,M,8,8.0,,2000.0,60.0,0.7805005394061054,1.4892437933771796,-1.2868368681292472,42.57577405089334,353.90602111816406,0.0,0.029375244793706613,False,False,False
train_000107,train,0.0,113,113,POL M9,POL,POL,M,9,9.0,,2000.0,60.0,0.6982882243120753,1.425048349394036,-1.5122924718720325,42.60066009508437,376.9524230957031,0.0,0.03080859007158393,False,False,False
train_000107,train,0.0,114,114,POL M10,POL,POL,M,10,10.0,,2000.0,60.0,0.6976610371124401,1.0526054917657905,-1.8305270484691383,45.744405459770064,381.640380859375,0.0,0.029116909307577564,False,False,False
train_000107,train,0.0,115,115,POL M11,POL,POL,M,11,11.0,,2000.0,60.0,0.6411286649296376,0.918878893293811,-1.5454314638753084,42.10453030711062,362.2062072753906,0.0,0.028941907849232076,False,False,False
train_000107,train,0.0,116,116,POL M12,POL,POL,M,12,12.0,,2000.0,60.0,0.8271471643011535,0.9700800904716494,-1.5371452504479404,45.24341020845051,366.60089111328125,0.0,0.028950241252010435,False,False,False
train_000107,train,0.0,117,117,POL M13,POL,POL,M,13,13.0,,2000.0,60.0,1.1009327446751216,0.8616311061629628,-1.6080974087288302,43.33359832467672,393.4562530517578,0.0,0.02600021666847224,False,False,False
train_000107,train,0.0,118,118,POL M14,POL,POL,M,14,14.0,,2000.0,60.0,0.193052283751268,0.47366839545423756,-1.387742387313605,62.23209057767874,682.8121948242188,0.0,0.018725156042967026,False,False,False
train_000107,train,0.0,119,119,POL M15,POL,POL,M,15,15.0,,2000.0,60.0,0.8577925932592494,1.1696253791914206,-1.7261595531645666,46.800203143186025,325.3905334472656,0.0,0.0233835281960683,False,False,False
train_000107,train,0.0,120,120,POL M16,POL,POL,M,16,16.0,,2000.0,60.0,0.9593002942388915,1.4462512877315057,-1.7925719710908292,41.94964539706743,350.29237365722656,0.0,0.024483537362811357,False,False,False
train_000107,train,0.0,121,121,POL pMC1,POL,POL,pMC,1,1.0,,2000.0,60.0,0.4018483600037489,0.9453504098116007,-0.9980590582174547,86.69277659515818,536.0347290039062,0.0,0.025666880557337977,False,False,False
train_000107,train,0.0,122,122,POL pMC2,POL,POL,pMC,2,2.0,,2000.0,60.0,0.28639071131420707,0.892652866102023,-0.8773683088757672,58.69933454136056,363.1835021972656,0.0,0.023666863890532422,False,False,False
train_000107,train,0.0,123,123,POL pMC3,POL,POL,pMC,3,3.0,,2000.0,60.0,-0.6124403305439949,0.7078385007238521,-0.6406552097570375,39.28693971915858,313.2809295654297,0.0,0.019841832015266795,False,False,False
train_000107,train,0.0,124,124,POL pMC4,POL,POL,pMC,4,4.0,,2000.0,60.0,-0.6401747565792246,1.844326569493267,-1.365167618742703,67.43018645816488,408.78883361816406,0.0,0.017141809515079293,False,False,False
train_000107,train,0.0,125,125,POL pMC5,POL,POL,pMC,5,5.0,,2000.0,60.0,-1.075175142630292,1.4497991260575267,-1.261683740209102,58.8874155407758,386.91339111328125,0.0,0.021716847640397004,False,False,False
train_000107,train,0.0,126,126,POL pMC6,POL,POL,pMC,6,6.0,,2000.0,60.0,-0.9175694431784541,1.5891314227890152,-1.1323828086226784,40.58735746492565,385.74183654785156,0.0,0.01942516187634897,False,False,False
train_000107,train,0.0,127,127,POL pMC7,POL,POL,pMC,7,7.0,,2000.0,60.0,-0.7728544881065437,1.518373336462989,-1.2455706704461054,50.71934442453239,527.6358795166016,0.0,0.019533496112467606,False,False,False
train_000107,train,0.0,128,128,POL pMC8,POL,POL,pMC,8,8.0,,2000.0,60.0,-1.2067939870041375,1.2648706045625315,-1.4371910361008446,51.523238457612464,617.3821105957031,0.0,0.019866832223601864,False,False,False
train_000107,train,0.0,129,129,POL pMC9,POL,POL,pMC,9,9.0,,2000.0,60.0,-0.8388459775912427,1.2351788708807638,-1.4409537050544243,50.91488603676334,705.1754150390625,0.0,0.018016816806806724,False,False,False
train_000107,train,0.0,130,130,POL pMC10,POL,POL,pMC,10,10.0,,2000.0,60.0,-0.663505259716892,1.3743026686086146,-1.2580363573676066,54.13656419544226,807.3232116699219,0.0,0.01748347902899191,False,False,False
train_000107,train,0.0,131,131,POL pMC11,POL,POL,pMC,11,11.0,,2000.0,60.0,-0.656548781111102,1.0931028314680558,-0.9844255528185507,53.87089423344438,887.9881286621094,0.0,0.015875132292769108,False,False,False
train_000107,train,0.0,132,132,POL pMC12,POL,POL,pMC,12,12.0,,2000.0,60.0,-0.9307865763128286,1.2789912058663966,-1.0699517788923654,51.60352176110182,909.5693969726562,0.0,0.015808465070542253,False,False,False
train_000107,train,0.0,133,133,POL pMC13,POL,POL,pMC,13,13.0,,2000.0,60.0,-0.3346806690017836,1.3239520974678178,-1.2619608184817164,27.220328455790685,426.8553466796875,0.0,0.02735022791856599,False,False,False
train_000107,train,0.0,134,134,POL aMC1,POL,POL,aMC,1,1.0,,2000.0,60.0,0.382640326950181,1.6523803129026535,-0.8345361165226762,43.391814310657516,314.9408721923828,0.0,0.029441912015933467,False,False,False
train_000107,train,0.0,135,135,POL aMC2,POL,POL,aMC,2,2.0,,2000.0,60.0,-0.045682941796912804,1.7923813713420227,-1.4681122087650746,46.93180044399841,294.23756408691406,0.0,0.023900199168326402,False,False,False
train_000107,train,0.0,136,136,POL aMC3,POL,POL,aMC,3,3.0,,2000.0,60.0,0.04747880456961451,0.9440992393879216,-1.0290248175958365,61.236521657107126,306.0543518066406,0.0,0.02663355527962733,False,False,False
train_000107,train,0.0,137,137,POL aMC4,POL,POL,aMC,4,4.0,,2000.0,60.0,-0.23822252858730836,1.6993538780068533,-1.0181508408872855,38.71623743532812,340.0385284423828,0.0,0.03127526062717189,False,False,False
train_000107,train,0.0,138,138,POL aMC5,POL,POL,aMC,5,5.0,,2000.0,60.0,-0.4286304415089362,1.7563919792340807,-0.9370693275046055,42.47681501978298,364.0619201660156,0.0,0.03226693555779631,False,False,False
train_000107,train,0.0,139,139,POL aMC6,POL,POL,aMC,6,6.0,,2000.0,60.0,-0.3242419196212821,1.6999376446776495,-0.8700663364541972,34.7966426305157,282.6165313720703,0.0,0.03155026291885766,False,False,False
train_000107,train,0.0,140,140,POL aMC7,POL,POL,aMC,7,7.0,,2000.0,60.0,-0.21252719243171234,1.763023070745132,-0.9188637555277847,35.92514938730513,276.2693328857422,0.0,0.03170026416886807,False,False,False
train_000107,train,0.0,141,141,POL aMC8,POL,POL,aMC,8,8.0,,2000.0,60.0,-0.1527023215398988,1.6841649207304241,-0.6954167102099883,35.118028027520396,287.59742736816406,0.0,0.02952524604371703,False,False,False
train_000107,train,0.0,142,142,POL aMC9,POL,POL,aMC,9,9.0,,2000.0,60.0,-0.09397982934190217,1.7145246101542286,-0.7533358355477154,46.38901515996459,345.31202697753906,0.0,0.02875023958532988,False,False,False
train_000107,train,0.0,143,143,POL aMC10,POL,POL,aMC,10,10.0,,2000.0,60.0,0.08135400185654883,1.5730785764513717,-0.6200394141536111,46.85140004822656,299.7069091796875,0.0,0.031600263335527796,False,False,False
train_000107,train,0.0,144,144,POL aMC11,POL,POL,aMC,11,11.0,,2000.0,60.0,0.32917042762331394,1.6610213393750168,1.8644108583833479,28.93753314958885,287.7926025390625,0.0,0.03080859007158393,False,False,False
train_000107,train,0.0,145,145,POL aMC12,POL,POL,aMC,12,12.0,,2000.0,60.0,0.4626688841799514,1.8047096705798666,1.9757403269780796,20.141963689128907,216.2105255126953,0.0,0.038700322502687526,False,False,False
train_000107,train,0.0,146,146,POL aMC13,POL,POL,aMC,13,13.0,,2000.0,60.0,1.1870780691750018,1.7926740044479987,3.7662844712297505,7.940796082899451,123.82802200317383,0.0,0.0486254052117101,False,False,False
train_000107,train,0.0,147,147,POL AC1,POL,POL,AC,1,1.0,,2000.0,60.0,0.13987733501820418,1.587318395766033,0.9613317573227986,75.0409254129147,550.8787536621094,0.0,0.02379186493220777,False,False,False
train_000107,train,0.0,148,148,POL AC2,POL,POL,AC,2,2.0,,2000.0,60.0,-0.1985392062445462,1.7953689302362383,0.8815324720105228,48.2832446980203,373.3394775390625,0.0,0.024750206251718764,False,False,False
train_000107,train,0.0,149,149,POL AC3,POL,POL,AC,3,3.0,,2000.0,60.0,0.008114809131180314,1.9590557387256675,0.9386332049992386,54.54680637018584,385.5462341308594,0.0,0.022633521946016217,False,False,False
train_000107,train,0.0,150,150,POL AC4,POL,POL,AC,4,4.0,,2000.0,60.0,-0.4460173318714284,2.1138511982045936,0.8605223692490638,44.9180695690547,343.2615203857422,0.0,0.028091900765839714,False,False,False
train_000107,train,0.0,151,151,POL AC5,POL,POL,AC,5,5.0,,2000.0,60.0,0.5132468146355758,1.9720551397560988,0.9402098742406373,53.51886522134858,374.0227813720703,0.0,0.0282669022241852,False,False,False
train_000107,train,0.0,152,152,POL AC6,POL,POL,AC,6,6.0,,2000.0,60.0,0.06318613188344037,1.790882812739807,1.0777295571540348,39.4112126683269,356.83580017089844,0.0,0.03199193326611055,False,False,False
train_000107,train,0.0,153,153,POL AC7,POL,POL,AC,7,7.0,,2000.0,60.0,0.12030417855461725,1.4996569658493755,1.2657920047183182,44.39477913556135,405.7609405517578,0.0,0.030375253127109394,False,False,False
train_000107,train,0.0,154,154,POL AC8,POL,POL,AC,8,8.0,,2000.0,60.0,0.0868066947608182,1.5481986627380744,1.2282592476442475,41.31149069596582,422.8511047363281,0.0,0.03033358611321761,False,False,False
train_000107,train,0.0,155,155,POL AC9,POL,POL,AC,9,9.0,,2000.0,60.0,0.17317539928061765,1.6355760522524478,1.3457662391247265,39.551547761432815,381.93310546875,0.0,0.0314085950716256,False,False,False
train_000107,train,0.0,156,156,POL AC10,POL,POL,AC,10,10.0,,2000.0,60.0,0.10795539936416657,1.8327616403389042,1.2432299047498867,34.830117194071455,358.5934753417969,0.0,0.030941924516037635,False,False,False
train_000107,train,0.0,157,157,POL AC11,POL,POL,AC,11,11.0,,2000.0,60.0,-0.2071049506041012,1.9662183214430846,1.3229319613189883,38.57732231116001,362.98780822753906,0.0,0.030800256668805575,False,False,False
train_000107,train,0.0,158,158,POL AC12,POL,POL,AC,12,12.0,,2000.0,60.0,-0.15340579104189145,2.001502688845596,1.3909628777063419,39.67274227739187,394.4331970214844,0.0,0.02962524687705731,False,False,False
train_000107,train,0.0,159,159,POL AC13,POL,POL,AC,13,13.0,,2000.0,60.0,-0.32231136129171434,2.11776801816674,1.4746468222864084,40.16516928168939,457.51881408691406,0.0,0.02835856965474712,False,False,False
train_000107,train,0.0,160,160,POL AC14,POL,POL,AC,14,14.0,,2000.0,60.0,-0.15477701287714624,1.9819300088387348,1.5563924091212222,45.88909404326438,518.9449462890625,0.0,0.026250218751822933,False,False,False
train_000107,train,0.0,161,161,POL AC15,POL,POL,AC,15,15.0,,2000.0,60.0,-0.15771959045073478,1.9879756679631122,1.712357122402871,36.53250325878333,417.3822937011719,0.0,0.02871690597421645,False,False,False
train_000107,train,0.0,162,162,POL AC16,POL,POL,AC,16,16.0,,2000.0,60.0,-0.317252413382513,2.082449835561485,1.7160025566468382,20.464561667165558,271.7767333984375,0.0,0.03451695430795257,False,False,False
train_000107,train,0.0,163,163,EEG PO1-Ref,EEG,EEG ...-Ref,PO,1,1.0,-Ref,2000.0,60.0,-0.7862075062336416,1.828262872527414,0.9620083483470315,47.4431037950088,448.33935546875,0.0,0.026741889515745965,False,False,False
train_000107,train,0.0,164,164,EEG PO2-Ref,EEG,EEG ...-Ref,PO,2,2.0,-Ref,2000.0,60.0,-0.7019131124524849,1.839934571672366,0.984480596943125,40.370807618994846,403.51475524902344,0.0,0.02820023500195835,False,False,False
train_000107,train,0.0,165,165,EEG PO3-Ref,EEG,EEG ...-Ref,PO,3,3.0,-Ref,2000.0,60.0,-0.2717558519158381,2.0482116608334717,1.0207606375545284,47.763533314772445,340.1362762451172,0.0,0.033100275835631965,False,False,False
train_000107,train,0.0,166,166,EEG PO4-Ref,EEG,EEG ...-Ref,PO,4,4.0,-Ref,2000.0,60.0,-0.36632510847891386,2.0156055084890214,1.1040759026092652,59.667379584699816,367.0896759033203,0.0,0.03303360861340511,False,False,False
train_000107,train,0.0,167,167,EEG PO5-Ref,EEG,EEG ...-Ref,PO,5,5.0,-Ref,2000.0,60.0,0.32524207473762384,1.6078360764988404,1.101593731296148,43.7391159497707,318.065673828125,0.0,0.029258577154809624,False,False,False
train_000107,train,0.0,168,168,EEG PO6-Ref,EEG,EEG ...-Ref,PO,6,6.0,-Ref,2000.0,60.0,0.03233229839825518,1.6395447173341469,1.13060866598274,60.83849776382924,318.7494354248047,0.0,0.028950241252010435,False,False,False
train_000107,train,0.0,169,169,EEG PO7-Ref,EEG,EEG ...-Ref,PO,7,7.0,-Ref,2000.0,60.0,-0.04095979814414111,1.8273204569737667,1.1906139464686658,87.57231426298718,424.2186584472656,0.0,0.03097525812715106,False,False,False
train_000107,train,0.0,170,170,EEG PO8-Ref,EEG,EEG ...-Ref,PO,8,8.0,-Ref,2000.0,60.0,15.505219432223281,-0.04402855491119813,1.1858140868999925,199.59125572112106,4736.1324462890625,0.0,0.005675047292060767,True,False,False
train_000107,train,0.0,171,171,EEG PO9-Ref,EEG,EEG ...-Ref,PO,9,9.0,-Ref,2000.0,60.0,-0.47692042646822597,1.5569865618851728,1.2317936260074194,81.88589392451698,459.08155822753906,0.0,0.02789189909915916,False,False,False
train_000107,train,0.0,172,172,EEG PO10-Ref,EEG,EEG ...-Ref,PO,10,10.0,-Ref,2000.0,60.0,16.040971871898293,-0.21932609652857105,1.4105866914302139,260.5040156032971,5945.800537109375,0.0,0.004416703472528938,True,False,False
train_000107,train,0.0,173,173,POL PO11,POL,POL,PO,11,11.0,,2000.0,60.0,15.869426291247128,-0.24850785753083912,1.4659099653582028,265.47523095028066,5979.00341796875,0.0,0.004833373611446762,True,False,False
train_000107,train,0.0,174,174,POL PO12,POL,POL,PO,12,12.0,,2000.0,60.0,22.330693238272836,8.186989801171048,12.869193884733578,25.818495513360688,607.4217071533203,0.0,0.01126676055633797,True,True,False
train_000107,train,0.0,175,175,POL PO13,POL,POL,PO,13,13.0,,2000.0,60.0,22.54784462807966,8.416894828997753,13.029200312936505,24.613928118717617,574.51171875,0.0,0.010950091250760423,True,True,False
train_000107,train,0.0,176,176,POL PO14,POL,POL,PO,14,14.0,,2000.0,60.0,21.66200301233975,7.402756244392594,12.003656237895255,26.86066018273369,652.1483154296875,0.0,0.011083425695214127,True,True,False
train_000107,train,0.0,177,177,POL PO15,POL,POL,PO,15,15.0,,2000.0,60.0,21.224876324967642,6.494504526386549,10.602600502172601,25.203875897469164,604.1013641357422,0.0,0.011833431945266211,True,True,False
train_000107,train,0.0,178,178,POL PO16,POL,POL,PO,16,16.0,,2000.0,60.0,0.11417360745686596,0.621045413544095,1.7816657897719157,58.336293262613694,378.02708435058594,0.0,0.016941807848398736,False,False,False
train_000119,train,0.0,0,0,EEG A1-Ref,EEG,EEG ...-Ref,A,1,1.0,-Ref,2000.0,60.0,3.9467015030771124,2.2856982007908657,18.065689398021945,84.48752917492183,620.9957275390625,0.0,0.034133617780148166,False,False,False
train_000119,train,0.0,1,1,EEG A2-Ref,EEG,EEG ...-Ref,A,2,2.0,-Ref,2000.0,60.0,6.413632704538127,2.977945685223565,19.993029375273228,72.66670650540254,564.9392395019531,0.0,0.039458662155517965,False,False,False
train_000119,train,0.0,2,2,POL A3,POL,POL,A,3,3.0,,2000.0,60.0,7.573156414103708,3.763218912451342,21.029938270251208,63.42325372068811,464.0616912841797,0.0,0.04087534062783856,False,False,False
train_000119,train,0.0,3,3,POL A4,POL,POL,A,4,4.0,,2000.0,60.0,10.400014209991168,5.771490994836932,22.964575321613513,60.141532873714894,405.85931396484375,0.0,0.04383369861415512,True,False,False
train_000119,train,0.0,4,4,POL A5,POL,POL,A,5,5.0,,2000.0,60.0,10.807435594916493,5.73359314653087,22.59283329657886,64.55096180945802,418.0663299560547,0.0,0.04230868590571588,True,False,False
train_000119,train,0.0,5,5,POL A6,POL,POL,A,6,6.0,,2000.0,60.0,8.934253614656742,5.129319056558462,22.67673983258227,71.74469569694409,425.2924346923828,0.0,0.04275868965574713,False,False,False
train_000119,train,0.0,6,6,POL A7,POL,POL,A,7,7.0,,2000.0,60.0,20.054968172840148,2.1013530417516786,17.93456449640161,80.58475784898268,485.0583801269531,0.0,0.027600230001916682,True,True,False
train_000119,train,0.0,7,7,POL A8,POL,POL,A,8,8.0,,2000.0,60.0,12.195746208425827,6.2869836182065235,25.544084716912394,86.32302994398114,537.0115203857422,0.0,0.04490870757256311,True,False,False
train_000119,train,0.0,8,8,POL A9,POL,POL,A,9,9.0,,2000.0,60.0,11.75277852934662,5.998786912686336,24.568566278227316,82.99127937579397,565.4293518066406,0.0,0.04641705347544563,True,False,False
train_000119,train,0.0,9,9,POL A10,POL,POL,A,10,10.0,,2000.0,60.0,13.770978645905572,5.893116554204419,26.249961775632183,69.76760154730677,548.3396301269531,0.0,0.048200401670013916,True,False,False
train_000119,train,0.0,10,10,POL B1,POL,POL,B,1,1.0,,2000.0,60.0,1.8236841568673734,1.0665341626260407,13.199220152767268,99.0787575843534,1342.282958984375,0.0,0.029208576738139484,False,False,False
train_000119,train,0.0,11,11,POL B2,POL,POL,B,2,2.0,,2000.0,60.0,4.022611803485998,3.912469279562864,17.466871436396655,61.202652775731934,462.4998474121094,0.0,0.04165034708622572,False,False,False
train_000119,train,0.0,12,12,POL B3,POL,POL,B,3,3.0,,2000.0,60.0,2.1454827651836554,1.839607671157112,13.119200362917079,65.7342377558069,498.33973693847656,0.0,0.03896699139159493,False,False,False
train_000119,train,0.0,13,13,POL B4,POL,POL,B,4,4.0,,2000.0,60.0,4.038552392136957,3.659134676698204,16.2226869660311,68.03407953983933,525.3902435302734,0.0,0.04090034083617364,False,False,False
train_000119,train,0.0,14,14,POL B5,POL,POL,B,5,5.0,,2000.0,60.0,5.226734465766324,4.941267886145636,17.841987429711104,80.48130274084987,526.1716613769531,0.0,0.04655872132267769,False,False,False
train_000119,train,0.0,15,15,POL B6,POL,POL,B,6,6.0,,2000.0,60.0,5.690061806065266,5.547834086982375,18.34754698692868,101.83560391052208,598.4374389648438,0.0,0.04770873090609088,False,False,False
train_000119,train,0.0,16,16,POL B7,POL,POL,B,7,7.0,,2000.0,60.0,5.531155427369922,4.193716899753498,16.715639136378787,119.51928771699029,748.1440734863281,0.0,0.045383711530929426,False,False,False
train_000119,train,0.0,17,17,POL B8,POL,POL,B,8,8.0,,2000.0,60.0,4.868361557221203,4.425240580159236,17.812868493716273,123.83419517427679,774.8042602539062,0.0,0.047175393128276066,False,False,False
train_000119,train,0.0,18,18,POL B9,POL,POL,B,9,9.0,,2000.0,60.0,5.578312550526095,4.675734652352098,17.688559587835503,105.888087222643,679.1013946533203,0.0,0.05238376986474887,False,False,False
train_000119,train,0.0,19,19,POL B10,POL,POL,B,10,10.0,,2000.0,60.0,6.030281472448528,4.427780689683914,17.53980947490919,73.37405433342387,547.0700836181641,0.0,0.06015050125417712,False,False,False
train_000119,train,0.0,20,20,POL B11,POL,POL,B,11,11.0,,2000.0,60.0,13.656276512839868,7.487321052647998,19.21176381796507,53.488792826643255,421.48423767089844,0.0,0.0658588821573513,True,False,False
train_000119,train,0.0,21,21,POL A11,POL,POL,A,11,11.0,,2000.0,60.0,31.045847602995412,18.519139710656766,23.104727654303435,64.2557325857506,558.9839477539062,0.0,0.01690847423728531,True,True,True
train_000119,train,0.0,22,22,POL A12,POL,POL,A,12,12.0,,2000.0,60.0,12.78708558037813,5.321385957552306,24.963051777739963,58.34374845440774,485.8395690917969,0.0,0.05615046792056601,True,False,False
train_000119,train,0.0,23,23,POL U1,POL,POL,U,1,1.0,,2000.0,60.0,0.4979506354871397,2.264576215864505,3.9950875189110024,95.36949053125207,766.3067932128906,0.0,0.036041967016391806,False,False,False
train_000119,train,0.0,24,24,POL U2,POL,POL,U,2,2.0,,2000.0,60.0,0.986743053736543,1.2397945142539104,2.994664209964853,128.54841847361644,1148.24169921875,0.0,0.03105025875215627,False,False,False
train_000119,train,0.0,25,25,POL U3,POL,POL,U,3,3.0,,2000.0,60.0,-0.3710084284275001,1.5267504648695525,2.924620643298482,150.7285463357609,1244.2362976074219,0.0,0.03035858632155268,False,False,False
train_000119,train,0.0,26,26,POL U4,POL,POL,U,4,4.0,,2000.0,60.0,0.7484674352493527,1.2240918837683532,1.7729908480166168,157.10078398735004,1000.0957336425781,0.0,0.02979191493262444,False,False,False
train_000119,train,0.0,27,27,POL U5,POL,POL,U,5,5.0,,2000.0,60.0,0.9388993502035241,2.0004499111843965,4.3262033051438245,112.85093627655057,760.4490661621094,0.0,0.03880865673880616,False,False,False
train_000119,train,0.0,28,28,POL U6,POL,POL,U,6,6.0,,2000.0,60.0,0.655433667385046,2.6397845694929236,4.088336101721175,73.16344003537772,525.0958709716797,0.0,0.048058733822781856,False,False,False
train_000119,train,0.0,29,29,POL U7,POL,POL,U,7,7.0,,2000.0,60.0,0.3620526592565821,3.4330386927949914,6.06478057307645,44.54932567866253,321.1913604736328,0.0,0.05631713597613314,False,False,False
train_000119,train,0.0,30,30,POL U8,POL,POL,U,8,8.0,,2000.0,60.0,0.6032522110509152,4.151900072014209,10.023683471048637,20.091127455480823,163.5741424560547,0.0,0.06750056250468754,False,False,False
train_000119,train,0.0,31,31,POL T1,POL,POL,T,1,1.0,,2000.0,60.0,4.40994686474313,3.259624590219201,15.46089685483973,54.255978271525024,382.1287841796875,0.0,0.036366969724747705,False,False,False
train_000119,train,0.0,32,32,POL T2,POL,POL,T,2,2.0,,2000.0,60.0,6.504227962025998,4.763968102646665,18.112642999416785,49.50084904204175,349.0232849121094,0.0,0.03659197159976333,False,False,False
train_000119,train,0.0,33,33,EEG T3-Ref,EEG,EEG ...-Ref,T,3,3.0,-Ref,2000.0,60.0,3.9401590546991834,3.5403353771426973,17.41112065122582,55.78819942842848,370.11692810058594,0.0,0.04295869132242769,False,False,False
train_000119,train,0.0,34,34,EEG T4-Ref,EEG,EEG ...-Ref,T,4,4.0,-Ref,2000.0,60.0,1.7846259603963603,0.5931093301847937,12.15607895214967,110.39234553680565,958.5908508300781,0.0,0.02938357819648497,False,False,False
train_000119,train,0.0,35,35,EEG T5-Ref,EEG,EEG ...-Ref,T,5,5.0,-Ref,2000.0,60.0,1.924470831593155,1.409307084873472,12.779770408835622,78.62286977436526,667.9664611816406,0.0,0.030825256877140644,False,False,False
train_000119,train,0.0,36,36,POL DC01,POL,POL,DC,01,1.0,,2000.0,60.0,-0.04517970999641948,-0.17684727508275672,0.2444408385256701,75.0369276333888,732.6002807617188,0.0,0.9298494154117951,False,False,False
train_000119,train,0.0,37,37,POL DC02,POL,POL,DC,02,2.0,,2000.0,60.0,0.07931800069904947,-1.242809616290443,0.120766063993373,117.30135674958628,732.5999755859375,2.5e-05,0.8416653472112268,False,False,False
train_000119,train,0.0,38,38,POL DC03,POL,POL,DC,03,3.0,,2000.0,60.0,-0.4371673415965356,-1.1698398046349543,-0.0014814467620938745,34.24304657920467,732.5999755859375,0.0035833333333333333,0.9838831990266586,False,False,False
train_000119,train,0.0,39,39,POL DC04,POL,POL,DC,04,4.0,,2000.0,60.0,-0.18240010651215616,0.9604517652029564,-0.039883340458846735,76.67101214180256,732.5999755859375,0.00014166666666666668,0.9280910674255619,False,False,False
train_000119,train,0.0,40,40,POL DC05,POL,POL,DC,05,5.0,,2000.0,60.0,0.12729856650009136,0.421359094913761,-0.5208086180956178,183.13545283603182,366.3001377929759,0.0,0.653138776156468,False,False,False
train_000119,train,0.0,41,41,POL DC06,POL,POL,DC,06,6.0,,2000.0,60.0,0.12002767703433566,0.39439177100605954,-0.28249865456993517,102.04093727428226,732.6002807617188,0.0,0.8766823056858807,False,False,False
train_000119,train,0.0,42,42,POL DC07,POL,POL,DC,07,7.0,,2000.0,60.0,-0.6634008249074548,-0.02563562107303437,-0.27323454452152984,118.81986779280084,732.6002807617188,0.0,0.8371653097109143,False,False,False
train_000119,train,0.0,43,43,POL DC08,POL,POL,DC,08,8.0,,2000.0,60.0,0.17289857047269483,-0.6445077453002923,-0.37231284588526736,145.57067470909246,366.3001377929759,0.0,0.7675313960949675,False,False,False
train_000119,train,0.0,44,44,POL DC09,POL,POL,DC,09,9.0,,2000.0,60.0,1.3697944621505327,0.3279949324287723,0.7241642167856832,36.37217765811178,732.5999755859375,0.006891666666666667,0.9821831848598739,False,False,False
train_000119,train,0.0,45,45,POL DC10,POL,POL,DC,10,10.0,,2000.0,60.0,1.0706759422710024,-0.24155759748209266,0.3557287172010326,104.63975773202569,732.5999755859375,0.08953333333333334,0.870798923324361,False,False,False
train_000119,train,0.0,46,46,POL DC11,POL,POL,DC,11,11.0,,2000.0,60.0,0.28997835765214885,0.6343730580299033,-0.5618434418708239,183.05852792826443,366.29998779296875,0.4842,0.6524637705314211,False,False,False
train_000119,train,0.0,47,47,POL DC12,POL,POL,DC,12,12.0,,2000.0,60.0,-0.005090845637146488,0.4248085673043165,-0.7039494782744806,36.53523885436392,732.6002807617188,0.0,0.9813665113875949,False,False,False
train_000119,train,0.0,48,48,POL DC13,POL,POL,DC,13,13.0,,2000.0,60.0,0.642914613536255,-0.21257812676941604,0.02502652165915349,55.05122211541028,732.5999755859375,0.022383333333333335,0.9609830081917349,False,False,False
train_000119,train,0.0,49,49,POL DC14,POL,POL,DC,14,14.0,,2000.0,60.0,-0.062474563916373106,0.6835033604997491,-0.12942525552118672,182.49165932092822,366.3001377929759,0.0,0.651247093725781,False,False,False
train_000119,train,0.0,50,50,POL DC15,POL,POL,DC,15,15.0,,2000.0,60.0,-0.31303927225665584,0.8340711340489402,0.9637187025260063,139.61894870700797,366.29998779296875,0.0,0.7815648463737198,False,False,False
train_000119,train,0.0,51,51,POL DC16,POL,POL,DC,16,16.0,,2000.0,60.0,0.41909699780334597,0.7152285428602301,-0.5522156761597583,52.66725463953764,732.5999755859375,0.020341666666666668,0.9634663622196852,False,False,False
train_000119,train,0.0,52,52,EEG T6-Ref,EEG,EEG ...-Ref,T,6,6.0,-Ref,2000.0,60.0,0.8738636395046573,1.4195836512318167,11.212128011424252,82.08123682257654,646.7755126953125,0.0,0.02938357819648497,False,False,False
train_000119,train,0.0,53,53,EEG T7-Ref,EEG,EEG ...-Ref,T,7,7.0,-Ref,2000.0,60.0,1.8325356135792332,1.1407359299583433,12.822851355541346,115.00604151181986,836.1305236816406,0.0,0.029066908890907423,False,False,False
train_000119,train,0.0,54,54,EEG T8-Ref,EEG,EEG ...-Ref,T,8,8.0,-Ref,2000.0,60.0,0.9944495317899669,0.9597846088950311,11.61101696993206,102.07439415156126,729.2945556640625,0.0,0.02985858215485129,False,False,False
train_000119,train,0.0,55,55,EEG T9-Ref,EEG,EEG ...-Ref,T,9,9.0,-Ref,2000.0,60.0,0.7575755247887,1.7904620919818273,11.983445716529154,70.9488390862572,462.3044891357422,0.0,0.030083584029866915,False,False,False
train_000119,train,0.0,56,56,EEG T10-Ref,EEG,EEG ...-Ref,T,10,10.0,-Ref,2000.0,60.0,2.462108976515215,3.0160485597822166,15.374371265510721,74.73853675279983,591.9920654296875,0.0,0.04310035916965975,False,False,False
train_000119,train,0.0,57,57,POL T11,POL,POL,T,11,11.0,,2000.0,60.0,4.801971917937882,4.053689779078088,17.160162713044393,44.76999304795842,369.2379913330078,0.0,0.0531837765314711,False,False,False
train_000119,train,0.0,58,58,POL T12,POL,POL,T,12,12.0,,2000.0,60.0,13.71759654290372,8.244739351182691,22.77774366014868,31.210072747545624,222.4607391357422,0.0,0.07608396736639472,True,False,False
train_000119,train,0.0,59,59,POL J1,POL,POL,J,1,1.0,,2000.0,60.0,12.87571737302746,3.192865097631719,28.523672113134424,112.55344371264836,666.2108459472656,0.0,0.03609196743306194,True,False,False
train_000119,train,0.0,60,60,POL J2,POL,POL,J,2,2.0,,2000.0,60.0,15.481267628986677,3.347802369668449,28.94406565308891,131.77821113514608,769.3354187011719,0.0,0.03510029250243752,True,False,False
train_000119,train,0.0,61,61,POL J3,POL,POL,J,3,3.0,,2000.0,60.0,14.371223347851705,3.6395029777228123,28.541531920620884,149.44172495704052,829.7818603515625,0.0,0.03438361986349886,True,False,False
train_000119,train,0.0,62,62,POL J4,POL,POL,J,4,4.0,,2000.0,60.0,13.278704490572126,2.7858154409271534,28.05692000395188,172.62628913785008,952.6361694335938,0.0,0.032500270835590296,True,False,False
train_000119,train,0.0,63,63,POL J5,POL,POL,J,5,5.0,,2000.0,60.0,13.235302999752394,2.193416133031331,27.186062916253913,143.08449348021216,779.0021057128906,0.0,0.0346836223635197,True,False,False
train_000119,train,0.0,64,64,POL J6,POL,POL,J,6,6.0,,2000.0,60.0,15.82358424912687,3.271942454060489,30.460148404845157,36.35240276995598,278.7108917236328,0.0,0.04575871465595547,True,False,False
train_000119,train,0.0,65,65,POL J7,POL,POL,J,7,7.0,,2000.0,60.0,29.099927802379373,9.88663032750831,36.32285931778818,31.97576382131449,221.1911392211914,0.0,0.05375044792039934,True,True,False
train_000119,train,0.0,66,66,POL K1,POL,POL,K,1,1.0,,2000.0,60.0,11.734886596963246,1.4861977673760849,24.7992337580806,70.52216838522472,507.22650146484375,0.0,0.03410028416903474,True,False,False
train_000119,train,0.0,67,67,POL K2,POL,POL,K,2,2.0,,2000.0,60.0,11.121781841764866,0.8212609303481286,25.271122951605946,92.80360396583009,598.9233551025391,0.0,0.03327527729397745,True,False,False
train_000119,train,0.0,68,68,POL K3,POL,POL,K,3,3.0,,2000.0,60.0,10.78943597650975,1.8029538369479106,25.253030751922523,119.17905807710753,794.2354736328125,0.0,0.03170859757164643,True,False,False
train_000119,train,0.0,69,69,POL K4,POL,POL,K,4,4.0,,2000.0,60.0,13.453334338872374,2.199962931110095,27.028633009825445,123.95341613200902,834.8616638183594,0.0,0.03496695805798382,True,False,False
train_000119,train,0.0,70,70,POL K5,POL,POL,K,5,5.0,,2000.0,60.0,14.237137806137126,1.6916113693236334,27.391117787394723,120.06953875868143,836.3267517089844,0.0,0.035333627780231504,True,False,False
train_000119,train,0.0,71,71,POL K6,POL,POL,K,6,6.0,,2000.0,60.0,12.928471302687994,1.7719987972413955,27.001819432737875,107.31046225199877,774.6078491210938,0.0,0.03599196659972166,True,False,False
train_000119,train,0.0,72,72,POL K7,POL,POL,K,7,7.0,,2000.0,60.0,14.032923174133138,2.004452577810341,27.99029305478644,79.27930815269656,633.1046142578125,0.0,0.039041992016600136,True,False,False
train_000119,train,0.0,73,73,POL K8,POL,POL,K,8,8.0,,2000.0,60.0,15.705301004038484,2.6275300970564412,29.789989277506216,50.132638966773555,416.6015319824219,0.0,0.04298369153076276,True,False,False
train_000119,train,0.0,74,74,POL L1,POL,POL,L,1,1.0,,2000.0,60.0,14.987047123250576,0.7809993462047431,29.319401430764724,58.13597563626902,459.374755859375,0.0,0.02777523146026217,True,False,False
train_000119,train,0.0,75,75,POL L2,POL,POL,L,2,2.0,,2000.0,60.0,13.493148556965522,0.32135876915320943,27.72187966840695,73.70132933484341,703.7103881835938,0.0,0.025441878682322353,True,False,False
train_000119,train,0.0,76,76,POL L3,POL,POL,L,3,3.0,,2000.0,60.0,13.475441996143607,1.1313006352503956,28.225020425873147,78.29370938795853,762.2060546875,0.0,0.02504187534896124,True,False,False
train_000119,train,0.0,77,77,POL L4,POL,POL,L,4,4.0,,2000.0,60.0,17.188438171859783,1.9284100320776665,30.862237874659733,96.80603614074636,722.6558837890625,0.0,0.02767523062692189,True,False,False
train_000119,train,0.0,78,78,POL L5,POL,POL,L,5,5.0,,2000.0,60.0,17.740508391811222,2.105331349062297,32.81436732714868,103.78429319089705,748.0456848144531,0.0,0.027008558404653372,True,False,False
train_000119,train,0.0,79,79,POL L6,POL,POL,L,6,6.0,,2000.0,60.0,16.963739368401797,1.1734549665906566,31.305198381402516,98.75728665783006,692.6735534667969,0.0,0.02940857840482004,True,False,False
train_000119,train,0.0,80,80,POL L7,POL,POL,L,7,7.0,,2000.0,60.0,37.24948722355079,16.795892042714275,46.60510466029484,82.0324694765967,654.2965393066406,0.0,0.0060250502087517395,True,True,True
train_000119,train,0.0,81,81,POL L8,POL,POL,L,8,8.0,,2000.0,60.0,44.705787085691824,22.575014857461305,47.70889521094215,74.28775789411678,514.4527893066406,0.0,0.005566713055942133,True,True,True
train_000119,train,0.0,82,82,EEG M1-Ref,EEG,EEG ...-Ref,M,1,1.0,-Ref,2000.0,60.0,35.52245757462216,11.946810086203607,42.43694940393106,60.92585441291651,502.92945861816406,0.0,0.006958391319927666,True,True,True
train_000119,train,0.0,83,83,EEG M2-Ref,EEG,EEG ...-Ref,M,2,2.0,-Ref,2000.0,60.0,37.22629426877881,13.320565986076168,42.30540551481397,63.80469139644875,520.6053161621094,0.0,0.00709172576438137,True,True,True
train_000119,train,0.0,84,84,POL M3,POL,POL,M,3,3.0,,2000.0,60.0,35.7254114366084,13.509333836980332,43.721842314063494,67.30481382329057,540.5270233154297,0.0,0.007033391944932874,True,True,True
train_000119,train,0.0,85,85,POL M4,POL,POL,M,4,4.0,,2000.0,60.0,33.39547545295361,11.811404776996735,43.05862119072637,65.96027265836072,558.0077514648438,0.0,0.0068417236810306755,True,True,True
train_000119,train,0.0,86,86,POL M5,POL,POL,M,5,5.0,,2000.0,60.0,32.209417676074175,10.748023332667003,41.96915783867118,69.80233074306261,661.4257202148438,0.0,0.006441720347669564,True,True,True
train_000119,train,0.0,87,87,POL M6,POL,POL,M,6,6.0,,2000.0,60.0,31.38603112943965,10.064610245098502,40.993435111301366,76.69473600660268,792.0884704589844,0.0,0.006883390694922458,True,True,True
train_000119,train,0.0,88,88,POL M7,POL,POL,M,7,7.0,,2000.0,60.0,30.85741755815805,10.26122666125897,41.23065076168235,78.65724939511449,893.7484741210938,0.0,0.0062500520837673644,True,True,True
train_000119,train,0.0,89,89,POL M8,POL,POL,M,8,8.0,,2000.0,60.0,31.45092618938436,10.61960152086182,41.776735078414916,77.18122411597415,858.6894836425781,0.0,0.006933391111592597,True,True,True
train_000119,train,0.0,90,90,POL M9,POL,POL,M,9,9.0,,2000.0,60.0,33.76012359250103,12.06766280523183,42.90124936299277,56.68945866661032,462.597412109375,0.0,0.006150051250427087,True,True,True
train_000119,train,0.0,91,91,POL N1,POL,POL,N,1,1.0,,2000.0,60.0,32.39443663586233,10.584741285755992,42.016586957940106,53.56993192708722,457.51942443847656,0.0,0.007041725347711231,True,True,True
train_000119,train,0.0,92,92,POL N2,POL,POL,N,2,2.0,,2000.0,60.0,31.175886603500924,9.695717471327042,41.23078234919237,57.67283541011574,554.7848968505859,0.0,0.006866723889365745,True,True,False
train_000119,train,0.0,93,93,POL N3,POL,POL,N,3,3.0,,2000.0,60.0,30.417128655512478,9.811048548777732,41.35800895290358,61.04107572792942,625.0974731445312,0.0,0.006908390903257527,True,True,False
train_000119,train,0.0,94,94,POL N4,POL,POL,N,4,4.0,,2000.0,60.0,30.744677672261332,10.48806746243211,41.68374558241445,62.51142572131501,652.8319396972656,0.0,0.006816723472695606,True,True,True
train_000119,train,0.0,95,95,POL N5,POL,POL,N,5,5.0,,2000.0,60.0,31.09772501545891,11.020228915268582,41.80503046231159,62.141143810126096,636.8162078857422,0.0,0.006425053542112851,True,True,True
train_000119,train,0.0,96,96,POL N6,POL,POL,N,6,6.0,,2000.0,60.0,31.297522825524457,11.56503054668323,42.177315939008295,61.71049193797288,590.1365051269531,0.0,0.0067917232643605364,True,True,True
train_000119,train,0.0,97,97,POL N7,POL,POL,N,7,7.0,,2000.0,60.0,31.74247051055516,11.920295563192827,42.39309384315894,59.526141779383074,527.0504302978516,0.0,0.006675055625463546,True,True,True
train_000119,train,0.0,98,98,POL N8,POL,POL,N,8,8.0,,2000.0,60.0,32.779841265200396,12.864618040388372,43.38917403661826,45.577859393201415,341.30828857421875,0.0,0.006800056667138893,True,True,True
train_000119,train,0.0,99,99,POL N9,POL,POL,N,9,9.0,,2000.0,60.0,42.86261490664687,18.935526706561905,45.94619970032384,40.88051062650946,285.2536849975586,0.0,0.005958382986524888,True,True,True
train_000119,train,0.0,100,100,EEG P1-Ref,EEG,EEG ...-Ref,P,1,1.0,-Ref,2000.0,60.0,31.514360815269782,10.416330846776638,41.04479751145269,50.28496771706062,399.7069091796875,0.0,0.006966724722706022,True,True,True
train_000119,train,0.0,101,101,EEG P2-Ref,EEG,EEG ...-Ref,P,2,2.0,-Ref,2000.0,60.0,33.02300681310272,11.610345661652172,42.62980793658098,51.322912264457024,426.757568359375,0.0,0.006291719097659148,True,True,True
train_000119,train,0.0,102,102,EEG P3-Ref,EEG,EEG ...-Ref,P,3,3.0,-Ref,2000.0,60.0,31.12819157219386,10.674647696117454,41.71522086912528,54.19475374704488,450.09620666503906,0.0,0.00675838965324711,True,True,True
train_000119,train,0.0,103,103,EEG P4-Ref,EEG,EEG ...-Ref,P,4,4.0,-Ref,2000.0,60.0,29.765601663815655,9.661043765848001,41.44520680899974,58.648301096826366,504.10108947753906,0.0,0.0065750547921232675,True,True,False
train_000119,train,0.0,104,104,EEG P5-Ref,EEG,EEG ...-Ref,P,5,5.0,-Ref,2000.0,60.0,28.58352278111482,8.649056318156868,40.675119780957864,67.38840954622778,533.5915832519531,0.0,0.006641722014350119,True,True,False
train_000119,train,0.0,105,105,EEG P6-Ref,EEG,EEG ...-Ref,P,6,6.0,-Ref,2000.0,60.0,27.93897651972587,9.197497573378275,41.05113097280223,86.84776236497305,650.583740234375,0.0,0.006375053125442712,True,True,False
train_000119,train,0.0,106,106,EEG P7-Ref,EEG,EEG ...-Ref,P,7,7.0,-Ref,2000.0,60.0,29.99064474224754,10.248742598706041,41.95391793523438,79.80228584771412,623.5348052978516,0.0,0.0064083867365561376,True,True,True
train_000119,train,0.0,107,107,EEG P8-Ref,EEG,EEG ...-Ref,P,8,8.0,-Ref,2000.0,60.0,31.99284902790014,11.70859396732647,43.22662698205956,51.14674496839288,435.156005859375,0.0,0.006450053750447921,True,True,True
train_000119,train,0.0,108,108,POL R1,POL,POL,R,1,1.0,,2000.0,60.0,31.465686190425195,10.559065502707233,40.768925333923335,59.26163074357366,437.69517517089844,0.0,0.006200051667097226,True,True,True
train_000119,train,0.0,109,109,POL R2,POL,POL,R,2,2.0,,2000.0,60.0,31.590639001645645,10.683547060592973,41.38732875985866,59.44080486124001,461.3279571533203,0.0,0.006383386528221069,True,True,True
train_000119,train,0.0,110,110,POL R3,POL,POL,R,3,3.0,,2000.0,60.0,28.910674827794665,8.23259334407019,40.20436621263337,59.145626708881636,456.4450378417969,0.0,0.005958382986524888,True,True,False
train_000119,train,0.0,111,111,POL R4,POL,POL,R,4,4.0,,2000.0,60.0,26.28207801220833,6.360518235515303,38.20397043735623,68.55886408184551,568.9450988769531,0.0,0.006533387778231485,True,True,False
train_000119,train,0.0,112,112,POL R5,POL,POL,R,5,5.0,,2000.0,60.0,27.875390250116922,8.967639767245911,40.019896518629174,66.48450321374713,512.7927703857422,0.0,0.00647505395878299,True,True,False
train_000119,train,0.0,113,113,POL R6,POL,POL,R,6,6.0,,2000.0,60.0,26.201718301307487,7.70727254787158,39.29853437145144,66.70917141728518,551.2695007324219,0.0,0.006108384236535304,True,True,False
train_000119,train,0.0,114,114,POL R7,POL,POL,R,7,7.0,,2000.0,60.0,29.689031431853632,9.170980217287767,40.40092330497549,51.921263776572935,409.17945861816406,0.0,0.0065167209726747725,True,True,False
train_000119,train,0.0,115,115,POL R8,POL,POL,R,8,8.0,,2000.0,60.0,33.79576515568974,13.242086517504356,42.909760776952126,46.29311258150043,332.51949310302734,0.0,0.00650005416711806,True,True,True
train_000119,train,0.0,116,116,POL R9,POL,POL,R,9,9.0,,2000.0,60.0,30.70875382997923,11.722123984748267,41.37679146399172,47.07408599268446,351.2693176269531,0.0,0.006441720347669564,True,True,True
train_000119,train,0.0,117,117,POL R10,POL,POL,R,10,10.0,,2000.0,60.0,26.809894821059626,7.544434984836187,37.7926935203239,50.83977265717676,379.29669189453125,0.0,0.006558387986566555,True,True,False
train_000119,train,0.0,118,118,POL R11,POL,POL,R,11,11.0,,2000.0,60.0,26.749833360472536,7.912557917474668,40.14718170978588,50.33937113543134,409.4723815917969,0.0,0.00633338611155093,True,True,False
train_000119,train,0.0,119,119,POL R12,POL,POL,R,12,12.0,,2000.0,60.0,28.74640082151665,9.968496818710257,42.06077672475334,51.56458508444035,401.8553466796875,0.0,0.006416720139334494,True,True,False
train_000119,train,0.0,120,120,POL R13,POL,POL,R,13,13.0,,2000.0,60.0,26.957936998489163,7.6281174345324585,40.27789751407592,53.99521872212774,445.99583435058594,0.0,0.006633388611571763,True,True,False
train_000119,train,0.0,121,121,POL R14,POL,POL,R,14,14.0,,2000.0,60.0,25.602296940428587,7.610531466759194,40.16562735050606,56.60407372987431,495.2126770019531,0.0,0.006675055625463546,True,True,False
train_000119,train,0.0,122,122,POL R15,POL,POL,R,15,15.0,,2000.0,60.0,25.925087351383837,7.874297007280585,40.360721829525346,58.996855875180664,525.3884124755859,0.0,0.006725056042133685,True,True,False
train_000119,train,0.0,123,123,POL R16,POL,POL,R,16,16.0,,2000.0,60.0,26.034782615480196,8.184936964994893,40.4880998017527,60.85197605886298,536.1318817138672,0.0,0.006858390486587388,True,True,False
train_000119,train,0.0,124,124,POL AC1,POL,POL,AC,1,1.0,,2000.0,60.0,31.941820275481035,12.110120038988105,42.714796552512325,54.64135591819557,402.5388946533203,0.0,0.006266718889324078,True,True,True
train_000119,train,0.0,125,125,POL AC2,POL,POL,AC,2,2.0,,2000.0,60.0,35.141871704012445,14.396237919937935,43.690686221554564,50.99632591406761,376.17181396484375,0.0,0.006400053333777782,True,True,True
train_000119,train,0.0,126,126,POL AC3,POL,POL,AC,3,3.0,,2000.0,60.0,37.26352666147354,15.363411038706708,44.22975064985974,48.41453016115422,345.605224609375,0.0,0.006208385069875582,True,True,True
train_000119,train,0.0,127,127,POL AC4,POL,POL,AC,4,4.0,,2000.0,60.0,38.28263076403505,15.723530266957695,44.34404965716602,46.81175105992645,335.1561279296875,0.0,0.005900049167076392,True,True,True
train_000119,train,0.0,128,128,POL AC5,POL,POL,AC,5,5.0,,2000.0,60.0,38.246918075732204,15.37008388438382,43.782077061021354,46.139069639762944,330.5661926269531,0.0,0.006383386528221069,True,True,True
train_000119,train,0.0,129,129,POL AC6,POL,POL,AC,6,6.0,,2000.0,60.0,37.94261225539976,15.503169964663854,44.07903658889644,45.904402661088874,327.05072021484375,0.0,0.0059750497920816005,True,True,True
train_000119,train,0.0,130,130,POL AC7,POL,POL,AC,7,7.0,,2000.0,60.0,36.674822491491206,14.578314676366182,43.85335772676733,45.87306904858865,324.02330017089844,0.0,0.0065667213893449115,True,True,True
train_000119,train,0.0,131,131,POL AC8,POL,POL,AC,8,8.0,,2000.0,60.0,35.45381459873188,14.160227081267273,43.35603936352327,46.87799531886206,334.76556396484375,0.0,0.006041717014308452,True,True,True
train_000119,train,0.0,132,132,POL AC9,POL,POL,AC,9,9.0,,2000.0,60.0,34.85649747807306,13.945707076904325,43.582688723939135,50.157748660927254,361.6210174560547,0.0,0.005908382569854749,True,True,True
train_000119,train,0.0,133,133,POL AC10,POL,POL,AC,10,10.0,,2000.0,60.0,33.51169654564674,12.852704822887599,43.1032360890113,50.12410335916069,365.3317565917969,0.0,0.006383386528221069,True,True,True
train_000119,train,0.0,134,134,POL AC11,POL,POL,AC,11,11.0,,2000.0,60.0,29.59223368625627,9.303474353545791,40.34567848471477,52.943572504094604,376.46466064453125,0.0,0.006283385694880791,True,True,False
train_000119,train,0.0,135,135,POL AC12,POL,POL,AC,12,12.0,,2000.0,60.0,27.404095437207726,7.324797000420054,39.17023297888641,57.27711754499851,401.36680603027344,0.0,0.006341719514329286,True,True,False
train_000119,train,0.0,136,136,POL AC13,POL,POL,AC,13,13.0,,2000.0,60.0,29.647915791958596,9.777034524960623,41.62929529974829,52.97909615587969,391.6990051269531,0.0,0.00647505395878299,True,True,False
train_000119,train,0.0,137,137,POL AC14,POL,POL,AC,14,14.0,,2000.0,60.0,30.933177610599625,10.456382803536485,42.15589453490185,53.50287954522576,396.4841003417969,0.0,0.006600055000458337,True,True,True
train_000119,train,0.0,138,138,POL AC15,POL,POL,AC,15,15.0,,2000.0,60.0,40.25373355784333,28.385645422513882,42.071186572752694,72.05964257317147,1033.4945373535156,0.0,0.00339169493079109,True,True,True
train_000119,train,0.0,139,139,POL AC16,POL,POL,AC,16,16.0,,2000.0,60.0,30.051781889318846,9.967574477995976,41.997652314848466,56.50456032146451,411.1325378417969,0.0,0.006533387778231485,True,True,False
train_000128,train,1.0,0,0,EEG A1-Ref,EEG,EEG ...-Ref,A,1,1.0,-Ref,2000.0,60.0,2.080314261223876,0.29317245149772986,11.70571946002725,127.46371310313576,907.8119506835938,0.0,0.024958541321177675,False,False,False
train_000128,train,1.0,1,1,EEG A2-Ref,EEG,EEG ...-Ref,A,2,2.0,-Ref,2000.0,60.0,2.3813524473585606,1.9076443331514412,14.849383640028542,128.13324434189042,1154.48779296875,0.0,0.028733572779773165,False,False,False
train_000128,train,1.0,2,2,POL A3,POL,POL,A,3,3.0,,2000.0,60.0,3.0265209913050537,2.1843734922621154,16.180991829812626,112.22396216204685,1095.603515625,0.0,0.02912524271035592,False,False,False
train_000128,train,1.0,3,3,POL A4,POL,POL,A,4,4.0,,2000.0,60.0,4.174534207197181,2.812452213045314,16.964829181862314,96.31995613108322,768.8475341796875,0.0,0.03247527062725523,False,False,False
train_000128,train,1.0,4,4,POL A5,POL,POL,A,5,5.0,,2000.0,60.0,5.7615819366354595,2.796945797510142,17.452768021681045,98.57464227814523,737.1092529296875,0.0,0.03362528021066842,False,False,False
train_000128,train,1.0,5,5,POL A6,POL,POL,A,6,6.0,,2000.0,60.0,4.4249386325191455,3.27555549507026,17.844212328638545,114.50511998957043,959.4714050292969,0.0,0.03404195034958624,False,False,False
train_000128,train,1.0,6,6,POL A7,POL,POL,A,7,7.0,,2000.0,60.0,15.907499056459349,1.4338234141040516,14.554071470276082,121.67678069092264,959.3746032714844,0.0,0.02191684930707756,True,False,False
train_000128,train,1.0,7,7,POL A8,POL,POL,A,8,8.0,,2000.0,60.0,10.434522392909567,2.7595592928843167,20.219416205891854,121.6130055815947,892.1871337890625,0.0,0.035941966183051524,True,False,False
train_000128,train,1.0,8,8,POL A9,POL,POL,A,9,9.0,,2000.0,60.0,10.405862647448789,2.5453919158134464,19.135253613595268,105.79076642570536,721.9722290039062,0.0,0.038275318960991345,True,False,False
train_000128,train,1.0,9,9,POL A10,POL,POL,A,10,10.0,,2000.0,60.0,11.731977451138576,2.288390410244941,20.47049838665748,79.7691955090701,610.0583648681641,0.0,0.04090867423895199,True,False,False
train_000128,train,1.0,10,10,POL B1,POL,POL,B,1,1.0,,2000.0,60.0,0.7809822879225561,2.1411527366144316,1.792463411452872,293.4479417905134,2430.8553466796875,0.0,0.02036683639030325,False,False,False
train_000128,train,1.0,11,11,POL B2,POL,POL,B,2,2.0,,2000.0,60.0,2.175906152935242,1.9561220407744673,8.791885464636769,108.71957847736486,958.2028198242188,0.0,0.03030858590488254,False,False,False
train_000128,train,1.0,12,12,POL B3,POL,POL,B,3,3.0,,2000.0,60.0,3.3492511140205634,2.7168241605730996,10.098875076674647,109.54994375562406,844.5310668945312,0.0,0.030341919515995967,False,False,False
train_000128,train,1.0,13,13,POL B4,POL,POL,B,4,4.0,,2000.0,60.0,3.855179350014783,2.263321852030053,12.199970786088583,101.50287183187218,786.5228424072266,0.0,0.03360861340511171,False,False,False
train_000128,train,1.0,14,14,POL B5,POL,POL,B,5,5.0,,2000.0,60.0,4.59673946648096,2.169303036409241,12.722429347177055,109.93018037064496,731.5426483154297,0.0,0.036075300627505226,False,False,False
train_000128,train,1.0,15,15,POL B6,POL,POL,B,6,6.0,,2000.0,60.0,4.507965538757406,2.0349341038065507,13.141949815569362,128.7076377949781,862.1092834472656,0.0,0.0389336577804815,False,False,False
train_000128,train,1.0,16,16,POL B7,POL,POL,B,7,7.0,,2000.0,60.0,3.3501544818765283,2.3375169186075153,13.007083157441645,132.90641465010194,925.5854187011719,0.0,0.0368086400720006,False,False,False
train_000128,train,1.0,17,17,POL B8,POL,POL,B,8,8.0,,2000.0,60.0,3.986136890966669,1.829544202077823,13.364848156920726,146.03515773942448,1158.3001098632812,0.0,0.03695030791923266,False,False,False
train_000128,train,1.0,18,18,POL B9,POL,POL,B,9,9.0,,2000.0,60.0,4.392906961365546,2.391547299909125,12.522272557096791,115.69674938099156,880.1755676269531,0.0,0.04157534646122051,False,False,False
train_000128,train,1.0,19,19,POL B10,POL,POL,B,10,10.0,,2000.0,60.0,4.730756294402396,2.6416540114711644,11.913356665722386,77.53314851163063,550.6833801269531,0.0,0.04823373528112734,False,False,False
train_000128,train,1.0,20,20,POL B11,POL,POL,B,11,11.0,,2000.0,60.0,9.676928444376307,4.044130591602573,12.124476079495988,62.61201529884273,482.3240509033203,0.0,0.05615880132334436,False,False,False
train_000128,train,1.0,21,21,POL A11,POL,POL,A,11,11.0,,2000.0,60.0,27.880183069093043,16.014338407714924,21.953005007650027,67.60782229416232,579.2964324951172,0.0,0.01477512312602605,True,True,True
train_000128,train,1.0,22,22,POL A12,POL,POL,A,12,12.0,,2000.0,60.0,10.538551587106674,1.9215344557010858,17.81039036342304,61.951920835801275,546.3864135742188,0.0,0.04559204660038833,True,False,False
train_000128,train,1.0,23,23,POL U1,POL,POL,U,1,1.0,,2000.0,60.0,0.6099843021675214,2.419316253690905,1.3796628574284444,143.3292216896696,797.4590759277344,0.0,0.029741914515954298,False,False,False
train_000128,train,1.0,24,24,POL U2,POL,POL,U,2,2.0,,2000.0,60.0,0.25398368261449206,2.308387634765295,1.5171601919511322,192.6009671587169,1172.4603881835938,0.0,0.025250210418420155,False,False,False
train_000128,train,1.0,25,25,POL U3,POL,POL,U,3,3.0,,2000.0,60.0,0.36674509489493834,0.6643574696387179,1.989486078397272,207.70225751947876,1354.197021484375,0.0,0.02369186409886749,False,False,False
train_000128,train,1.0,26,26,POL U4,POL,POL,U,4,4.0,,2000.0,60.0,0.5825725817102357,1.2808900984587857,1.3803855833456558,184.73914101473423,1200.8765869140625,0.0,0.025716880974008118,False,False,False
train_000128,train,1.0,27,27,POL U5,POL,POL,U,5,5.0,,2000.0,60.0,0.3707483051074002,1.160538850005372,3.275237127131476,129.76127963742925,929.1990051269531,0.0,0.03212526771056425,False,False,False
train_000128,train,1.0,28,28,POL U6,POL,POL,U,6,6.0,,2000.0,60.0,0.09900793499554818,1.1584008935314425,3.0780972574395222,89.8191142892662,725.3881530761719,0.0,0.040375336461137175,False,False,False
train_000128,train,1.0,29,29,POL U7,POL,POL,U,7,7.0,,2000.0,60.0,1.9033140056552655,2.4560701918950074,4.088922188863022,59.9014596531552,553.5155334472656,0.0,0.04866707222560188,False,False,False
train_000128,train,1.0,30,30,POL U8,POL,POL,U,8,8.0,,2000.0,60.0,0.8454684543406654,2.3648375364049254,5.554858006694246,33.55724540426782,401.26934814453125,0.0,0.057242143684530705,False,False,False
train_000128,train,1.0,31,31,POL T1,POL,POL,T,1,1.0,,2000.0,60.0,2.227673984756079,0.8979304580071426,11.631902555963736,148.26233948493294,1056.1520690917969,0.0,0.029041908682572354,False,False,False
train_000128,train,1.0,32,32,POL T2,POL,POL,T,2,2.0,,2000.0,60.0,5.406675989443707,1.824428945661229,14.065589568043542,91.70790328943738,708.3004455566406,0.0,0.0325752714605955,False,False,False
train_000128,train,1.0,33,33,EEG T3-Ref,EEG,EEG ...-Ref,T,3,3.0,-Ref,2000.0,60.0,4.067110049121067,2.207375925286546,13.321106928726982,84.6043368459163,652.9292297363281,0.0,0.036083634030283585,False,False,False
train_000128,train,1.0,34,34,EEG T4-Ref,EEG,EEG ...-Ref,T,4,4.0,-Ref,2000.0,60.0,1.2914587755810931,0.40119966199608226,10.739099227351069,190.42540779474734,1544.526611328125,0.0,0.023450195418295152,False,False,False
train_000128,train,1.0,35,35,EEG T5-Ref,EEG,EEG ...-Ref,T,5,5.0,-Ref,2000.0,60.0,1.9357550195560334,0.09900162854120839,10.745723203591421,132.65108657667568,1145.9921264648438,0.0,0.026400220001833348,False,False,False
train_000128,train,1.0,36,36,POL DC01,POL,POL,DC,01,1.0,,2000.0,60.0,0.23945989857407327,0.36057815397914805,0.15221602337787588,72.4163051206905,732.6002807617188,0.0,0.9340911174259785,False,False,False
train_000128,train,1.0,37,37,POL DC02,POL,POL,DC,02,2.0,,2000.0,60.0,0.39238155942789316,-0.5677041610789048,0.10158567311715552,93.61251687871817,732.5999755859375,6.666666666666667e-05,0.8947991233260277,False,False,False
train_000128,train,1.0,38,38,POL DC03,POL,POL,DC,03,3.0,,2000.0,60.0,0.31879342643178,0.1835862574639281,0.6567263149275275,36.83769106946696,732.5999755859375,0.006741666666666667,0.981416511804265,False,False,False
train_000128,train,1.0,39,39,POL DC04,POL,POL,DC,04,4.0,,2000.0,60.0,-0.46759741705254865,-0.6940715562088978,-0.5498253736491292,100.6900690131602,732.5999755859375,4.1666666666666665e-05,0.880149001241677,False,False,False
train_000128,train,1.0,40,40,POL DC05,POL,POL,DC,05,5.0,,2000.0,60.0,0.9355397448738451,-0.9454221347257081,-0.25062537869881246,170.5272514011883,366.3001377929759,0.0,0.6894640788673239,False,False,False
train_000128,train,1.0,41,41,POL DC06,POL,POL,DC,06,6.0,,2000.0,60.0,-1.1387876957929546,0.03314065250015596,-0.12172949666046477,100.72144278365037,732.6002807617188,0.0,0.8800990008250069,False,False,False
train_000128,train,1.0,42,42,POL DC07,POL,POL,DC,07,7.0,,2000.0,60.0,-0.6233617121030136,-0.3999443184250117,-0.1538375566440206,80.34474993787053,732.6002807617188,0.0,0.9218326819390161,False,False,False
train_000128,train,1.0,43,43,POL DC08,POL,POL,DC,08,8.0,,2000.0,60.0,0.005502046196464429,0.2384591748398876,0.06075050999551756,127.56844921888741,366.3001377929759,0.0,0.8168651405428379,False,False,False
train_000128,train,1.0,44,44,POL DC09,POL,POL,DC,09,9.0,,2000.0,60.0,0.4657920962514355,0.21987758282363515,-1.1837227216487536,35.633632354428784,732.5999755859375,0.006975,0.9825998549987917,False,False,False
train_000128,train,1.0,45,45,POL DC10,POL,POL,DC,10,10.0,,2000.0,60.0,0.07951553614997611,-0.4710689690765616,-0.5472685923683653,88.3627509026938,732.5999755859375,0.061891666666666664,0.9047825398544987,False,False,False
train_000128,train,1.0,46,46,POL DC11,POL,POL,DC,11,11.0,,2000.0,60.0,-0.2513880388437818,0.4487326366664384,0.4433037980456133,182.57102971867752,366.29998779296875,0.460275,0.6515637630313585,False,False,False
train_000128,train,1.0,47,47,POL DC12,POL,POL,DC,12,12.0,,2000.0,60.0,0.4142220827942439,1.0253509692438976,-0.5660919208964981,35.541974596925776,732.6002807617188,0.0,0.9826998558321319,False,False,False
train_000128,train,1.0,48,48,POL DC13,POL,POL,DC,13,13.0,,2000.0,60.0,-0.8285530066742737,-0.3876171309799893,0.16138774889083554,49.135368550447176,732.5999755859375,0.017266666666666666,0.9684497370811423,False,False,False
train_000128,train,1.0,49,49,POL DC14,POL,POL,DC,14,14.0,,2000.0,60.0,0.29441328668068073,0.6293904476281349,-1.1355671016208828,173.3246992352455,366.3001377929759,0.0,0.6847640397003308,False,False,False
train_000128,train,1.0,50,50,POL DC15,POL,POL,DC,15,15.0,,2000.0,60.0,0.04589859429544184,-0.582143280833806,0.21327831360502886,143.92849307462768,366.29998779296875,0.0,0.7689147409561746,False,False,False
train_000128,train,1.0,51,51,POL DC16,POL,POL,DC,16,16.0,,2000.0,60.0,1.0900855293921776,0.252547800562225,-0.8900673260716347,53.18278338217429,732.5999755859375,0.020566666666666667,0.9632663605530046,False,False,False
train_000128,train,1.0,52,52,EEG T6-Ref,EEG,EEG ...-Ref,T,6,6.0,-Ref,2000.0,60.0,1.8000194096250834,0.6755599700350167,10.049597654802545,99.75806910352978,1017.8682250976562,0.0,0.027375228126901057,False,False,False
train_000128,train,1.0,53,53,EEG T7-Ref,EEG,EEG ...-Ref,T,7,7.0,-Ref,2000.0,60.0,2.110896788590445,0.7592095586747439,10.48827410341187,140.11246015071765,1133.1023559570312,0.0,0.025308544237868647,False,False,False
train_000128,train,1.0,54,54,EEG T8-Ref,EEG,EEG ...-Ref,T,8,8.0,-Ref,2000.0,60.0,2.0837028766719903,0.037633420890364894,9.37400808562615,122.98278095876239,919.4306640625,0.0,0.026858557154642956,False,False,False
train_000128,train,1.0,55,55,EEG T9-Ref,EEG,EEG ...-Ref,T,9,9.0,-Ref,2000.0,60.0,1.4143014632748638,1.224953104026621,10.978319849625022,94.53340683120572,749.9996643066406,0.0,0.027291894099117493,False,False,False
train_000128,train,1.0,56,56,EEG T10-Ref,EEG,EEG ...-Ref,T,10,10.0,-Ref,2000.0,60.0,4.405460192048668,2.1504006255071446,12.607721239600755,86.15859949326239,629.4920654296875,0.0,0.03641697014141784,False,False,False
train_000128,train,1.0,57,57,POL T11,POL,POL,T,11,11.0,,2000.0,60.0,6.151710151066161,2.7784281430007147,13.35253686165611,54.85200239755379,455.1754150390625,0.0,0.045700380836506974,False,False,False
train_000128,train,1.0,58,58,POL T12,POL,POL,T,12,12.0,,2000.0,60.0,13.698881671574812,4.254222774745223,12.455700494982214,38.84402879146549,331.93328857421875,0.0,0.06347552896274136,True,False,False
train_000128,train,1.0,59,59,POL J1,POL,POL,J,1,1.0,,2000.0,60.0,11.177121463574684,1.5530442279012433,22.4242482330336,139.59507947350522,1006.1522216796875,0.0,0.031108592571604764,True,False,False
train_000128,train,1.0,60,60,POL J2,POL,POL,J,2,2.0,,2000.0,60.0,12.53480774793404,1.1819812064852124,22.622042483127945,168.0117288331468,1247.1671447753906,0.0,0.030316919307660898,True,False,False
train_000128,train,1.0,61,61,POL J3,POL,POL,J,3,3.0,,2000.0,60.0,11.309724490787826,1.655985567084364,22.588442102828367,193.94982575062426,1485.0527038574219,0.0,0.029783581529846084,True,False,False
train_000128,train,1.0,62,62,POL J4,POL,POL,J,4,4.0,,2000.0,60.0,11.34415659610291,1.0885876756487296,21.983236486142946,224.28756941578493,1740.6240234375,0.0,0.028191901599179992,True,False,False
train_000128,train,1.0,63,63,POL J5,POL,POL,J,5,5.0,,2000.0,60.0,10.868927474169617,0.0494851620145944,21.413716631129567,153.18240915476872,994.1383361816406,0.0,0.031675263960533,True,False,False
train_000128,train,1.0,64,64,POL J6,POL,POL,J,6,6.0,,2000.0,60.0,13.684104615818061,1.931872867480279,24.347720927870142,48.38284287277158,331.4452667236328,0.0,0.042142017850148754,True,False,False
train_000128,train,1.0,65,65,POL J7,POL,POL,J,7,7.0,,2000.0,60.0,23.084043409818797,2.9231862844763286,25.138247109598517,45.71246469672287,287.8902816772461,0.0,0.05097542479520663,True,True,False
train_000128,train,1.0,66,66,POL K1,POL,POL,K,1,1.0,,2000.0,60.0,8.108263732421895,1.8624835088358662,19.78377627892091,87.03048438468521,764.2577209472656,0.0,0.03142526187718231,False,False,False
train_000128,train,1.0,67,67,POL K2,POL,POL,K,2,2.0,,2000.0,60.0,2.256159953926326,-0.22175747787676323,19.35370273287348,119.77687707423658,1560.93115234375,0.0,0.02902524187701564,False,False,False
train_000128,train,1.0,68,68,POL K3,POL,POL,K,3,3.0,,2000.0,60.0,4.25197783568713,0.5119385702818628,20.52080729394174,142.82996238576155,1195.6012573242188,0.0,0.02889190743256194,False,False,False
train_000128,train,1.0,69,69,POL K4,POL,POL,K,4,4.0,,2000.0,60.0,9.572323052469855,0.9793154118061888,21.360192691742984,170.02995551173385,1229.8804321289062,0.0,0.02960024666872224,False,False,False
train_000128,train,1.0,70,70,POL K5,POL,POL,K,5,5.0,,2000.0,60.0,13.014133620917946,0.8199596635541666,21.814967090565375,167.70674013928678,1234.1777038574219,0.0,0.02945857882149018,True,False,False
train_000128,train,1.0,71,71,POL K6,POL,POL,K,6,6.0,,2000.0,60.0,11.718970514563736,0.27918295926619896,21.44407628661707,145.55263298233768,1137.595458984375,0.0,0.0310252585438212,True,False,False
train_000128,train,1.0,72,72,POL K7,POL,POL,K,7,7.0,,2000.0,60.0,12.832264005578025,0.5719927932567423,22.316463384135833,109.47393243007302,924.315185546875,0.0,0.03455862132184435,True,False,False
train_000128,train,1.0,73,73,POL K8,POL,POL,K,8,8.0,,2000.0,60.0,14.404828524683733,1.3648837932787725,23.457271368935352,78.72654562658884,686.6210632324219,0.0,0.03870865590546588,True,False,False
train_000128,train,1.0,74,74,POL L1,POL,POL,L,1,1.0,,2000.0,60.0,12.680768218469092,1.790659314861398,25.079259180190533,80.55590796419442,588.2809600830078,0.0,0.025216876807306728,True,False,False
train_000128,train,1.0,75,75,POL L2,POL,POL,L,2,2.0,,2000.0,60.0,11.270719815360424,1.1693733291972948,24.50968363948132,119.3231839671799,930.760986328125,0.0,0.02293352444603705,True,False,False
train_000128,train,1.0,76,76,POL L3,POL,POL,L,3,3.0,,2000.0,60.0,13.369085681913974,0.4757231691521062,24.73522828945069,126.17000882602169,993.846435546875,0.0,0.022666855557129644,True,False,False
train_000128,train,1.0,77,77,POL L4,POL,POL,L,4,4.0,,2000.0,60.0,16.308658139734618,1.0543823902579257,26.243433003643403,137.73513323246576,958.98388671875,0.0,0.02442520354336286,True,False,False
train_000128,train,1.0,78,78,POL L5,POL,POL,L,5,5.0,,2000.0,60.0,17.026332363760684,0.9871505435334553,27.49811852665172,146.35145597951507,1067.2834777832031,0.0,0.023141859515495963,True,False,False
train_000128,train,1.0,79,79,POL L6,POL,POL,L,6,6.0,,2000.0,60.0,16.030145505702617,0.4698225086385449,26.378997480154375,134.24721070653953,1020.6021728515625,0.0,0.0253752114600955,True,False,False
train_000128,train,1.0,80,80,POL L7,POL,POL,L,7,7.0,,2000.0,60.0,35.70666464977011,11.749546150496617,40.46752347002021,109.62689251926915,940.0386047363281,0.0,0.005716714305952549,True,True,True
train_000128,train,1.0,81,81,POL L8,POL,POL,L,8,8.0,,2000.0,60.0,42.83017496730815,15.359870597057299,41.55667159191394,95.96667508128525,762.4018402099609,0.0,0.005875048958741323,True,True,True
train_000128,train,1.0,82,82,EEG M1-Ref,EEG,EEG ...-Ref,M,1,1.0,-Ref,2000.0,60.0,30.732465605912886,8.083153999894162,37.72885605824054,97.59191249403318,953.6128845214844,0.0,0.00709172576438137,True,True,False
train_000128,train,1.0,83,83,EEG M2-Ref,EEG,EEG ...-Ref,M,2,2.0,-Ref,2000.0,60.0,34.35294831444806,9.475610776886224,38.289563401752325,101.8617271827382,942.284912109375,0.0,0.007316727639396995,True,True,False
train_000128,train,1.0,84,84,POL M3,POL,POL,M,3,3.0,,2000.0,60.0,34.19794703010895,9.840797408339114,38.769428644373576,109.88717873458313,1020.8001403808594,0.0,0.007150059583829865,True,True,False
train_000128,train,1.0,85,85,POL M4,POL,POL,M,4,4.0,,2000.0,60.0,32.69698523257836,9.072913976851263,38.049255387358116,121.94133217993888,1236.4256896972656,0.0,0.006975058125484379,True,True,False
train_000128,train,1.0,86,86,POL M5,POL,POL,M,5,5.0,,2000.0,60.0,30.990127430890723,8.432897731171838,38.033919530734735,140.44633533772947,1415.0389404296875,0.0,0.006858390486587388,True,True,False
train_000128,train,1.0,87,87,POL M6,POL,POL,M,6,6.0,,2000.0,60.0,29.399617038563527,7.375785901532663,37.89305928373548,161.18524400165785,1684.3720703125,0.0,0.007033391944932874,True,True,False
train_000128,train,1.0,88,88,POL M7,POL,POL,M,7,7.0,,2000.0,60.0,28.151636704877696,6.071383851587156,37.673972615786454,175.12265970272338,1815.7195434570312,0.0,0.006858390486587388,True,True,False
train_000128,train,1.0,89,89,POL M8,POL,POL,M,8,8.0,,2000.0,60.0,27.994460123543455,4.930959216274499,38.11433258447294,169.1378331829694,1746.8710327148438,0.0,0.0065167209726747725,True,True,False
train_000128,train,1.0,90,90,POL M9,POL,POL,M,9,9.0,,2000.0,60.0,30.901150211436633,7.162088200881838,38.46877178786775,84.80670793864967,776.5621032714844,0.0,0.007133392778273152,True,True,False
train_000128,train,1.0,91,91,POL N1,POL,POL,N,1,1.0,,2000.0,60.0,31.528710217183324,8.611934016458497,38.07817303135313,83.4387617059537,793.2615661621094,0.0,0.006825056875473962,True,True,False
train_000128,train,1.0,92,92,POL N2,POL,POL,N,2,2.0,,2000.0,60.0,30.769890862011774,8.037837946783501,37.90177237441564,86.57627699176895,891.6988220214844,0.0,0.0071667263893865785,True,True,False
train_000128,train,1.0,93,93,POL N3,POL,POL,N,3,3.0,,2000.0,60.0,30.0232918433684,8.296883037554384,38.02930350786689,94.01688435858165,1009.0817260742188,0.0,0.006933391111592597,True,True,False
train_000128,train,1.0,94,94,POL N4,POL,POL,N,4,4.0,,2000.0,60.0,30.535029652706495,8.297132216270294,38.31354756167932,100.27133862543005,1103.8084411621094,0.0,0.0066250552087934065,True,True,False
train_000128,train,1.0,95,95,POL N5,POL,POL,N,5,5.0,,2000.0,60.0,30.87936663269719,8.440755921055043,38.250409471592484,109.54309445360616,1185.2535400390625,0.0,0.006683389028241902,True,True,False
train_000128,train,1.0,96,96,POL N6,POL,POL,N,6,6.0,,2000.0,60.0,31.1189239471527,8.407874410668331,38.37316207922931,120.5407339587515,1247.9487609863281,0.0,0.00692505770881424,True,True,False
train_000128,train,1.0,97,97,POL N7,POL,POL,N,7,7.0,,2000.0,60.0,31.58288563100939,8.59829498620455,38.440421045529135,121.08601357453198,1196.7765502929688,0.0,0.006558387986566555,True,True,False
train_000128,train,1.0,98,98,POL N8,POL,POL,N,8,8.0,,2000.0,60.0,32.681189133955286,9.587288840095026,39.068911010992196,73.93807659990732,670.0188903808594,0.0,0.006825056875473962,True,True,False
train_000128,train,1.0,99,99,POL N9,POL,POL,N,9,9.0,,2000.0,60.0,41.15782740864251,14.228062849606303,40.813628200108134,56.74528537320976,497.65586853027344,0.0,0.006391719930999425,True,True,True
train_000128,train,1.0,100,100,EEG P1-Ref,EEG,EEG ...-Ref,P,1,1.0,-Ref,2000.0,60.0,30.525217115745367,8.221875257952505,37.92362886951679,121.17083975078768,1206.9332580566406,0.0,0.0071667263893865785,True,True,False
train_000128,train,1.0,101,101,EEG P2-Ref,EEG,EEG ...-Ref,P,2,2.0,-Ref,2000.0,60.0,32.31833540645654,9.423451373319608,38.3534284872552,135.8534625952611,1380.663330078125,0.0,0.0068500570838090314,True,True,False
train_000128,train,1.0,102,102,EEG P3-Ref,EEG,EEG ...-Ref,P,3,3.0,-Ref,2000.0,60.0,31.049021857732253,8.717190920151648,37.93289501642317,150.87693292754054,1592.572998046875,0.0,0.00675838965324711,True,True,False
train_000128,train,1.0,103,103,EEG P4-Ref,EEG,EEG ...-Ref,P,4,4.0,-Ref,2000.0,60.0,29.84049998964337,7.752665157598938,37.40107202696925,161.8626586481817,1711.3265380859375,0.0,0.006883390694922458,True,True,False
train_000128,train,1.0,104,104,EEG P5-Ref,EEG,EEG ...-Ref,P,5,5.0,-Ref,2000.0,60.0,28.163388646663066,7.029474498934069,36.916119118238456,162.4509843269146,1553.2163696289062,0.0,0.006808390069917249,True,True,False
train_000128,train,1.0,105,105,EEG P6-Ref,EEG,EEG ...-Ref,P,6,6.0,-Ref,2000.0,60.0,25.04652091422811,6.624471831607722,35.94192430259439,158.70858967175175,1452.6318359375,0.0,0.006725056042133685,True,True,False
train_000128,train,1.0,106,106,EEG P7-Ref,EEG,EEG ...-Ref,P,7,7.0,-Ref,2000.0,60.0,28.866761104039433,7.978177359333316,37.637055445073045,130.13224629444522,1099.4134216308594,0.0,0.00675838965324711,True,True,False
train_000128,train,1.0,107,107,EEG P8-Ref,EEG,EEG ...-Ref,P,8,8.0,-Ref,2000.0,60.0,31.815805508889472,9.459679931327639,38.60805931467182,66.20835104203044,544.7262573242188,0.0,0.0068500570838090314,True,True,False
train_000128,train,1.0,108,108,POL R1,POL,POL,R,1,1.0,,2000.0,60.0,29.406471338397946,7.719148411914252,37.80393661403922,114.72927852896825,1096.9722595214844,0.0,0.006233385278210652,True,True,False
train_000128,train,1.0,109,109,POL R2,POL,POL,R,2,2.0,,2000.0,60.0,30.02452628849855,8.188532226576564,38.03575471256729,107.84767707764625,950.2926025390625,0.0,0.006508387569896416,True,True,False
train_000128,train,1.0,110,110,POL R3,POL,POL,R,3,3.0,,2000.0,60.0,27.524994621099314,7.234019192059785,36.94172997825469,94.76087535799935,778.6128387451172,0.0,0.0067917232643605364,True,True,False
train_000128,train,1.0,111,111,POL R4,POL,POL,R,4,4.0,,2000.0,60.0,25.671523499281214,5.5910819965702565,36.049069180232124,95.48674520189853,905.4683837890625,0.0,0.006416720139334494,True,True,False
train_000128,train,1.0,112,112,POL R5,POL,POL,R,5,5.0,,2000.0,60.0,27.541024000171358,6.445569185961531,37.30301636152344,107.50410739308423,1050.0972290039062,0.0,0.006466720556004633,True,True,False
train_000128,train,1.0,113,113,POL R6,POL,POL,R,6,6.0,,2000.0,60.0,26.19973696595196,6.083451840464419,36.37618582977941,112.63609929110045,945.8007507324219,0.0,0.006375053125442712,True,True,False
train_000128,train,1.0,114,114,POL R7,POL,POL,R,7,7.0,,2000.0,60.0,28.965368152358955,7.174210843725542,37.384914550947514,80.7273659813087,705.7613067626953,0.0,0.006983391528262736,True,True,False
train_000128,train,1.0,115,115,POL R8,POL,POL,R,8,8.0,,2000.0,60.0,32.474072973173236,9.685017191955707,38.78763684640361,81.59885933307072,695.4100799560547,0.0,0.006525054375453128,True,True,False
train_000128,train,1.0,116,116,POL R9,POL,POL,R,9,9.0,,2000.0,60.0,29.847949066934486,8.87638746847835,38.4860890500302,87.12904457407281,744.8237609863281,0.0,0.006808390069917249,True,True,False
train_000128,train,1.0,117,117,POL R10,POL,POL,R,10,10.0,,2000.0,60.0,25.745198997264232,6.054921582149204,35.17288270636192,91.50355495372911,818.1636352539062,0.0,0.00675838965324711,True,True,False
train_000128,train,1.0,118,118,POL R11,POL,POL,R,11,11.0,,2000.0,60.0,26.10024291832787,6.698717541199429,36.829071771421,98.52750513504738,991.1126098632812,0.0,0.007058392153267944,True,True,False
train_000128,train,1.0,119,119,POL R12,POL,POL,R,12,12.0,,2000.0,60.0,27.5128658698282,7.785300491276367,38.211394976378166,116.52241545258175,1344.1401977539062,0.0,0.006700055833798615,True,True,False
train_000128,train,1.0,120,120,POL R13,POL,POL,R,13,13.0,,2000.0,60.0,26.009439859981423,5.913837011950422,37.43937185471529,134.15712882061868,1587.7920837402344,0.0,0.006775056458803824,True,True,False
train_000128,train,1.0,121,121,POL R14,POL,POL,R,14,14.0,,2000.0,60.0,25.80915259938598,6.227103621780611,37.793989073938846,143.34411046539,1716.984619140625,0.0,0.006666722222685189,True,True,False
train_000128,train,1.0,122,122,POL R15,POL,POL,R,15,15.0,,2000.0,60.0,25.530314870838712,6.612260885195629,37.8592558252328,144.95314868443646,1730.85205078125,0.0,0.006633388611571763,True,True,False
train_000128,train,1.0,123,123,POL R16,POL,POL,R,16,16.0,,2000.0,60.0,25.3059531779474,6.6237743738325126,37.86956347495024,140.63414686973508,1644.5284118652344,0.0,0.006341719514329286,True,True,False
train_000128,train,1.0,124,124,POL AC1,POL,POL,AC,1,1.0,,2000.0,60.0,31.730022162497967,7.900745881640429,38.115787705879576,131.3728137463065,1255.85888671875,0.0,0.006483387361561346,True,True,False
train_000128,train,1.0,125,125,POL AC2,POL,POL,AC,2,2.0,,2000.0,60.0,33.95008305212051,10.048509897180475,38.83086223110604,137.7105752984078,1325.3904418945312,0.0,0.006675055625463546,True,True,True
train_000128,train,1.0,126,126,POL AC3,POL,POL,AC,3,3.0,,2000.0,60.0,34.95504466816455,10.154968984611623,38.95709983591773,129.00302411966376,1192.4796447753906,0.0,0.006233385278210652,True,True,True
train_000128,train,1.0,127,127,POL AC4,POL,POL,AC,4,4.0,,2000.0,60.0,35.887215047672356,10.687732282422974,39.04335436124036,121.72699296395538,1129.2964477539062,0.0,0.0065167209726747725,True,True,True
train_000128,train,1.0,128,128,POL AC5,POL,POL,AC,5,5.0,,2000.0,60.0,36.02161408277958,10.449395590572239,38.994232106326876,116.48428832165479,1089.354736328125,0.0,0.006883390694922458,True,True,True
train_000128,train,1.0,129,129,POL AC6,POL,POL,AC,6,6.0,,2000.0,60.0,35.93795003118276,10.490239489109978,38.505866957478894,111.53894948600463,1049.6092224121094,0.0,0.006716722639355328,True,True,True
train_000128,train,1.0,130,130,POL AC7,POL,POL,AC,7,7.0,,2000.0,60.0,35.05242393187443,10.432999600437666,38.921495626181425,109.7426695792671,1047.4605102539062,0.0,0.006716722639355328,True,True,True
train_000128,train,1.0,131,131,POL AC8,POL,POL,AC,8,8.0,,2000.0,60.0,33.83383362565529,10.196254709886814,38.55322526015196,119.90370634098474,1194.4334411621094,0.0,0.006825056875473962,True,True,True
train_000128,train,1.0,132,132,POL AC9,POL,POL,AC,9,9.0,,2000.0,60.0,33.65791910979357,10.066868378306486,38.751558770530224,133.15778050431186,1378.5153198242188,0.0,0.006641722014350119,True,True,True
train_000128,train,1.0,133,133,POL AC10,POL,POL,AC,10,10.0,,2000.0,60.0,32.4511836217889,9.556728431176843,38.423316588025294,137.17849188469006,1468.7489013671875,0.0,0.006816723472695606,True,True,False
train_000128,train,1.0,134,134,POL AC11,POL,POL,AC,11,11.0,,2000.0,60.0,28.66657010425638,6.766759753311718,36.60492288180464,135.1422387045055,1495.897705078125,0.0,0.006441720347669564,True,True,False
train_000128,train,1.0,135,135,POL AC12,POL,POL,AC,12,12.0,,2000.0,60.0,26.581622765442994,6.040953977763346,35.84121603198854,139.16943553601237,1440.3306274414062,0.0,0.006883390694922458,True,True,False
train_000128,train,1.0,136,136,POL AC13,POL,POL,AC,13,13.0,,2000.0,60.0,28.160828517769193,7.826720123726099,37.68241767942974,145.96092807161168,1556.1514587402344,0.0,0.006116717639313661,True,True,False
train_000128,train,1.0,137,137,POL AC14,POL,POL,AC,14,14.0,,2000.0,60.0,29.316004540612752,8.451190743065677,37.86583511335815,156.52685559056164,1699.3152160644531,0.0,0.006525054375453128,True,True,False
train_000128,train,1.0,138,138,POL AC15,POL,POL,AC,15,15.0,,2000.0,60.0,39.3205430490261,27.093087067254288,39.6671840277442,120.16879443693948,1322.2636108398438,0.0,0.002950024583538196,True,True,True
train_000128,train,1.0,139,139,POL AC16,POL,POL,AC,16,16.0,,2000.0,60.0,29.218848883080145,8.36368642340103,38.163005980704376,178.74462325783736,1987.5963134765625,0.0,0.006650055417128476,True,True,False
train_000160,train,0.0,0,0,POL E1,POL,POL,E,1,1.0,,2000.0,60.0,3.281297463214364,0.8941436853565317,4.8154736822836695,45.76804777200336,309.08194732666016,0.0,0.038700322502687526,False,False,False
train_000160,train,0.0,1,1,POL E2,POL,POL,E,2,2.0,,2000.0,60.0,3.21287217473816,-0.458774173023754,4.771191430753562,35.96850289726086,251.56224060058594,0.0,0.036675305627546895,False,False,False
train_000160,train,0.0,2,2,POL E3,POL,POL,E,3,3.0,,2000.0,60.0,3.262541977518101,-0.46868232806979293,4.564482247322747,30.817966102527254,222.55841064453125,0.0,0.03699197493312444,False,False,False
train_000160,train,0.0,3,3,POL E4,POL,POL,E,4,4.0,,2000.0,60.0,1.285720028830112,-0.07212585475278793,3.1298779776303833,40.377212195484105,292.4799270629883,0.0,0.03280027333561113,False,False,False
train_000160,train,0.0,4,4,POL E5,POL,POL,E,5,5.0,,2000.0,60.0,1.0873780510527218,0.282553018483171,2.8661774142199965,36.70630030375109,263.86692810058594,0.0,0.03201693347444562,False,False,False
train_000160,train,0.0,5,5,POL E6,POL,POL,E,6,6.0,,2000.0,60.0,1.673399626283234,-0.1872201925241568,4.752373843380916,35.208785119504626,244.92138671875,0.0,0.03392528271068926,False,False,False
train_000160,train,0.0,6,6,POL E7,POL,POL,E,7,7.0,,2000.0,60.0,1.7904608074276316,-0.4782207709585069,4.972653377970922,37.55663404513805,301.8549346923828,0.0,0.03422528521071009,False,False,False
train_000160,train,0.0,7,7,POL E8,POL,POL,E,8,8.0,,2000.0,60.0,1.9890052223459518,0.1762742775094473,4.781120449803464,35.92830840053814,255.85884857177734,0.0,0.03306694222451854,False,False,False
train_000160,train,0.0,8,8,POL E9,POL,POL,E,9,9.0,,2000.0,60.0,1.3972306115933057,0.13449319460764633,3.318278668438341,36.745719692865535,276.56195068359375,0.0,0.030791923266027216,False,False,False
train_000160,train,0.0,9,9,POL E10,POL,POL,E,10,10.0,,2000.0,60.0,1.4858336437738084,-0.12408483870310405,2.583447834407554,37.080098103704714,273.4371871948242,0.0,0.029225243543696197,False,False,False
train_000160,train,0.0,10,10,POL E13,POL,POL,E,13,13.0,,2000.0,60.0,0.5338356070105995,0.029003682540615493,2.377902627427331,39.493735070755335,281.24969482421875,0.0,0.025175209793414945,False,False,False
train_000160,train,0.0,11,11,POL E14,POL,POL,E,14,14.0,,2000.0,60.0,0.5676410752996909,-0.45111908021642605,2.1176978088478493,34.147887580972004,260.3512420654297,0.0,0.030016916807640064,False,False,False
train_000160,train,0.0,12,12,EEG F1-Ref,EEG,EEG ...-Ref,F,1,1.0,-Ref,2000.0,60.0,3.7129347257659773,0.5836148717548504,4.926711464468187,51.365358105987845,331.6404342651367,0.0,0.037816981808181736,False,False,False
train_000160,train,0.0,13,13,EEG F2-Ref,EEG,EEG ...-Ref,F,2,2.0,-Ref,2000.0,60.0,2.3622708495062787,0.5949914817863846,3.8196306944374947,38.104749569803914,252.63671112060547,0.0,0.03880865673880616,False,False,False
train_000160,train,0.0,14,14,EEG F3-Ref,EEG,EEG ...-Ref,F,3,3.0,-Ref,2000.0,60.0,2.294181912457171,0.45377606139732546,3.4601369581395307,40.3713361680644,291.1132507324219,0.0,0.03690864090534088,False,False,False
train_000160,train,0.0,15,15,EEG F4-Ref,EEG,EEG ...-Ref,F,4,4.0,-Ref,2000.0,60.0,1.8208487639387327,0.5745449516873806,4.478544198366658,34.57478510164287,245.31233978271484,0.0,0.03440862007183393,False,False,False
train_000160,train,0.0,16,16,EEG F5-Ref,EEG,EEG ...-Ref,F,5,5.0,-Ref,2000.0,60.0,1.5941535650193077,1.0102555012853975,3.6336541877604334,37.050648223310716,279.9800109863281,0.0,0.033700280835673634,False,False,False
train_000160,train,0.0,17,17,EEG F6-Ref,EEG,EEG ...-Ref,F,6,6.0,-Ref,2000.0,60.0,1.4595929070174074,0.8355141964739653,4.3091364055316355,35.264579747990645,257.9096221923828,0.0,0.03362528021066842,False,False,False
train_000160,train,0.0,18,18,EEG F7-Ref,EEG,EEG ...-Ref,F,7,7.0,-Ref,2000.0,60.0,2.5128739255751693,-0.13609598306562476,4.732137309582761,38.08025092993855,291.1131134033203,0.0,0.03258360486337386,False,False,False
train_000160,train,0.0,19,19,EEG F8-Ref,EEG,EEG ...-Ref,F,8,8.0,-Ref,2000.0,60.0,1.747609699496383,-0.43955742538597303,4.434469702605867,38.44499973192973,269.14039611816406,0.0,0.031241927016058466,False,False,False
train_000160,train,0.0,20,20,EEG F9-Ref,EEG,EEG ...-Ref,F,9,9.0,-Ref,2000.0,60.0,0.7466252506350013,-0.6576483617764827,3.3329865001371606,43.52319760084858,336.4253692626953,0.0,0.02919190993258277,False,False,False
train_000160,train,0.0,21,21,POL E11,POL,POL,E,11,11.0,,2000.0,60.0,1.2318042322775482,0.11924036457995607,2.4037971932974815,39.51953050412183,292.6755065917969,0.0,0.02696689139076159,False,False,False
train_000160,train,0.0,22,22,POL E12,POL,POL,E,12,12.0,,2000.0,60.0,0.7471494848853135,-0.2190402455297043,2.108688220730794,43.47241820150034,295.0193176269531,0.0,0.025666880557337977,False,False,False
train_000160,train,0.0,23,23,EEG F10-Ref,EEG,EEG ...-Ref,F,10,10.0,-Ref,2000.0,60.0,0.19432870173110062,-0.5657317666832827,0.5261623211430254,44.6959646073382,324.12083435058594,0.0,0.024033533612780107,False,False,False
train_000160,train,0.0,24,24,POL F11,POL,POL,F,11,11.0,,2000.0,60.0,1.2713167461959087,0.5122774882952253,0.5110929969940909,49.412850510345095,399.6088104248047,0.0,0.020075167293060775,False,False,False
train_000160,train,0.0,25,25,POL F12,POL,POL,F,12,12.0,,2000.0,60.0,0.9031096632284525,0.3911687246162434,1.610420224199659,55.66748570626788,454.2963562011719,0.0,0.0183084859040492,False,False,False
train_000160,train,0.0,26,26,POL F13,POL,POL,F,13,13.0,,2000.0,60.0,0.9696353647207813,0.11800632003891622,1.2684609970995175,54.709893343908305,459.08116149902344,0.0,0.019908499237493646,False,False,False
train_000160,train,0.0,27,27,POL F14,POL,POL,F,14,14.0,,2000.0,60.0,0.9615571612503897,-0.1043687631053252,2.0331451551349837,47.090049252590745,425.2921905517578,0.0,0.022491854098784157,False,False,False
train_000160,train,0.0,28,28,POL F15,POL,POL,F,15,15.0,,2000.0,60.0,0.6679090899427792,-0.5062186797593418,2.705835647239911,40.16962966671302,342.1867980957031,0.0,0.028850240418670157,False,False,False
train_000160,train,0.0,29,29,POL G1,POL,POL,G,1,1.0,,2000.0,60.0,2.123192183300323,-0.18145041357968736,2.5811497579106035,47.71272954943763,311.816162109375,0.0,0.030658588821573515,False,False,False
train_000160,train,0.0,30,30,POL G2,POL,POL,G,2,2.0,,2000.0,60.0,1.468717008456577,-0.58127361598675,2.0816478157172296,32.97478239190902,245.4100799560547,0.0,0.029558579654830455,False,False,False
train_000160,train,0.0,31,31,POL G3,POL,POL,G,3,3.0,,2000.0,60.0,3.287807462996982,0.7111119588625748,5.027912422300332,44.085471913552176,287.10877990722656,0.0,0.037391978266485555,False,False,False
train_000160,train,0.0,32,32,POL G4,POL,POL,G,4,4.0,,2000.0,60.0,3.195985135591183,0.28997171112215736,5.364591414844706,34.17810376665805,249.6086883544922,0.0,0.038733656113800946,False,False,False
train_000160,train,0.0,33,33,POL G5,POL,POL,G,5,5.0,,2000.0,60.0,2.8905842682043588,0.43658747490951544,5.464933915175189,37.80444539392309,265.52709197998047,0.0,0.03600863340527838,False,False,False
train_000160,train,0.0,34,34,POL G6,POL,POL,G,6,6.0,,2000.0,60.0,2.514102411245595,-0.14202376522303967,4.520645437509922,33.41316724139765,234.56996154785156,0.0,0.03452528771073092,False,False,False
train_000160,train,0.0,35,35,POL G7,POL,POL,G,7,7.0,,2000.0,60.0,2.7538203062089748,-0.22172003649491717,4.389967098932732,33.76079700367928,240.5269546508789,0.0,0.0328252735439462,False,False,False
train_000160,train,0.0,36,36,POL DC01,POL,POL,DC,01,1.0,,2000.0,60.0,-0.17424463059223957,0.4453751263392535,0.3265279666683841,84.86515361454424,732.6002807617188,0.0,0.9126326052717106,False,False,False
train_000160,train,0.0,37,37,POL DC02,POL,POL,DC,02,2.0,,2000.0,60.0,0.48838623706444495,0.38383238036075745,-0.7092605151356373,108.14642074081615,732.5999755859375,0.0964,0.8631821931849432,False,False,False
train_000160,train,0.0,38,38,POL DC03,POL,POL,DC,03,3.0,,2000.0,60.0,-0.912009225425243,-0.030398549422021554,-0.0072862550856469185,38.45032591486999,732.5999755859375,0.009,0.9794831623596864,False,False,False
train_000160,train,0.0,39,39,POL DC04,POL,POL,DC,04,4.0,,2000.0,60.0,-1.2065149391736416,-0.8406138545982782,0.10079180736793678,94.89140045680803,732.5999755859375,0.00015,0.8931991099925832,False,False,False
train_000160,train,0.0,40,40,POL DC05,POL,POL,DC,05,5.0,,2000.0,60.0,-0.6166148486433995,0.09325652591750831,-0.2599564078701231,37.39746226289668,732.6002807617188,0.0,0.9810498420820174,False,False,False
train_000160,train,0.0,41,41,POL DC06,POL,POL,DC,06,6.0,,2000.0,60.0,0.4905248242398744,0.29618324000168067,-0.10438474469409056,181.6410680844899,366.29998779296875,0.43595,0.6552137934482787,False,False,False
train_000160,train,0.0,42,42,POL DC07,POL,POL,DC,07,7.0,,2000.0,60.0,-0.82915318517587,-0.5175869183426273,0.36810632852057046,165.3870419730634,732.6002807617188,0.0,0.7066558887990734,False,False,False
train_000160,train,0.0,43,43,POL DC08,POL,POL,DC,08,8.0,,2000.0,60.0,0.24228485294753965,0.6855504183615311,-1.032725832925676,181.44580233503254,366.29998779296875,0.56805,0.6561638013650114,False,False,False
train_000160,train,0.0,44,44,POL DC09,POL,POL,DC,09,9.0,,2000.0,60.0,-0.5366584301377832,0.7288122815033289,-0.25398286179475105,42.295134462950045,732.5999755859375,0.011525,0.9759831331927766,False,False,False
train_000160,train,0.0,45,45,POL DC10,POL,POL,DC,10,10.0,,2000.0,60.0,1.1891217981262439,0.33874652327611005,-0.43252017501106355,181.55225356582758,366.29998779296875,0.4341,0.6608055067125559,False,False,False
train_000160,train,0.0,46,46,POL DC11,POL,POL,DC,11,11.0,,2000.0,60.0,0.11328893446875452,-0.35626442990032786,1.0159013710473324,163.26928640080226,366.29998779296875,0.2734416666666667,0.7105059208826741,False,False,False
train_000160,train,0.0,47,47,POL DC12,POL,POL,DC,12,12.0,,2000.0,60.0,0.7074514204353032,-0.8211321151776647,0.38224673107656926,176.27575989685187,366.29998779296875,0.3643,0.6740056167134726,False,False,False
train_000160,train,0.0,48,48,POL DC13,POL,POL,DC,13,13.0,,2000.0,60.0,0.4584640561253484,0.6790541790638748,0.22648082978009748,52.07415232131036,732.5999755859375,0.019608333333333332,0.9644163701364178,False,False,False
train_000160,train,0.0,49,49,POL DC14,POL,POL,DC,14,14.0,,2000.0,60.0,-0.8573509869206655,0.04274339289042019,0.32228929904659914,33.15215255126658,732.6002807617188,0.0,0.9851165426378553,False,False,False
train_000160,train,0.0,50,50,POL DC15,POL,POL,DC,15,15.0,,2000.0,60.0,-0.3070099608084488,0.05631993357829608,-1.0460511391735148,179.08310456677938,366.3001377929759,0.0,0.6617555146292886,False,False,False
train_000160,train,0.0,51,51,POL DC16,POL,POL,DC,16,16.0,,2000.0,60.0,0.7381138767961203,-0.6914624179867014,-0.14980109702374528,111.6551528794156,732.6002807617188,0.0,0.8561821348511237,False,False,False
train_000160,train,0.0,52,52,POL G8,POL,POL,G,8,8.0,,2000.0,60.0,2.734189167503627,-0.3737251180034028,3.957142624341048,40.52112747968899,279.9802703857422,0.0,0.03364194701622514,False,False,False
train_000160,train,0.0,53,53,POL G9,POL,POL,G,9,9.0,,2000.0,60.0,2.119283441535675,-0.16292140330944546,3.214311361750652,45.21746575156405,327.5388641357422,0.0,0.03202526687722398,False,False,False
train_000160,train,0.0,54,54,POL G10,POL,POL,G,10,10.0,,2000.0,60.0,1.495212713687708,-0.7469254994043827,2.8089266556685653,44.763650550470864,342.0897979736328,0.0,0.030300252502104184,False,False,False
train_000160,train,0.0,55,55,POL G11,POL,POL,G,11,11.0,,2000.0,60.0,0.948305912623968,-0.3923583193197199,2.768839374772333,45.4900369094179,321.483642578125,0.0,0.028833573613113443,False,False,False
train_000160,train,0.0,56,56,POL G12,POL,POL,G,12,12.0,,2000.0,60.0,0.778097537882785,-0.174496069322148,1.7238750123600186,46.93710515305259,342.77325439453125,0.0,0.026500220835173626,False,False,False
train_000160,train,0.0,57,57,POL G13,POL,POL,G,13,13.0,,2000.0,60.0,0.9532754432596364,-0.1658432734011031,1.488371791921623,49.4122607531223,379.8822937011719,0.0,0.024608538404486704,False,False,False
train_000160,train,0.0,58,58,POL G14,POL,POL,G,14,14.0,,2000.0,60.0,0.5313843569634926,0.6562946221663674,1.6328849344989846,48.974873233896936,356.4451446533203,0.0,0.02604188368236402,False,False,False
train_000160,train,0.0,59,59,POL G15,POL,POL,G,15,15.0,,2000.0,60.0,0.8925857110086413,0.052937605155856354,1.7796131585475403,48.87888754043279,345.0193786621094,0.0,0.026116884307369227,False,False,False
train_000160,train,0.0,60,60,POL G16,POL,POL,G,16,16.0,,2000.0,60.0,1.1983839796212403,0.629624865959434,2.040235427475014,42.621702304491684,290.8202209472656,0.0,0.028208568404736706,False,False,False
train_000160,train,0.0,61,61,POL H1,POL,POL,H,1,1.0,,2000.0,60.0,3.3337950733201076,0.4659300862885367,2.9184540210368013,33.86387253989143,240.23426818847656,0.0,0.03185026541887849,False,False,False
train_000160,train,0.0,62,62,POL H2,POL,POL,H,2,2.0,,2000.0,60.0,2.2531508448640905,0.4658186605386841,4.0715542846429,32.217111888305176,231.7380142211914,0.0,0.03895865798881657,False,False,False
train_000160,train,0.0,63,63,POL H3,POL,POL,H,3,3.0,,2000.0,60.0,20.536210082661427,11.886803160484432,17.867527353456794,33.061202088959554,238.37889099121094,0.0,0.019066825556879642,True,True,True
train_000160,train,0.0,64,64,POL H4,POL,POL,H,4,4.0,,2000.0,60.0,2.9973897613745266,-0.6253675445496093,4.979054733694048,35.80273059099541,246.67953491210938,0.0,0.038908657572146434,False,False,False
train_000160,train,0.0,65,65,POL H5,POL,POL,H,5,5.0,,2000.0,60.0,1.712290783154068,-0.5854576430852719,3.3115486490233357,36.366066671164425,252.538818359375,0.0,0.0364253035441962,False,False,False
train_000160,train,0.0,66,66,POL H6,POL,POL,H,6,6.0,,2000.0,60.0,2.022358649588233,-0.039372732770644764,4.472664792794154,37.03742064224717,269.0427703857422,0.0,0.036225301877515645,False,False,False
train_000160,train,0.0,67,67,POL H7,POL,POL,H,7,7.0,,2000.0,60.0,2.198758360837326,0.16062990954028505,5.500871210858065,37.766892818182875,266.4061584472656,0.0,0.036491970766423056,False,False,False
train_000160,train,0.0,68,68,POL H8,POL,POL,H,8,8.0,,2000.0,60.0,2.0746875160367346,0.19451394642057013,5.077280877717122,36.10113960949599,280.3707275390625,0.0,0.03497529146076217,False,False,False
train_000160,train,0.0,69,69,POL H9,POL,POL,H,9,9.0,,2000.0,60.0,1.243908615132338,0.19808442948324764,3.9760509068237355,36.585517630505635,284.57012939453125,0.0,0.034750289585746545,False,False,False
train_000160,train,0.0,70,70,POL H10,POL,POL,H,10,10.0,,2000.0,60.0,1.138417648318739,-0.3675210389072414,3.311093744366618,36.46048036034197,275.3899230957031,0.0,0.03127526062717189,False,False,False
train_000160,train,0.0,71,71,POL H11,POL,POL,H,11,11.0,,2000.0,60.0,1.4592215129837292,-0.23979832348642247,3.0864819874232503,38.46685731468057,283.78839111328125,0.0,0.02850023750197918,False,False,False
train_000160,train,0.0,72,72,POL H12,POL,POL,H,12,12.0,,2000.0,60.0,1.1052271419759725,-0.3505796695305463,2.936416477837001,40.58348406612686,312.10899353027344,0.0,0.02731689430745256,False,False,False
train_000160,train,0.0,73,73,POL H13,POL,POL,H,13,13.0,,2000.0,60.0,0.8932051189411373,0.13769014837097035,2.5976338358993107,39.30900052879916,307.2261505126953,0.0,0.027358561321344343,False,False,False
train_000160,train,0.0,74,74,POL H14,POL,POL,H,14,14.0,,2000.0,60.0,1.7526861376606517,0.2519520460941231,3.1017027736279807,32.08043376503795,243.06624603271484,0.0,0.03149192909940916,False,False,False
train_000160,train,0.0,75,75,POL H15,POL,POL,H,15,15.0,,2000.0,60.0,1.5461670024701457,0.08524311784511535,3.2439612377442124,29.74478311899135,233.8864517211914,0.0,0.0335336127801065,False,False,False
train_000160,train,0.0,76,76,POL I1,POL,POL,I,1,1.0,,2000.0,60.0,2.1418542031123895,0.8273869177272075,3.6483322104206675,49.84941095697854,356.7379455566406,0.0,0.032625271877265646,False,False,False
train_000160,train,0.0,77,77,POL I2,POL,POL,I,2,2.0,,2000.0,60.0,1.6183928930521856,0.46195079502100417,4.038301365205861,32.338487355170585,279.5897674560547,0.0,0.0342419520162668,False,False,False
train_000160,train,0.0,78,78,POL I3,POL,POL,I,3,3.0,,2000.0,60.0,2.250476208036564,0.6652807385571552,4.716498268749268,46.07400922402877,304.1986541748047,0.0,0.037400311669263914,False,False,False
train_000160,train,0.0,79,79,POL I4,POL,POL,I,4,4.0,,2000.0,60.0,2.5811484263628692,0.08850584672426554,5.319472545069476,49.57716892962136,326.56214141845703,0.0,0.03863365528046067,False,False,False
train_000160,train,0.0,80,80,POL I5,POL,POL,I,5,5.0,,2000.0,60.0,2.186738380652743,-0.3895299736780029,10.918057738283608,43.55502526782313,291.8943176269531,0.0,0.039025325211043425,False,False,False
train_000160,train,0.0,81,81,POL I6,POL,POL,I,6,6.0,,2000.0,60.0,2.104520899912065,-0.6484964396509575,10.856608554421145,36.9675734994844,262.4019241333008,0.0,0.03675030625255211,False,False,False
train_000160,train,0.0,82,82,POL I7,POL,POL,I,7,7.0,,2000.0,60.0,1.937418150101047,-0.10282058733965976,10.622544230490396,35.97818476431838,250.39044189453125,0.0,0.03747531229426912,False,False,False
train_000160,train,0.0,83,83,POL I8,POL,POL,I,8,8.0,,2000.0,60.0,2.01871953405841,-0.40550499974632453,10.44622100460341,37.09250508917801,265.5272521972656,0.0,0.03567529729414412,False,False,False
train_000160,train,0.0,84,84,POL I9,POL,POL,I,9,9.0,,2000.0,60.0,0.8548935986252658,-0.7519111418351686,9.232301266358032,40.55889821188356,282.6168212890625,0.0,0.03507529229410245,False,False,False
train_000160,train,0.0,85,85,POL I10,POL,POL,I,10,10.0,,2000.0,60.0,0.50491996568703,0.2961856795313043,3.907516019518037,38.682204433224534,286.0350799560547,0.0,0.027658563821365178,False,False,False
train_000160,train,0.0,86,86,POL I11,POL,POL,I,11,11.0,,2000.0,60.0,0.3822895532477085,0.8181095209866784,4.721783415096899,41.280016979664374,317.2848358154297,0.0,0.024225201876682305,False,False,False
train_000160,train,0.0,87,87,POL I12,POL,POL,I,12,12.0,,2000.0,60.0,0.7434157629534944,0.16377080938582667,6.608684071770173,41.676978018491745,309.86317443847656,0.0,0.028216901807515064,False,False,False
train_000160,train,0.0,88,88,POL I13,POL,POL,I,13,13.0,,2000.0,60.0,0.8165740515891163,-0.2779722501591302,7.974543171694001,40.45148800951486,285.93726348876953,0.0,0.03028358569654747,False,False,False
train_000160,train,0.0,89,89,POL I14,POL,POL,I,14,14.0,,2000.0,60.0,0.6537639632832899,-0.3823040527653555,7.683415504520212,41.437735470770136,311.2303924560547,0.0,0.028900240835340294,False,False,False
train_000160,train,0.0,90,90,POL I15,POL,POL,I,15,15.0,,2000.0,60.0,1.006888513851186,-0.557152999544609,7.321218012772569,39.25725814053253,285.35118103027344,0.0,0.030183584863207193,False,False,False
train_000160,train,0.0,91,91,POL I16,POL,POL,I,16,16.0,,2000.0,60.0,1.1601200291799436,-0.24884452179936167,8.46505659594135,34.449526581246126,256.15196990966797,0.0,0.03183359861332178,False,False,False
train_000160,train,0.0,92,92,POL J1,POL,POL,J,1,1.0,,2000.0,60.0,3.1242121960080294,0.3179782832253053,9.39622267830755,31.638185078584755,246.3864517211914,0.0,0.035158626321886016,False,False,False
train_000160,train,0.0,93,93,POL J2,POL,POL,J,2,2.0,,2000.0,60.0,2.108647150361214,0.47896941177847546,9.003588816023765,30.647032512466197,244.3355712890625,0.0,0.037700314169284745,False,False,False
train_000160,train,0.0,94,94,POL J3,POL,POL,J,3,3.0,,2000.0,60.0,2.3238499252758373,0.06463608245940626,9.987497824654966,31.990385392399645,235.64441680908203,0.0,0.03673363944699539,False,False,False
train_000160,train,0.0,95,95,POL J4,POL,POL,J,4,4.0,,2000.0,60.0,2.5540773643691446,-0.15808445515884084,10.300742683474052,61.07893581435481,344.33577728271484,0.0,0.03735864465537213,False,False,False
train_000160,train,0.0,96,96,POL J5,POL,POL,J,5,5.0,,2000.0,60.0,2.520481258977223,-0.7115960483026449,9.835092124625985,49.952984759938225,375.7812194824219,0.0,0.03524196034966958,False,False,False
train_000160,train,0.0,97,97,POL J6,POL,POL,J,6,6.0,,2000.0,60.0,2.2760676020389785,-0.6767636606794153,9.81101982475398,44.28316792325295,301.9529800415039,0.0,0.03599196659972166,False,False,False
train_000160,train,0.0,98,98,POL J7,POL,POL,J,7,7.0,,2000.0,60.0,2.457700352374514,-0.4363171516175879,9.828831295243216,39.25671680761932,274.31627655029297,0.0,0.03422528521071009,False,False,False
train_000160,train,0.0,99,99,POL J8,POL,POL,J,8,8.0,,2000.0,60.0,2.266631465250269,-0.6536363756256548,8.842983093228458,36.97519822805087,277.9294738769531,0.0,0.03255860465503879,False,False,False
train_000160,train,0.0,100,100,POL J9,POL,POL,J,9,9.0,,2000.0,60.0,1.8473905521095406,-0.27013582331476566,7.763266520563482,39.15428662970751,282.1288299560547,0.0,0.030341919515995967,False,False,False
train_000160,train,0.0,101,101,POL J10,POL,POL,J,10,10.0,,2000.0,60.0,1.399085447215601,-0.2863780307537685,7.5188483236300785,39.8801749815568,300.09754943847656,0.0,0.03042525354377953,False,False,False
train_000160,train,0.0,102,102,POL J11,POL,POL,J,11,11.0,,2000.0,60.0,1.4399918997627354,-0.2953904216056546,7.728698969795324,40.22635114532209,311.6207580566406,0.0,0.02938357819648497,False,False,False
train_000160,train,0.0,103,103,POL J12,POL,POL,J,12,12.0,,2000.0,60.0,0.710494024802482,0.680256057722413,6.859217658302846,34.8034810800694,265.23387145996094,0.0,0.03045858715489296,False,False,False
train_000160,train,0.0,104,104,POL J13,POL,POL,J,13,13.0,,2000.0,60.0,0.825934335030767,0.17697899065578332,7.219552291390759,30.680005950978554,199.9021224975586,0.0,0.031925266043883696,False,False,False
train_000160,train,0.0,105,105,EEG M1-Ref,EEG,EEG ...-Ref,M,1,1.0,-Ref,2000.0,60.0,0.9926018692239285,1.1877562996349835,5.279698128372825,57.94534384833914,471.87498474121094,0.0,0.02271685597379978,False,False,False
train_000160,train,0.0,106,106,EEG M2-Ref,EEG,EEG ...-Ref,M,2,2.0,-Ref,2000.0,60.0,0.343723065441747,0.5441947085711987,3.9355690266604544,48.83816884204321,421.5815887451172,0.0,0.023008525071042257,False,False,False
train_000160,train,0.0,107,107,POL M3,POL,POL,M,3,3.0,,2000.0,60.0,0.6976795881206668,0.4516974266689916,3.570050992917281,45.36954321354428,399.2186737060547,0.0,0.02086684055700464,False,False,False
train_000160,train,0.0,108,108,POL M4,POL,POL,M,4,4.0,,2000.0,60.0,1.668554427531208,0.3602348153516472,5.921302139733481,38.01407356684762,299.02313232421875,0.0,0.026758556321302678,False,False,False
train_000160,train,0.0,109,109,POL M5,POL,POL,M,5,5.0,,2000.0,60.0,2.841067661359065,0.3272659630416885,9.743367032768967,90.52936443065754,508.0075378417969,0.0,0.031783598196651636,False,False,False
train_000160,train,0.0,110,110,POL M6,POL,POL,M,6,6.0,,2000.0,60.0,2.355980042327866,-0.038586043151323884,10.295224081000438,41.59492567639159,300.8784942626953,0.0,0.031600263335527796,False,False,False
train_000160,train,0.0,111,111,POL M7,POL,POL,M,7,7.0,,2000.0,60.0,2.5292278164214492,0.10214770302158854,9.383626052784596,51.43339463989457,351.4646911621094,0.0,0.027591896599138327,False,False,False
train_000160,train,0.0,112,112,POL M8,POL,POL,M,8,8.0,,2000.0,60.0,2.2201217488127676,-0.7615355325438072,9.909915107979812,39.46033425147705,323.5349578857422,0.0,0.03313360944674539,False,False,False
train_000160,train,0.0,113,113,POL M9,POL,POL,M,9,9.0,,2000.0,60.0,1.3135048133176672,-0.17934354783546697,9.029512885123127,47.120989872411336,353.5149688720703,0.0,0.033258610488420735,False,False,False
train_000160,train,0.0,114,114,POL M10,POL,POL,M,10,10.0,,2000.0,60.0,0.6614380583612918,-0.033950561039118914,7.886924049363698,37.57667444693324,289.45294189453125,0.0,0.032075267293894115,False,False,False
train_000160,train,0.0,115,115,POL M11,POL,POL,M,11,11.0,,2000.0,60.0,1.2195852570764063,0.5463674773363899,8.073849295090595,42.19044939521137,327.050048828125,0.0,0.031208593404945043,False,False,False
train_000160,train,0.0,116,116,POL M12,POL,POL,M,12,12.0,,2000.0,60.0,1.0179028261648266,0.9393223041192065,8.59392393832552,37.99003655487646,286.0346221923828,0.0,0.03190026583554863,False,False,False
train_000160,train,0.0,117,117,POL M13,POL,POL,M,13,13.0,,2000.0,60.0,0.16996421164586603,0.1654373457356444,7.063848887857423,40.39741150043123,295.4095687866211,0.0,0.029916915974299785,False,False,False
train_000160,train,0.0,118,118,POL M14,POL,POL,M,14,14.0,,2000.0,60.0,0.023777638875973544,0.304451391850101,3.0667147313141423,52.00703268196628,380.6638946533203,0.0,0.020125167709730916,False,False,False
train_000160,train,0.0,119,119,POL M15,POL,POL,M,15,15.0,,2000.0,60.0,0.6657729024167456,0.1599449655036866,6.022168929110396,41.77131336537072,338.7694396972656,0.0,0.026275218960158,False,False,False
train_000160,train,0.0,120,120,POL M16,POL,POL,M,16,16.0,,2000.0,60.0,0.138369190321033,0.04355221853347455,6.0121686189196355,41.89226417248033,342.6752014160156,0.0,0.02641688680739006,False,False,False
train_000160,train,0.0,121,121,POL pMC1,POL,POL,pMC,1,1.0,,2000.0,60.0,2.023995320724808,0.16255586743033085,6.57625292688011,54.48503800244209,339.74583435058594,0.0,0.028450237085309044,False,False,False
train_000160,train,0.0,122,122,POL pMC2,POL,POL,pMC,2,2.0,,2000.0,60.0,0.34427848927581195,0.11769989617934713,3.735595427827623,40.287837937087275,269.2382049560547,0.0,0.026766889724081033,False,False,False
train_000160,train,0.0,123,123,POL pMC3,POL,POL,pMC,3,3.0,,2000.0,60.0,0.19822671335682218,-0.29140179031473,3.8087291115926805,38.56028251115432,312.20672607421875,0.0,0.022041850348752907,False,False,False
train_000160,train,0.0,124,124,POL pMC4,POL,POL,pMC,4,4.0,,2000.0,60.0,0.11035945695311694,-0.2831022354222274,3.030524035615117,43.91625087598693,323.43731689453125,0.0,0.019508495904132533,False,False,False
train_000160,train,0.0,125,125,POL pMC5,POL,POL,pMC,5,5.0,,2000.0,60.0,0.7240392531637869,-0.4807032647506618,5.0039908647983635,46.934115626665566,399.0227508544922,0.0,0.023275193959949668,False,False,False
train_000160,train,0.0,126,126,POL pMC6,POL,POL,pMC,6,6.0,,2000.0,60.0,0.8115716009506617,0.467501408846672,4.708364453596722,49.53649593785502,410.5465087890625,0.0,0.022950191251593765,False,False,False
train_000160,train,0.0,127,127,POL pMC7,POL,POL,pMC,7,7.0,,2000.0,60.0,0.28881145711824074,1.1057096713785315,4.929003018161296,59.58946149194891,428.90557861328125,0.0,0.021950182918190984,False,False,False
train_000160,train,0.0,128,128,POL pMC8,POL,POL,pMC,8,8.0,,2000.0,60.0,0.10598114795809116,0.8195364681687982,5.501684710474906,66.6021561709776,487.8900604248047,0.0,0.022725189376578137,False,False,False
train_000160,train,0.0,129,129,POL pMC9,POL,POL,pMC,9,9.0,,2000.0,60.0,0.011277596749791268,0.7043046583650148,4.370026886191299,58.30818297823673,442.87086486816406,0.0,0.019883499029158577,False,False,False
train_000160,train,0.0,130,130,POL pMC10,POL,POL,pMC,10,10.0,,2000.0,60.0,0.2417311966259731,0.8320885218117944,4.36572268958192,59.9737758424119,485.83924865722656,0.0,0.019100159167993066,False,False,False
train_000160,train,0.0,131,131,POL pMC11,POL,POL,pMC,11,11.0,,2000.0,60.0,0.5794463218089225,1.1684962116873785,4.397234419798553,54.49849993911086,491.50379943847656,0.0,0.018508487570729756,False,False,False
train_000160,train,0.0,132,132,POL pMC12,POL,POL,pMC,12,12.0,,2000.0,60.0,0.5783977509470282,1.2924273883387736,4.08695523485843,51.8637833788905,478.31982421875,0.0,0.018608488404070034,False,False,False
train_000160,train,0.0,133,133,POL pMC13,POL,POL,pMC,13,13.0,,2000.0,60.0,1.2763962075280388,0.6415978142990758,6.331529227232405,27.91292749869034,223.92572021484375,0.0,0.03101692514104284,False,False,False
train_000160,train,0.0,134,134,POL aMC1,POL,POL,aMC,1,1.0,,2000.0,60.0,1.7659784723258853,1.163457203008137,8.920732957115563,36.08548892378242,244.5308380126953,0.0,0.03330861090509087,False,False,False
train_000160,train,0.0,135,135,POL aMC2,POL,POL,aMC,2,2.0,,2000.0,60.0,-0.8552948004191137,0.32972356886980186,4.299668409030489,38.53165696995675,273.7297897338867,0.0,0.026983558196318303,False,False,False
train_000160,train,0.0,136,136,POL aMC3,POL,POL,aMC,3,3.0,,2000.0,60.0,0.808623322431018,0.8441421044685388,5.030683273759596,43.01316013129998,305.4684066772461,0.0,0.030583588196568305,False,False,False
train_000160,train,0.0,137,137,POL aMC4,POL,POL,aMC,4,4.0,,2000.0,60.0,1.538135662741709,1.492864311478134,10.50900396354389,41.4036122313994,280.56595611572266,0.0,0.03616696805806715,False,False,False
train_000160,train,0.0,138,138,POL aMC5,POL,POL,aMC,5,5.0,,2000.0,60.0,1.6616776620727567,0.8111782567989392,10.463022754728136,40.94089240052357,270.8003616333008,0.0,0.036350302919190995,False,False,False
train_000160,train,0.0,139,139,POL aMC6,POL,POL,aMC,6,6.0,,2000.0,60.0,1.2370074723630133,0.3509132990661935,10.598521940598493,36.9853503405582,260.5462646484375,0.0,0.036058633821948516,False,False,False
train_000160,train,0.0,140,140,POL aMC7,POL,POL,aMC,7,7.0,,2000.0,60.0,1.3511925191825325,0.22711887141697434,9.875933227235569,38.54407531527876,265.3318405151367,0.0,0.03537529479412328,False,False,False
train_000160,train,0.0,141,141,POL aMC8,POL,POL,aMC,8,8.0,,2000.0,60.0,1.074954204201521,-0.8680151208307239,9.151856003668334,37.835224351827364,274.8044738769531,0.0,0.03382528187734898,False,False,False
train_000160,train,0.0,142,142,POL aMC9,POL,POL,aMC,9,9.0,,2000.0,60.0,0.9728039166367247,-1.0624872989742815,8.091909922161353,39.596047062613295,297.16756439208984,0.0,0.031483595696630805,False,False,False
train_000160,train,0.0,143,143,POL aMC10,POL,POL,aMC,10,10.0,,2000.0,60.0,0.5139015064493256,-0.22872932032188667,8.084322076855774,36.263193655844276,296.0936279296875,0.0,0.035475295627463564,False,False,False
train_000160,train,0.0,144,144,POL aMC11,POL,POL,aMC,11,11.0,,2000.0,60.0,0.5397870277927179,1.229094515473053,16.078018368072414,27.421137915187114,209.66770935058594,0.0,0.03556696305802548,False,False,False
train_000160,train,0.0,145,145,POL aMC12,POL,POL,aMC,12,12.0,,2000.0,60.0,1.1524225754909991,2.054294321863974,17.809211755403364,17.42969710834312,128.906005859375,0.0,0.043033691947432895,False,False,False
train_000160,train,0.0,146,146,POL aMC13,POL,POL,aMC,13,13.0,,2000.0,60.0,2.9610882249722437,2.534943087038423,21.2503416620639,5.831121230632522,43.8476197719574,0.0,0.05455045458712156,False,False,False
train_000160,train,0.0,147,147,POL AC1,POL,POL,AC,1,1.0,,2000.0,60.0,1.0065129823163497,1.2999719449988731,12.904731659269281,50.084365976910654,353.0272521972656,0.0,0.026033550279585663,False,False,False
train_000160,train,0.0,148,148,POL AC2,POL,POL,AC,2,2.0,,2000.0,60.0,0.8648241267575194,0.7131969378575974,12.970800041816506,38.333383219347105,276.56224060058594,0.0,0.027650230418586823,False,False,False
train_000160,train,0.0,149,149,POL AC3,POL,POL,AC,3,3.0,,2000.0,60.0,0.9863804976655431,-0.7305126987878884,10.064016441395047,40.88201668946497,305.27293395996094,0.0,0.024925207710064252,False,False,False
train_000160,train,0.0,150,150,POL AC4,POL,POL,AC,4,4.0,,2000.0,60.0,1.5416960972041696,1.2370082029948433,13.372799020498466,36.04163214242037,267.9686050415039,0.0,0.03138359486329053,False,False,False
train_000160,train,0.0,151,151,POL AC5,POL,POL,AC,5,5.0,,2000.0,60.0,1.0287121249417333,1.6600863383089626,13.351225987485815,35.16062914835488,271.97218322753906,0.0,0.03035025291877432,False,False,False
train_000160,train,0.0,152,152,POL AC6,POL,POL,AC,6,6.0,,2000.0,60.0,1.222464881459959,1.8901512711710255,16.549027654181284,33.37779941233664,239.4530258178711,0.0,0.035208626738556154,False,False,False
train_000160,train,0.0,153,153,POL AC7,POL,POL,AC,7,7.0,,2000.0,60.0,1.5185066434474546,2.223940962352774,14.289777076695966,32.661739787961324,244.53077697753906,0.0,0.03427528562738023,False,False,False
train_000160,train,0.0,154,154,POL AC8,POL,POL,AC,8,8.0,,2000.0,60.0,2.082288002477536,2.2940374978636195,15.285805450672381,33.93093943595561,244.04270935058594,0.0,0.034291952432936944,False,False,False
train_000160,train,0.0,155,155,POL AC9,POL,POL,AC,9,9.0,,2000.0,60.0,2.1976774833268857,2.580070662610547,15.463297564958955,32.986501716936885,245.1168670654297,0.0,0.03505029208576738,False,False,False
train_000160,train,0.0,156,156,POL AC10,POL,POL,AC,10,10.0,,2000.0,60.0,1.8449127767940885,2.7222225813629852,16.345205305830135,31.672779839621263,244.72637939453125,0.0,0.03565029708580905,False,False,False
train_000160,train,0.0,157,157,POL AC11,POL,POL,AC,11,11.0,,2000.0,60.0,1.9138666606046688,2.341062005260777,16.439314066991347,33.07802487536139,231.24970245361328,0.0,0.03615030125251044,False,False,False
train_000160,train,0.0,158,158,POL AC12,POL,POL,AC,12,12.0,,2000.0,60.0,1.9916357692987048,1.2373904243076845,15.625452749132984,38.46020042421058,265.9176940917969,0.0,0.03420861840515338,False,False,False
train_000160,train,0.0,159,159,POL AC13,POL,POL,AC,13,13.0,,2000.0,60.0,2.1369619034103566,0.11697064289742305,14.985535921519075,38.25595414237002,299.12062072753906,0.0,0.03168359736331136,False,False,False
train_000160,train,0.0,160,160,POL AC14,POL,POL,AC,14,14.0,,2000.0,60.0,1.3868397715403604,0.046730341288510925,13.823389997967183,42.29174017306544,321.48414611816406,0.0,0.029066908890907423,False,False,False
train_000160,train,0.0,161,161,POL AC15,POL,POL,AC,15,15.0,,2000.0,60.0,0.7449000511276385,0.50221117122568,14.002422698423603,32.12663477184543,248.33953094482422,0.0,0.03249193743281194,False,False,False
train_000160,train,0.0,162,162,POL AC16,POL,POL,AC,16,16.0,,2000.0,60.0,1.0385836585459387,1.616639444350238,14.896875716778897,18.875134769890014,129.1989288330078,0.0,0.03765031375261461,False,False,False
train_000160,train,0.0,163,163,EEG PO1-Ref,EEG,EEG ...-Ref,PO,1,1.0,-Ref,2000.0,60.0,1.1929517227568656,0.45832344375121836,14.878472441544485,44.11350262805516,332.3238525390625,0.0,0.03029191909932583,False,False,False
train_000160,train,0.0,164,164,EEG PO2-Ref,EEG,EEG ...-Ref,PO,2,2.0,-Ref,2000.0,60.0,1.5820000843620776,1.3124012484268486,14.861112642846868,38.74017268952502,279.49156951904297,0.0,0.03129192743272861,False,False,False
train_000160,train,0.0,165,165,EEG PO3-Ref,EEG,EEG ...-Ref,PO,3,3.0,-Ref,2000.0,60.0,2.456670392273916,1.5707133007406524,16.744577301762327,41.85625098515716,286.8160400390625,0.0,0.035758631321927685,False,False,False
train_000160,train,0.0,166,166,EEG PO4-Ref,EEG,EEG ...-Ref,PO,4,4.0,-Ref,2000.0,60.0,2.8130556791422885,1.516553364556919,15.67841074809052,29.25341737370571,234.66786193847656,0.0,0.0377086475720631,False,False,False
train_000160,train,0.0,167,167,EEG PO5-Ref,EEG,EEG ...-Ref,PO,5,5.0,-Ref,2000.0,60.0,2.2386330897492317,1.3692391286429206,12.45964951013378,31.030673538283516,228.80806732177734,0.0,0.033091942432853606,False,False,False
train_000160,train,0.0,168,168,EEG PO6-Ref,EEG,EEG ...-Ref,PO,6,6.0,-Ref,2000.0,60.0,2.011589106682879,0.6401993045579459,12.329156909059533,36.92270217976738,256.9331512451172,0.0,0.03349194576621472,False,False,False
train_000160,train,0.0,169,169,EEG PO7-Ref,EEG,EEG ...-Ref,PO,7,7.0,-Ref,2000.0,60.0,2.7228714007829917,2.3699717756780285,16.734658356852393,34.52762603787492,241.9921417236328,0.0,0.033708614238451985,False,False,False
train_000160,train,0.0,170,170,EEG PO8-Ref,EEG,EEG ...-Ref,PO,8,8.0,-Ref,2000.0,60.0,40.46477676423216,19.0096875325601,24.379980915134432,32.59782094611164,193.16404724121094,0.0,0.006358386319885999,True,True,True
train_000160,train,0.0,171,171,EEG PO9-Ref,EEG,EEG ...-Ref,PO,9,9.0,-Ref,2000.0,60.0,2.687276849288376,2.150455712208192,16.791499500932744,38.48693876426171,264.3551940917969,0.0,0.03119192659938833,False,False,False
train_000160,train,0.0,172,172,EEG PO10-Ref,EEG,EEG ...-Ref,PO,10,10.0,-Ref,2000.0,60.0,44.316855378916856,22.125676605920393,28.02822342956272,43.51796748650405,230.85935974121094,0.0,0.00412503437528646,True,True,True
train_000160,train,0.0,173,173,POL PO11,POL,POL,PO,11,11.0,,2000.0,60.0,45.14549235844541,21.854971243484155,27.599513115039716,43.59000746828556,229.10154724121094,0.0,0.0041750347919565995,True,True,True
train_000160,train,0.0,174,174,POL PO12,POL,POL,PO,12,12.0,,2000.0,60.0,35.307907780568264,20.598111407207274,26.17178557451693,10.131586402961355,64.55076217651367,0.0,0.010800090000750006,True,True,True
train_000160,train,0.0,175,175,POL PO13,POL,POL,PO,13,13.0,,2000.0,60.0,35.29687940638755,20.616936155781985,25.960469931067056,10.038612537155792,67.28515625,0.0,0.010533421111842599,True,True,True
train_000160,train,0.0,176,176,POL PO14,POL,POL,PO,14,14.0,,2000.0,60.0,35.743817299039485,20.190957506071694,25.635925493369527,10.258827147748828,64.84373664855957,0.0,0.010991758264652205,True,True,True
train_000160,train,0.0,177,177,POL PO15,POL,POL,PO,15,15.0,,2000.0,60.0,33.15182637419856,19.235811469365952,25.69871739482252,10.05606584706946,70.99606895446777,0.0,0.0123334361119676,True,True,True
train_000160,train,0.0,178,178,POL PO16,POL,POL,PO,16,16.0,,2000.0,60.0,0.7542849351355451,-0.0064938341634951475,7.103955998112323,35.58569614956527,270.4099807739258,0.0,0.018083484029033575,False,False,False
train_000171,train,0.0,0,0,POL E1,POL,POL,E,1,1.0,,2000.0,60.0,0.6364695779686211,0.2456180307186811,-3.167438136804513,76.9222799839946,389.06239318847656,0.0,0.03241693680780673,False,False,False
train_000171,train,0.0,1,1,POL E2,POL,POL,E,2,2.0,,2000.0,60.0,0.3803202527521232,0.1449410344005237,-3.115028972035849,52.47602194248893,333.69105529785156,0.0,0.033708614238451985,False,False,False
train_000171,train,0.0,2,2,POL E3,POL,POL,E,3,3.0,,2000.0,60.0,0.11825355668490377,0.4654292427173382,-3.1903990525118258,46.69412042582302,292.675537109375,0.0,0.03214193451612097,False,False,False
train_000171,train,0.0,3,3,POL E4,POL,POL,E,4,4.0,,2000.0,60.0,0.2355058868637822,0.16249005792249446,-3.3982055406238536,77.33209645620147,390.233642578125,0.0,0.02848357069642247,False,False,False
train_000171,train,0.0,4,4,POL E5,POL,POL,E,5,5.0,,2000.0,60.0,1.2034961772379589,0.6435939876620734,-3.2601013933224348,55.04392323581447,324.0231170654297,0.0,0.027683564029700247,False,False,False
train_000171,train,0.0,5,5,POL E6,POL,POL,E,6,6.0,,2000.0,60.0,0.18051167644020813,0.299460988295488,-3.581657720544131,40.630221300448866,276.65960693359375,0.0,0.028450237085309044,False,False,False
train_000171,train,0.0,6,6,POL E7,POL,POL,E,7,7.0,,2000.0,60.0,0.22361799377040276,0.23253880031644023,-3.642486302685215,37.39345320638049,303.5150909423828,0.0,0.030200251668763906,False,False,False
train_000171,train,0.0,7,7,POL E8,POL,POL,E,8,8.0,,2000.0,60.0,0.31128149320378934,0.4351708928319215,-3.7174010431606046,39.32994109549898,296.9720458984375,0.0,0.03016691805765048,False,False,False
train_000171,train,0.0,8,8,POL E9,POL,POL,E,9,9.0,,2000.0,60.0,-0.06569074090667594,0.4196380394454746,-3.695227540332286,34.53562743401772,278.71038818359375,0.0,0.028233568613071774,False,False,False
train_000171,train,0.0,9,9,POL E10,POL,POL,E,10,10.0,,2000.0,60.0,0.26268127351573517,0.17606020658370342,-3.660611078867429,33.683725847484105,283.0074996948242,0.0,0.025800215001791683,False,False,False
train_000171,train,0.0,10,10,POL E13,POL,POL,E,13,13.0,,2000.0,60.0,0.5958747309669202,0.7272548662517088,-3.8153979481792284,36.080701471399486,312.9879608154297,0.0,0.023416861807181725,False,False,False
train_000171,train,0.0,11,11,POL E14,POL,POL,E,14,14.0,,2000.0,60.0,0.7918135042912428,0.9190833170338573,-3.8947681177055893,36.32784532002972,316.30821228027344,0.0,0.026600221668513904,False,False,False
train_000171,train,0.0,12,12,EEG F1-Ref,EEG,EEG ...-Ref,F,1,1.0,-Ref,2000.0,60.0,0.6343169513188395,0.2586223679916675,-3.165508463751883,89.68304645500167,436.913818359375,0.0,0.033566946391219925,False,False,False
train_000171,train,0.0,13,13,EEG F2-Ref,EEG,EEG ...-Ref,F,2,2.0,-Ref,2000.0,60.0,0.14754318069572592,0.38793823443254627,-3.545501764182975,78.5067339311672,362.69529724121094,0.0,0.03417528479403995,False,False,False
train_000171,train,0.0,14,14,EEG F3-Ref,EEG,EEG ...-Ref,F,3,3.0,-Ref,2000.0,60.0,0.36687424296165405,0.0072549918975139864,-3.566873828868997,80.79670016907404,388.2812042236328,0.0,0.03181693180776506,False,False,False
train_000171,train,0.0,15,15,EEG F4-Ref,EEG,EEG ...-Ref,F,4,4.0,-Ref,2000.0,60.0,0.5177496576872543,0.29726940927295986,-3.4880669685494436,42.2824067396014,291.9919967651367,0.0,0.029216910140917842,False,False,False
train_000171,train,0.0,16,16,EEG F5-Ref,EEG,EEG ...-Ref,F,5,5.0,-Ref,2000.0,60.0,0.38318633868931984,0.38510892215622783,-3.6958119364260367,51.71771316822879,353.2220764160156,0.0,0.029891915765964717,False,False,False
train_000171,train,0.0,17,17,EEG F6-Ref,EEG,EEG ...-Ref,F,6,6.0,-Ref,2000.0,60.0,0.046069922697069554,0.3368034373005867,-3.8622870476613267,40.45748485785605,276.1713104248047,0.0,0.030708589238243652,False,False,False
train_000171,train,0.0,18,18,EEG F7-Ref,EEG,EEG ...-Ref,F,7,7.0,-Ref,2000.0,60.0,0.5056561951353716,0.4046094652854151,-3.951434873532802,49.11497134142035,334.9607696533203,0.0,0.028141901182509855,False,False,False
train_000171,train,0.0,19,19,EEG F8-Ref,EEG,EEG ...-Ref,F,8,8.0,-Ref,2000.0,60.0,0.8178014441745872,0.135341983315034,-3.7790025998331433,61.56022298343572,427.1480712890625,0.0,0.02871690597421645,False,False,False
train_000171,train,0.0,20,20,EEG F9-Ref,EEG,EEG ...-Ref,F,9,9.0,-Ref,2000.0,60.0,0.6805405407454378,0.31450848030308004,-3.945690044458832,45.83973038433402,494.62831115722656,0.0,0.026666888890740755,False,False,False
train_000171,train,0.0,21,21,POL E11,POL,POL,E,11,11.0,,2000.0,60.0,0.4735273703130337,0.2716222748055352,-3.6150976931495213,35.00127591995291,281.24974060058594,0.0,0.024625205210043417,False,False,False
train_000171,train,0.0,22,22,POL E12,POL,POL,E,12,12.0,,2000.0,60.0,0.5837978996648704,0.5485705677641062,-3.7978129754573016,45.12549076194488,335.351318359375,0.0,0.023775198126651055,False,False,False
train_000171,train,0.0,23,23,EEG F10-Ref,EEG,EEG ...-Ref,F,10,10.0,-Ref,2000.0,60.0,0.6156846091503084,0.33110790547942404,-3.689389807402245,47.017381931706225,589.1596984863281,0.0,0.02141684514037617,False,False,False
train_000171,train,0.0,24,24,POL F11,POL,POL,F,11,11.0,,2000.0,60.0,1.421380747284739,0.8760088580409703,-3.390418297767779,50.6491098527804,551.2687530517578,0.0,0.01880849007075059,False,False,False
train_000171,train,0.0,25,25,POL F12,POL,POL,F,12,12.0,,2000.0,60.0,1.8847706383196197,0.906741407423824,-3.960551926783984,50.60954816398225,460.1557159423828,0.0,0.01755014625121876,False,False,False
train_000171,train,0.0,26,26,POL F13,POL,POL,F,13,13.0,,2000.0,60.0,1.1298155701298989,1.2933569598207666,-4.359844199534347,49.89506946517791,427.3429412841797,0.0,0.01923349361244677,False,False,False
train_000171,train,0.0,27,27,POL F14,POL,POL,F,14,14.0,,2000.0,60.0,0.9517252929260124,1.6191136100373247,-4.033203988782236,39.66513661621115,397.362548828125,0.0,0.02191684930707756,False,False,False
train_000171,train,0.0,28,28,POL F15,POL,POL,F,15,15.0,,2000.0,60.0,1.0400237032514066,1.4922359031106478,-4.371816953049354,37.151024890012025,344.72584533691406,0.0,0.025716880974008118,False,False,False
train_000171,train,0.0,29,29,POL G1,POL,POL,G,1,1.0,,2000.0,60.0,0.4997396263586948,0.3045328005511088,-3.3049857289283864,70.06914582058421,354.3942565917969,0.0,0.026258552154601288,False,False,False
train_000171,train,0.0,30,30,POL G2,POL,POL,G,2,2.0,,2000.0,60.0,-0.1475813244815145,0.13205607012821802,-3.4946224942455153,60.931131028042905,345.9959716796875,0.0,0.027433561946349553,False,False,False
train_000171,train,0.0,31,31,POL G3,POL,POL,G,3,3.0,,2000.0,60.0,0.2071668165252437,-0.04541043855814144,-3.482569169248077,46.68107263373016,313.8665313720703,0.0,0.03305027541896183,False,False,False
train_000171,train,0.0,32,32,POL G4,POL,POL,G,4,4.0,,2000.0,60.0,0.14616347560369264,0.20563133054716426,-3.691970229388772,39.987651432243055,297.8507385253906,0.0,0.03395861632180268,False,False,False
train_000171,train,0.0,33,33,POL G5,POL,POL,G,5,5.0,,2000.0,60.0,0.13868620621255667,0.19329712135884797,-3.674789762986018,77.7365168617141,418.5542907714844,0.0,0.03175859798831657,False,False,False
train_000171,train,0.0,34,34,POL G6,POL,POL,G,6,6.0,,2000.0,60.0,0.11909417007122199,0.33567393233860593,-3.8018779671275302,46.49409549830755,324.12062072753906,0.0,0.02990858257152143,False,False,False
train_000171,train,0.0,35,35,POL G7,POL,POL,G,7,7.0,,2000.0,60.0,0.5280810667463901,0.1047197300060934,-3.723832062056104,34.41528802267541,287.5971984863281,0.0,0.029466912224268536,False,False,False
train_000171,train,0.0,36,36,POL DC01,POL,POL,DC,01,1.0,,2000.0,60.0,-0.05505732498320839,-0.2074618149578289,-0.5661494964086965,86.27644800908337,732.6002807617188,0.0,0.9079408995074959,False,False,False
train_000171,train,0.0,37,37,POL DC02,POL,POL,DC,02,2.0,,2000.0,60.0,-0.7612903612731801,0.2837883623448377,-0.12418297093236008,115.55006834655123,732.5999755859375,0.111925,0.8459820498504155,False,False,False
train_000171,train,0.0,38,38,POL DC03,POL,POL,DC,03,3.0,,2000.0,60.0,-0.3301327448969058,0.8578795361151775,0.7254656449867819,41.88515918362685,732.5999755859375,0.011366666666666667,0.9766831390261586,False,False,False
train_000171,train,0.0,39,39,POL DC04,POL,POL,DC,04,4.0,,2000.0,60.0,0.12556564768550296,-0.11932209285964329,-0.31529923308307,91.4356381032265,732.5999755859375,0.00016666666666666666,0.8992658272152267,False,False,False
train_000171,train,0.0,40,40,POL DC05,POL,POL,DC,05,5.0,,2000.0,60.0,-0.38333089112299706,-0.00011300210344920263,-0.3068797407710354,38.93751827032704,732.6002807617188,0.0,0.9795831631930266,False,False,False
train_000171,train,0.0,41,41,POL DC06,POL,POL,DC,06,6.0,,2000.0,60.0,0.3825759983880261,0.35359508104888926,-0.8856789529161342,177.10651244188807,366.29998779296875,0.37261666666666665,0.6690472420603505,False,False,False
train_000171,train,0.0,42,42,POL DC07,POL,POL,DC,07,7.0,,2000.0,60.0,-0.29737343320495646,-0.399194709866389,-0.20557056346652747,171.56544521107674,732.6002807617188,0.0,0.6884557371311427,False,False,False
train_000171,train,0.0,43,43,POL DC08,POL,POL,DC,08,8.0,,2000.0,60.0,-0.09445735587058307,0.9069147292995767,-0.8237810551399795,177.08397244331786,366.29998779296875,0.6276166666666667,0.6711972599771665,False,False,False
train_000171,train,0.0,44,44,POL DC09,POL,POL,DC,09,9.0,,2000.0,60.0,0.39674504909925445,-0.03403369108098165,-0.7472359090167136,40.745863461389625,732.5999755859375,0.0098,0.9774164784706539,False,False,False
train_000171,train,0.0,45,45,POL DC10,POL,POL,DC,10,10.0,,2000.0,60.0,-0.7378392362889379,0.3641525689082565,-0.0245265116607468,183.13572287802464,366.29998779296875,0.5062416666666667,0.6489970749756248,False,False,False
train_000171,train,0.0,46,46,POL DC11,POL,POL,DC,11,11.0,,2000.0,60.0,-0.4501640205586921,-0.3162236317673949,-0.17800916281744794,172.75516647940594,366.29998779296875,0.33395,0.6830723589363245,False,False,False
train_000171,train,0.0,47,47,POL DC12,POL,POL,DC,12,12.0,,2000.0,60.0,0.6187941016946044,0.3534906847199002,-0.44900124264384544,173.94124224882108,366.29998779296875,0.34345,0.6764973041442012,False,False,False
train_000171,train,0.0,48,48,POL DC13,POL,POL,DC,13,13.0,,2000.0,60.0,0.5196898454869623,0.432300577193946,0.9470592172078769,50.923713229672174,732.5999755859375,0.018566666666666665,0.9662830523587697,False,False,False
train_000171,train,0.0,49,49,POL DC14,POL,POL,DC,14,14.0,,2000.0,60.0,1.0060997051880896,0.06912174512936857,1.3283695411269933,41.9885612982195,732.6002807617188,0.0,0.979849832081934,False,False,False
train_000171,train,0.0,50,50,POL DC15,POL,POL,DC,15,15.0,,2000.0,60.0,-0.16783905143789296,-0.5863051449709771,-0.8187851696460119,182.16645295620393,366.3001377929759,0.0,0.6547471228926908,False,False,False
train_000171,train,0.0,51,51,POL DC16,POL,POL,DC,16,16.0,,2000.0,60.0,0.5445687758954807,0.6789242501821939,0.6374370488382558,146.3916941276851,366.3001377929759,0.0,0.7650980424836874,False,False,False
train_000171,train,0.0,52,52,POL G8,POL,POL,G,8,8.0,,2000.0,60.0,0.6552205995969546,0.5435289877247612,-3.714430180759274,40.937708939097654,302.2458801269531,0.0,0.03105025875215627,False,False,False
train_000171,train,0.0,53,53,POL G9,POL,POL,G,9,9.0,,2000.0,60.0,0.48141854385696575,0.5939330942257735,-3.8539759098602984,65.80542858926495,439.64817810058594,0.0,0.029250243752031266,False,False,False
train_000171,train,0.0,54,54,POL G10,POL,POL,G,10,10.0,,2000.0,60.0,0.37416812947814954,0.7464166463261773,-3.867443859873174,48.28806989401211,370.0194854736328,0.0,0.027283560696339137,False,False,False
train_000171,train,0.0,55,55,POL G11,POL,POL,G,11,11.0,,2000.0,60.0,0.5184990979593277,0.8120195759935805,-3.788777070980362,44.69095854893431,366.6983947753906,0.0,0.02592521604346703,False,False,False
train_000171,train,0.0,56,56,POL G12,POL,POL,G,12,12.0,,2000.0,60.0,0.6541592614015213,0.8501422223091503,-3.598971694683146,41.12730446116312,344.5310821533203,0.0,0.024041867015558462,False,False,False
train_000171,train,0.0,57,57,POL G13,POL,POL,G,13,13.0,,2000.0,60.0,0.4882727480550949,0.7769796374806803,-3.695545664766749,47.13432084797761,397.6556854248047,0.0,0.02265018875157293,False,False,False
train_000171,train,0.0,58,58,POL G14,POL,POL,G,14,14.0,,2000.0,60.0,0.7338684668367139,0.6311257058032138,-3.9534236120178634,44.02464702509354,397.55841064453125,0.0,0.022925191043258693,False,False,False
train_000171,train,0.0,59,59,POL G15,POL,POL,G,15,15.0,,2000.0,60.0,0.7334867341596836,0.5903775609468818,-4.1131926391792595,45.908950686953276,412.8904571533203,0.0,0.023275193959949668,False,False,False
train_000171,train,0.0,60,60,POL G16,POL,POL,G,16,16.0,,2000.0,60.0,1.3155318440078263,0.6829995158689867,-4.270116072192994,38.62345126981489,356.5428466796875,0.0,0.02469187243227027,False,False,False
train_000171,train,0.0,61,61,POL H1,POL,POL,H,1,1.0,,2000.0,60.0,0.8154214817322623,0.6167628333460051,-2.994060371888719,51.865571226861896,334.0818786621094,0.0,0.026433553612946775,False,False,False
train_000171,train,0.0,62,62,POL H2,POL,POL,H,2,2.0,,2000.0,60.0,0.0892101245621667,0.14845906722591393,-3.500190094622086,48.3314958446761,298.0465393066406,0.0,0.03273360611338428,False,False,False
train_000171,train,0.0,63,63,POL H3,POL,POL,H,3,3.0,,2000.0,60.0,15.700548816037932,3.1245541645213653,4.557845740927063,60.72388518273651,563.3788757324219,0.0,0.01660847173726448,True,False,False
train_000171,train,0.0,64,64,POL H4,POL,POL,H,4,4.0,,2000.0,60.0,0.5609435749781467,0.5365632524660281,-3.615813479809105,74.79488617248369,346.5818176269531,0.0,0.03270860590504921,False,False,False
train_000171,train,0.0,65,65,POL H5,POL,POL,H,5,5.0,,2000.0,60.0,0.1583354171095436,0.2568894264875781,-3.589695583557273,68.44169122800777,357.90980529785156,0.0,0.032525271043925365,False,False,False
train_000171,train,0.0,66,66,POL H6,POL,POL,H,6,6.0,,2000.0,60.0,0.05454885259356639,0.31427354183086575,-3.560639629949514,34.54527749173894,274.9997863769531,0.0,0.031500262502187515,False,False,False
train_000171,train,0.0,67,67,POL H7,POL,POL,H,7,7.0,,2000.0,60.0,0.06394957073898484,0.31344182761472544,-3.7532316164205017,40.6661717452755,293.4569320678711,0.0,0.03181693180776506,False,False,False
train_000171,train,0.0,68,68,POL H8,POL,POL,H,8,8.0,,2000.0,60.0,0.33331139070877874,0.3145096768034156,-3.7280970894208734,68.9731897095512,414.3549346923828,0.0,0.031008591738264486,False,False,False
train_000171,train,0.0,69,69,POL H9,POL,POL,H,9,9.0,,2000.0,60.0,0.2349482720338665,0.19609664160649062,-3.8922143435878382,57.885312224477865,377.929443359375,0.0,0.03029191909932583,False,False,False
train_000171,train,0.0,70,70,POL H10,POL,POL,H,10,10.0,,2000.0,60.0,0.2839365213850571,0.27435275576750795,-4.030927384146529,35.61494074862354,302.9289245605469,0.0,0.027525229376911473,False,False,False
train_000171,train,0.0,71,71,POL H11,POL,POL,H,11,11.0,,2000.0,60.0,0.7024852059749019,0.35613126602147016,-3.766125051249763,38.68593837866021,317.7726821899414,0.0,0.026341886182384852,False,False,False
train_000171,train,0.0,72,72,POL H12,POL,POL,H,12,12.0,,2000.0,60.0,0.9628484711709113,0.6610417421264049,-3.783365952932508,39.01982448808267,342.38238525390625,0.0,0.02424186868223902,False,False,False
train_000171,train,0.0,73,73,POL H13,POL,POL,H,13,13.0,,2000.0,60.0,0.8783027007289718,0.6003517657279468,-3.7756588754340865,37.62615051508682,333.9839324951172,0.0,0.02459187159892999,False,False,False
train_000171,train,0.0,74,74,POL H14,POL,POL,H,14,14.0,,2000.0,60.0,0.5848984374506989,0.6592335674683291,-4.093881187621232,29.94108642385494,292.4802703857422,0.0,0.02857523812698439,False,False,False
train_000171,train,0.0,75,75,POL H15,POL,POL,H,15,15.0,,2000.0,60.0,0.5669757746986592,0.858980030421989,-4.533822720102392,28.630032573343616,273.9254608154297,0.0,0.0315419295160793,False,False,False
train_000171,train,0.0,76,76,POL I1,POL,POL,I,1,1.0,,2000.0,60.0,0.34973091985512567,0.026303135138876273,-2.8669574144060403,76.63746468787397,408.69102478027344,0.0,0.027525229376911473,False,False,False
train_000171,train,0.0,77,77,POL I2,POL,POL,I,2,2.0,,2000.0,60.0,0.08662043308830267,0.06373998395690836,-3.4229756530655404,35.11952842446578,292.3827209472656,0.0,0.029608580071500596,False,False,False
train_000171,train,0.0,78,78,POL I3,POL,POL,I,3,3.0,,2000.0,60.0,0.4704073478098041,0.1770613306121183,-3.443939358727357,50.626587515800274,344.92124938964844,0.0,0.032358602988358236,False,False,False
train_000171,train,0.0,79,79,POL I4,POL,POL,I,4,4.0,,2000.0,60.0,0.5098837575544923,0.2824224732106034,-3.5401541066619773,91.10100968654305,457.81201171875,0.0,0.03363361361344678,False,False,False
train_000171,train,0.0,80,80,POL I5,POL,POL,I,5,5.0,,2000.0,60.0,0.06979628739936312,0.28642650169947403,-2.3609784854464646,50.62298080338432,347.9489440917969,0.0,0.03365861382178185,False,False,False
train_000171,train,0.0,81,81,POL I6,POL,POL,I,6,6.0,,2000.0,60.0,0.2658440806138289,0.2158148884435182,-2.4439438134428997,78.21303221254433,428.3196258544922,0.0,0.03185026541887849,False,False,False
train_000171,train,0.0,82,82,POL I7,POL,POL,I,7,7.0,,2000.0,60.0,-0.021529612529852624,0.2970468400091433,-2.4133221189604774,51.326974406066356,377.1481628417969,0.0,0.032100267502229184,False,False,False
train_000171,train,0.0,83,83,POL I8,POL,POL,I,8,8.0,,2000.0,60.0,-0.008154368220290541,0.2448995784073679,-2.3853129018348893,41.10431013078683,361.13267517089844,0.0,0.03199193326611055,False,False,False
train_000171,train,0.0,84,84,POL I9,POL,POL,I,9,9.0,,2000.0,60.0,-0.11944949881986044,0.20797537377968878,-2.4650063997748335,42.280700573417356,359.1792297363281,0.0,0.03090025750214585,False,False,False
train_000171,train,0.0,85,85,POL I10,POL,POL,I,10,10.0,,2000.0,60.0,0.29289768969056934,0.48269329039225867,-2.138510041076857,52.526948109688774,381.4452362060547,0.0,0.023750197918315986,False,False,False
train_000171,train,0.0,86,86,POL I11,POL,POL,I,11,11.0,,2000.0,60.0,-0.03976672565681344,1.0968644343455618,-2.3070555887964055,48.8691965798,388.8667907714844,0.0,0.020675172293102444,False,False,False
train_000171,train,0.0,87,87,POL I12,POL,POL,I,12,12.0,,2000.0,60.0,0.3547703052200451,0.4910955879593945,-2.383802789758383,56.03573462688269,449.9021911621094,0.0,0.02416686805723381,False,False,False
train_000171,train,0.0,88,88,POL I13,POL,POL,I,13,13.0,,2000.0,60.0,0.09230087681611382,0.4647325016470988,-2.552846077352226,43.327277404449724,470.1167907714844,0.0,0.025341877848982074,False,False,False
train_000171,train,0.0,89,89,POL I14,POL,POL,I,14,14.0,,2000.0,60.0,-0.038813785816679144,0.5565910933398948,-2.465003744875849,43.231444637091876,455.66395568847656,0.0,0.024891874098950825,False,False,False
train_000171,train,0.0,90,90,POL I15,POL,POL,I,15,15.0,,2000.0,60.0,0.11817620846960038,0.667501697694678,-2.496410854491635,40.325201656999454,433.00721740722656,0.0,0.02585854882124018,False,False,False
train_000171,train,0.0,91,91,POL I16,POL,POL,I,16,16.0,,2000.0,60.0,0.3789494206087826,1.304342702202323,-2.6800345124213703,68.41316209227271,466.1125946044922,0.0,0.0286502387519896,False,False,False
train_000171,train,0.0,92,92,POL J1,POL,POL,J,1,1.0,,2000.0,60.0,0.6799167022381026,0.1779019296343257,-2.0976730819757012,52.23188965025239,333.0074462890625,0.0,0.031000258335486128,False,False,False
train_000171,train,0.0,93,93,POL J2,POL,POL,J,2,2.0,,2000.0,60.0,0.42504657889548486,0.28378602986167223,-2.2433140287788733,33.757540612716156,290.03863525390625,0.0,0.0318669322244352,False,False,False
train_000171,train,0.0,94,94,POL J3,POL,POL,J,3,3.0,,2000.0,60.0,0.5242116820283833,0.4531414744922372,-2.3297600550625517,38.433567640981806,288.37876892089844,0.0,0.031175259793831615,False,False,False
train_000171,train,0.0,95,95,POL J4,POL,POL,J,4,4.0,,2000.0,60.0,0.4339057811663591,0.4907930698649853,-2.329705340920612,94.77649146557779,466.21070861816406,0.0,0.032216935141126175,False,False,False
train_000171,train,0.0,96,96,POL J5,POL,POL,J,5,5.0,,2000.0,60.0,0.365063816008189,0.44075915982186575,-2.365533651150174,69.52000371345086,416.3085632324219,0.0,0.03156692972441437,False,False,False
train_000171,train,0.0,97,97,POL J6,POL,POL,J,6,6.0,,2000.0,60.0,0.20646109209572303,0.3523926511481204,-2.5547750094417805,50.36929898361484,377.83184814453125,0.0,0.030225251877098975,False,False,False
train_000171,train,0.0,98,98,POL J7,POL,POL,J,7,7.0,,2000.0,60.0,0.4599489810290248,0.3562135623146257,-2.3344211020383048,40.02421935957976,403.3201141357422,0.0,0.030225251877098975,False,False,False
train_000171,train,0.0,99,99,POL J8,POL,POL,J,8,8.0,,2000.0,60.0,0.22252659196979416,0.4117720088873298,-2.1616897434700113,38.574704205690864,440.13636779785156,0.0,0.02820023500195835,False,False,False
train_000171,train,0.0,100,100,POL J9,POL,POL,J,9,9.0,,2000.0,60.0,0.19424921972866063,0.558821741721139,-2.3575234996987176,50.710805568700565,454.49205017089844,0.0,0.026625221876848973,False,False,False
train_000171,train,0.0,101,101,POL J10,POL,POL,J,10,10.0,,2000.0,60.0,0.3288050475353873,0.41509047251685616,-2.553603816845068,46.13314022304964,438.5740661621094,0.0,0.026175218126817723,False,False,False
train_000171,train,0.0,102,102,POL J11,POL,POL,J,11,11.0,,2000.0,60.0,0.12543572101143433,0.4989429809465099,-2.1493508553890934,43.7462090069936,497.6557312011719,0.0,0.025675213960116336,False,False,False
train_000171,train,0.0,103,103,POL J12,POL,POL,J,12,12.0,,2000.0,60.0,0.09714515155778616,0.36958743037807584,-2.227222680906837,37.437196843666186,432.81170654296875,0.0,0.02630021916849307,False,False,False
train_000171,train,0.0,104,104,POL J13,POL,POL,J,13,13.0,,2000.0,60.0,-0.14200865494113316,0.2169258741072677,-2.4279140338640257,31.138210739706565,325.09730529785156,0.0,0.02839190326586055,False,False,False
train_000171,train,0.0,105,105,EEG M1-Ref,EEG,EEG ...-Ref,M,1,1.0,-Ref,2000.0,60.0,0.8662349439364394,-0.02263479456998322,-1.7842459953575394,81.96846915236816,621.58203125,0.0,0.01946682889024075,False,False,False
train_000171,train,0.0,106,106,EEG M2-Ref,EEG,EEG ...-Ref,M,2,2.0,-Ref,2000.0,60.0,0.7056236836556542,-0.7393398928988713,-1.9768874429725423,66.86377744736214,552.2455291748047,0.0,0.020316835973633113,False,False,False
train_000171,train,0.0,107,107,POL M3,POL,POL,M,3,3.0,,2000.0,60.0,-0.12094808410958738,-0.13862028014641564,-1.8793460511253992,60.461980664253375,518.6522521972656,0.0,0.019100159167993066,False,False,False
train_000171,train,0.0,108,108,POL M4,POL,POL,M,4,4.0,,2000.0,60.0,0.2602435176545846,0.022282603122302652,-2.311092799086995,54.35478107270704,482.03076171875,0.0,0.023566863057192144,False,False,False
train_000171,train,0.0,109,109,POL M5,POL,POL,M,5,5.0,,2000.0,60.0,0.41226461726555685,0.3604868589842014,-2.337332062408926,77.82140101993295,514.8434600830078,0.0,0.026408553404611707,False,False,False
train_000171,train,0.0,110,110,POL M6,POL,POL,M,6,6.0,,2000.0,60.0,0.16498655592103706,0.27456005232733866,-2.516437998604047,52.155578809422394,388.2807312011719,0.0,0.027808565071375593,False,False,False
train_000171,train,0.0,111,111,POL M7,POL,POL,M,7,7.0,,2000.0,60.0,0.43228729243772945,0.30244651018034907,-2.3427888760128206,79.93311101724642,476.56227111816406,0.0,0.025833548612905106,False,False,False
train_000171,train,0.0,112,112,POL M8,POL,POL,M,8,8.0,,2000.0,60.0,0.8527081629561404,0.21068477506592775,-2.303136533071121,45.77686627814323,353.90602111816406,0.0,0.027900232501937516,False,False,False
train_000171,train,0.0,113,113,POL M9,POL,POL,M,9,9.0,,2000.0,60.0,0.713844085045023,-0.01349736818006345,-2.6154759480848435,47.88503889151013,390.917236328125,0.0,0.029233576946474556,False,False,False
train_000171,train,0.0,114,114,POL M10,POL,POL,M,10,10.0,,2000.0,60.0,0.4536027400940764,-0.12794267701312934,-2.9336020979503408,47.68897045919576,373.73023223876953,0.0,0.027683564029700247,False,False,False
train_000171,train,0.0,115,115,POL M11,POL,POL,M,11,11.0,,2000.0,60.0,0.4635611490330729,0.01613807674996626,-2.6164507644062556,42.661996530454275,362.2062072753906,0.0,0.027758564654705456,False,False,False
train_000171,train,0.0,116,116,POL M12,POL,POL,M,12,12.0,,2000.0,60.0,0.47919155139581293,0.13998335625710617,-2.573383713524146,45.61500680166981,366.60089111328125,0.0,0.027641897015808464,False,False,False
train_000171,train,0.0,117,117,POL M13,POL,POL,M,13,13.0,,2000.0,60.0,0.18389526919290577,0.031085359906539073,-2.611939048115409,42.125902602502705,393.4562530517578,0.0,0.024716872640605337,False,False,False
train_000171,train,0.0,118,118,POL M14,POL,POL,M,14,14.0,,2000.0,60.0,0.558091768554536,0.17818273557638734,-2.1221779617915546,62.813440831644236,682.8121948242188,0.0,0.018125151042925357,False,False,False
train_000171,train,0.0,119,119,POL M15,POL,POL,M,15,15.0,,2000.0,60.0,1.0196982249398379,0.28520340483694673,-2.3040476132760275,45.605553151322724,325.3905334472656,0.0,0.02271685597379978,False,False,False
train_000171,train,0.0,120,120,POL M16,POL,POL,M,16,16.0,,2000.0,60.0,1.0601254652836554,0.6788260197316233,-2.429412588916736,40.67978774964497,350.29237365722656,0.0,0.02385853215443462,False,False,False
train_000171,train,0.0,121,121,POL pMC1,POL,POL,pMC,1,1.0,,2000.0,60.0,0.379598620217323,-0.552554739594057,-1.7215870558980142,97.87489626657008,536.0347290039062,0.0,0.02483354027950233,False,False,False
train_000171,train,0.0,122,122,POL pMC2,POL,POL,pMC,2,2.0,,2000.0,60.0,-0.1179545767546309,0.028641619023163888,-1.798829982173381,60.807981976468795,363.1835021972656,0.0,0.02303352527937733,False,False,False
train_000171,train,0.0,123,123,POL pMC3,POL,POL,pMC,3,3.0,,2000.0,60.0,-0.38003126196253845,0.2549715316209054,-1.6939242919290853,41.125989846534466,313.2809295654297,0.0,0.019550162918024316,False,False,False
train_000171,train,0.0,124,124,POL pMC4,POL,POL,pMC,4,4.0,,2000.0,60.0,-0.32974897128647473,0.6658868460117179,-2.002038434882411,65.38233489162505,408.78883361816406,0.0,0.017041808681739015,False,False,False
train_000171,train,0.0,125,125,POL pMC5,POL,POL,pMC,5,5.0,,2000.0,60.0,-1.14422840912001,-0.18652667867163422,-2.1386701607075675,58.06303550780504,386.91339111328125,0.0,0.021016841807015057,False,False,False
train_000171,train,0.0,126,126,POL pMC6,POL,POL,pMC,6,6.0,,2000.0,60.0,-0.537814936502222,0.2663527238789902,-1.8015732160822386,38.69399368171904,385.74183654785156,0.0,0.019558496320802674,False,False,False
train_000171,train,0.0,127,127,POL pMC7,POL,POL,pMC,7,7.0,,2000.0,60.0,-0.2419198657426881,0.33981658460696573,-2.1893857427117167,51.744617759144205,527.6358795166016,0.0,0.01925849382078184,False,False,False
train_000171,train,0.0,128,128,POL pMC8,POL,POL,pMC,8,8.0,,2000.0,60.0,-0.5170453608541689,0.035021747951717294,-2.1047678901001996,50.05778868053613,617.3821105957031,0.0,0.019416828473570614,False,False,False
train_000171,train,0.0,129,129,POL pMC9,POL,POL,pMC,9,9.0,,2000.0,60.0,-0.1735113941557711,0.11969180651734959,-2.182071137915993,49.81087048194148,705.1754150390625,0.0,0.01734181118175985,False,False,False
train_000171,train,0.0,130,130,POL pMC10,POL,POL,pMC,10,10.0,,2000.0,60.0,0.180271783795338,0.11419554655157535,-2.075724583806454,53.47228405258911,807.3232116699219,0.0,0.016558471320594337,False,False,False
train_000171,train,0.0,131,131,POL pMC11,POL,POL,pMC,11,11.0,,2000.0,60.0,0.5116147181162904,0.08021554411932946,-1.841619304322869,53.48771117485128,887.9881286621094,0.0,0.015291794098284153,False,False,False
train_000171,train,0.0,132,132,POL pMC12,POL,POL,pMC,12,12.0,,2000.0,60.0,0.6233795242790069,0.25165951087896593,-1.8580977132653256,49.57574048978818,909.5693969726562,0.0,0.015183459862165518,False,False,False
train_000171,train,0.0,133,133,POL pMC13,POL,POL,pMC,13,13.0,,2000.0,60.0,0.6047528413782165,0.7035107781037506,-2.1568383614249815,27.698961714880923,426.8553466796875,0.0,0.02658355486295719,False,False,False
train_000171,train,0.0,134,134,POL aMC1,POL,POL,aMC,1,1.0,,2000.0,60.0,0.40375356881667185,0.714639982839048,-1.8576557790004853,44.04090693241233,314.9408721923828,0.0,0.028825240210335085,False,False,False
train_000171,train,0.0,135,135,POL aMC2,POL,POL,aMC,2,2.0,,2000.0,60.0,0.5984289146540165,0.3372867030500471,-2.2010952546704132,42.6262173353038,290.0383529663086,0.0,0.023466862223851866,False,False,False
train_000171,train,0.0,136,136,POL aMC3,POL,POL,aMC,3,3.0,,2000.0,60.0,0.39918200870543624,0.4514409107909111,-1.9681307408815667,57.36601164824861,306.0543518066406,0.0,0.02649188743239527,False,False,False
train_000171,train,0.0,137,137,POL aMC4,POL,POL,aMC,4,4.0,,2000.0,60.0,-0.26713215754095077,0.3399856353754846,-1.945527642056133,39.254683003337426,340.0385284423828,0.0,0.03030858590488254,False,False,False
train_000171,train,0.0,138,138,POL aMC5,POL,POL,aMC,5,5.0,,2000.0,60.0,-0.2683834491778826,0.5586674962125655,-1.994449270978683,42.28801503281849,364.0619201660156,0.0,0.031100259168826406,False,False,False
train_000171,train,0.0,139,139,POL aMC6,POL,POL,aMC,6,6.0,,2000.0,60.0,-0.19628033903164654,0.42083529924414054,-1.859159461621761,34.258550272045156,282.6165313720703,0.0,0.030033583613196777,False,False,False
train_000171,train,0.0,140,140,POL aMC7,POL,POL,aMC,7,7.0,,2000.0,60.0,-0.08957082835430066,0.4402647264177024,-1.7550634309643889,35.82938137433988,276.2693328857422,0.0,0.030133584446537055,False,False,False
train_000171,train,0.0,141,141,POL aMC8,POL,POL,aMC,8,8.0,,2000.0,60.0,-0.31674266048995914,0.5086338269732589,-1.6852754209634595,34.17044498774861,287.59742736816406,0.0,0.028216901807515064,False,False,False
train_000171,train,0.0,142,142,POL aMC9,POL,POL,aMC,9,9.0,,2000.0,60.0,-0.2817307510213578,0.4505604168468133,-1.7400567026434863,45.196364292770575,345.31202697753906,0.0,0.027525229376911473,False,False,False
train_000171,train,0.0,143,143,POL aMC10,POL,POL,aMC,10,10.0,,2000.0,60.0,0.1490055524624575,0.27378633103542754,-1.6119996796892255,44.42680361786374,299.7069091796875,0.0,0.030016916807640064,False,False,False
train_000171,train,0.0,144,144,POL aMC11,POL,POL,aMC,11,11.0,,2000.0,60.0,0.40522427673795014,0.5312398752435249,1.4364970763367397,28.79272157870743,287.7926025390625,0.0,0.02957524646038717,False,False,False
train_000171,train,0.0,145,145,POL aMC12,POL,POL,aMC,12,12.0,,2000.0,60.0,0.6322817047570106,0.6708339415155212,1.5131161010521383,20.588956726910155,216.2105255126953,0.0,0.03716697639146993,False,False,False
train_000171,train,0.0,146,146,POL aMC13,POL,POL,aMC,13,13.0,,2000.0,60.0,1.5215630931756638,0.7256627716343639,3.43394700584504,8.107163240464928,123.82802200317383,0.0,0.047025391878265654,False,False,False
train_000171,train,0.0,147,147,POL AC1,POL,POL,AC,1,1.0,,2000.0,60.0,0.3928371891793259,0.18421396564886955,0.43475587600751486,80.32362546373382,550.8787536621094,0.0,0.022808523404361705,False,False,False
train_000171,train,0.0,148,148,POL AC2,POL,POL,AC,2,2.0,,2000.0,60.0,0.08313977275747791,0.26916561037838016,0.6373427522146337,48.42227220098394,373.3394775390625,0.0,0.02397519979333161,False,False,False
train_000171,train,0.0,149,149,POL AC3,POL,POL,AC,3,3.0,,2000.0,60.0,0.41693261274129567,0.2616912684298825,0.24629589289608386,51.80033543576307,385.5462341308594,0.0,0.021791848265402213,False,False,False
train_000171,train,0.0,150,150,POL AC4,POL,POL,AC,4,4.0,,2000.0,60.0,0.0844193622332817,0.41904695221812555,0.6270789065643982,41.10575474195807,335.15606689453125,0.0,0.026558554654622122,False,False,False
train_000171,train,0.0,151,151,POL AC5,POL,POL,AC,5,5.0,,2000.0,60.0,0.2581317211496675,0.26836663144275197,0.7368919023875053,50.417697881663756,361.42515563964844,0.0,0.02727522729356078,False,False,False
train_000171,train,0.0,152,152,POL AC6,POL,POL,AC,6,6.0,,2000.0,60.0,0.2775720990758323,0.3324183427516219,0.8505190157730802,40.67682449384638,356.83580017089844,0.0,0.030608588404903374,False,False,False
train_000171,train,0.0,153,153,POL AC7,POL,POL,AC,7,7.0,,2000.0,60.0,0.2545317818665606,0.030513213001098802,0.8722062326704141,48.69429832300194,405.7609405517578,0.0,0.029083575696464137,False,False,False
train_000171,train,0.0,154,154,POL AC8,POL,POL,AC,8,8.0,,2000.0,60.0,0.16584099411449565,0.0386159806443082,0.9000688969755477,41.74341921746005,422.8511047363281,0.0,0.02930857757147976,False,False,False
train_000171,train,0.0,155,155,POL AC9,POL,POL,AC,9,9.0,,2000.0,60.0,0.27523563704237775,0.03782732430435701,0.9061124499072029,39.04246536646963,381.93310546875,0.0,0.029875248960408003,False,False,False
train_000171,train,0.0,156,156,POL AC10,POL,POL,AC,10,10.0,,2000.0,60.0,0.29942132238797503,0.3188293457883631,0.9592680607022988,34.14812753794764,358.5934753417969,0.0,0.02997524979374828,False,False,False
train_000171,train,0.0,157,157,POL AC11,POL,POL,AC,11,11.0,,2000.0,60.0,0.16640356930011704,0.44723912746202754,1.0717751413486445,42.04832507490483,365.33155822753906,0.0,0.029750247918732656,False,False,False
train_000171,train,0.0,158,158,POL AC12,POL,POL,AC,12,12.0,,2000.0,60.0,0.32259180229930273,0.4115956649985117,1.0711927822544511,41.874103177626566,394.4331970214844,0.0,0.02850023750197918,False,False,False
train_000171,train,0.0,159,159,POL AC13,POL,POL,AC,13,13.0,,2000.0,60.0,0.07428279908607166,0.3167767966632356,1.1943511061791363,42.04918997299518,457.51881408691406,0.0,0.027400228335236126,False,False,False
train_000171,train,0.0,160,160,POL AC14,POL,POL,AC,14,14.0,,2000.0,60.0,0.012777029617601583,0.038657586717115,1.2032677081405578,47.67886044957045,518.9449462890625,0.0,0.02519187659897166,False,False,False
train_000171,train,0.0,161,161,POL AC15,POL,POL,AC,15,15.0,,2000.0,60.0,0.27597526565032215,0.16846918481394368,1.2366828075145218,37.86013558378057,417.3822937011719,0.0,0.027241893682447355,False,False,False
train_000171,train,0.0,162,162,POL AC16,POL,POL,AC,16,16.0,,2000.0,60.0,0.22163614109581192,0.14746828680551033,1.3304298853395047,20.654524299175897,271.7767333984375,0.0,0.03289194076617305,False,False,False
train_000171,train,0.0,163,163,EEG PO1-Ref,EEG,EEG ...-Ref,PO,1,1.0,-Ref,2000.0,60.0,-0.460741245483444,0.1795391928075643,0.6510827586904153,46.21612348393033,448.33935546875,0.0,0.025666880557337977,False,False,False
train_000171,train,0.0,164,164,EEG PO2-Ref,EEG,EEG ...-Ref,PO,2,2.0,-Ref,2000.0,60.0,-0.41000995742930063,-0.017907416695906283,0.6253020502856501,38.94783749012332,403.51475524902344,0.0,0.027141892849107077,False,False,False
train_000171,train,0.0,165,165,EEG PO3-Ref,EEG,EEG ...-Ref,PO,3,3.0,-Ref,2000.0,60.0,0.08973611194276206,0.3219460804478078,0.7647321011050061,46.439825346372075,340.1362762451172,0.0,0.031358594654955455,False,False,False
train_000171,train,0.0,166,166,EEG PO4-Ref,EEG,EEG ...-Ref,PO,4,4.0,-Ref,2000.0,60.0,-0.03225703039170645,0.5441532555696581,0.7352668802661139,61.072094486099864,367.0896759033203,0.0,0.0314085950716256,False,False,False
train_000171,train,0.0,167,167,EEG PO5-Ref,EEG,EEG ...-Ref,PO,5,5.0,-Ref,2000.0,60.0,0.7394674066158149,-0.11722764276643753,0.6630819440118891,42.25065022577312,318.065673828125,0.0,0.027966899724164367,False,False,False
train_000171,train,0.0,168,168,EEG PO6-Ref,EEG,EEG ...-Ref,PO,6,6.0,-Ref,2000.0,60.0,0.6511417911226838,0.35330782622550405,0.7776144669808767,56.92625661810439,319.9213104248047,0.0,0.027958566321386012,False,False,False
train_000171,train,0.0,169,169,EEG PO7-Ref,EEG,EEG ...-Ref,PO,7,7.0,-Ref,2000.0,60.0,0.33073824279019365,0.13091361476125013,0.9000803603170348,96.88769574585444,424.2186584472656,0.0,0.029591913265943882,False,False,False
train_000171,train,0.0,170,170,EEG PO8-Ref,EEG,EEG ...-Ref,PO,8,8.0,-Ref,2000.0,60.0,7.374285916330762,0.8685360120552298,0.4989135901886683,283.79529866834275,4830.370849609375,0.0,0.006108384236535304,False,False,False
train_000171,train,0.0,171,171,EEG PO9-Ref,EEG,EEG ...-Ref,PO,9,9.0,-Ref,2000.0,60.0,0.12325313121620192,0.2426844834286425,0.8776969989534945,100.33317581376839,459.08155822753906,0.0,0.02680022333519446,False,False,False
train_000171,train,0.0,172,172,EEG PO10-Ref,EEG,EEG ...-Ref,PO,10,10.0,-Ref,2000.0,60.0,7.539792461161624,0.8633882950756266,0.9486783279189609,372.27966297854937,6105.175537109375,0.0,0.004900040833673614,False,False,False
train_000171,train,0.0,173,173,POL PO11,POL,POL,PO,11,11.0,,2000.0,60.0,7.361748667615778,0.8156963375423445,1.029052740021347,377.88767496339966,6171.97216796875,0.0,0.005433378611488429,False,False,False
train_000171,train,0.0,174,174,POL PO12,POL,POL,PO,12,12.0,,2000.0,60.0,14.351993194271735,5.304898967208453,9.147153496302247,32.72157922906289,645.3123168945312,0.0,0.010908424236868641,True,False,False
train_000171,train,0.0,175,175,POL PO13,POL,POL,PO,13,13.0,,2000.0,60.0,14.721858879928227,5.559901023708297,9.434991895875843,31.14454872246561,616.89453125,0.0,0.010550087917399312,True,False,False
train_000171,train,0.0,176,176,POL PO14,POL,POL,PO,14,14.0,,2000.0,60.0,13.73573084368672,4.793796202745063,8.233910096013544,34.502148989755405,674.2186279296875,0.0,0.010550087917399312,True,False,False
train_000171,train,0.0,177,177,POL PO15,POL,POL,PO,15,15.0,,2000.0,60.0,13.503815797506762,4.403449709962409,7.550566613202926,32.355531497591755,613.6716766357422,0.0,0.011333427778564822,True,False,False
train_000171,train,0.0,178,178,POL PO16,POL,POL,PO,16,16.0,,2000.0,60.0,0.84376673259537,0.16605575475675094,1.542514632506263,60.4970394823848,378.02708435058594,0.0,0.016616805140042833,False,False,False
train_000200,train,0.0,0,0,POL E1,POL,POL,E,1,1.0,,2000.0,60.0,2.668888067882107,0.7956401142804376,5.3395556050996165,47.64653484366249,309.08194732666016,0.0,0.038266985558212986,False,False,False
train_000200,train,0.0,1,1,POL E2,POL,POL,E,2,2.0,,2000.0,60.0,2.1422566089473287,0.21823156294061427,5.415772728410913,41.320736027191934,251.56224060058594,0.0,0.03715030958591321,False,False,False
train_000200,train,0.0,2,2,POL E3,POL,POL,E,3,3.0,,2000.0,60.0,2.3866777058152384,0.7088065071673234,4.433660724798228,36.69129956813498,218.65216827392578,0.0,0.03758364653038775,False,False,False
train_000200,train,0.0,3,3,POL E4,POL,POL,E,4,4.0,,2000.0,60.0,0.6046177436228404,0.6149713625499746,3.366023911388918,54.87670537872403,311.91349029541016,0.0,0.032641938682822356,False,False,False
train_000200,train,0.0,4,4,POL E5,POL,POL,E,5,5.0,,2000.0,60.0,0.7540051125213705,0.42829254102192355,2.487707048772782,40.01381439666138,268.84739685058594,0.0,0.03181693180776506,False,False,False
train_000200,train,0.0,5,5,POL E6,POL,POL,E,6,6.0,,2000.0,60.0,1.4826416719104691,-0.39425788958674907,4.181962271143345,36.30188227841773,251.56200408935547,0.0,0.03313360944674539,False,False,False
train_000200,train,0.0,6,6,POL E7,POL,POL,E,7,7.0,,2000.0,60.0,1.6303637599367957,-0.16618998113273625,4.3658621990092525,32.929374272451874,232.61678314208984,0.0,0.03349194576621472,False,False,False
train_000200,train,0.0,7,7,POL E8,POL,POL,E,8,8.0,,2000.0,60.0,1.5680157524249962,0.23547397751745175,4.803972229242049,34.06348534466215,244.43309020996094,0.0,0.03308360903007525,False,False,False
train_000200,train,0.0,8,8,POL E9,POL,POL,E,9,9.0,,2000.0,60.0,1.329064132977623,0.12358495678657323,3.960540882514131,35.03648478784151,257.71434020996094,0.0,0.030683589029908583,False,False,False
train_000200,train,0.0,9,9,POL E10,POL,POL,E,10,10.0,,2000.0,60.0,1.4171535449303385,0.082148446545652,3.0095220698478857,36.54759068215739,259.2770462036133,0.0,0.029516912640938673,False,False,False
train_000200,train,0.0,10,10,POL E13,POL,POL,E,13,13.0,,2000.0,60.0,0.627121405275989,0.8461248456500254,2.2250870631899335,38.653133838406596,289.35516357421875,0.0,0.02511687597396645,False,False,False
train_000200,train,0.0,11,11,POL E14,POL,POL,E,14,14.0,,2000.0,60.0,0.7023844365153316,0.05899004370012833,1.8343628772020273,38.071334116050835,290.52699279785156,0.0,0.029925249377078144,False,False,False
train_000200,train,0.0,12,12,EEG F1-Ref,EEG,EEG ...-Ref,F,1,1.0,-Ref,2000.0,60.0,2.9096725261216294,0.86158996141731,4.69208247547577,56.95010406974159,331.6404342651367,0.0,0.038433653613780115,False,False,False
train_000200,train,0.0,13,13,EEG F2-Ref,EEG,EEG ...-Ref,F,2,2.0,-Ref,2000.0,60.0,1.332972268989515,0.6858233563097325,3.5819431940358255,46.8820033288757,249.12108612060547,0.0,0.03851698764156368,False,False,False
train_000200,train,0.0,14,14,EEG F3-Ref,EEG,EEG ...-Ref,F,3,3.0,-Ref,2000.0,60.0,1.300930035353312,0.6711590374622,2.9740736371227676,52.15721677738596,280.3710632324219,0.0,0.03689197409978417,False,False,False
train_000200,train,0.0,15,15,EEG F4-Ref,EEG,EEG ...-Ref,F,4,4.0,-Ref,2000.0,60.0,0.8402582722388738,0.599724886638052,3.9802465337894755,34.178691327492196,231.15219116210938,0.0,0.03425028541904516,False,False,False
train_000200,train,0.0,16,16,EEG F5-Ref,EEG,EEG ...-Ref,F,5,5.0,-Ref,2000.0,60.0,1.5251505251789224,0.5272238497020427,3.665306536216103,31.774745069306608,234.7652359008789,0.0,0.03268360569671414,False,False,False
train_000200,train,0.0,17,17,EEG F6-Ref,EEG,EEG ...-Ref,F,6,6.0,-Ref,2000.0,60.0,1.6837209259594907,0.24129246597089354,4.249957622518341,33.845569610557945,232.51905059814453,0.0,0.03409195076625639,False,False,False
train_000200,train,0.0,18,18,EEG F7-Ref,EEG,EEG ...-Ref,F,7,7.0,-Ref,2000.0,60.0,2.9912617653200195,0.5260443222051636,4.574308161236806,36.21646692957101,255.9568862915039,0.0,0.03187526562721356,False,False,False
train_000200,train,0.0,19,19,EEG F8-Ref,EEG,EEG ...-Ref,F,8,8.0,-Ref,2000.0,60.0,2.5981726178302598,0.2780052548711564,3.997609827659685,38.03079372490327,262.59742736816406,0.0,0.03073358944657872,False,False,False
train_000200,train,0.0,20,20,EEG F9-Ref,EEG,EEG ...-Ref,F,9,9.0,-Ref,2000.0,60.0,1.5577437597041033,-0.2659671269234556,2.5093965665954805,40.335478951654615,287.40199279785156,0.0,0.029233576946474556,False,False,False
train_000200,train,0.0,21,21,POL E11,POL,POL,E,11,11.0,,2000.0,60.0,1.2787422132274717,0.8172688182081977,3.0468007678683366,38.65189023979419,283.78880310058594,0.0,0.027075225626880223,False,False,False
train_000200,train,0.0,22,22,POL E12,POL,POL,E,12,12.0,,2000.0,60.0,0.8784288201438589,0.25090250931730484,2.5170034886643897,43.03437248568874,293.9450988769531,0.0,0.026283552362936356,False,False,False
train_000200,train,0.0,23,23,EEG F10-Ref,EEG,EEG ...-Ref,F,10,10.0,-Ref,2000.0,60.0,0.7648120202681498,-0.6508523380372634,1.531556281308784,46.305543157780924,337.2067565917969,0.0,0.02345852882107351,False,False,False
train_000200,train,0.0,24,24,POL F11,POL,POL,F,11,11.0,,2000.0,60.0,1.1661814013439282,0.8528979171781534,0.4339845496175493,52.78752184745366,384.6674346923828,0.0,0.02032516937641147,False,False,False
train_000200,train,0.0,25,25,POL F12,POL,POL,F,12,12.0,,2000.0,60.0,0.7590473853126879,0.6051265057075095,0.86410301481814,56.207865870202,423.53466796875,0.0,0.018583488195734965,False,False,False
train_000200,train,0.0,26,26,POL F13,POL,POL,F,13,13.0,,2000.0,60.0,0.7240364239163328,0.9853782276732181,1.1478737551415394,56.37210028281978,440.33119201660156,0.0,0.02075017291810765,False,False,False
train_000200,train,0.0,27,27,POL F14,POL,POL,F,14,14.0,,2000.0,60.0,1.4771781511686477,1.3058612438299995,1.835642770867266,47.15720253454708,409.08128356933594,0.0,0.023250193751614596,False,False,False
train_000200,train,0.0,28,28,POL F15,POL,POL,F,15,15.0,,2000.0,60.0,1.4121818241588628,0.2508141422126939,2.0707190821592167,40.881239914357764,355.565673828125,0.0,0.02835856965474712,False,False,False
train_000200,train,0.0,29,29,POL G1,POL,POL,G,1,1.0,,2000.0,60.0,1.4768133108473052,-0.2687590492483892,2.8946715657884434,47.7021010838934,311.816162109375,0.0,0.03002525021041842,False,False,False
train_000200,train,0.0,30,30,POL G2,POL,POL,G,2,2.0,,2000.0,60.0,1.1702096256828247,0.6330232122065529,2.258384721203424,34.41835177251802,256.1522674560547,0.0,0.029666913890949092,False,False,False
train_000200,train,0.0,31,31,POL G3,POL,POL,G,3,3.0,,2000.0,60.0,2.456837021847958,1.3778800222579737,4.767071838013493,33.95961379522801,229.58936309814453,0.0,0.03689197409978417,False,False,False
train_000200,train,0.0,32,32,POL G4,POL,POL,G,4,4.0,,2000.0,60.0,2.290337072695076,0.7020926047901876,5.314697184094785,29.196938732451216,206.0541229248047,0.0,0.03884199034991958,False,False,False
train_000200,train,0.0,33,33,POL G5,POL,POL,G,5,5.0,,2000.0,60.0,2.2823810227372308,1.1920775482907195,4.9107379717063955,35.973709891175574,252.05054473876953,0.0,0.035166959724664375,False,False,False
train_000200,train,0.0,34,34,POL G6,POL,POL,G,6,6.0,,2000.0,60.0,2.2084399080875685,0.32536938301506313,4.161949492957123,31.080115073236396,217.38248443603516,0.0,0.03317527646063717,False,False,False
train_000200,train,0.0,35,35,POL G7,POL,POL,G,7,7.0,,2000.0,60.0,2.7123130749573883,0.8508938585106546,4.162695563222476,32.87977386674995,237.01133728027344,0.0,0.03242527021058509,False,False,False
train_000200,train,0.0,36,36,POL DC01,POL,POL,DC,01,1.0,,2000.0,60.0,0.25855992506097997,-0.9638561196676321,0.2473618024915929,81.2054715922424,732.6002807617188,0.0,0.9189409911749264,False,False,False
train_000200,train,0.0,37,37,POL DC02,POL,POL,DC,02,2.0,,2000.0,60.0,0.25548539583378493,-0.29218217245930705,-0.5521639536705513,109.1697695105723,732.5999755859375,0.09845833333333333,0.8610655088792407,False,False,False
train_000200,train,0.0,38,38,POL DC03,POL,POL,DC,03,3.0,,2000.0,60.0,-1.0554697070826233,-0.686475525225047,0.6703758884470107,40.58880820991185,732.5999755859375,0.010408333333333334,0.9773331444428703,False,False,False
train_000200,train,0.0,39,39,POL DC04,POL,POL,DC,04,4.0,,2000.0,60.0,-0.10678627634109544,0.035209898563252205,0.39873649642655595,86.66561459923932,732.5999755859375,0.00023333333333333333,0.9086825723547696,False,False,False
train_000200,train,0.0,40,40,POL DC05,POL,POL,DC,05,5.0,,2000.0,60.0,-0.28735049596930967,0.0372987293357581,0.34400919263458735,37.680161023364256,732.6002807617188,0.0,0.9806998391653263,False,False,False
train_000200,train,0.0,41,41,POL DC06,POL,POL,DC,06,6.0,,2000.0,60.0,0.3310168816106307,0.4871547088749664,-0.3319206692028565,181.2831086135111,366.29998779296875,0.4287916666666667,0.6549054575454796,False,False,False
train_000200,train,0.0,42,42,POL DC07,POL,POL,DC,07,7.0,,2000.0,60.0,0.09704495205879021,-0.17641530574199904,-0.11417210596276296,167.06328463583955,732.6002807617188,0.0,0.6988974908124235,False,False,False
train_000200,train,0.0,43,43,POL DC08,POL,POL,DC,08,8.0,,2000.0,60.0,0.015284318852530045,0.3434875565988128,0.23980072023505175,181.92248357079916,366.29998779296875,0.5577916666666667,0.6518720989341578,False,False,False
train_000200,train,0.0,44,44,POL DC09,POL,POL,DC,09,9.0,,2000.0,60.0,-0.28047904987122174,0.7582929168967136,-0.6887128477863823,40.53326227313968,732.5999755859375,0.010141666666666667,0.9775664797206643,False,False,False
train_000200,train,0.0,45,45,POL DC10,POL,POL,DC,10,10.0,,2000.0,60.0,0.4935543674021675,0.2979858918283013,-0.9384119380245821,183.05891354942665,366.29998779296875,0.48423333333333335,0.65145542879524,False,False,False
train_000200,train,0.0,46,46,POL DC11,POL,POL,DC,11,11.0,,2000.0,60.0,0.4837038343019692,-0.6330298766241849,-0.19660351729476191,168.02310580067734,366.29998779296875,0.301025,0.6977474812290102,False,False,False
train_000200,train,0.0,47,47,POL DC12,POL,POL,DC,12,12.0,,2000.0,60.0,-0.6428147102027064,-1.203457876580401,-0.23656031408272027,174.22662942348458,366.29998779296875,0.3458333333333333,0.6802056683805698,False,False,False
train_000200,train,0.0,48,48,POL DC13,POL,POL,DC,13,13.0,,2000.0,60.0,0.7927177278840635,0.9036956387232589,1.4271997489200217,49.529190143124566,732.5999755859375,0.017575,0.9677497312477604,False,False,False
train_000200,train,0.0,49,49,POL DC14,POL,POL,DC,14,14.0,,2000.0,60.0,0.18857383381025275,-0.21848647181520092,0.3582973527952037,35.82736631500485,732.6002807617188,0.0,0.983333194443287,False,False,False
train_000200,train,0.0,50,50,POL DC15,POL,POL,DC,15,15.0,,2000.0,60.0,-0.3184904227076984,0.08468267284215887,-0.843133867630823,181.08531150588135,366.3001377929759,0.0,0.6566888057400478,False,False,False
train_000200,train,0.0,51,51,POL DC16,POL,POL,DC,16,16.0,,2000.0,60.0,-0.043539901869369804,-0.49454090493009056,-0.3369145576114235,119.28089499797547,732.6002807617188,0.0,0.8397319977666481,False,False,False
train_000200,train,0.0,52,52,POL G8,POL,POL,G,8,8.0,,2000.0,60.0,2.5687432931126115,0.7397219441610488,4.562318164222242,38.411862446505474,273.1443328857422,0.0,0.03298360819673497,False,False,False
train_000200,train,0.0,53,53,POL G9,POL,POL,G,9,9.0,,2000.0,60.0,2.141489601175089,0.4411606165685221,3.6502506354634345,42.6156070765553,324.9021453857422,0.0,0.03233360278002317,False,False,False
train_000200,train,0.0,54,54,POL G10,POL,POL,G,10,10.0,,2000.0,60.0,1.5103423407088195,0.12452249086831318,3.263503634790854,41.347060835644236,318.1640167236328,0.0,0.029850248752072935,False,False,False
train_000200,train,0.0,55,55,POL G11,POL,POL,G,11,11.0,,2000.0,60.0,1.2512854819344055,0.25187042291123607,2.9562442597083094,45.07263365421535,330.66331481933594,0.0,0.02815023458528821,False,False,False
train_000200,train,0.0,56,56,POL G12,POL,POL,G,12,12.0,,2000.0,60.0,0.9204289172530749,0.26846840634989233,2.1459244955045107,45.68928484231479,342.77325439453125,0.0,0.026525221043508695,False,False,False
train_000200,train,0.0,57,57,POL G13,POL,POL,G,13,13.0,,2000.0,60.0,0.9511847063416241,0.21364070884551983,2.2198907926293057,47.51479457167321,368.74949645996094,0.0,0.025208543404528373,False,False,False
train_000200,train,0.0,58,58,POL G14,POL,POL,G,14,14.0,,2000.0,60.0,0.8938356136244129,0.08746821371322114,2.557810563291212,47.11055778817379,356.4451446533203,0.0,0.02600021666847224,False,False,False
train_000200,train,0.0,59,59,POL G15,POL,POL,G,15,15.0,,2000.0,60.0,0.7616637672769979,0.25590962523555116,2.555997581322646,46.81006654915257,350.0975036621094,0.0,0.025958549654580453,False,False,False
train_000200,train,0.0,60,60,POL G16,POL,POL,G,16,16.0,,2000.0,60.0,1.3245847601221064,0.3103322057806144,2.654408076587829,41.38824681029949,321.67958068847656,0.0,0.02835856965474712,False,False,False
train_000200,train,0.0,61,61,POL H1,POL,POL,H,1,1.0,,2000.0,60.0,2.618324505958972,0.03657809212071424,3.2625885039996994,35.698960674312936,240.23426818847656,0.0,0.03109192576604805,False,False,False
train_000200,train,0.0,62,62,POL H2,POL,POL,H,2,2.0,,2000.0,60.0,1.9905063537915513,0.8170818628416032,3.650730033382821,37.44440950056705,231.7380142211914,0.0,0.03850032083600697,False,False,False
train_000200,train,0.0,63,63,POL H3,POL,POL,H,3,3.0,,2000.0,60.0,19.816643955984762,11.322474952716892,17.834590130874414,42.569539669815754,250.29295349121094,0.0,0.01915849298744156,True,False,True
train_000200,train,0.0,64,64,POL H4,POL,POL,H,4,4.0,,2000.0,60.0,2.2200823244265995,0.26703133279940594,4.169391025063266,48.58857108816347,249.12094116210938,0.0,0.038308652572104765,False,False,False
train_000200,train,0.0,65,65,POL H5,POL,POL,H,5,5.0,,2000.0,60.0,1.4921877095894205,-0.27445747464406867,3.6284989576715714,45.40788619242368,260.35130310058594,0.0,0.03711697597479979,False,False,False
train_000200,train,0.0,66,66,POL H6,POL,POL,H,6,6.0,,2000.0,60.0,1.3824079505616504,0.1207374160342211,4.459858641186275,33.3794954639226,230.4685821533203,0.0,0.03544196201635014,False,False,False
train_000200,train,0.0,67,67,POL H7,POL,POL,H,7,7.0,,2000.0,60.0,1.88534015066285,0.13128367208242003,4.983542458998731,33.768920748514056,240.03897857666016,0.0,0.03610863423861865,False,False,False
train_000200,train,0.0,68,68,POL H8,POL,POL,H,8,8.0,,2000.0,60.0,2.0231330416071676,0.24027824661099925,4.765156298147113,35.35934591324295,258.6910629272461,0.0,0.03495862465520546,False,False,False
train_000200,train,0.0,69,69,POL H9,POL,POL,H,9,9.0,,2000.0,60.0,1.4138126520379937,-0.33618739634067596,3.8308884599521162,36.14393452305623,277.4412307739258,0.0,0.03482529021075176,False,False,False
train_000200,train,0.0,70,70,POL H10,POL,POL,H,10,10.0,,2000.0,60.0,1.3249877876163854,-0.2953444086225938,2.837151394342699,36.23109694743521,252.34310913085938,0.0,0.031150259585496547,False,False,False
train_000200,train,0.0,71,71,POL H11,POL,POL,H,11,11.0,,2000.0,60.0,1.4174405385912527,-0.47100814732989327,2.883529320165465,38.37800160718231,262.89000701904297,0.0,0.029775248127067725,False,False,False
train_000200,train,0.0,72,72,POL H12,POL,POL,H,12,12.0,,2000.0,60.0,1.2120332693968552,-0.20282279178083934,2.2986440842452347,40.18592987082488,288.67152404785156,0.0,0.027900232501937516,False,False,False
train_000200,train,0.0,73,73,POL H13,POL,POL,H,13,13.0,,2000.0,60.0,1.429396413561523,-0.057051939388293026,1.8646777783157713,38.628607132411645,306.8355407714844,0.0,0.027575229793581613,False,False,False
train_000200,train,0.0,74,74,POL H14,POL,POL,H,14,14.0,,2000.0,60.0,1.8302744307302696,0.1816842285591262,2.311359354531037,32.324705941226796,254.49201202392578,0.0,0.03201693347444562,False,False,False
train_000200,train,0.0,75,75,POL H15,POL,POL,H,15,15.0,,2000.0,60.0,1.5220038811658254,-0.16869501192203362,2.471277698424247,30.357200792453092,238.8669204711914,0.0,0.0341086175718131,False,False,False
train_000200,train,0.0,76,76,POL I1,POL,POL,I,1,1.0,,2000.0,60.0,1.7183405258333393,0.7718070192173401,3.0238789812095512,56.59231202945951,356.7379455566406,0.0,0.03150859590496587,False,False,False
train_000200,train,0.0,77,77,POL I2,POL,POL,I,2,2.0,,2000.0,60.0,1.984936018674566,0.32493657981154156,3.9274640085041685,30.727124471642394,242.18743133544922,0.0,0.0342419520162668,False,False,False
train_000200,train,0.0,78,78,POL I3,POL,POL,I,3,3.0,,2000.0,60.0,2.2875087271021664,-0.07756844244711181,4.650818733935703,32.72378575472295,223.5347442626953,0.0,0.03735864465537213,False,False,False
train_000200,train,0.0,79,79,POL I4,POL,POL,I,4,4.0,,2000.0,60.0,2.3967787508630667,0.12780191909563735,4.492918470968544,38.816150326967644,267.6754837036133,0.0,0.03765031375261461,False,False,False
train_000200,train,0.0,80,80,POL I5,POL,POL,I,5,5.0,,2000.0,60.0,1.6526035398898458,0.08753074496941182,10.404833834022337,36.019599049292786,253.22246551513672,0.0,0.038308652572104765,False,False,False
train_000200,train,0.0,81,81,POL I6,POL,POL,I,6,6.0,,2000.0,60.0,1.4623445948624012,0.1267885109643358,9.948028698297215,35.969422852313784,259.5698928833008,0.0,0.036325302710855926,False,False,False
train_000200,train,0.0,82,82,POL I7,POL,POL,I,7,7.0,,2000.0,60.0,1.2681678468201092,0.1902458910648923,9.870922919538215,35.09614836815836,255.37091064453125,0.0,0.03709197576646472,False,False,False
train_000200,train,0.0,83,83,POL I8,POL,POL,I,8,8.0,,2000.0,60.0,1.2605835537090007,-0.12100407174482873,10.12461640037005,34.42719525145317,248.24209594726562,0.0,0.03586696555804632,False,False,False
train_000200,train,0.0,84,84,POL I9,POL,POL,I,9,9.0,,2000.0,60.0,0.7727727511679037,0.5084490069427836,8.279329527554559,36.25812813348668,278.6129150390625,0.0,0.03463362194684956,False,False,False
train_000200,train,0.0,85,85,POL I10,POL,POL,I,10,10.0,,2000.0,60.0,0.8200011583592737,0.15621406262042525,3.6900160397732895,42.81635834614041,304.6874237060547,0.0,0.026808556737972816,False,False,False
train_000200,train,0.0,86,86,POL I11,POL,POL,I,11,11.0,,2000.0,60.0,0.4470117109685746,0.011032687306820664,4.1401933460308395,41.984142858992165,319.6285858154297,0.0,0.02343352861273844,False,False,False
train_000200,train,0.0,87,87,POL I12,POL,POL,I,12,12.0,,2000.0,60.0,0.8676262978015281,-0.8935956566801811,5.845153254821013,42.10289253655617,307.32411193847656,0.0,0.0282669022241852,False,False,False
train_000200,train,0.0,88,88,POL I13,POL,POL,I,13,13.0,,2000.0,60.0,0.8808496407355024,0.09982580574398202,7.2710105777287435,41.091492047096246,296.09351348876953,0.0,0.029991916599304995,False,False,False
train_000200,train,0.0,89,89,POL I14,POL,POL,I,14,14.0,,2000.0,60.0,1.003471475016218,-0.3929044299714795,6.925029994315785,42.22090799119825,322.9491271972656,0.0,0.029108575904799205,False,False,False
train_000200,train,0.0,90,90,POL I15,POL,POL,I,15,15.0,,2000.0,60.0,1.3446738167411767,-0.6434105434232497,6.811156217046635,39.926356238466795,291.6988220214844,0.0,0.029825248543737866,False,False,False
train_000200,train,0.0,91,91,POL I16,POL,POL,I,16,16.0,,2000.0,60.0,1.0174269134275482,-0.44835590436469835,7.721292342475108,35.474598567830185,244.82386016845703,0.0,0.031925266043883696,False,False,False
train_000200,train,0.0,92,92,POL J1,POL,POL,J,1,1.0,,2000.0,60.0,2.686469216309942,0.41184949975487795,8.731093451504297,31.75808160880321,242.48020935058594,0.0,0.03482529021075176,False,False,False
train_000200,train,0.0,93,93,POL J2,POL,POL,J,2,2.0,,2000.0,60.0,1.9948524906436527,0.23438431403818966,8.705663608659579,31.767993968149916,235.83949279785156,0.0,0.038133651113759284,False,False,False
train_000200,train,0.0,94,94,POL J3,POL,POL,J,3,3.0,,2000.0,60.0,1.8336788075110075,0.43716781572177743,9.126160370009849,31.992577412144716,218.3592758178711,0.0,0.036200301669180576,False,False,False
train_000200,train,0.0,95,95,POL J4,POL,POL,J,4,4.0,,2000.0,60.0,2.1548428517429477,0.17597443678469726,9.955481329349347,40.249257485490645,259.76549530029297,0.0,0.03707530896090801,False,False,False
train_000200,train,0.0,96,96,POL J5,POL,POL,J,5,5.0,,2000.0,60.0,2.243332569365299,0.6822968747004274,9.226283927170094,38.13531032032601,267.87107849121094,0.0,0.034891957432978606,False,False,False
train_000200,train,0.0,97,97,POL J6,POL,POL,J,6,6.0,,2000.0,60.0,1.7486452708024294,0.14335699173522917,9.783792084655879,37.767357213663296,268.94518280029297,0.0,0.03564196368303069,False,False,False
train_000200,train,0.0,98,98,POL J7,POL,POL,J,7,7.0,,2000.0,60.0,1.7154670921964499,0.49688265391238745,9.166370322461942,35.83787786503433,260.54674530029297,0.0,0.03347527896065801,False,False,False
train_000200,train,0.0,99,99,POL J8,POL,POL,J,8,8.0,,2000.0,60.0,1.8752820673244706,-0.07311435409787423,8.864979102738921,37.538581551797535,277.9294738769531,0.0,0.032500270835590296,False,False,False
train_000200,train,0.0,100,100,POL J9,POL,POL,J,9,9.0,,2000.0,60.0,1.755718493625908,0.020234885743758913,7.810211454361305,40.47555241778882,286.3280487060547,0.0,0.030400253335444462,False,False,False
train_000200,train,0.0,101,101,POL J10,POL,POL,J,10,10.0,,2000.0,60.0,1.3524344414803058,0.16166476739959018,8.010903030417108,40.04632267273518,291.1131820678711,0.0,0.030766923057692148,False,False,False
train_000200,train,0.0,102,102,POL J11,POL,POL,J,11,11.0,,2000.0,60.0,1.435432377982361,-0.008562837194185371,7.7571019893923845,41.333409732733564,311.6207580566406,0.0,0.02971691430761923,False,False,False
train_000200,train,0.0,103,103,POL J12,POL,POL,J,12,12.0,,2000.0,60.0,1.054674489660634,0.8241352269316587,6.639111125573951,35.410792283426105,275.0971374511719,0.0,0.030891924099367495,False,False,False
train_000200,train,0.0,104,104,POL J13,POL,POL,J,13,13.0,,2000.0,60.0,1.3419253668990658,0.6510124543258604,7.04607050027786,31.193347777576655,199.9021224975586,0.0,0.03185026541887849,False,False,False
train_000200,train,0.0,105,105,EEG M1-Ref,EEG,EEG ...-Ref,M,1,1.0,-Ref,2000.0,60.0,1.026993683258429,0.7939369363699091,5.387634951099203,54.24106703251947,425.87889099121094,0.0,0.022925191043258693,False,False,False
train_000200,train,0.0,106,106,EEG M2-Ref,EEG,EEG ...-Ref,M,2,2.0,-Ref,2000.0,60.0,0.6845790237020771,0.026892376913159145,3.655345840309222,50.515538592849616,371.48399353027344,0.0,0.022941857848815406,False,False,False
train_000200,train,0.0,107,107,POL M3,POL,POL,M,3,3.0,,2000.0,60.0,0.868794122888213,-0.3500645330614565,3.7341281695883612,46.51533761995554,370.41009521484375,0.0,0.02108350902924191,False,False,False
train_000200,train,0.0,108,108,POL M4,POL,POL,M,4,4.0,,2000.0,60.0,1.3781652897650396,0.0919664065856546,4.396598736527829,38.13109676902534,297.26531982421875,0.0,0.026175218126817723,False,False,False
train_000200,train,0.0,109,109,POL M5,POL,POL,M,5,5.0,,2000.0,60.0,2.078199826166708,0.019876295630715954,8.907345506211518,36.351581625640215,271.1912612915039,0.0,0.03038358652988775,False,False,False
train_000200,train,0.0,110,110,POL M6,POL,POL,M,6,6.0,,2000.0,60.0,1.576245624858368,0.33666655693662184,9.027902107451185,34.92153802330895,254.8824691772461,0.0,0.032366936391136594,False,False,False
train_000200,train,0.0,111,111,POL M7,POL,POL,M,7,7.0,,2000.0,60.0,2.0006811575094234,0.8233274888939281,8.95833135471375,40.137444990049765,308.49595642089844,0.0,0.027375228126901057,False,False,False
train_000200,train,0.0,112,112,POL M8,POL,POL,M,8,8.0,,2000.0,60.0,1.8614944589076297,0.3202923420719586,9.610581737563415,34.02273792209019,275.4881057739258,0.0,0.03243360361336344,False,False,False
train_000200,train,0.0,113,113,POL M9,POL,POL,M,9,9.0,,2000.0,60.0,1.5274265860463672,0.12285215616366268,8.782164011906008,35.7428682746204,290.6244659423828,0.0,0.03318360986341553,False,False,False
train_000200,train,0.0,114,114,POL M10,POL,POL,M,10,10.0,,2000.0,60.0,0.9673878317653072,0.528432270017054,7.782273130259626,36.36964263556244,289.45294189453125,0.0,0.03195859965499712,False,False,False
train_000200,train,0.0,115,115,POL M11,POL,POL,M,11,11.0,,2000.0,60.0,1.302024040024468,0.6791603298073405,7.537153254300283,43.70562344773515,327.050048828125,0.0,0.030700255835465297,False,False,False
train_000200,train,0.0,116,116,POL M12,POL,POL,M,12,12.0,,2000.0,60.0,1.3739544712072043,1.2141490149355807,8.420800413548966,38.4386062154059,286.0346221923828,0.0,0.03175859798831657,False,False,False
train_000200,train,0.0,117,117,POL M13,POL,POL,M,13,13.0,,2000.0,60.0,0.728830807590287,0.31321931469489506,6.079114761264648,42.42352818348035,295.4095687866211,0.0,0.029391911599263326,False,False,False
train_000200,train,0.0,118,118,POL M14,POL,POL,M,14,14.0,,2000.0,60.0,0.3398920459477281,-0.315486200499544,3.442865833352065,55.94729131390154,380.6638946533203,0.0,0.020200168334736122,False,False,False
train_000200,train,0.0,119,119,POL M15,POL,POL,M,15,15.0,,2000.0,60.0,0.6034102600595574,0.12095207959022611,5.467156615514416,44.70218697243105,338.7694396972656,0.0,0.026025216876807308,False,False,False
train_000200,train,0.0,120,120,POL M16,POL,POL,M,16,16.0,,2000.0,60.0,0.01589912366512813,-0.14852090926064854,5.79227331010614,42.65962313207183,336.8158264160156,0.0,0.026766889724081033,False,False,False
train_000200,train,0.0,121,121,POL pMC1,POL,POL,pMC,1,1.0,,2000.0,60.0,1.5008033954550544,0.4916887713333542,6.784740015762685,49.4705318773156,304.58961486816406,0.0,0.028525237710314254,False,False,False
train_000200,train,0.0,122,122,POL pMC2,POL,POL,pMC,2,2.0,,2000.0,60.0,-0.05688180768185165,-0.20191716297176254,3.887187375661159,45.234601190946044,274.9999237060547,0.0,0.026050217085142376,False,False,False
train_000200,train,0.0,123,123,POL pMC3,POL,POL,pMC,3,3.0,,2000.0,60.0,0.3894780830815291,0.16346542455787957,4.202993072517284,40.324242580816694,312.20672607421875,0.0,0.021800181668180568,False,False,False
train_000200,train,0.0,124,124,POL pMC4,POL,POL,pMC,4,4.0,,2000.0,60.0,0.23463362811919652,-0.09037256404000361,2.846049535107611,47.604750436931944,318.26153564453125,0.0,0.019133492779106493,False,False,False
train_000200,train,0.0,125,125,POL pMC5,POL,POL,pMC,5,5.0,,2000.0,60.0,0.9278208893131313,-0.003152459276802639,4.641052709162743,43.035751407821394,370.8001403808594,0.0,0.0237668647238727,False,False,False
train_000200,train,0.0,126,126,POL pMC6,POL,POL,pMC,6,6.0,,2000.0,60.0,0.5861633767828359,0.2653467550528951,3.7182187947370338,43.96499508641958,403.3199462890625,0.0,0.021975183126526056,False,False,False
train_000200,train,0.0,127,127,POL pMC7,POL,POL,pMC,7,7.0,,2000.0,60.0,0.46097710178944235,0.3760817357621523,5.0562210986436975,47.84728938311844,394.5306396484375,0.0,0.02260852173768115,False,False,False
train_000200,train,0.0,128,128,POL pMC8,POL,POL,pMC,8,8.0,,2000.0,60.0,0.42264481084974187,0.030545837572181357,5.484949316821308,47.802344074099736,386.91363525390625,0.0,0.02303352527937733,False,False,False
train_000200,train,0.0,129,129,POL pMC9,POL,POL,pMC,9,9.0,,2000.0,60.0,-0.330335786247321,0.2403128304748865,5.036683774260866,48.434082443518584,398.6325988769531,0.0,0.021550179584829875,False,False,False
train_000200,train,0.0,130,130,POL pMC10,POL,POL,pMC,10,10.0,,2000.0,60.0,-0.12087590915944652,0.36083519808148196,5.173741757183236,51.41288190562561,456.0541229248047,0.0,0.020150167918065984,False,False,False
train_000200,train,0.0,131,131,POL pMC11,POL,POL,pMC,11,11.0,,2000.0,60.0,0.004783966125311149,0.24907129707975154,5.175601291437046,51.3173043694263,470.0194396972656,0.0,0.019516829306910892,False,False,False
train_000200,train,0.0,132,132,POL pMC12,POL,POL,pMC,12,12.0,,2000.0,60.0,-0.21363100487721615,0.2951777452359281,4.909511097032214,48.61250423761607,459.1792297363281,0.0,0.01960849673747281,False,False,False
train_000200,train,0.0,133,133,POL pMC13,POL,POL,pMC,13,13.0,,2000.0,60.0,1.096151099866677,-0.34153305447917287,6.57764369468609,26.979665213285823,222.85150146484375,0.0,0.031933599446662055,False,False,False
train_000200,train,0.0,134,134,POL aMC1,POL,POL,aMC,1,1.0,,2000.0,60.0,1.3638514827957806,0.7204065565261888,8.308858995615713,33.51715901222805,244.5308380126953,0.0,0.03274193951616264,False,False,False
train_000200,train,0.0,135,135,POL aMC2,POL,POL,aMC,2,2.0,,2000.0,60.0,-0.5584423268782245,0.4271644236141902,4.054258167187451,38.52504987885088,281.24930572509766,0.0,0.026366886390719924,False,False,False
train_000200,train,0.0,136,136,POL aMC3,POL,POL,aMC,3,3.0,,2000.0,60.0,1.1932224458771337,1.2461962069038592,4.0797399062631055,48.069200077871194,305.4684066772461,0.0,0.02965024708539238,False,False,False
train_000200,train,0.0,137,137,POL aMC4,POL,POL,aMC,4,4.0,,2000.0,60.0,1.687780948034866,1.454378839978501,9.836445166139255,36.01616451530706,260.8394241333008,0.0,0.03589196576638139,False,False,False
train_000200,train,0.0,138,138,POL aMC5,POL,POL,aMC,5,5.0,,2000.0,60.0,1.5560487019205733,0.9078294309934882,10.271775662371429,36.59215115011453,256.4449157714844,0.0,0.03638363653030442,False,False,False
train_000200,train,0.0,139,139,POL aMC6,POL,POL,aMC,6,6.0,,2000.0,60.0,1.913744436863273,0.8756680623676089,10.435726043194443,34.095591256918134,260.5462646484375,0.0,0.03535862798856657,False,False,False
train_000200,train,0.0,140,140,POL aMC7,POL,POL,aMC,7,7.0,,2000.0,60.0,1.6719693176208446,0.8793843482076623,9.762909216345442,35.59712650846091,265.3318405151367,0.0,0.035466962224685206,False,False,False
train_000200,train,0.0,141,141,POL aMC8,POL,POL,aMC,8,8.0,,2000.0,60.0,1.0749635558721025,-0.3544914999869103,9.42909538617767,34.816028159879586,260.25370025634766,0.0,0.032650272085600715,False,False,False
train_000200,train,0.0,142,142,POL aMC9,POL,POL,aMC,9,9.0,,2000.0,60.0,0.6156829821804014,-0.38052925084099626,7.658243806200463,37.84338775794853,288.4761657714844,0.0,0.031675263960533,False,False,False
train_000200,train,0.0,143,143,POL aMC10,POL,POL,aMC,10,10.0,,2000.0,60.0,0.9228108088859219,0.01307418695002449,7.59281992634101,38.20097610263732,301.2694091796875,0.0,0.03480029000241669,False,False,False
train_000200,train,0.0,144,144,POL aMC11,POL,POL,aMC,11,11.0,,2000.0,60.0,0.9142672515411503,0.7461598693189341,15.78899588439506,26.5940196471033,209.66770935058594,0.0,0.03460028833573613,False,False,False
train_000200,train,0.0,145,145,POL aMC12,POL,POL,aMC,12,12.0,,2000.0,60.0,1.4331864186211731,0.9165417098722685,17.349935184880707,17.222387485731282,128.906005859375,0.0,0.04210035083625697,False,False,False
train_000200,train,0.0,146,146,POL aMC13,POL,POL,aMC,13,13.0,,2000.0,60.0,2.985054845910901,1.6338604917358024,21.059437516518305,5.876625468577932,45.898399353027344,0.0,0.053417111809265075,False,False,False
train_000200,train,0.0,147,147,POL AC1,POL,POL,AC,1,1.0,,2000.0,60.0,0.5572441333025194,1.3942678892795288,12.831559416668428,48.61583943383308,324.0233459472656,0.0,0.026291885765714715,False,False,False
train_000200,train,0.0,148,148,POL AC2,POL,POL,AC,2,2.0,,2000.0,60.0,0.8888027524126253,0.6790434404022289,12.712605358384897,39.131783605994954,296.87471771240234,0.0,0.027791898265818883,False,False,False
train_000200,train,0.0,149,149,POL AC3,POL,POL,AC,3,3.0,,2000.0,60.0,0.7389351599862781,0.12741673151370173,9.36843709961255,45.642635721951706,305.27293395996094,0.0,0.02450020416836807,False,False,False
train_000200,train,0.0,150,150,POL AC4,POL,POL,AC,4,4.0,,2000.0,60.0,1.116850233134321,0.647460906583739,13.40541279239969,39.48693789686054,267.9686050415039,0.0,0.03127526062717189,False,False,False
train_000200,train,0.0,151,151,POL AC5,POL,POL,AC,5,5.0,,2000.0,60.0,1.2084332717741977,2.1569806801238958,13.059470616468634,39.22699482291714,271.97218322753906,0.0,0.030791923266027216,False,False,False
train_000200,train,0.0,152,152,POL AC6,POL,POL,AC,6,6.0,,2000.0,60.0,1.2544498671549658,1.640983474678717,16.64663503034772,30.814371859470267,221.09365844726562,0.0,0.034733622780189835,False,False,False
train_000200,train,0.0,153,153,POL AC7,POL,POL,AC,7,7.0,,2000.0,60.0,1.3607219774307544,0.602656234344322,14.277567810010762,32.64581806759636,251.17138671875,0.0,0.033850282085684046,False,False,False
train_000200,train,0.0,154,154,POL AC8,POL,POL,AC,8,8.0,,2000.0,60.0,1.9290667063788032,1.1328148265423892,15.299355800298258,34.77554857412503,246.58177185058594,0.0,0.03350861257177143,False,False,False
train_000200,train,0.0,155,155,POL AC9,POL,POL,AC,9,9.0,,2000.0,60.0,1.5260816013640486,1.2872316694649057,15.27727436350148,29.561295844943164,215.62472534179688,0.0,0.03496695805798382,False,False,False
train_000200,train,0.0,156,156,POL AC10,POL,POL,AC,10,10.0,,2000.0,60.0,1.690356219349153,2.193766710475655,15.831126255328625,31.304343007112788,244.72637939453125,0.0,0.0344919540996175,False,False,False
train_000200,train,0.0,157,157,POL AC11,POL,POL,AC,11,11.0,,2000.0,60.0,1.6516866902541705,1.666546257954493,16.202406996409838,31.97592338752757,231.24970245361328,0.0,0.03550029583579863,False,False,False
train_000200,train,0.0,158,158,POL AC12,POL,POL,AC,12,12.0,,2000.0,60.0,1.816093212963499,0.9198484573120959,15.892912950603844,36.343421337380825,265.9176940917969,0.0,0.034183618196818304,False,False,False
train_000200,train,0.0,159,159,POL AC13,POL,POL,AC,13,13.0,,2000.0,60.0,1.5889742279995436,0.3147852614188913,14.672390916828103,38.50067127922891,295.2143859863281,0.0,0.030916924307702563,False,False,False
train_000200,train,0.0,160,160,POL AC14,POL,POL,AC,14,14.0,,2000.0,60.0,1.2449929087592528,0.2784465133629493,13.602290794878193,42.078561744021464,314.84352111816406,0.0,0.029216910140917842,False,False,False
train_000200,train,0.0,161,161,POL AC15,POL,POL,AC,15,15.0,,2000.0,60.0,0.6818905840565571,0.2747590653229239,13.946933219289011,33.267884008655855,259.56998443603516,0.0,0.0315419295160793,False,False,False
train_000200,train,0.0,162,162,POL AC16,POL,POL,AC,16,16.0,,2000.0,60.0,0.6234444398936246,0.2542453241402964,15.11619454751662,17.995405201860386,130.76142120361328,0.0,0.03792531604430037,False,False,False
train_000200,train,0.0,163,163,EEG PO1-Ref,EEG,EEG ...-Ref,PO,1,1.0,-Ref,2000.0,60.0,0.9882151260272667,0.6437846536083992,14.598064031671214,44.519265562380745,332.3238525390625,0.0,0.029983583196526636,False,False,False
train_000200,train,0.0,164,164,EEG PO2-Ref,EEG,EEG ...-Ref,PO,2,2.0,-Ref,2000.0,60.0,1.3317707593667687,0.05484143497154351,14.416656640961179,36.27129485473625,279.49156951904297,0.0,0.03073358944657872,False,False,False
train_000200,train,0.0,165,165,EEG PO3-Ref,EEG,EEG ...-Ref,PO,3,3.0,-Ref,2000.0,60.0,1.83572732548748,1.4295931901218402,16.309777821965355,35.831170618740906,262.7926330566406,0.0,0.03678363986366553,False,False,False
train_000200,train,0.0,166,166,EEG PO4-Ref,EEG,EEG ...-Ref,PO,4,4.0,-Ref,2000.0,60.0,1.6348741525486794,1.5702204516476448,15.552784526109722,38.45771442487867,294.33580017089844,0.0,0.036983641530346084,False,False,False
train_000200,train,0.0,167,167,EEG PO5-Ref,EEG,EEG ...-Ref,PO,5,5.0,-Ref,2000.0,60.0,1.7403322134445698,1.0148707144239881,12.156010748472523,34.24613738310293,228.80806732177734,0.0,0.032100267502229184,False,False,False
train_000200,train,0.0,168,168,EEG PO6-Ref,EEG,EEG ...-Ref,PO,6,6.0,-Ref,2000.0,60.0,1.1054362236347426,0.07385779846273734,12.326550161653884,43.49829068340545,256.9331512451172,0.0,0.032791939932832775,False,False,False
train_000200,train,0.0,169,169,EEG PO7-Ref,EEG,EEG ...-Ref,PO,7,7.0,-Ref,2000.0,60.0,1.700304709421208,1.8659873556546818,16.232383741531486,40.73479700906783,248.73040771484375,0.0,0.03359194659955499,False,False,False
train_000200,train,0.0,170,170,EEG PO8-Ref,EEG,EEG ...-Ref,PO,8,8.0,-Ref,2000.0,60.0,39.5806573498562,18.465003011407685,23.792328931834884,32.505552308921764,195.99607849121094,0.0,0.006033383611530096,True,True,True
train_000200,train,0.0,171,171,EEG PO9-Ref,EEG,EEG ...-Ref,PO,9,9.0,-Ref,2000.0,60.0,1.5701432599563347,2.2229905458871118,16.287487996543092,38.31136551961731,249.99974822998047,0.0,0.030483587363228027,False,False,False
train_000200,train,0.0,172,172,EEG PO10-Ref,EEG,EEG ...-Ref,PO,10,10.0,-Ref,2000.0,60.0,44.07268111545577,21.555649425145692,27.062074463085697,43.54373495023585,230.46873474121094,0.0,0.0038666988891574096,True,True,True
train_000200,train,0.0,173,173,POL PO11,POL,POL,PO,11,11.0,,2000.0,60.0,45.01850540985534,21.46734604733172,26.827250746160473,43.62261868643119,226.46482849121094,0.0,0.003800031666930558,True,True,True
train_000200,train,0.0,174,174,POL PO12,POL,POL,PO,12,12.0,,2000.0,60.0,35.418789397324545,20.17402491194337,25.592783856070692,10.141964074300589,64.55076217651367,0.0,0.01107509229243577,True,True,True
train_000200,train,0.0,175,175,POL PO13,POL,POL,PO,13,13.0,,2000.0,60.0,35.81062565015576,20.038753210789242,26.067468810356726,10.020998006194473,64.6484375,0.0,0.011166759722997691,True,True,True
train_000200,train,0.0,176,176,POL PO14,POL,POL,PO,14,14.0,,2000.0,60.0,35.82262910591804,20.040690376319187,25.575560562097102,10.234761951645385,66.40623664855957,0.0,0.011208426736889474,True,True,True
train_000200,train,0.0,177,177,POL PO15,POL,POL,PO,15,15.0,,2000.0,60.0,33.35617058185279,18.9930939503661,25.173211290527064,9.991631111440661,68.3593521118164,0.0,0.012891774098117485,True,True,True
train_000200,train,0.0,178,178,POL PO16,POL,POL,PO,16,16.0,,2000.0,60.0,0.1784111106544118,0.35273202081073796,6.4385855513153265,42.01159109646917,299.90213775634766,0.0,0.01833348611238427,False,False,False
train_000205,train,0.0,0,0,POL R1,POL,POL,R,1,1.0,,1999.9999999999998,60.00000000000001,0.4863536225365067,-0.3410573475265487,9.367894209449691,96.92637015955751,804.5890808105469,0.0,0.028666905557546314,False,False,False
train_000205,train,0.0,1,1,POL R2,POL,POL,R,2,2.0,,1999.9999999999998,60.00000000000001,0.41129058209400016,-0.511759850339275,10.008962488430695,80.05122905388127,831.9331207275391,0.0,0.02850857090475754,False,False,False
train_000205,train,0.0,2,2,POL R3,POL,POL,R,3,3.0,,1999.9999999999998,60.00000000000001,0.5400673606048946,-0.176557793381169,10.814843726566012,76.20770442378884,920.1170349121094,0.0,0.030441920349336245,False,False,False
train_000205,train,0.0,3,3,POL R4,POL,POL,R,4,4.0,,1999.9999999999998,60.00000000000001,0.24434022447481812,0.444535619577826,10.985384493397696,62.86331724560505,749.3157653808594,0.0,0.028025233543612863,False,False,False
train_000205,train,0.0,4,4,POL R5,POL,POL,R,5,5.0,,1999.9999999999998,60.00000000000001,-0.3844696589453173,0.23045332445921748,10.940892787018564,67.25671903139946,841.2104339599609,0.0,0.027025225210210085,False,False,False
train_000205,train,0.0,5,5,POL R6,POL,POL,R,6,6.0,,1999.9999999999998,60.00000000000001,-0.35177725578454355,0.5257835344247548,9.7263177975185,79.35477777023331,1087.6943054199219,0.0,0.024533537779481494,False,False,False
train_000205,train,0.0,6,6,POL R7,POL,POL,R,7,7.0,,1999.9999999999998,60.00000000000001,-0.5849477786692924,1.1079959316144585,9.009831343415568,96.0050893583628,1324.706298828125,0.0,0.022875190626588555,False,False,False
train_000205,train,0.0,7,7,POL R8,POL,POL,R,8,8.0,,1999.9999999999998,60.00000000000001,-0.20900689336961178,0.7487132394432197,8.828249427657738,112.23344247139059,1533.19970703125,0.0,0.023258527154392954,False,False,False
train_000205,train,0.0,8,8,POL R9,POL,POL,R,9,9.0,,1999.9999999999998,60.00000000000001,-0.1597422537856455,-0.19819738819612825,9.306277812778019,116.97258367013693,1615.3250732421875,0.0,0.023708530904424204,False,False,False
train_000205,train,0.0,9,9,POL R10,POL,POL,R,10,10.0,,1999.9999999999998,60.00000000000001,-0.722503348086549,-0.4691778369080698,8.413408825890244,115.82379654909515,1543.746337890625,0.0,0.022383519862665523,False,False,False
train_000205,train,0.0,10,10,POL R13,POL,POL,R,13,13.0,,1999.9999999999998,60.00000000000001,-0.9356529168631789,-0.2074943206717227,10.404961511138826,105.09078670158208,1520.4075622558594,0.0,0.026675222293519114,False,False,False
train_000205,train,0.0,11,11,POL R14,POL,POL,R,14,14.0,,1999.9999999999998,60.00000000000001,0.7591407338829786,-0.38769043646659,11.055019580013138,60.54146388546347,820.9958190917969,0.0,0.03556696305802548,False,False,False
train_000205,train,0.0,12,12,POL R15,POL,POL,R,15,15.0,,1999.9999999999998,60.00000000000001,0.5407035377728757,-0.2933367038791989,13.226731898868845,30.410436938240046,434.1791534423828,0.0,0.04533371111425929,False,False,False
train_000205,train,0.0,13,13,POL R16,POL,POL,R,16,16.0,,1999.9999999999998,60.00000000000001,0.42314709417180096,-1.0178813110323193,5.955927723127068,30.32015862525586,376.7576599121094,0.0,0.03707530896090801,False,False,False
train_000205,train,0.0,14,14,POL PC1,POL,POL,PC,1,1.0,,1999.9999999999998,60.00000000000001,1.5503877231667327,-0.6535382920539698,1.1145400507636638,51.9495174734933,479.19903564453125,0.0,0.02046683722364353,False,False,False
train_000205,train,0.0,15,15,POL PC2,POL,POL,PC,2,2.0,,1999.9999999999998,60.00000000000001,-0.08263457712456745,-0.7962006357154565,2.1112245456379206,54.677640981468876,463.4761199951172,0.0,0.020425170209751747,False,False,False
train_000205,train,0.0,16,16,POL PC3,POL,POL,PC,3,3.0,,1999.9999999999998,60.00000000000001,0.571408438701658,-1.208974421482684,2.008153940803123,61.576944342366026,518.7498168945312,0.0,0.02060850507087559,False,False,False
train_000205,train,0.0,17,17,POL PC4,POL,POL,PC,4,4.0,,1999.9999999999998,60.00000000000001,0.5822612591713601,-0.40671623983654587,1.825503543720258,71.12259269704586,618.4565124511719,0.0,0.01968349736247802,False,False,False
train_000205,train,0.0,18,18,POL PC5,POL,POL,PC,5,5.0,,1999.9999999999998,60.00000000000001,1.6889532132726304,0.1428161212520562,6.142771226012683,71.30130700700632,645.4098510742188,0.0,0.018925157709647582,False,False,False
train_000205,train,0.0,19,19,POL PC6,POL,POL,PC,6,6.0,,1999.9999999999998,60.00000000000001,0.36474050198160923,0.4646948400749874,4.673209246578216,85.38419444464148,808.6912536621094,0.0,0.016875140626171885,False,False,False
train_000205,train,0.0,20,20,POL PC7,POL,POL,PC,7,7.0,,1999.9999999999998,60.00000000000001,0.5668823466568248,0.935375719132552,2.1026123799817813,74.89920884621908,755.5660095214844,0.0,0.018225151876265635,False,False,False
train_000205,train,0.0,21,21,POL R11,POL,POL,R,11,11.0,,1999.9999999999998,60.00000000000001,0.5406472940485639,0.24692736256933856,8.420139948684314,94.31034678446076,1158.3001098632812,0.0,0.021900182501520846,False,False,False
train_000205,train,0.0,22,22,POL R12,POL,POL,R,12,12.0,,1999.9999999999998,60.00000000000001,-1.275682285097173,-0.06730836167148983,8.799997590316226,95.69309756675968,1181.1521911621094,0.0,0.023608530071083926,False,False,False
train_000205,train,0.0,23,23,POL PC8,POL,POL,PC,8,8.0,,1999.9999999999998,60.00000000000001,-0.177233990614972,-0.170402893633252,0.5285185230891208,43.36668326656493,409.66754150390625,0.0,0.023375194793289943,False,False,False
train_000205,train,0.0,24,24,POL PC9,POL,POL,PC,9,9.0,,1999.9999999999998,60.00000000000001,0.7331583586473849,-0.29508465340761053,4.423303016398448,8.435361560148621,85.74215507507324,0.0,0.06984224868540571,False,False,False
train_000205,train,0.0,25,25,EEG F1-Ref,EEG,EEG ...-Ref,F,1,1.0,-Ref,1999.9999999999998,60.00000000000001,0.14502050605137473,0.23845467042908264,11.653659825973072,62.89933469212509,891.6990356445312,0.0,0.021000175001458347,False,False,False
train_000205,train,0.0,26,26,EEG F2-Ref,EEG,EEG ...-Ref,F,2,2.0,-Ref,1999.9999999999998,60.00000000000001,0.34558883163532095,0.07514839186439695,12.832777805708858,65.10005518912742,808.1053771972656,0.0,0.019750164584704872,False,False,False
train_000205,train,0.0,27,27,EEG F3-Ref,EEG,EEG ...-Ref,F,3,3.0,-Ref,1999.9999999999998,60.00000000000001,0.455151782387265,-0.136135222180186,12.197794716986133,72.06375968810103,764.2573547363281,0.0,0.017041808681739015,False,False,False
train_000205,train,0.0,28,28,EEG F4-Ref,EEG,EEG ...-Ref,F,4,4.0,-Ref,1999.9999999999998,60.00000000000001,0.8466135593799785,-0.05398030467623563,11.474252321225249,74.49131755848612,707.8120727539062,0.0,0.016858473820615172,False,False,False
train_000205,train,0.0,29,29,EEG F5-Ref,EEG,EEG ...-Ref,F,5,5.0,-Ref,1999.9999999999998,60.00000000000001,0.5047247843140353,0.086448041936326,11.120452299611813,74.41195356485095,661.6206970214844,0.0,0.017133476112300938,False,False,False
train_000205,train,0.0,30,30,EEG F6-Ref,EEG,EEG ...-Ref,F,6,6.0,-Ref,1999.9999999999998,60.00000000000001,0.09132283757526416,0.43428343231724514,11.244639775104604,70.19191859333283,708.9843139648438,0.0,0.02141684514037617,False,False,False
train_000205,train,0.0,31,31,EEG F7-Ref,EEG,EEG ...-Ref,F,7,7.0,-Ref,1999.9999999999998,60.00000000000001,0.5359742230511604,-0.11474963130838373,14.627476261096238,21.550194681638942,270.70263671875,0.0,0.046758722989358244,False,False,False
train_000205,train,0.0,32,32,POL G1,POL,POL,G,1,1.0,,1999.9999999999998,60.00000000000001,1.5905184635727538,-0.1646265654397448,3.049983302122719,70.51281118375236,797.948486328125,0.0,0.018133484445703715,False,False,False
train_000205,train,0.0,33,33,POL G2,POL,POL,G,2,2.0,,1999.9999999999998,60.00000000000001,0.4963839848336431,-0.7204716297437458,1.4392770401118151,76.36892360546918,839.0624084472656,0.0,0.015516795973299777,False,False,False
train_000205,train,0.0,34,34,POL G3,POL,POL,G,3,3.0,,1999.9999999999998,60.00000000000001,-0.8437285204539201,1.030396360328739,1.2289087355683546,78.36379536190373,849.608642578125,0.0,0.01446678722322686,False,False,False
train_000205,train,0.0,35,35,POL G4,POL,POL,G,4,4.0,,1999.9999999999998,60.00000000000001,-0.31905156665783807,1.6729101536332776,0.7976475201820878,69.6221474697491,778.0269775390625,0.0,0.015741797848315402,False,False,False
train_000205,train,0.0,36,36,POL DC01,POL,POL,DC,01,1.0,,1999.9999999999998,60.00000000000001,0.40720878572535035,-0.4802981996605681,-0.1714917206107135,156.08418086980703,366.3001377929759,0.0,0.7396478303985866,False,False,False
train_000205,train,0.0,37,37,POL DC02,POL,POL,DC,02,2.0,,1999.9999999999998,60.00000000000001,-0.05308070910324355,-0.21035058715065375,1.097920772908216,37.2335212664854,732.5999755859375,0.002625,0.9811998433320278,False,False,False
train_000205,train,0.0,38,38,POL DC03,POL,POL,DC,03,3.0,,1999.9999999999998,60.00000000000001,-0.6308684349340767,-0.2782468175622672,0.6453881497361986,175.6916686884123,732.5999755859375,8.333333333333334e-06,0.6733222776856473,False,False,False
train_000205,train,0.0,39,39,POL DC04,POL,POL,DC,04,4.0,,1999.9999999999998,60.00000000000001,1.0673434689219667,-0.2722127171987278,0.13698368163064,143.2420396482508,366.29998779296875,0.188425,0.7701814181784848,False,False,False
train_000205,train,0.0,40,40,POL DC05,POL,POL,DC,05,5.0,,1999.9999999999998,60.00000000000001,0.7771850278866516,0.264616314805071,-0.03232929493957148,99.72025779689731,732.5999755859375,0.08054166666666666,0.8826490220751839,False,False,False
train_000205,train,0.0,41,41,POL DC06,POL,POL,DC,06,6.0,,1999.9999999999998,60.00000000000001,-0.6726835285529891,-0.10242050510311579,-0.35697410948752,35.37127495670812,732.5999755859375,0.005,0.9829331911099259,False,False,False
train_000205,train,0.0,42,42,POL DC07,POL,POL,DC,07,7.0,,1999.9999999999998,60.00000000000001,0.7298590629945032,0.46644740617027247,-0.009638186694680844,37.013692967216464,732.6002807617188,0.0,0.9814831790264918,False,False,False
train_000205,train,0.0,43,43,POL DC08,POL,POL,DC,08,8.0,,1999.9999999999998,60.00000000000001,0.0604488952103727,0.03772717333129773,-0.32789188637380784,89.43397029191424,732.5999755859375,0.063525,0.9036825306877557,False,False,False
train_000205,train,0.0,44,44,POL DC09,POL,POL,DC,09,9.0,,1999.9999999999998,60.00000000000001,-0.015312757351685477,0.33421801140345253,-0.8510131294211365,47.96824943213344,732.5999755859375,0.015916666666666666,0.9700497504145867,False,False,False
train_000205,train,0.0,45,45,POL DC10,POL,POL,DC,10,10.0,,1999.9999999999998,60.00000000000001,0.44258222018786764,0.31436155607510785,-0.045510393625044374,36.1382243881574,732.5999755859375,0.0047666666666666664,0.9824165201376678,False,False,False
train_000205,train,0.0,46,46,POL DC11,POL,POL,DC,11,11.0,,1999.9999999999998,60.00000000000001,-0.25839262491390613,0.24863389811904643,-0.09982888930557024,138.7103178781758,732.6002807617188,0.0,0.7879898999158327,False,False,False
train_000205,train,0.0,47,47,POL DC12,POL,POL,DC,12,12.0,,1999.9999999999998,60.00000000000001,-0.4593271778852486,0.30317412427217993,-0.030602111234302145,123.42775076123502,732.5999755859375,0.130525,0.8252402103350861,False,False,False
train_000205,train,0.0,48,48,POL DC13,POL,POL,DC,13,13.0,,1999.9999999999998,60.00000000000001,-0.30324138734800105,0.3235397873786099,-0.29100443542903737,57.30552260878529,732.5999755859375,0.024516666666666666,0.958132984441537,False,False,False
train_000205,train,0.0,49,49,POL DC14,POL,POL,DC,14,14.0,,1999.9999999999998,60.00000000000001,-0.3305948113658259,1.0414592805042624,-0.8543421644885301,170.24565079800902,366.3001377929759,0.0,0.691780764839707,False,False,False
train_000205,train,0.0,50,50,POL DC15,POL,POL,DC,15,15.0,,1999.9999999999998,60.00000000000001,0.16738276648763592,-0.0276938285223944,-0.7261161353530908,180.99456551380584,366.29998779296875,0.42351666666666665,0.6575054792123267,False,False,False
train_000205,train,0.0,51,51,POL DC16,POL,POL,DC,16,16.0,,1999.9999999999998,60.00000000000001,-0.0037140892094528546,-0.07456526137433547,0.3829689085376692,158.55088169254927,366.3001377929759,0.0,0.7324144367869733,False,False,False
train_000205,train,0.0,52,52,POL G5,POL,POL,G,5,5.0,,1999.9999999999998,60.00000000000001,0.6213182672389901,1.093424767661374,1.9202992894130666,67.26840916571936,703.7100830078125,0.0,0.017325144376203135,False,False,False
train_000205,train,0.0,53,53,POL G6,POL,POL,G,6,6.0,,1999.9999999999998,60.00000000000001,0.944435855649276,0.1888779658399907,4.458990809564337,44.84110308631125,384.4722595214844,0.0,0.028700239168659738,False,False,False
train_000205,train,0.0,54,54,POL G7,POL,POL,G,7,7.0,,1999.9999999999998,60.00000000000001,3.590928895669947,-0.6362959412103147,5.51185168870319,25.91497761208362,207.32415008544922,0.0,0.05447545396211635,False,False,False
train_000205,train,0.0,55,55,POL H1,POL,POL,H,1,1.0,,1999.9999999999998,60.00000000000001,4.406943673659816,0.7322296775284383,6.1368544791361765,60.12811021659043,585.8393707275391,0.0,0.020083500695839133,False,False,False
train_000205,train,0.0,56,56,POL H2,POL,POL,H,2,2.0,,1999.9999999999998,60.00000000000001,2.712937621652649,-0.4450702645534199,6.785810036653595,64.32969374341481,632.5190734863281,0.0,0.029508579238160318,False,False,False
train_000205,train,0.0,57,57,POL H3,POL,POL,H,3,3.0,,1999.9999999999998,60.00000000000001,2.895114821382523,-0.40063918019698963,9.263384120833058,74.09852371985424,747.7532653808594,0.0,0.0295502462520521,False,False,False
train_000205,train,0.0,58,58,POL H4,POL,POL,H,4,4.0,,1999.9999999999998,60.00000000000001,4.586167310076912,-0.26675657828852367,8.623248279786297,84.63659230671533,884.5700988769531,0.0,0.027666897224143533,False,False,False
train_000205,train,0.0,59,59,POL H5,POL,POL,H,5,5.0,,1999.9999999999998,60.00000000000001,3.4616268733954154,-0.3150006323183724,8.483852745637023,97.79217348195861,1002.4406433105469,0.0,0.02665022208518404,False,False,False
train_000205,train,0.0,60,60,POL H6,POL,POL,H,6,6.0,,1999.9999999999998,60.00000000000001,3.770105267852787,-0.8194652067272533,8.294325049869917,122.39514138169024,1187.9874572753906,0.0,0.024258535487795732,False,False,False
train_000205,train,0.0,61,61,POL H7,POL,POL,H,7,7.0,,1999.9999999999998,60.00000000000001,2.078684188635826,-0.3728637155935626,8.83072616196604,171.42788312453234,1509.570068359375,0.0,0.022025183543196193,False,False,False
train_000205,train,0.0,62,62,POL H8,POL,POL,H,8,8.0,,1999.9999999999998,60.00000000000001,0.02438306966354442,-0.37410386226389836,6.9154564167796195,245.6675308088153,1925.6826782226562,0.0,0.01859182159851332,False,False,False
train_000205,train,0.0,63,63,POL H9,POL,POL,H,9,9.0,,1999.9999999999998,60.00000000000001,2.6363572004765903,-0.6598778564096791,6.356402047514823,149.097025852712,1134.2772216796875,0.0,0.02907524229368578,False,False,False
train_000205,train,0.0,64,64,POL I1,POL,POL,I,1,1.0,,1999.9999999999998,60.00000000000001,2.6735696395671633,0.20847202842839796,16.154676872906016,152.25402718280037,1231.445068359375,0.0,0.022766856390469922,False,False,False
train_000205,train,0.0,65,65,POL I2,POL,POL,I,2,2.0,,1999.9999999999998,60.00000000000001,0.10179966262486306,0.5731261727094573,15.9551454617588,173.4164440559312,1378.1243896484375,0.0,0.0222918524321036,False,False,False
train_000205,train,0.0,66,66,POL I3,POL,POL,I,3,3.0,,1999.9999999999998,60.00000000000001,0.7604752177011003,0.6894876771302794,15.089631545754077,275.6271411906818,1888.085693359375,0.0,0.017391811598429986,False,False,False
train_000205,train,0.0,67,67,POL I4,POL,POL,I,4,4.0,,1999.9999999999998,60.00000000000001,1.3293519542011913,0.07771289153713422,13.066608313416385,423.41509291787116,2766.6956787109375,0.0,0.014191784931541097,False,False,False
train_000205,train,0.0,68,68,POL I5,POL,POL,I,5,5.0,,1999.9999999999998,60.00000000000001,1.12730358547803,-0.919518923781799,14.437587487103169,462.5662445648002,3338.6680908203125,0.0,0.013716780973174776,False,False,False
train_000205,train,0.0,69,69,POL I6,POL,POL,I,6,6.0,,1999.9999999999998,60.00000000000001,0.38774718958531457,-0.576302427296461,15.70569938142855,357.51508791054766,2375.39013671875,0.0,0.017108475903965865,False,False,False
train_000205,train,0.0,70,70,POL T1,POL,POL,T,1,1.0,,1999.9999999999998,60.00000000000001,2.082044551533221,0.23883870061117488,3.490548112399467,70.17513074830065,675.9763031005859,0.0,0.023450195418295152,False,False,False
train_000205,train,0.0,71,71,POL T2,POL,POL,T,2,2.0,,1999.9999999999998,60.00000000000001,1.1444731465215716,0.612659456995662,2.8823790952030515,73.21551398742785,695.9959411621094,0.0,0.023508529237743648,False,False,False
train_000205,train,0.0,72,72,EEG T3-Ref,EEG,EEG ...-Ref,T,3,3.0,-Ref,1999.9999999999998,60.00000000000001,1.7754310224212428,1.0813882305952407,2.5062820844136855,84.92304353487707,881.0543212890625,0.0,0.024225201876682305,False,False,False
train_000205,train,0.0,73,73,EEG T4-Ref,EEG,EEG ...-Ref,T,4,4.0,-Ref,1999.9999999999998,60.00000000000001,0.9809225168402934,-0.6158698046524504,1.2815669555911444,109.47505626520699,1208.20263671875,0.0,0.02279185659880499,False,False,False
train_000205,train,0.0,74,74,EEG T5-Ref,EEG,EEG ...-Ref,T,5,5.0,-Ref,1999.9999999999998,60.00000000000001,1.4566740281672836,0.8602784657605005,1.8808459802077429,120.67375290795489,1302.6339721679688,0.0,0.024375203126692724,False,False,False
train_000205,train,0.0,75,75,EEG T6-Ref,EEG,EEG ...-Ref,T,6,6.0,-Ref,1999.9999999999998,60.00000000000001,1.8073047528637365,0.1503974498750733,2.041095339348364,127.38160743500052,1264.0603942871094,0.0,0.022033516945974548,False,False,False
train_000205,train,0.0,76,76,EEG T7-Ref,EEG,EEG ...-Ref,T,7,7.0,-Ref,1999.9999999999998,60.00000000000001,1.1882313822412633,-0.7763317777645379,2.300725169676524,141.25656423580966,1373.241455078125,0.0,0.0212001766681389,False,False,False
train_000205,train,0.0,77,77,EEG T8-Ref,EEG,EEG ...-Ref,T,8,8.0,-Ref,1999.9999999999998,60.00000000000001,1.2387528689921001,-0.8924393549967329,2.209219062549277,168.89513864848115,1622.0653686523438,0.0,0.01987516562638022,False,False,False
train_000205,train,0.0,78,78,EEG T9-Ref,EEG,EEG ...-Ref,T,9,9.0,-Ref,1999.9999999999998,60.00000000000001,2.3216523505049205,0.10959267635968001,3.2937046778368377,102.06515295319494,789.9412536621094,0.0,0.03560029666913891,False,False,False
train_000205,train,0.0,79,79,EEG T10-Ref,EEG,EEG ...-Ref,T,10,10.0,-Ref,1999.9999999999998,60.00000000000001,4.408041995113608,-0.6036000156870938,-0.14822034636060646,111.08083241041868,748.1428527832031,0.0,0.018491820765173042,False,False,False
train_000205,train,0.0,80,80,POL B1,POL,POL,B,1,1.0,,1999.9999999999998,60.00000000000001,14.539019079242902,0.2887321690490462,22.29578730204819,202.96670442408913,1695.8006591796875,0.0,0.012650105417545146,True,False,False
train_000205,train,0.0,81,81,POL B2,POL,POL,B,2,2.0,,1999.9999999999998,60.00000000000001,15.837935617434963,1.8793770532649547,20.694915573894058,191.59316755581338,1699.1209716796875,0.0,0.012491770764756374,True,False,False
train_000205,train,0.0,82,82,POL B3,POL,POL,B,3,3.0,,1999.9999999999998,60.00000000000001,18.680318723986232,-0.32007625413728824,22.538819885151863,181.25786305267772,1371.678466796875,0.0,0.012775106459220493,True,False,False
train_000205,train,0.0,83,83,POL B4,POL,POL,B,4,4.0,,1999.9999999999998,60.00000000000001,19.69637430328472,0.04889029501947503,22.884864424613866,160.13797436899924,1295.3118896484375,0.0,0.013558446320386002,True,False,False
train_000205,train,0.0,84,84,POL B5,POL,POL,B,5,5.0,,1999.9999999999998,60.00000000000001,20.0488223917441,0.784306059088878,23.20239667495472,167.61030229641923,1386.2266845703125,0.0,0.013083442362019684,True,True,False
train_000205,train,0.0,85,85,POL B6,POL,POL,B,6,6.0,,1999.9999999999998,60.00000000000001,20.736103282432587,1.1994545793579567,23.55074929262521,193.41605974704373,1603.5148315429688,0.0,0.012491770764756374,True,True,False
train_000205,train,0.0,86,86,POL B7,POL,POL,B,7,7.0,,1999.9999999999998,60.00000000000001,20.72879863064606,1.4664144576382896,23.835079020449154,222.427910026688,1755.0722045898438,0.0,0.012741772848107067,True,True,False
train_000205,train,0.0,87,87,POL B8,POL,POL,B,8,8.0,,1999.9999999999998,60.00000000000001,17.95083302843024,0.6739025198426805,23.03275209321221,175.68049573366832,1307.9097290039062,0.0,0.013533446112050934,True,False,False
train_000205,train,0.0,88,88,POL B9,POL,POL,B,9,9.0,,1999.9999999999998,60.00000000000001,16.34186208475699,0.020634531790958036,22.31558520909122,177.25867019213518,1283.5904541015625,0.0,0.012266768889740747,True,False,False
train_000205,train,0.0,89,89,POL B10,POL,POL,B,10,10.0,,1999.9999999999998,60.00000000000001,16.124296775968745,0.49947695563947564,22.420329343218622,265.8435779625835,1899.1165771484375,0.0,0.012300102500854174,True,False,False
train_000205,train,0.0,90,90,POL B11,POL,POL,B,11,11.0,,1999.9999999999998,60.00000000000001,16.90941836536176,0.272504255817628,23.197470456087046,314.26799326188944,2188.0791015625,0.0,0.012108434236951975,True,False,False
train_000205,train,0.0,91,91,POL B12,POL,POL,B,12,12.0,,1999.9999999999998,60.00000000000001,17.309642679939728,0.41873079280184733,22.974021189801906,276.31714622520815,1988.6646728515625,0.0,0.012516770973091442,True,False,False
train_000205,train,0.0,92,92,POL B13,POL,POL,B,13,13.0,,1999.9999999999998,60.00000000000001,19.234418333700166,0.5925807541634329,21.64374215731243,68.90579905338963,726.36669921875,0.0,0.013200110000916674,True,False,False
train_000205,train,0.0,93,93,EEG M1-Ref,EEG,EEG ...-Ref,M,1,1.0,-Ref,1999.9999999999998,60.00000000000001,17.86437852666986,0.6600974381266336,24.286483547433527,207.33849449057834,1549.2172241210938,0.0,0.012466770556421303,True,False,False
train_000205,train,0.0,94,94,EEG M2-Ref,EEG,EEG ...-Ref,M,2,2.0,-Ref,1999.9999999999998,60.00000000000001,17.30091097458602,0.5241054777258445,24.322386411465253,265.4075295325518,2187.4988403320312,0.0,0.011400095000791673,True,False,False
train_000205,train,0.0,95,95,POL M3,POL,POL,M,3,3.0,,1999.9999999999998,60.00000000000001,17.827043085212395,0.4202766803074282,24.537536722267753,281.3777027216834,2269.5294189453125,0.0,0.01185843215360128,True,False,False
train_000205,train,0.0,96,96,POL M4,POL,POL,M,4,4.0,,1999.9999999999998,60.00000000000001,15.284044254552349,0.6934891029207934,23.17593455768086,157.11200720515887,1472.8507080078125,0.0,0.012600105000875007,True,False,False
train_000205,train,0.0,97,97,POL M5,POL,POL,M,5,5.0,,1999.9999999999998,60.00000000000001,20.064519689684168,0.5536670264212604,24.477472731062747,130.37669932110987,1014.0624694824219,0.0,0.013308444237035309,True,True,False
train_000205,train,0.0,98,98,POL M6,POL,POL,M,6,6.0,,1999.9999999999998,60.00000000000001,19.458920631892862,-0.004416147184832264,17.4240038159305,137.7855518602122,960.1557006835938,0.0,0.011783431528596072,True,False,False
train_000205,train,0.0,99,99,POL N1,POL,POL,N,1,1.0,,1999.9999999999998,60.00000000000001,15.125019119202417,0.5504434525006783,21.923949486184263,200.43498216266673,1480.6632080078125,0.0,0.01200010000083334,True,False,False
train_000205,train,0.0,100,100,POL N2,POL,POL,N,2,2.0,,1999.9999999999998,60.00000000000001,15.804188506733087,-0.961475634163572,23.853857844525063,290.4720707924083,1908.6901245117188,0.0,0.010750089584079867,True,False,False
train_000205,train,0.0,101,101,POL N3,POL,POL,N,3,3.0,,1999.9999999999998,60.00000000000001,18.905137552682564,-0.3114888234464394,25.000054816061912,125.83670693353228,1020.3117370605469,0.0,0.012825106875890632,True,False,False
train_000205,train,0.0,102,102,POL N4,POL,POL,N,4,4.0,,1999.9999999999998,60.00000000000001,22.08519510639325,0.5697915671100102,25.066540451388896,113.26237052054638,891.2107543945312,0.0,0.01273343944532871,True,True,False
train_000205,train,0.0,103,103,EEG O1-Ref,EEG,EEG ...-Ref,O,1,1.0,-Ref,1999.9999999999998,60.00000000000001,11.589529549104888,1.0186542006142538,22.96969758783871,245.62947612940226,1654.0992431640625,0.0,0.009166743056192136,True,False,False
train_000205,train,0.0,104,104,EEG O2-Ref,EEG,EEG ...-Ref,O,2,2.0,-Ref,1999.9999999999998,60.00000000000001,12.471038391755487,0.5029717406011931,22.362082239050004,339.69574586776747,2407.9078369140625,0.0,0.00863340527837732,True,False,False
train_000205,train,0.0,105,105,POL O3,POL,POL,O,3,3.0,,1999.9999999999998,60.00000000000001,13.063720400567917,0.5290714977616136,23.781597076550824,388.44977008098925,3363.473388671875,0.0,0.007958399653330445,True,False,False
train_000205,train,0.0,106,106,POL O4,POL,POL,O,4,4.0,,1999.9999999999998,60.00000000000001,19.358147652139987,0.10077639098218263,27.13461762397276,82.23034035953563,612.5968933105469,0.0,0.012108434236951975,True,False,False
train_000205,train,0.0,107,107,POL O5,POL,POL,O,5,5.0,,1999.9999999999998,60.00000000000001,21.781551204177447,0.9821753196871258,26.600813701638355,71.06735504698506,570.5074768066406,0.0,0.013150109584246535,True,True,False
train_000211,train,1.0,0,0,POL E1,POL,POL,E,1,1.0,,2000.0,60.0,3.023484291842581,-1.1166887255744427,3.940898422434469,173.85718555905837,960.9371948242188,0.0,0.11152592938274486,False,False,False
train_000211,train,1.0,1,1,POL E2,POL,POL,E,2,2.0,,2000.0,60.0,1.2716586643772676,-1.6242757824588696,-0.32515857027799083,101.56800736207813,714.8437042236328,0.0,0.1065758881324011,False,False,False
train_000211,train,1.0,2,2,POL E3,POL,POL,E,3,3.0,,2000.0,60.0,1.87143294280538,-1.2440535437071223,-0.13929021056376006,68.74742954677436,460.9370422363281,0.0,0.11675930632755273,False,False,False
train_000211,train,1.0,3,3,POL E4,POL,POL,E,4,4.0,,2000.0,60.0,2.1189883770898215,-0.7074683497271701,0.5785300771448789,60.60767195957391,404.68699645996094,0.0,0.11981766514720955,False,False,False
train_000211,train,1.0,4,4,POL E5,POL,POL,E,5,5.0,,2000.0,60.0,1.366701350959338,0.06133965310358802,1.300927561304785,47.50214529267966,369.92164611816406,0.0,0.12036766973058109,False,False,False
train_000211,train,1.0,5,5,POL E6,POL,POL,E,6,6.0,,2000.0,60.0,1.9515009219576278,1.187498544012752,2.6031707508502553,37.12132667328438,332.42144775390625,0.0,0.13422611855098793,False,False,False
train_000211,train,1.0,6,6,POL E7,POL,POL,E,7,7.0,,2000.0,60.0,2.0837793717301363,1.1385514157843832,2.421173339891693,34.280800629148445,342.5776824951172,0.0,0.13378444820373503,False,False,False
train_000211,train,1.0,7,7,POL E8,POL,POL,E,8,8.0,,2000.0,60.0,2.346907674320831,0.30201068255277813,2.5633603526459674,36.22097742186495,358.98419189453125,0.0,0.12499270827256893,False,False,False
train_000211,train,1.0,8,8,POL E9,POL,POL,E,9,9.0,,2000.0,60.0,2.2985174643064967,0.5266429173527734,2.260250864888886,40.5448075042458,414.8430480957031,0.0,0.12058433820281836,False,False,False
train_000211,train,1.0,9,9,POL E10,POL,POL,E,10,10.0,,2000.0,60.0,1.8361743411854714,0.48230028773972167,1.9473861652765232,41.07107780443629,491.79664611816406,0.0,0.11008425070208919,False,False,False
train_000211,train,1.0,10,10,POL E13,POL,POL,E,13,13.0,,2000.0,60.0,0.9006102040891788,1.4260639028251592,1.0628703589614354,48.17322854895674,583.9843444824219,0.0,0.09325911049258744,False,False,False
train_000211,train,1.0,11,11,POL E14,POL,POL,E,14,14.0,,2000.0,60.0,0.9218845512328144,0.9474474048835624,0.9045413076671773,32.25993900933977,295.7025146484375,0.0,0.11619263493862449,False,False,False
train_000211,train,1.0,12,12,EEG F1-Ref,EEG,EEG ...-Ref,F,1,1.0,-Ref,2000.0,60.0,1.7744021609990628,1.6617222038723898,-0.7258693021170675,105.78426628547209,656.6405029296875,0.0,0.10759256327136059,False,False,False
train_000211,train,1.0,13,13,EEG F2-Ref,EEG,EEG ...-Ref,F,2,2.0,-Ref,2000.0,60.0,1.7377587255152105,-0.07508919766672131,0.9805873876292921,74.95434099035131,516.7965240478516,0.0,0.10815090125751048,False,False,False
train_000211,train,1.0,14,14,EEG F3-Ref,EEG,EEG ...-Ref,F,3,3.0,-Ref,2000.0,60.0,0.6354060592816255,-0.45795112122595577,0.2418251875760849,78.62723835901225,498.8276824951172,0.0,0.11821765181376512,False,False,False
train_000211,train,1.0,15,15,EEG F4-Ref,EEG,EEG ...-Ref,F,4,4.0,-Ref,2000.0,60.0,2.1199478082231393,0.1525239243728842,2.5250689139764932,41.98254257030162,287.10899353027344,0.0,0.126701055842132,False,False,False
train_000211,train,1.0,16,16,EEG F5-Ref,EEG,EEG ...-Ref,F,5,5.0,-Ref,2000.0,60.0,1.9416230025285828,0.8206298842500166,2.058273118614071,35.976585275086485,294.92134857177734,0.0,0.12545104542537855,False,False,False
train_000211,train,1.0,17,17,EEG F6-Ref,EEG,EEG ...-Ref,F,6,6.0,-Ref,2000.0,60.0,2.5784436102012034,0.7513380424513499,2.9663522603465102,32.38471783043195,304.68748474121094,0.0,0.13173443112025934,False,False,False
train_000211,train,1.0,18,18,EEG F7-Ref,EEG,EEG ...-Ref,F,7,7.0,-Ref,2000.0,60.0,2.645894748388889,0.787911743241593,3.0003055876027984,34.52949426097281,332.42161560058594,0.0,0.12727606063383862,False,False,False
train_000211,train,1.0,19,19,EEG F8-Ref,EEG,EEG ...-Ref,F,8,8.0,-Ref,2000.0,60.0,2.1314340064365185,-0.31577512517669887,3.316356483715678,39.810583478057964,393.7497253417969,0.0,0.12069267243893698,False,False,False
train_000211,train,1.0,20,20,EEG F9-Ref,EEG,EEG ...-Ref,F,9,9.0,-Ref,2000.0,60.0,1.7436293862634589,-0.8006217662116571,2.5489709378282677,45.51229864680286,505.8587341308594,0.0,0.1108675905632547,False,False,False
train_000211,train,1.0,21,21,POL E11,POL,POL,E,11,11.0,,2000.0,60.0,0.971678329041033,0.5067338881898941,2.3079887217133095,44.92294582682285,539.0619049072266,0.0,0.10250918757656313,False,False,False
train_000211,train,1.0,22,22,POL E12,POL,POL,E,12,12.0,,2000.0,60.0,0.7798720039673046,0.6604636358909571,1.1930435057909479,47.4046234981893,557.8120727539062,0.0,0.09671747264560537,False,False,False
train_000211,train,1.0,23,23,EEG F10-Ref,EEG,EEG ...-Ref,F,10,10.0,-Ref,2000.0,60.0,1.009035840505783,0.12309008113771042,0.28533285109248263,52.71365155377028,655.8587341308594,0.0,0.08965074708955909,False,False,False
train_000211,train,1.0,24,24,POL F11,POL,POL,F,11,11.0,,2000.0,60.0,0.6049861089381803,-0.30058867075987356,0.9834337651227681,62.04520713656828,705.4682159423828,0.0,0.07814231785264877,False,False,False
train_000211,train,1.0,25,25,POL F12,POL,POL,F,12,12.0,,2000.0,60.0,1.1244467704529697,1.1974669424845445,0.8948667904759771,63.582816107538584,752.734130859375,0.0,0.07226726889390744,False,False,False
train_000211,train,1.0,26,26,POL F13,POL,POL,F,13,13.0,,2000.0,60.0,0.6633026663942355,-0.565779786739168,-0.20088890032341233,55.07189218021527,642.9685974121094,0.0,0.07855065458878824,False,False,False
train_000211,train,1.0,27,27,POL F14,POL,POL,F,14,14.0,,2000.0,60.0,0.6187520320651636,-0.7685016162474544,1.2575610737728469,42.719582014479386,403.9059753417969,0.0,0.09787581563179693,False,False,False
train_000211,train,1.0,28,28,POL F15,POL,POL,F,15,15.0,,2000.0,60.0,0.9918398932670758,-0.581967710659787,1.8868072056507434,33.456188250776705,309.7655944824219,0.0,0.1194843290360753,False,False,False
train_000211,train,1.0,29,29,POL G1,POL,POL,G,1,1.0,,2000.0,60.0,1.462008599359136,1.3416128738692792,0.7847313334740293,159.6461966450044,773.4369659423828,0.0,0.11535096125801049,False,False,False
train_000211,train,1.0,30,30,POL G2,POL,POL,G,2,2.0,,2000.0,60.0,1.1087760385975478,0.8829823881874628,2.1406476208446197,37.41124158270272,291.40599060058594,0.0,0.11900099167493063,False,False,False
train_000211,train,1.0,31,31,POL G3,POL,POL,G,3,3.0,,2000.0,60.0,1.9817426699951393,1.7225184000955538,2.848690211647977,34.221766710661065,231.640625,0.0039,0.1333344444537038,False,False,False
train_000211,train,1.0,32,32,POL G4,POL,POL,G,4,4.0,,2000.0,60.0,3.0869098299081936,1.381564456836797,3.525590193124157,31.544525364762652,243.7495346069336,0.0,0.13495112459270495,False,False,False
train_000211,train,1.0,33,33,POL G5,POL,POL,G,5,5.0,,2000.0,60.0,3.274225513764994,1.9682265474159943,3.6260870317682183,31.303439309257012,267.1873779296875,0.0,0.13398444987041558,False,False,False
train_000211,train,1.0,34,34,POL G6,POL,POL,G,6,6.0,,2000.0,60.0,3.0302397357981707,1.5440720429370853,2.802463876526197,31.43996946877129,280.07777404785156,0.0,0.12996774973124775,False,False,False
train_000211,train,1.0,35,35,POL G7,POL,POL,G,7,7.0,,2000.0,60.0,2.909601468623897,0.5244395615692374,2.8157506996983472,32.72986629586863,293.3590621948242,0.0,0.12055100459170492,False,False,False
train_000211,train,1.0,36,36,POL DC01,POL,POL,DC,01,1.0,,2000.0,60.0,-0.27168298251247414,-0.2927828350870691,-0.36189312675085566,63.58247167083142,732.5999755859375,0.030616666666666667,0.9488662405520046,False,False,False
train_000211,train,1.0,37,37,POL DC02,POL,POL,DC,02,2.0,,2000.0,60.0,0.5581844837098818,0.711426680650759,-0.02809060774863205,182.62029071501274,366.29998779296875,0.538,0.6501970849757082,False,False,False
train_000211,train,1.0,38,38,POL DC03,POL,POL,DC,03,3.0,,2000.0,60.0,-0.5534801427733149,-0.49245362656484687,0.4746200787709032,126.44104696672778,732.6002807617188,0.0,0.8194068283902366,False,False,False
train_000211,train,1.0,39,39,POL DC04,POL,POL,DC,04,4.0,,2000.0,60.0,-0.052926380874232834,-0.9955198090480978,-0.06571805593551255,150.23694952872202,732.6002807617188,0.0,0.7526396053300444,False,False,False
train_000211,train,1.0,40,40,POL DC05,POL,POL,DC,05,5.0,,2000.0,60.0,-0.1343608785075426,0.010673629041247296,0.14666362969924063,180.57075581674994,366.29998779296875,0.4163833333333333,0.6567221393511613,False,False,False
train_000211,train,1.0,41,41,POL DC06,POL,POL,DC,06,6.0,,2000.0,60.0,0.75238808746598,-0.3077274996018821,0.8894960692738652,150.77567445928506,732.5999755859375,0.21610833333333335,0.7528979408161734,False,False,False
train_000211,train,1.0,42,42,POL DC07,POL,POL,DC,07,7.0,,2000.0,60.0,-0.22954379988243934,-0.10439259843121175,-0.13713624619907777,182.20754560991787,366.29998779296875,0.0,0.6511304260868841,False,False,False
train_000211,train,1.0,43,43,POL DC08,POL,POL,DC,08,8.0,,2000.0,60.0,0.20972815521507232,0.058863153669076226,-0.059091956875836474,165.7829350144331,732.6002807617188,0.0,0.7048475403961699,False,False,False
train_000211,train,1.0,44,44,POL DC09,POL,POL,DC,09,9.0,,2000.0,60.0,0.46768540171219236,-0.2016529116007643,0.2202930474388815,176.66067511121582,366.29998779296875,0.3680833333333333,0.6719472662272186,False,False,False
train_000211,train,1.0,45,45,POL DC10,POL,POL,DC,10,10.0,,2000.0,60.0,-0.06557536195348436,0.05246888014034574,-0.5612694249181958,39.99974610490747,732.5999755859375,0.008041666666666667,0.9778831490262418,False,False,False
train_000211,train,1.0,46,46,POL DC11,POL,POL,DC,11,11.0,,2000.0,60.0,-0.07935584904106371,-0.6705818155260534,-0.1739852030459364,73.92087032543526,732.5999755859375,0.042208333333333334,0.9324494370786424,False,False,False
train_000211,train,1.0,47,47,POL DC12,POL,POL,DC,12,12.0,,2000.0,60.0,-0.4229276804534724,-0.31423040226488225,0.12529310944639158,88.01807098855652,732.5999755859375,0.061375,0.9064658872157269,False,False,False
train_000211,train,1.0,48,48,POL DC13,POL,POL,DC,13,13.0,,2000.0,60.0,0.13013720626292505,0.3218110901320851,-0.6802522535330823,40.5187281958877,732.5999755859375,0.009583333333333333,0.9779164826373553,False,False,False
train_000211,train,1.0,49,49,POL DC14,POL,POL,DC,14,14.0,,2000.0,60.0,1.2706120916995989,0.4877847717039441,-1.035558677405952,123.44448592073549,732.5999755859375,4.1666666666666665e-05,0.82603188359903,False,False,False
train_000211,train,1.0,50,50,POL DC15,POL,POL,DC,15,15.0,,2000.0,60.0,-0.1469436346694895,0.32032853972557573,-0.16250317260691902,146.20228526690008,732.5999755859375,0.19880833333333334,0.7657480479003992,False,False,False
train_000211,train,1.0,51,51,POL DC16,POL,POL,DC,16,16.0,,2000.0,60.0,-0.33474813698124817,-1.1647430695344618,0.5182623192432394,163.62578451749172,366.29998779296875,0.27536666666666665,0.7133476112300936,False,False,False
train_000211,train,1.0,52,52,POL G8,POL,POL,G,8,8.0,,2000.0,60.0,2.5502518444979683,0.4261126614402058,3.8805885974826078,33.6253546432834,329.2964172363281,0.0,0.12337602813356778,False,False,False
train_000211,train,1.0,53,53,POL G9,POL,POL,G,9,9.0,,2000.0,60.0,2.629789445834108,-0.6223398906104287,2.8809785811478754,42.024065481566524,333.59368896484375,0.0,0.12305102542521187,False,False,False
train_000211,train,1.0,54,54,POL G10,POL,POL,G,10,10.0,,2000.0,60.0,1.9630130276437565,-0.491014188895771,2.2259222525825626,40.368203683614155,353.1248321533203,0.0,0.11923432695272461,False,False,False
train_000211,train,1.0,55,55,POL G11,POL,POL,G,11,11.0,,2000.0,60.0,0.9663586721467934,0.2587475259345261,2.209394165139046,43.67534262427662,416.4060363769531,0.0,0.11118425986883224,False,False,False
train_000211,train,1.0,56,56,POL G12,POL,POL,G,12,12.0,,2000.0,60.0,0.38949487150682793,0.22261934540828796,1.7179025780931871,47.7711832173517,511.7186584472656,0.0,0.09470912257602147,False,False,False
train_000211,train,1.0,57,57,POL G13,POL,POL,G,13,13.0,,2000.0,60.0,-0.4457210300405908,-0.9180162873064717,0.9882043511616002,52.98398239046834,549.9998474121094,0.0,0.08793406611721764,False,False,False
train_000211,train,1.0,58,58,POL G14,POL,POL,G,14,14.0,,2000.0,60.0,-0.5135477944659267,-0.6447302186845429,0.9967299400817953,51.60070352532966,572.2653045654297,0.0,0.09996749972916441,False,False,False
train_000211,train,1.0,59,59,POL G15,POL,POL,G,15,15.0,,2000.0,60.0,-0.1774384417693904,-0.7188428264704049,0.04004731149423574,52.99238658530381,562.1088409423828,0.0,0.10190918257652147,False,False,False
train_000211,train,1.0,60,60,POL G16,POL,POL,G,16,16.0,,2000.0,60.0,0.19315083982937353,0.23986464647466954,0.7650608510342971,45.674400051168796,415.2341766357422,0.0,0.10823423528529405,False,False,False
train_000211,train,1.0,61,61,POL H1,POL,POL,H,1,1.0,,2000.0,60.0,1.7506715182503707,1.5807903077779484,1.8439429501123636,56.440304812194604,385.54620361328125,0.0,0.11732597771648097,False,False,False
train_000211,train,1.0,62,62,POL H2,POL,POL,H,2,2.0,,2000.0,60.0,3.001631069965001,0.6140887407739158,2.2905977464623053,48.04401087499962,332.42138671875,0.0,0.13110109250910423,False,False,False
train_000211,train,1.0,63,63,POL H3,POL,POL,H,3,3.0,,2000.0,60.0,6.653900266089034,0.709731847831649,2.7811592233893108,47.404422951204545,368.7493133544922,0.0,0.0908340902840857,False,False,False
train_000211,train,1.0,64,64,POL H4,POL,POL,H,4,4.0,,2000.0,60.0,1.2111206402448393,-0.3137158199689868,0.9148636852236778,60.67259761512769,446.8748016357422,0.0,0.11680930674422287,False,False,False
train_000211,train,1.0,65,65,POL H5,POL,POL,H,5,5.0,,2000.0,60.0,2.760617673216184,1.5717218401785258,0.8673889704541224,83.66382317906617,505.4686737060547,0.0,0.13968449737081143,False,False,False
train_000211,train,1.0,66,66,POL H6,POL,POL,H,6,6.0,,2000.0,60.0,2.713781815317854,1.0661084888518217,2.6017336086204153,34.56900174285035,304.29649353027344,0.0,0.13789281577346477,False,False,False
train_000211,train,1.0,67,67,POL H7,POL,POL,H,7,7.0,,2000.0,60.0,2.6775984517756015,1.3622162437638028,2.3268780974013428,33.42503522123277,309.76558685302734,0.0,0.13776781473178942,False,False,False
train_000211,train,1.0,68,68,POL H8,POL,POL,H,8,8.0,,2000.0,60.0,2.2511820475808837,0.6685001631829451,2.4473965790000447,36.82826616331135,332.81231689453125,0.0,0.13280944007866732,False,False,False
train_000211,train,1.0,69,69,POL H9,POL,POL,H,9,9.0,,2000.0,60.0,2.0856645027872904,1.2642305295067844,1.516834753753008,39.59461541839235,381.2492980957031,0.0,0.12710105917549314,False,False,False
train_000211,train,1.0,70,70,POL H10,POL,POL,H,10,10.0,,2000.0,60.0,1.714193686438663,0.934905010531163,0.9547985729498607,39.65063718721873,416.4060363769531,0.0,0.11999266660555505,False,False,False
train_000211,train,1.0,71,71,POL H11,POL,POL,H,11,11.0,,2000.0,60.0,1.202763690764927,0.6212970462445097,1.34516496268658,41.866960265308904,446.0929870605469,0.0,0.10720089334077784,False,False,False
train_000211,train,1.0,72,72,POL H12,POL,POL,H,12,12.0,,2000.0,60.0,0.9763653286476448,0.1276070817827944,1.2213652606431409,43.34828455961023,448.046630859375,0.0,0.09901749181243177,False,False,False
train_000211,train,1.0,73,73,POL H13,POL,POL,H,13,13.0,,2000.0,60.0,0.39606346539510057,0.23066878330306717,0.8520830563046379,41.384788972949224,412.49937438964844,0.0,0.1000258335486129,False,False,False
train_000211,train,1.0,74,74,POL H14,POL,POL,H,14,14.0,,2000.0,60.0,0.4713171391919723,0.35300051855112097,1.2334829149827566,30.69581086318696,274.2183074951172,0.0,0.12478437320311003,False,False,False
train_000211,train,1.0,75,75,POL H15,POL,POL,H,15,15.0,,2000.0,60.0,1.1203192061734681,0.1687943212412442,1.4964473725122498,26.9143584317324,234.37479400634766,0.0,0.13477612313435947,False,False,False
train_000211,train,1.0,76,76,POL I1,POL,POL,I,1,1.0,,2000.0,60.0,1.5547961193388224,0.7163725080223107,2.231109150399514,88.21955695877095,477.7343444824219,0.0,0.12440937007808399,False,False,False
train_000211,train,1.0,77,77,POL I2,POL,POL,I,2,2.0,,2000.0,60.0,2.4785209848588305,0.5259516905379352,2.2303470106737193,38.581611490540276,287.8905487060547,0.0,0.13676780639838665,False,False,False
train_000211,train,1.0,78,78,POL I3,POL,POL,I,3,3.0,,2000.0,60.0,2.479191188756404,1.0711162756969173,2.3731070125412863,33.294215049986775,268.74981689453125,0.0,0.1442262018850157,False,False,False
train_000211,train,1.0,79,79,POL I4,POL,POL,I,4,4.0,,2000.0,60.0,2.650911831101215,1.6103739679625835,3.4561158306326694,32.37953330129638,256.64039611816406,0.0,0.14526787723231027,False,False,False
train_000211,train,1.0,80,80,POL I5,POL,POL,I,5,5.0,,2000.0,60.0,2.466169783225471,1.6063678560379626,9.403181237684034,32.35053188850013,251.56220245361328,0.0,0.14406786723222695,False,False,False
train_000211,train,1.0,81,81,POL I6,POL,POL,I,6,6.0,,2000.0,60.0,3.0915577651768116,1.3419693802224004,9.349002018007068,33.48342419747477,253.90604400634766,0.0,0.1397261643847032,False,False,False
train_000211,train,1.0,82,82,POL I7,POL,POL,I,7,7.0,,2000.0,60.0,2.6097429304938435,1.4974163275050167,9.724038963095165,34.221911184838085,260.93729400634766,0.0,0.13950949591246595,False,False,False
train_000211,train,1.0,83,83,POL I8,POL,POL,I,8,8.0,,2000.0,60.0,2.4219542696293885,1.2126396752474218,10.129708741038797,36.828072230910415,286.7186737060547,0.0,0.13514279285660713,False,False,False
train_000211,train,1.0,84,84,POL I9,POL,POL,I,9,9.0,,2000.0,60.0,2.3639907626480574,1.237595442594374,9.004457989212243,39.503338655810616,321.0932922363281,0.0,0.12462603855032126,False,False,False
train_000211,train,1.0,85,85,POL I10,POL,POL,I,10,10.0,,2000.0,60.0,1.796168477993265,1.009927531086929,4.101112268674062,43.369698972736494,328.90606689453125,0.0,0.10250918757656313,False,False,False
train_000211,train,1.0,86,86,POL I11,POL,POL,I,11,11.0,,2000.0,60.0,1.5139224316569113,0.3476805007310203,3.9017612630246323,46.04620103687777,396.4838104248047,0.0,0.09237576979808165,False,False,False
train_000211,train,1.0,87,87,POL I12,POL,POL,I,12,12.0,,2000.0,60.0,1.5630130954782366,0.12076339380816165,6.130847498013203,45.57304834869645,417.18739318847656,0.0,0.1025341877848982,False,False,False
train_000211,train,1.0,88,88,POL I13,POL,POL,I,13,13.0,,2000.0,60.0,1.7554437498803228,-0.3317777543985452,7.309841564013935,45.10752298494273,377.3435974121094,0.0,0.10750089584079868,False,False,False
train_000211,train,1.0,89,89,POL I14,POL,POL,I,14,14.0,,2000.0,60.0,1.2583836150034728,-0.42663045496427,6.896537364090031,46.463918478980396,407.8121032714844,0.0,0.10508420903507529,False,False,False
train_000211,train,1.0,90,90,POL I15,POL,POL,I,15,15.0,,2000.0,60.0,0.8189782120392379,-0.895338295669344,6.157303154322059,41.90770753048179,423.4374084472656,0.0,0.10767589729914416,False,False,False
train_000211,train,1.0,91,91,POL I16,POL,POL,I,16,16.0,,2000.0,60.0,1.0967166292879347,-0.38572748145088254,6.959605874101451,34.94789430019378,290.2342071533203,0.0,0.12049267077225644,False,False,False
train_000211,train,1.0,92,92,POL J1,POL,POL,J,1,1.0,,2000.0,60.0,1.880097069363353,2.790725236028356,6.024840769006705,49.69781830947446,332.4217834472656,0.0,0.13050108750906259,False,False,False
train_000211,train,1.0,93,93,POL J2,POL,POL,J,2,2.0,,2000.0,60.0,2.6956927204278465,0.6548952938532665,6.668265716486789,39.56924359154842,295.7025451660156,0.0,0.13497612480104001,False,False,False
train_000211,train,1.0,94,94,POL J3,POL,POL,J,3,3.0,,2000.0,60.0,2.954910707141078,1.729140732661853,7.4022941701052325,43.12029550903777,306.2496337890625,0.0,0.13849282077350644,False,False,False
train_000211,train,1.0,95,95,POL J4,POL,POL,J,4,4.0,,2000.0,60.0,2.764278046322708,1.7412430230113016,7.822261798378369,34.40237066323172,273.4370346069336,0.0,0.13695947466228886,False,False,False
train_000211,train,1.0,96,96,POL J5,POL,POL,J,5,5.0,,2000.0,60.0,2.7382397484977687,1.708273229889529,8.663190745336832,33.750471268111866,256.6401824951172,0.0,0.13474278952324603,False,False,False
train_000211,train,1.0,97,97,POL J6,POL,POL,J,6,6.0,,2000.0,60.0,2.8013169804511726,1.4150500074491883,8.88171704935106,41.51683252145852,305.4685363769531,0.0,0.13404278368986408,False,False,False
train_000211,train,1.0,98,98,POL J7,POL,POL,J,7,7.0,,2000.0,60.0,3.2197506506294,0.9399193725855586,8.730032007213174,39.09292214285645,307.4216613769531,0.0,0.12730939424495205,False,False,False
train_000211,train,1.0,99,99,POL J8,POL,POL,J,8,8.0,,2000.0,60.0,3.183643331173886,0.6691943918332008,7.922292646541248,46.13931005368587,372.65614318847656,0.0,0.11970933091109093,False,False,False
train_000211,train,1.0,100,100,POL J9,POL,POL,J,9,9.0,,2000.0,60.0,2.320227783768326,0.688222740212482,6.731483942164904,52.776817476443235,479.29669189453125,0.0,0.11034258618821824,False,False,False
train_000211,train,1.0,101,101,POL J10,POL,POL,J,10,10.0,,2000.0,60.0,2.4380174754862156,1.0041995654786888,6.497800103944292,62.27049247610759,574.9998168945312,0.0,0.10861757181309845,False,False,False
train_000211,train,1.0,102,102,POL J11,POL,POL,J,11,11.0,,2000.0,60.0,2.2905057145809744,0.8843120169303248,6.070609192187723,61.82114755431126,635.1558074951172,0.0,0.10401753347944566,False,False,False
train_000211,train,1.0,103,103,POL J12,POL,POL,J,12,12.0,,2000.0,60.0,1.617554968172072,0.056221957179493944,6.1821802337554885,48.64699604320512,503.12469482421875,0.0,0.10725089375744798,False,False,False
train_000211,train,1.0,104,104,POL J13,POL,POL,J,13,13.0,,2000.0,60.0,1.4958056580853074,0.19243627218159193,6.760259608339587,37.035970831348145,366.40625,0.004475,0.11860098834156951,False,False,False
train_000211,train,1.0,105,105,EEG M1-Ref,EEG,EEG ...-Ref,M,1,1.0,-Ref,2000.0,60.0,1.9064490015532956,1.6232271442474846,5.415236719416311,95.71469864050475,839.0624389648438,0.0,0.09653413778448154,False,False,False
train_000211,train,1.0,106,106,EEG M2-Ref,EEG,EEG ...-Ref,M,2,2.0,-Ref,2000.0,60.0,1.6365189452351254,-0.134099611791955,3.6333031089197974,76.70195638798747,828.1244049072266,0.0,0.09551746264552205,False,False,False
train_000211,train,1.0,107,107,POL M3,POL,POL,M,3,3.0,,2000.0,60.0,0.726411180743167,-0.19762262654059973,3.3563092191932506,58.22999850382897,658.2027435302734,0.0,0.09162576354802957,False,False,False
train_000211,train,1.0,108,108,POL M4,POL,POL,M,4,4.0,,2000.0,60.0,1.0455086304406678,0.20602407881623674,6.035634399254591,40.13137976311033,322.656005859375,0.0,0.11131759431328594,False,False,False
train_000211,train,1.0,109,109,POL M5,POL,POL,M,5,5.0,,2000.0,60.0,1.5059180905301286,1.6277550289803278,8.324729705699717,32.898769086103165,251.9530487060547,0.0,0.1264593871615597,False,False,False
train_000211,train,1.0,110,110,POL M6,POL,POL,M,6,6.0,,2000.0,60.0,2.5232029957095996,0.7957246084076784,7.672338562937947,32.60591657321518,243.7496795654297,0.0,0.1252677105642547,False,False,False
train_000211,train,1.0,111,111,POL M7,POL,POL,M,7,7.0,,2000.0,60.0,2.6434947568745972,1.94902059003944,7.845678135310283,37.22812435630811,257.0311279296875,0.0,0.10140917840982008,False,False,False
train_000211,train,1.0,112,112,POL M8,POL,POL,M,8,8.0,,2000.0,60.0,2.8159504926019463,0.9828511888829503,8.470316856131829,34.533607085700154,267.18702697753906,0.0,0.12614271785598213,False,False,False
train_000211,train,1.0,113,113,POL M9,POL,POL,M,9,9.0,,2000.0,60.0,2.595460007894166,1.1080275808490723,7.837672647273908,37.646317783988536,299.6091003417969,0.0,0.12310102584188201,False,False,False
train_000211,train,1.0,114,114,POL M10,POL,POL,M,10,10.0,,2000.0,60.0,2.35418302054565,1.191519585832642,6.8526935987574875,39.84161176634261,326.9529724121094,0.0,0.11959266327219394,False,False,False
train_000211,train,1.0,115,115,POL M11,POL,POL,M,11,11.0,,2000.0,60.0,2.2250772701522963,0.6208757784034009,6.98221028997133,41.90872593542692,307.4217529296875,0.0,0.11440095334127784,False,False,False
train_000211,train,1.0,116,116,POL M12,POL,POL,M,12,12.0,,2000.0,60.0,2.5660671658549834,1.2210637459915963,6.84235948333586,46.18353154608475,309.76551818847656,0.0,0.1177593146609555,False,False,False
train_000211,train,1.0,117,117,POL M13,POL,POL,M,13,13.0,,2000.0,60.0,1.474760480345837,0.521112768545315,4.836516349855755,46.024703985231966,368.35902404785156,0.0,0.10765089709080909,False,False,False
train_000211,train,1.0,118,118,POL M14,POL,POL,M,14,14.0,,2000.0,60.0,-0.3876469082873881,-0.546944407202393,2.957694088785942,55.62068122322076,491.7967834472656,0.0,0.07680897340811173,False,False,False
train_000211,train,1.0,119,119,POL M15,POL,POL,M,15,15.0,,2000.0,60.0,0.28919333050037277,-0.6684838360808429,2.908510077336914,46.610126060855784,354.68711853027344,0.0,0.09009241743681197,False,False,False
train_000211,train,1.0,120,120,POL M16,POL,POL,M,16,16.0,,2000.0,60.0,1.369930869752367,0.3383821583604347,3.156073863005797,45.02082572090451,404.2967529296875,0.0,0.09156742972858108,False,False,False
train_000211,train,1.0,121,121,POL pMC1,POL,POL,pMC,1,1.0,,2000.0,60.0,0.4132093910732154,0.7022002217078122,6.168864502528649,146.09699397508777,739.8433837890625,0.0,0.11780098167484729,False,False,False
train_000211,train,1.0,122,122,POL pMC2,POL,POL,pMC,2,2.0,,2000.0,60.0,0.5379656629041045,-0.06124764542412779,3.266218048844261,85.57231427917229,530.0775604248047,0.0,0.11100925841048676,False,False,False
train_000211,train,1.0,123,123,POL pMC3,POL,POL,pMC,3,3.0,,2000.0,60.0,0.9980525056959955,-0.5591917771439932,1.5901380853117455,53.27345869014833,428.1242980957031,0.0,0.09020908507570896,False,False,False
train_000211,train,1.0,124,124,POL pMC4,POL,POL,pMC,4,4.0,,2000.0,60.0,1.1045748817158973,0.48836860610974553,2.3675764138180795,51.49194175944508,460.54624938964844,0.0,0.07897565813048442,False,False,False
train_000211,train,1.0,125,125,POL pMC5,POL,POL,pMC,5,5.0,,2000.0,60.0,1.1749468423448348,-0.3268995737105591,4.213240293379196,45.36574247639555,462.10882568359375,0.0,0.09234243618696822,False,False,False
train_000211,train,1.0,126,126,POL pMC6,POL,POL,pMC,6,6.0,,2000.0,60.0,1.6496858756127382,1.1547895099016627,6.240918236394021,48.22034692402839,455.4686584472656,0.0,0.098742489520746,False,False,False
train_000211,train,1.0,127,127,POL pMC7,POL,POL,pMC,7,7.0,,2000.0,60.0,1.4413126537950747,0.3762342957820586,5.913362215202046,50.00857466957291,500.78050231933594,0.0,0.09314244285369044,False,False,False
train_000211,train,1.0,128,128,POL pMC8,POL,POL,pMC,8,8.0,,2000.0,60.0,1.5910284953014953,0.5724346658902719,4.997461218806711,53.99148613474095,559.3746337890625,0.0,0.087825731881099,False,False,False
train_000211,train,1.0,129,129,POL pMC9,POL,POL,pMC,9,9.0,,2000.0,60.0,1.2230510219568362,-0.548617935146074,3.9043153172683525,59.29126493507964,679.6871337890625,0.0,0.07824231868598905,False,False,False
train_000211,train,1.0,130,130,POL pMC10,POL,POL,pMC,10,10.0,,2000.0,60.0,1.107688170367964,-0.03092505068782861,3.7484300293649175,64.82163926107467,809.7650756835938,0.0,0.07235060292169102,False,False,False
train_000211,train,1.0,131,131,POL pMC11,POL,POL,pMC,11,11.0,,2000.0,60.0,0.8092843299363204,0.3334953355213899,3.6580761157791883,71.83258577820101,924.2181396484375,0.0,0.06593388278235653,False,False,False
train_000211,train,1.0,132,132,POL pMC12,POL,POL,pMC,12,12.0,,2000.0,60.0,0.7503361720278845,0.7901114917105918,2.498563648167018,70.05446886038911,928.5150146484375,0.0,0.063467195559963,False,False,False
train_000211,train,1.0,133,133,POL pMC13,POL,POL,pMC,13,13.0,,2000.0,60.0,1.171267771751051,0.02240011021950665,4.018134693775517,29.06772939011244,340.62452697753906,0.0,0.11980099834165285,False,False,False
train_000211,train,1.0,134,134,POL aMC1,POL,POL,aMC,1,1.0,,2000.0,60.0,1.3062012598507904,0.8410461914546498,6.862626330187428,42.917839307416365,316.4059295654297,0.0,0.1212260102167518,False,False,False
train_000211,train,1.0,135,135,POL aMC2,POL,POL,aMC,2,2.0,,2000.0,60.0,0.5844843220621919,0.8382573888525131,4.680451730028048,40.153718293770574,351.9527893066406,0.0,0.10363419695164126,False,False,False
train_000211,train,1.0,136,136,POL aMC3,POL,POL,aMC,3,3.0,,2000.0,60.0,1.2406594980998606,0.9682137117782824,4.530830573130137,41.91967692406998,353.90574645996094,0.0,0.10814256785473213,False,False,False
train_000211,train,1.0,137,137,POL aMC4,POL,POL,aMC,4,4.0,,2000.0,60.0,2.151553581064018,1.0050613502313734,8.496328815171989,42.61258841406568,436.3277282714844,0.0,0.12101767514729289,False,False,False
train_000211,train,1.0,138,138,POL aMC5,POL,POL,aMC,5,5.0,,2000.0,60.0,2.01826659154304,1.1791025714179844,7.995676804588362,43.28148604659401,411.3274383544922,0.0,0.11735931132759439,False,False,False
train_000211,train,1.0,139,139,POL aMC6,POL,POL,aMC,6,6.0,,2000.0,60.0,2.3216044707468644,1.0609120469483837,9.279434134720242,39.9134189889076,409.37449645996094,0.0,0.11556762973024776,False,False,False
train_000211,train,1.0,140,140,POL aMC7,POL,POL,aMC,7,7.0,,2000.0,60.0,1.7459444847339054,1.325806566020179,8.179485133561323,42.03145483194538,414.4528503417969,0.0,0.10905924216035133,False,False,False
train_000211,train,1.0,141,141,POL aMC8,POL,POL,aMC,8,8.0,,2000.0,60.0,1.287136661178315,1.7488843474010582,7.034391944700534,44.16033546313906,408.5931854248047,0.0,0.09942582854857124,False,False,False
train_000211,train,1.0,142,142,POL aMC9,POL,POL,aMC,9,9.0,,2000.0,60.0,1.051181251740955,1.8615547956784169,6.403296004300928,47.707413382724454,394.5307922363281,0.0,0.09040075333961116,False,False,False
train_000211,train,1.0,143,143,POL aMC10,POL,POL,aMC,10,10.0,,2000.0,60.0,0.7513602353778887,0.2203294825739188,4.758627013420392,44.18443751565299,401.9525451660156,0.0,0.0978424820206835,False,False,False
train_000211,train,1.0,144,144,POL aMC11,POL,POL,aMC,11,11.0,,2000.0,60.0,0.4918842802087361,0.2987114326289724,14.850837525013311,40.40698161948366,390.62452697753906,0.0,0.09631746931224427,False,False,False
train_000211,train,1.0,145,145,POL aMC12,POL,POL,aMC,12,12.0,,2000.0,60.0,0.8615705676581521,0.7274752527546063,17.227277599563653,24.57194843217542,191.01536560058594,0.0,0.13380111500929173,False,False,False
train_000211,train,1.0,146,146,POL aMC13,POL,POL,aMC,13,13.0,,2000.0,60.0,7.722944008277227,2.329312238142104,23.342206643657185,4.68024766788587,44.1406033039093,0.0,0.17425978549821247,False,False,False
train_000211,train,1.0,147,147,POL AC1,POL,POL,AC,1,1.0,,2000.0,60.0,0.14817219705297077,1.2304560749953486,12.8021191199279,53.849533639021026,510.937255859375,0.0,0.09184243202026683,False,False,False
train_000211,train,1.0,148,148,POL AC2,POL,POL,AC,2,2.0,,2000.0,60.0,1.3412518245622442,1.4177137808557825,12.586017315398399,48.859998727976176,438.28089904785156,0.0,0.09404245035375294,False,False,False
train_000211,train,1.0,149,149,POL AC3,POL,POL,AC,3,3.0,,2000.0,60.0,0.9011043775467682,0.4680348282861886,10.629438059630683,52.60007270503884,400.7809753417969,0.0,0.08861740514504288,False,False,False
train_000211,train,1.0,150,150,POL AC4,POL,POL,AC,4,4.0,,2000.0,60.0,1.655921157594441,0.9395344177835312,14.268011476197414,42.692110521433854,349.9997863769531,0.0,0.10721756014633456,False,False,False
train_000211,train,1.0,151,151,POL AC5,POL,POL,AC,5,5.0,,2000.0,60.0,1.7641072149333334,0.7943291666186691,13.223093555068504,45.30084242818073,338.6715393066406,0.0,0.10609255077125643,False,False,False
train_000211,train,1.0,152,152,POL AC6,POL,POL,AC,6,6.0,,2000.0,60.0,3.399679746961194,1.9440022673941495,16.253606571926245,42.2350684901535,310.93743896484375,0.0,0.11604263368861407,False,False,False
train_000211,train,1.0,153,153,POL AC7,POL,POL,AC,7,7.0,,2000.0,60.0,1.9795846855784451,1.528581460842101,14.535747973280266,41.531686696873834,375.7810974121094,0.0,0.11205093375778132,False,False,False
train_000211,train,1.0,154,154,POL AC8,POL,POL,AC,8,8.0,,2000.0,60.0,1.5737870300955255,1.442319836507958,16.02173598222109,46.667259544646306,407.42185974121094,0.0,0.11378428153567946,False,False,False
train_000211,train,1.0,155,155,POL AC9,POL,POL,AC,9,9.0,,2000.0,60.0,2.48719012972178,1.589378012880143,16.928572399103178,40.75963238402709,357.8120422363281,0.0,0.11765931382761523,False,False,False
train_000211,train,1.0,156,156,POL AC10,POL,POL,AC,10,10.0,,2000.0,60.0,2.4994988240669516,1.7535883332594568,17.239974869340834,40.22508907757855,336.32801818847656,0.0,0.11754264618871824,False,False,False
train_000211,train,1.0,157,157,POL AC11,POL,POL,AC,11,11.0,,2000.0,60.0,2.350263455467096,1.3979055068023718,18.07758496593747,41.930004323971815,331.6405334472656,0.0,0.1169176409803415,False,False,False
train_000211,train,1.0,158,158,POL AC12,POL,POL,AC,12,12.0,,2000.0,60.0,1.3726347967407684,1.5535103591777923,16.631887155217687,42.73443913706583,367.5779571533203,0.0,0.1117675980633172,False,False,False
train_000211,train,1.0,159,159,POL AC13,POL,POL,AC,13,13.0,,2000.0,60.0,1.2965891578024618,1.0976707818128544,16.040002065321108,43.23794761295268,417.1871643066406,0.0,0.10634255285460713,False,False,False
train_000211,train,1.0,160,160,POL AC14,POL,POL,AC,14,14.0,,2000.0,60.0,1.088826719819625,0.9460438888862442,14.771614347373212,48.96715497448852,516.4059143066406,0.0,0.09640913674280618,False,False,False
train_000211,train,1.0,161,161,POL AC15,POL,POL,AC,15,15.0,,2000.0,60.0,0.27910459044181424,0.5638237452391965,13.988068464668338,41.743764451635094,465.2340545654297,0.0,0.10128417736814474,False,False,False
train_000211,train,1.0,162,162,POL AC16,POL,POL,AC,16,16.0,,2000.0,60.0,1.7441878691763126,1.3064230948502373,16.26772466989478,23.586482026498064,179.2964630126953,0.0,0.1253260443837032,False,False,False
train_000211,train,1.0,163,163,EEG PO1-Ref,EEG,EEG ...-Ref,PO,1,1.0,-Ref,2000.0,60.0,1.1109708056028407,1.4820076171307548,15.361791837878469,48.38586412199489,392.5777130126953,0.0,0.10242585354877957,False,False,False
train_000211,train,1.0,164,164,EEG PO2-Ref,EEG,EEG ...-Ref,PO,2,2.0,-Ref,2000.0,60.0,1.5393316908861503,1.372559692202263,14.458997577485391,40.501750166682,365.234130859375,0.0,0.10760089667413895,False,False,False
train_000211,train,1.0,165,165,EEG PO3-Ref,EEG,EEG ...-Ref,PO,3,3.0,-Ref,2000.0,60.0,3.7548675520502344,2.401067577509107,17.96785723329615,36.487284725080706,307.4217834472656,0.0,0.11971766431386928,False,False,False
train_000211,train,1.0,166,166,EEG PO4-Ref,EEG,EEG ...-Ref,PO,4,4.0,-Ref,2000.0,60.0,2.662195428229605,1.988692249686873,15.899486793522094,33.62892518404962,292.96849060058594,0.0,0.11847598729989417,False,False,False
train_000211,train,1.0,167,167,EEG PO5-Ref,EEG,EEG ...-Ref,PO,5,5.0,-Ref,2000.0,60.0,2.477350364374876,0.7291235544600909,11.725300318414451,35.705476960772394,309.76512145996094,0.0,0.10738422820190169,False,False,False
train_000211,train,1.0,168,168,EEG PO6-Ref,EEG,EEG ...-Ref,PO,6,6.0,-Ref,2000.0,60.0,2.7562243710596945,0.9610348740710519,12.141122059728918,35.829340468831575,295.7029724121094,0.0,0.1070925591046592,False,False,False
train_000211,train,1.0,169,169,EEG PO7-Ref,EEG,EEG ...-Ref,PO,7,7.0,-Ref,2000.0,60.0,2.239089719514602,2.7325524087016353,15.551598122811168,36.323456047692225,320.31233978271484,0.0,0.11276760639671997,False,False,False
train_000211,train,1.0,170,170,EEG PO8-Ref,EEG,EEG ...-Ref,PO,8,8.0,-Ref,2000.0,60.0,41.214744847948396,18.84584849026227,22.571022404159145,28.894893371089154,201.9529037475586,0.0,0.03388361569679747,True,True,True
train_000211,train,1.0,171,171,EEG PO9-Ref,EEG,EEG ...-Ref,PO,9,9.0,-Ref,2000.0,60.0,44.390476965259765,20.107020359438955,25.19366371078479,35.11118338079949,198.8279571533203,0.0,0.027000225001875017,True,True,True
train_000211,train,1.0,172,172,EEG PO10-Ref,EEG,EEG ...-Ref,PO,10,10.0,-Ref,2000.0,60.0,45.102547412571525,20.58096278759249,25.12984711298305,36.491463937607186,201.1717529296875,0.0,0.02590021583513196,True,True,True
train_000211,train,1.0,173,173,POL PO11,POL,POL,PO,11,11.0,,2000.0,60.0,43.74595081025952,20.97101728459982,24.77018169129934,34.32139486755168,197.26538848876953,0.0,0.026958557987983234,True,True,True
train_000211,train,1.0,174,174,POL PO12,POL,POL,PO,12,12.0,,2000.0,60.0,36.41592237615852,21.861696971886296,22.865906420414575,10.234632414549921,81.24985122680664,0.0,0.044225368544737874,True,True,True
train_000211,train,1.0,175,175,POL PO13,POL,POL,PO,13,13.0,,2000.0,60.0,35.87363129392334,21.82096444507043,22.599505151394904,10.107595643165057,81.2498779296875,0.0,0.04326702722522688,True,True,True
train_000211,train,1.0,176,176,POL PO14,POL,POL,PO,14,14.0,,2000.0,60.0,35.838941261100615,21.683150595123415,22.36637301697892,10.188981197454245,78.51553916931152,0.0,0.04460870507254227,True,True,True
train_000211,train,1.0,177,177,POL PO15,POL,POL,PO,15,15.0,,2000.0,60.0,33.261847084829164,21.270889255160945,21.267820935883123,10.617565026493866,92.5780029296875,0.0,0.04890874090617422,True,True,True
train_000211,train,1.0,178,178,POL PO16,POL,POL,PO,16,16.0,,2000.0,60.0,0.4765578689982896,0.27054489629332534,6.681705057249134,43.02455002642915,374.60890197753906,0.0,0.06774223118525988,False,False,False
train_000231,train,0.0,0,0,EEG A1-Ref,EEG,EEG ...-Ref,A,1,1.0,-Ref,2000.0,60.0,1.012032879804671,0.3094944502322755,2.7307047253340095,106.21302052434014,778.5152587890625,0.0,0.012833440278668989,False,False,False
train_000231,train,0.0,1,1,EEG A2-Ref,EEG,EEG ...-Ref,A,2,2.0,-Ref,2000.0,60.0,0.7964992845698526,0.2670261530095185,2.8303715086721075,93.11969111230943,723.5348663330078,0.0,0.014100117500979175,False,False,False
train_000231,train,0.0,2,2,POL A3,POL,POL,A,3,3.0,,2000.0,60.0,0.9234755835853663,0.3310119922387311,3.043934253737865,88.14546938498731,696.4842987060547,0.0,0.014483454028783573,False,False,False
train_000231,train,0.0,3,3,POL A4,POL,POL,A,4,4.0,,2000.0,60.0,1.2726340697596592,0.1220485565103669,2.9958222146480122,84.86307294543901,656.6402740478516,0.0,0.01415845132042767,False,False,False
train_000231,train,0.0,4,4,POL A5,POL,POL,A,5,5.0,,2000.0,60.0,1.218230110609997,0.03992089893933421,2.8826563589804466,92.17321563548944,727.8318176269531,0.0,0.014991791598263318,False,False,False
train_000231,train,0.0,5,5,POL A6,POL,POL,A,6,6.0,,2000.0,60.0,0.7202175472687165,-0.018929968229665892,2.700713739403433,100.35106224028763,827.9294891357422,0.0,0.014383453195443296,False,False,False
train_000231,train,0.0,6,6,POL A7,POL,POL,A,7,7.0,,2000.0,60.0,6.417262618467382,0.064014816778274,2.8389309652012704,112.26361477687081,916.796630859375,0.0,0.014175118125984383,False,False,False
train_000231,train,0.0,7,7,POL A8,POL,POL,A,8,8.0,,2000.0,60.0,1.4182132617417649,0.09542050656882028,3.797438242533437,119.76832147297391,928.5151062011719,0.0,0.014616788473237278,False,False,False
train_000231,train,0.0,8,8,POL A9,POL,POL,A,9,9.0,,2000.0,60.0,1.5895496283738677,0.055884279099759696,3.350897372439645,112.01110337883061,837.6945495605469,0.0,0.014808456737139476,False,False,False
train_000231,train,0.0,9,9,POL A10,POL,POL,A,10,10.0,,2000.0,60.0,2.3020801033158547,0.11538834755316654,4.0149742672906505,94.90298763912867,692.5778503417969,0.0,0.01584179868165568,False,False,False
train_000231,train,0.0,10,10,POL B1,POL,POL,B,1,1.0,,2000.0,60.0,0.46042561643571256,-0.034332843116375446,0.8251992448556553,107.91848707323344,1216.5993041992188,0.0,0.01378344819540163,False,False,False
train_000231,train,0.0,11,11,POL B2,POL,POL,B,2,2.0,,2000.0,60.0,0.631557991052043,0.05141739842695715,0.6750981622612728,84.0560919411971,637.4999694824219,0.0,0.015091792431603596,False,False,False
train_000231,train,0.0,12,12,POL B3,POL,POL,B,3,3.0,,2000.0,60.0,-0.3825856823181719,0.16988734124772725,0.36238009821834305,96.49675511327038,738.9646911621094,0.0,0.014608455070458921,False,False,False
train_000231,train,0.0,13,13,POL B4,POL,POL,B,4,4.0,,2000.0,60.0,0.17369032229947812,0.22834457453335605,0.6453707458540826,94.395629638232,696.1909942626953,0.0,0.01480012333436112,False,False,False
train_000231,train,0.0,14,14,POL B5,POL,POL,B,5,5.0,,2000.0,60.0,0.2611109075021939,0.010131222910428589,0.5632104169509287,110.7880687552275,791.9920501708984,0.0,0.015758464653872116,False,False,False
train_000231,train,0.0,15,15,POL B6,POL,POL,B,6,6.0,,2000.0,60.0,0.025239727997706064,-0.05272579174966124,0.5423557085524733,134.5855693337014,914.0620727539062,0.0,0.01517512645938716,False,False,False
train_000231,train,0.0,16,16,POL B7,POL,POL,B,7,7.0,,2000.0,60.0,0.014388297168255399,-0.06760530567773351,0.566545260569852,145.723337930988,923.9239807128906,0.0,0.015091792431603596,False,False,False
train_000231,train,0.0,17,17,POL B8,POL,POL,B,8,8.0,,2000.0,60.0,0.054006963786742274,-0.032915425432167814,0.5250835493944727,146.4316943227816,927.0502319335938,0.0,0.01622513520946008,False,False,False
train_000231,train,0.0,18,18,POL B9,POL,POL,B,9,9.0,,2000.0,60.0,0.06566112422585738,-0.1076962545184901,0.3319112684834753,124.86556116866345,785.5468444824219,0.0,0.016241802015016793,False,False,False
train_000231,train,0.0,19,19,POL B10,POL,POL,B,10,10.0,,2000.0,60.0,-0.00034555798069698214,-0.16788409770158558,0.26222294780228356,90.94058095426334,600.4881591796875,0.0,0.01665013875115626,False,False,False
train_000231,train,0.0,20,20,POL B11,POL,POL,B,11,11.0,,2000.0,60.0,1.3131232452732136,0.7676819517957025,0.6831634050382149,71.09061733942474,530.5660858154297,0.0,0.016875140626171885,False,False,False
train_000231,train,0.0,21,21,POL A11,POL,POL,A,11,11.0,,2000.0,60.0,16.712852826605207,4.5132392851552385,1.8046132021175034,85.00364061917195,696.2886352539062,0.0,0.01219176826473554,True,False,False
train_000231,train,0.0,22,22,POL A12,POL,POL,A,12,12.0,,2000.0,60.0,1.4696606527897744,-0.22029859108756575,3.2187933045335972,78.53553403758931,628.0272369384766,0.0,0.01643347027891899,False,False,False
train_000231,train,0.0,23,23,POL U1,POL,POL,U,1,1.0,,2000.0,60.0,-0.3972100099888107,-0.23780442698103252,-0.11992187695965648,98.10138213917813,735.8377075195312,0.0,0.015050125417711814,False,False,False
train_000231,train,0.0,24,24,POL U2,POL,POL,U,2,2.0,,2000.0,60.0,-0.0005839545511531615,-0.46110504878938074,-0.1478223903577923,131.192708129359,1012.6927185058594,0.0,0.015125126042717022,False,False,False
train_000231,train,0.0,25,25,POL U3,POL,POL,U,3,3.0,,2000.0,60.0,-0.10091392748725295,-0.253332373285223,-0.2850709571178061,146.9788478341398,1229.0991516113281,0.0,0.013958449653747115,False,False,False
train_000231,train,0.0,26,26,POL U4,POL,POL,U,4,4.0,,2000.0,60.0,0.1916559821105571,-0.44424719773818855,-0.17998839883196,152.4376760166998,1186.6193237304688,0.0,0.014641788681572347,False,False,False
train_000231,train,0.0,27,27,POL U5,POL,POL,U,5,5.0,,2000.0,60.0,0.1383475065436252,-0.33777710527995436,-0.21773567921154913,118.53298089502515,1075.8780822753906,0.0,0.015616796806640056,False,False,False
train_000231,train,0.0,28,28,POL U6,POL,POL,U,6,6.0,,2000.0,60.0,0.17011495615553757,-0.3195684925132901,-0.1769065643425123,78.02962630418214,840.6245727539062,0.0,0.016425136876140636,False,False,False
train_000231,train,0.0,29,29,POL U7,POL,POL,U,7,7.0,,2000.0,60.0,-0.16942172621028223,-0.14638012451536433,-0.20049556512959904,48.13206338200844,566.9918823242188,0.0,0.01734181118175985,False,False,False
train_000231,train,0.0,30,30,POL U8,POL,POL,U,8,8.0,,2000.0,60.0,-0.41408501520357827,-0.04543571820330348,0.016356744394122744,27.120497747290685,331.73817443847656,0.0,0.017891815765131377,False,False,False
train_000231,train,0.0,31,31,POL T1,POL,POL,T,1,1.0,,2000.0,60.0,0.4795004350873728,0.2252747332868911,1.3370611934266874,233.9442264834611,953.1210174560547,0.0,0.014533454445453712,False,False,False
train_000231,train,0.0,32,32,POL T2,POL,POL,T,2,2.0,,2000.0,60.0,0.5682418111520946,0.043916571978388344,1.14181307168328,72.20882672266171,521.9724731445312,0.0,0.013666780556504637,False,False,False
train_000231,train,0.0,33,33,EEG T3-Ref,EEG,EEG ...-Ref,T,3,3.0,-Ref,2000.0,60.0,0.857523039932926,0.04044488647702776,1.1218941153830047,115.8682324473507,635.9374389648438,0.0,0.015325127709397578,False,False,False
train_000231,train,0.0,34,34,EEG T4-Ref,EEG,EEG ...-Ref,T,4,4.0,-Ref,2000.0,60.0,1.7764284054313908,-0.0016629723907585605,1.0601687278845409,135.67810381332285,1001.951416015625,0.0,0.013766781389844916,False,False,False
train_000231,train,0.0,35,35,EEG T5-Ref,EEG,EEG ...-Ref,T,5,5.0,-Ref,2000.0,60.0,1.0933732865561583,-0.5168872758919755,1.5300215379291409,515.291334822281,1933.6848449707031,0.0,0.01437511979266494,False,False,False
train_000231,train,0.0,36,36,POL DC01,POL,POL,DC,01,1.0,,2000.0,60.0,0.6858662507001643,-0.41230854998443844,-0.27449216758777617,82.60116748791759,732.6002807617188,0.0,0.9167826398553321,False,False,False
train_000231,train,0.0,37,37,POL DC02,POL,POL,DC,02,2.0,,2000.0,60.0,0.2966816511953796,-0.5054415681051937,-0.10285920715490376,97.13862202598874,732.5999755859375,0.0001,0.8874823956866307,False,False,False
train_000231,train,0.0,38,38,POL DC03,POL,POL,DC,03,3.0,,2000.0,60.0,0.17783410914127923,-0.07394278951392014,-0.1796205760388646,36.89636366965891,732.5999755859375,0.007358333333333333,0.9814665122209352,False,False,False
train_000231,train,0.0,39,39,POL DC04,POL,POL,DC,04,4.0,,2000.0,60.0,-0.3775449174723964,-0.09541094737713382,-0.4768216884812212,87.61904763199841,732.5999755859375,7.5e-05,0.9081325677713981,False,False,False
train_000231,train,0.0,40,40,POL DC05,POL,POL,DC,05,5.0,,2000.0,60.0,-0.3614009912716225,0.4015413633984076,0.46147307481308275,183.14515826580893,366.29998779296875,0.5036333333333334,0.6494804123367695,False,False,False
train_000231,train,0.0,41,41,POL DC06,POL,POL,DC,06,6.0,,2000.0,60.0,0.02703289219690396,-0.5828274073220262,-0.35285443583191073,71.51867368245091,732.6002807617188,0.0,0.9363161359677997,False,False,False
train_000231,train,0.0,42,42,POL DC07,POL,POL,DC,07,7.0,,2000.0,60.0,-0.18916801180449053,-0.11035881980802031,-0.6046911846656985,125.5002344512894,732.6002807617188,0.0,0.8229318577654814,False,False,False
train_000231,train,0.0,43,43,POL DC08,POL,POL,DC,08,8.0,,2000.0,60.0,-0.19336320581404515,0.1858651280393644,-0.331320306812098,114.78357271307125,732.6002807617188,0.0,0.8490904090867424,False,False,False
train_000231,train,0.0,44,44,POL DC09,POL,POL,DC,09,9.0,,2000.0,60.0,0.19212746335701306,-0.5899380885080859,-0.5211645311815887,43.98690440652314,732.5999755859375,0.013333333333333334,0.9740831173593113,False,False,False
train_000231,train,0.0,45,45,POL DC10,POL,POL,DC,10,10.0,,2000.0,60.0,0.6175659425459769,-0.5588250200581745,-0.6055953692235049,93.0018644561269,732.5999755859375,0.06911666666666667,0.8971324761039675,False,False,False
train_000231,train,0.0,46,46,POL DC11,POL,POL,DC,11,11.0,,2000.0,60.0,0.3388146148122261,-0.11027108300739526,-0.872170119074587,171.08704451486554,366.29998779296875,0.32154166666666667,0.6944807873398945,False,False,False
train_000231,train,0.0,47,47,POL DC12,POL,POL,DC,12,12.0,,2000.0,60.0,-0.4913683743129232,0.25851959536870467,0.1797692511713264,41.82868417693855,732.6002807617188,0.0,0.9765414711789265,False,False,False
train_000231,train,0.0,48,48,POL DC13,POL,POL,DC,13,13.0,,2000.0,60.0,-0.15096898683097087,0.030377251393046003,-0.19838438574511272,57.45297728834936,732.5999755859375,0.024658333333333334,0.9578163151359594,False,False,False
train_000231,train,0.0,49,49,POL DC14,POL,POL,DC,14,14.0,,2000.0,60.0,0.19102771086897702,-0.09059780705173041,-0.03383928288250696,179.60918010596032,366.29998779296875,0.5978416666666667,0.6612638438653655,False,False,False
train_000231,train,0.0,50,50,POL DC15,POL,POL,DC,15,15.0,,2000.0,60.0,-0.40199127010063496,0.44903707459580106,0.09563610556375624,154.025427620072,366.29998779296875,0.0,0.7402478353986284,False,False,False
train_000231,train,0.0,51,51,POL DC16,POL,POL,DC,16,16.0,,2000.0,60.0,0.021730699741464146,-0.4354298201208113,0.2425775338637778,47.275951648756696,732.5999755859375,0.015666666666666666,0.9706664222201852,False,False,False
train_000231,train,0.0,52,52,EEG T6-Ref,EEG,EEG ...-Ref,T,6,6.0,-Ref,2000.0,60.0,0.6110506580573003,0.03652413088344572,1.2164438269077857,220.6764530242862,1346.1877746582031,0.0,0.014233451945432879,False,False,False
train_000231,train,0.0,53,53,EEG T7-Ref,EEG,EEG ...-Ref,T,7,7.0,-Ref,2000.0,60.0,0.6248153749211643,0.07702820982375246,1.3311423152519737,118.3418944678618,1053.9048461914062,0.0,0.01444178701489179,False,False,False
train_000231,train,0.0,54,54,EEG T8-Ref,EEG,EEG ...-Ref,T,8,8.0,-Ref,2000.0,60.0,0.11281132164172737,-0.15633315068966178,1.016161834007068,117.65936718827926,1110.1559448242188,0.0,0.014600121667680564,False,False,False
train_000231,train,0.0,55,55,EEG T9-Ref,EEG,EEG ...-Ref,T,9,9.0,-Ref,2000.0,60.0,0.8377619206010565,-0.3894721217866529,1.2539084317067934,78.02681168934302,740.3318176269531,0.0,0.01430011916765973,False,False,False
train_000231,train,0.0,56,56,EEG T10-Ref,EEG,EEG ...-Ref,T,10,10.0,-Ref,2000.0,60.0,0.6103308342869077,0.1691212773582489,0.5332409594003107,72.06934308940868,547.1677856445312,0.0,0.0165084709039242,False,False,False
train_000231,train,0.0,57,57,POL T11,POL,POL,T,11,11.0,,2000.0,60.0,0.8917954062606992,0.4211326555827883,0.7689505166584958,46.68516061143707,375.97637939453125,0.0,0.017441812015100127,False,False,False
train_000231,train,0.0,58,58,POL T12,POL,POL,T,12,12.0,,2000.0,60.0,1.6519180693511832,-0.7769563981483275,-0.19831288242224537,40.761417320341344,287.6949996948242,0.0,0.015333461112175935,False,False,False
train_000231,train,0.0,59,59,POL J1,POL,POL,J,1,1.0,,2000.0,60.0,3.639337044859027,-0.3543467321311221,6.609732081294151,149.08868521923048,961.3275756835938,0.0,0.014575121459345494,False,False,False
train_000231,train,0.0,60,60,POL J2,POL,POL,J,2,2.0,,2000.0,60.0,3.65353009316993,-0.3700528224465171,6.668400250306309,171.43318875654865,1047.5585021972656,0.0,0.014675122292685772,False,False,False
train_000231,train,0.0,61,61,POL J3,POL,POL,J,3,3.0,,2000.0,60.0,3.527423226457289,-0.35162929471788335,6.571041282679867,196.39174430285775,1178.6110229492188,0.0,0.014275118959324661,False,False,False
train_000231,train,0.0,62,62,POL J4,POL,POL,J,4,4.0,,2000.0,60.0,3.8586512077824064,-0.2780137103050894,6.615953269311538,227.72876000832625,1254.5884399414062,0.0,0.014500120834340286,False,False,False
train_000231,train,0.0,63,63,POL J5,POL,POL,J,5,5.0,,2000.0,60.0,4.183832343826866,-0.4615677952534054,6.426783777824314,187.4945957848919,995.7026062011719,0.0,0.015075125626046884,False,False,False
train_000231,train,0.0,64,64,POL J6,POL,POL,J,6,6.0,,2000.0,60.0,3.611443272173363,-0.554476540520012,5.4105530510807185,54.91816067401918,337.10912322998047,0.0,0.01576679805665047,False,False,False
train_000231,train,0.0,65,65,POL J7,POL,POL,J,7,7.0,,2000.0,60.0,2.4654171558406106,-0.7502925665310112,3.300284369264584,50.54888878987517,366.2105407714844,0.0,0.01306677555646297,False,False,False
train_000231,train,0.0,66,66,POL K1,POL,POL,K,1,1.0,,2000.0,60.0,3.7797817096135686,-0.638224092252208,6.390935087270857,90.88287905780018,602.0505218505859,0.0,0.014500120834340286,False,False,False
train_000231,train,0.0,67,67,POL K2,POL,POL,K,2,2.0,,2000.0,60.0,3.6804389371049435,-0.5938690592511702,6.963110452415022,119.25560059098397,748.3379821777344,0.0,0.014500120834340286,False,False,False
train_000231,train,0.0,68,68,POL K3,POL,POL,K,3,3.0,,2000.0,60.0,2.2863410395297756,-0.4571732638382575,6.773275216085429,160.27803600967346,1060.6430358886719,0.0,0.014433453612113433,False,False,False
train_000231,train,0.0,69,69,POL K4,POL,POL,K,4,4.0,,2000.0,60.0,3.802712600647098,-0.48723933029129085,6.735857794984672,191.40194497212926,1319.2333679199219,0.0,0.014541787848232068,False,False,False
train_000231,train,0.0,70,70,POL K5,POL,POL,K,5,5.0,,2000.0,60.0,3.888026716980923,-0.5366351673400198,6.68561848944893,195.88642291730818,1309.1766967773438,0.0,0.01463345527879399,False,False,False
train_000231,train,0.0,71,71,POL K6,POL,POL,K,6,6.0,,2000.0,60.0,3.2540067604561407,-0.4398229883607565,6.519400645388723,163.87381556787577,1198.8240356445312,0.0,0.01491679097325811,False,False,False
train_000231,train,0.0,72,72,POL K7,POL,POL,K,7,7.0,,2000.0,60.0,3.4315923234031374,-0.47632714808197696,6.54790118721985,118.93625223871929,850.5847473144531,0.0,0.01558346319552663,False,False,False
train_000231,train,0.0,73,73,POL K8,POL,POL,K,8,8.0,,2000.0,60.0,3.515177976629725,-0.7347661914890231,6.518104081737953,71.91690860439958,599.9021911621094,0.0,0.015650130417753483,False,False,False
train_000231,train,0.0,74,74,POL L1,POL,POL,L,1,1.0,,2000.0,60.0,6.733424433238525,-0.5433641926351827,10.517728005410248,83.65682287517261,627.1483154296875,0.0,0.013291777431478595,False,False,False
train_000231,train,0.0,75,75,POL L2,POL,POL,L,2,2.0,,2000.0,60.0,6.5807761505336,-0.48335005739086273,10.306299901440408,124.34010823767441,978.6129455566406,0.0,0.012841773681447346,False,False,False
train_000231,train,0.0,76,76,POL L3,POL,POL,L,3,3.0,,2000.0,60.0,5.848695494220802,-0.21279429877973408,10.733166377990614,135.4507117076464,1048.8242797851562,0.0,0.01373344777873149,False,False,False
train_000231,train,0.0,77,77,POL L4,POL,POL,L,4,4.0,,2000.0,60.0,6.150508424129209,-0.47689019390931237,10.749462604425037,158.61205025125255,1050.5826721191406,0.0,0.013416778473153942,False,False,False
train_000231,train,0.0,78,78,POL L5,POL,POL,L,5,5.0,,2000.0,60.0,6.993358450798781,-0.5503037961190462,11.465027903918518,170.45986985464165,1101.6583557128906,0.0,0.013608446737056142,False,False,False
train_000231,train,0.0,79,79,POL L6,POL,POL,L,6,6.0,,2000.0,60.0,6.483121760726349,-0.5447304578286334,10.110566764196623,155.43851125871305,1027.3428955078125,0.0,0.014558454653788782,False,False,False
train_000231,train,0.0,80,80,POL L7,POL,POL,L,7,7.0,,2000.0,60.0,23.629564577523254,1.6342121130026621,25.39379226288956,122.09394063652192,865.230712890625,0.0,0.005508379236493637,True,True,False
train_000231,train,0.0,81,81,POL L8,POL,POL,L,8,8.0,,2000.0,60.0,24.768607820905064,1.546011602889954,25.70593404535325,110.59377902394773,734.0820007324219,0.0,0.0055917132642772024,True,True,False
train_000231,train,0.0,82,82,EEG M1-Ref,EEG,EEG ...-Ref,M,1,1.0,-Ref,2000.0,60.0,22.90124412513121,1.472818859767306,24.095940669391386,79.43862864626759,585.4491882324219,0.0,0.006066717222643522,True,True,False
train_000231,train,0.0,83,83,EEG M2-Ref,EEG,EEG ...-Ref,M,2,2.0,-Ref,2000.0,60.0,23.05157624047201,1.580125150601401,24.237062172834968,82.82705677844737,610.9370574951172,0.0,0.006150051250427087,True,True,False
train_000231,train,0.0,84,84,POL M3,POL,POL,M,3,3.0,,2000.0,60.0,22.973452910171993,1.5619399504950642,24.23511797076223,87.1797352481881,654.1011352539062,0.0,0.005708380903174193,True,True,False
train_000231,train,0.0,85,85,POL M4,POL,POL,M,4,4.0,,2000.0,60.0,22.911708227872168,1.7884380381769902,24.221216411418315,90.68121427945906,676.5621948242188,0.0,0.006116717639313661,True,True,False
train_000231,train,0.0,86,86,POL M5,POL,POL,M,5,5.0,,2000.0,60.0,22.747080985296964,1.8243229694558307,24.25761323126836,93.14759884439079,694.8238525390625,0.0,0.005491712430936924,True,True,False
train_000231,train,0.0,87,87,POL M6,POL,POL,M,6,6.0,,2000.0,60.0,22.576520060232923,1.8441114870163022,24.259435133497544,103.46075051458982,842.8707580566406,0.0,0.006183384861540513,True,True,False
train_000231,train,0.0,88,88,POL M7,POL,POL,M,7,7.0,,2000.0,60.0,22.37199416185348,1.900685790145873,24.172377587271875,107.54707486132494,868.5519714355469,0.0,0.006008383403195027,True,True,False
train_000231,train,0.0,89,89,POL M8,POL,POL,M,8,8.0,,2000.0,60.0,22.464301196196004,1.9255211979415046,24.157746482735426,106.28229264568765,803.12158203125,0.0,0.006133384444870374,True,True,False
train_000231,train,0.0,90,90,POL M9,POL,POL,M,9,9.0,,2000.0,60.0,22.886381781937466,1.9817954993353615,24.28649577694368,82.45686386157706,565.1365814208984,0.0,0.0059167159726331055,True,True,False
train_000231,train,0.0,91,91,POL N1,POL,POL,N,1,1.0,,2000.0,60.0,23.111199675234747,1.2812508299636565,24.32673413145301,63.76089598422776,459.6678161621094,0.0,0.005891715764298036,True,True,False
train_000231,train,0.0,92,92,POL N2,POL,POL,N,2,2.0,,2000.0,60.0,22.87966581462826,1.2255186352238647,24.282543507617525,65.00672496816803,468.5545349121094,0.0,0.006033383611530096,True,True,False
train_000231,train,0.0,93,93,POL N3,POL,POL,N,3,3.0,,2000.0,60.0,22.804307302206006,1.1120122560551902,24.278111895268456,64.80586644368384,479.58958435058594,0.0,0.005433378611488429,True,True,False
train_000231,train,0.0,94,94,POL N4,POL,POL,N,4,4.0,,2000.0,60.0,22.89415726268093,1.084005619142667,24.351954547569676,64.98462163100848,487.8905334472656,0.0,0.006058383819865166,True,True,False
train_000231,train,0.0,95,95,POL N5,POL,POL,N,5,5.0,,2000.0,60.0,23.08493867191329,1.2479082097928529,24.34346465983854,65.56709412488375,510.83961486816406,0.0,0.005983383194859957,True,True,False
train_000231,train,0.0,96,96,POL N6,POL,POL,N,6,6.0,,2000.0,60.0,23.241434625276042,1.3467435829740082,24.295435586803805,68.36785875996709,532.9099731445312,0.0,0.005866715555962966,True,True,False
train_000231,train,0.0,97,97,POL N7,POL,POL,N,7,7.0,,2000.0,60.0,23.37086191067086,1.4274876941478198,24.29655927441874,69.21801586862435,529.4921112060547,0.0,0.005883382361519679,True,True,False
train_000231,train,0.0,98,98,POL N8,POL,POL,N,8,8.0,,2000.0,60.0,23.468183284784455,1.4153536447808333,24.44193309588333,58.57051017089273,412.10931396484375,0.0,0.0061667180559838,True,True,False
train_000231,train,0.0,99,99,POL N9,POL,POL,N,9,9.0,,2000.0,60.0,24.73501843482137,1.7740320573432709,25.014612142026547,53.51673147409583,380.66392517089844,0.0,0.0058083817365144706,True,True,False
train_000231,train,0.0,100,100,EEG P1-Ref,EEG,EEG ...-Ref,P,1,1.0,-Ref,2000.0,60.0,23.25295285559294,1.5531072979214255,24.191585287515732,69.66072939604003,495.6051330566406,0.0,0.005658380486504054,True,True,False
train_000231,train,0.0,101,101,EEG P2-Ref,EEG,EEG ...-Ref,P,2,2.0,-Ref,2000.0,60.0,23.382848275838064,1.5538265112293859,24.202579377971595,70.48437512798544,509.4716033935547,0.0,0.005791714930957758,True,True,False
train_000231,train,0.0,102,102,EEG P3-Ref,EEG,EEG ...-Ref,P,3,3.0,-Ref,2000.0,60.0,23.00333799208122,1.66002644028548,24.232308396940923,73.38560373356104,544.2363891601562,0.0,0.005583379861498846,True,True,False
train_000231,train,0.0,103,103,EEG P4-Ref,EEG,EEG ...-Ref,P,4,4.0,-Ref,2000.0,60.0,22.785356472057813,1.5867446303083865,24.227479864962408,79.56775162393961,646.0923004150391,0.0,0.006066717222643522,True,True,False
train_000231,train,0.0,104,104,EEG P5-Ref,EEG,EEG ...-Ref,P,5,5.0,-Ref,2000.0,60.0,22.265946104061417,1.4435201621170857,24.137629927990652,89.74195425667841,651.1714782714844,0.0,0.005791714930957758,True,True,False
train_000231,train,0.0,105,105,EEG P6-Ref,EEG,EEG ...-Ref,P,6,6.0,-Ref,2000.0,60.0,22.62949325727221,1.5803267556236678,24.235919787450126,108.64242834509248,789.3547973632812,0.0,0.00555004625038542,True,True,False
train_000231,train,0.0,106,106,EEG P7-Ref,EEG,EEG ...-Ref,P,7,7.0,-Ref,2000.0,60.0,22.94001954610842,1.7003878773350987,24.270072309404306,100.00972200972235,694.6287231445312,0.0,0.005791714930957758,True,True,False
train_000231,train,0.0,107,107,EEG P8-Ref,EEG,EEG ...-Ref,P,8,8.0,-Ref,2000.0,60.0,23.103227226244627,1.6678415871180416,24.376397910755003,66.17342730441,436.6207580566406,0.0,0.0065667213893449115,True,True,False
train_000231,train,0.0,108,108,POL R1,POL,POL,R,1,1.0,,2000.0,60.0,22.62698133461969,1.741088257655169,24.410345068064192,80.05848622796748,603.6130981445312,0.0,0.006008383403195027,True,True,False
train_000231,train,0.0,109,109,POL R2,POL,POL,R,2,2.0,,2000.0,60.0,22.696797517553414,1.6934284572644636,24.4308960466062,74.69800787281079,507.7146301269531,0.0,0.005625046875390628,True,True,False
train_000231,train,0.0,110,110,POL R3,POL,POL,R,3,3.0,,2000.0,60.0,22.207856589998094,1.8578414766362206,24.41921941873585,70.70553822111177,496.67962646484375,0.0,0.0056417136809473415,True,True,False
train_000231,train,0.0,111,111,POL R4,POL,POL,R,4,4.0,,2000.0,60.0,21.294287103233923,1.571582070514317,24.38063438897917,69.18332494078584,477.8317565917969,0.0,0.0059750497920816005,True,True,False
train_000231,train,0.0,112,112,POL R5,POL,POL,R,5,5.0,,2000.0,60.0,21.76533714340875,1.6762664312263895,24.415604171731353,75.49088880560491,520.7030334472656,0.0,0.006158384653205443,True,True,False
train_000231,train,0.0,113,113,POL R6,POL,POL,R,6,6.0,,2000.0,60.0,21.568392094747,1.3229042422723316,24.442206196319457,77.94964967588803,647.5584106445312,0.0,0.0057500479170659756,True,True,False
train_000231,train,0.0,114,114,POL R7,POL,POL,R,7,7.0,,2000.0,60.0,22.417970664705805,1.5324046895031385,24.484955193253523,64.9877859423317,432.7145233154297,0.0,0.005950049583746531,True,True,False
train_000231,train,0.0,115,115,POL R8,POL,POL,R,8,8.0,,2000.0,60.0,23.0259805258846,1.7594069553875817,24.462600922406708,63.78698108540854,431.83558654785156,0.0,0.005775048125401045,True,True,False
train_000231,train,0.0,116,116,POL R9,POL,POL,R,9,9.0,,2000.0,60.0,22.67942407955857,1.7490087308620093,24.468929859671373,65.091418637739,442.1872863769531,0.0,0.005883382361519679,True,True,False
train_000231,train,0.0,117,117,POL R10,POL,POL,R,10,10.0,,2000.0,60.0,21.415017437453084,1.4722353777879071,24.246000583582813,69.24274803140409,465.82008361816406,0.0,0.005958382986524888,True,True,False
train_000231,train,0.0,118,118,POL R11,POL,POL,R,11,11.0,,2000.0,60.0,21.50981862279722,1.3230541799622364,24.341095672602005,71.92391180499446,492.18731689453125,0.0,0.005758381319844332,True,True,False
train_000231,train,0.0,119,119,POL R12,POL,POL,R,12,12.0,,2000.0,60.0,21.925741631436555,1.6486818107937635,24.50205402032635,71.16671734389938,498.2419738769531,0.0,0.005725047708730906,True,True,False
train_000231,train,0.0,120,120,POL R13,POL,POL,R,13,13.0,,2000.0,60.0,20.978450127362468,1.294620714692694,24.36206117882501,76.43917030087509,532.9097137451172,0.0,0.005958382986524888,True,True,False
train_000231,train,0.0,121,121,POL R14,POL,POL,R,14,14.0,,2000.0,60.0,20.76585810590224,1.4323532568025112,24.430953514400265,78.90967804425222,569.5309906005859,0.0,0.005983383194859957,True,True,False
train_000231,train,0.0,122,122,POL R15,POL,POL,R,15,15.0,,2000.0,60.0,20.679859479404243,1.6963422580678111,24.421657551393125,81.47015692229084,606.5412750244141,0.0,0.005991716597638314,True,True,False
train_000231,train,0.0,123,123,POL R16,POL,POL,R,16,16.0,,2000.0,60.0,20.6049572800744,1.675196494517671,24.422950582976505,89.20339286172704,661.9138031005859,0.0,0.005333377778148151,True,True,False
train_000231,train,0.0,124,124,POL AC1,POL,POL,AC,1,1.0,,2000.0,60.0,22.773757231809043,1.3423577784897713,24.193115783557573,78.4861301771274,552.7342834472656,0.0,0.005308377569813082,True,True,False
train_000231,train,0.0,125,125,POL AC2,POL,POL,AC,2,2.0,,2000.0,60.0,23.20198079569687,1.3948390738682406,24.228073172450316,73.07621638039642,494.72625732421875,0.0,0.005675047292060767,True,True,False
train_000231,train,0.0,126,126,POL AC3,POL,POL,AC,3,3.0,,2000.0,60.0,23.33048691416456,1.4321386621416683,24.264166934770902,70.84179919626867,474.12074279785156,0.0,0.0058083817365144706,True,True,False
train_000231,train,0.0,127,127,POL AC4,POL,POL,AC,4,4.0,,2000.0,60.0,23.43935939855974,1.4946996685692584,24.26240152683425,69.35611253856655,456.6404724121094,0.0,0.005608380069833915,True,True,False
train_000231,train,0.0,128,128,POL AC5,POL,POL,AC,5,5.0,,2000.0,60.0,23.488052281122343,1.4854796030933302,24.280350904948087,68.74536374660707,452.63645935058594,0.0,0.006100050833756948,True,True,False
train_000231,train,0.0,129,129,POL AC6,POL,POL,AC,6,6.0,,2000.0,60.0,23.58356406126363,1.476554493942589,24.263957176302245,67.8176487423048,445.7030029296875,0.0,0.005783381528179402,True,True,False
train_000231,train,0.0,130,130,POL AC7,POL,POL,AC,7,7.0,,2000.0,60.0,23.478608881615706,1.4190901338069288,24.294909274903844,67.87645140594634,447.65614318847656,0.0,0.006041717014308452,True,True,False
train_000231,train,0.0,131,131,POL AC8,POL,POL,AC,8,8.0,,2000.0,60.0,23.256597630836517,1.4626348266854148,24.236661114533142,69.4876981808221,462.20664978027344,0.0,0.0056417136809473415,True,True,False
train_000231,train,0.0,132,132,POL AC9,POL,POL,AC,9,9.0,,2000.0,60.0,23.37780458214983,1.5647065410735672,24.287468114935397,72.3503056342582,503.41770935058594,0.0,0.005816715139292827,True,True,False
train_000231,train,0.0,133,133,POL AC10,POL,POL,AC,10,10.0,,2000.0,60.0,23.11173248655001,1.6356588315507314,24.231723648192784,72.22525911594232,486.5231018066406,0.0,0.0057000475003958365,True,True,False
train_000231,train,0.0,134,134,POL AC11,POL,POL,AC,11,11.0,,2000.0,60.0,22.75679071101727,1.359924575404261,24.316728733698568,72.62286626344775,475.0974884033203,0.0,0.005725047708730906,True,True,False
train_000231,train,0.0,135,135,POL AC12,POL,POL,AC,12,12.0,,2000.0,60.0,21.518358822223377,1.4471768650196368,24.16063570194003,77.42741635366401,499.5115051269531,0.0,0.0057000475003958365,True,True,False
train_000231,train,0.0,136,136,POL AC13,POL,POL,AC,13,13.0,,2000.0,60.0,22.23544331347792,1.5738071698276856,24.355178083004716,75.49035026326005,513.0857543945312,0.0,0.006208385069875582,True,True,False
train_000231,train,0.0,137,137,POL AC14,POL,POL,AC,14,14.0,,2000.0,60.0,22.434593384828684,1.6651042116706352,24.194806856958206,75.35108786630903,523.7302856445312,0.0,0.006066717222643522,True,True,False
train_000231,train,0.0,138,138,POL AC15,POL,POL,AC,15,15.0,,2000.0,60.0,32.40405298446209,13.919143884609396,25.482997918263408,196.758076335115,2268.6514892578125,0.0,0.003158359652997108,True,True,True
train_000231,train,0.0,139,139,POL AC16,POL,POL,AC,16,16.0,,2000.0,60.0,22.301258864297658,1.7660003582585049,24.20858436826681,79.58816350765008,586.5222473144531,0.0,0.005583379861498846,True,True,False
train_000250,train,0.0,0,0,EEG A1-Ref,EEG,EEG ...-Ref,A,1,1.0,-Ref,2000.0,60.0,4.172678354153688,1.4918697796954228,18.27345415571665,85.01053908314287,620.9957275390625,0.0,0.034300285835715295,False,False,False
train_000250,train,0.0,1,1,EEG A2-Ref,EEG,EEG ...-Ref,A,2,2.0,-Ref,2000.0,60.0,6.413960200532305,3.421381590124853,20.23631371472205,74.90785933226486,564.9392395019531,0.0,0.03944199534996125,False,False,False
train_000250,train,0.0,2,2,POL A3,POL,POL,A,3,3.0,,2000.0,60.0,7.359183888980296,3.538567492907479,21.53809828511317,64.1306176785031,464.0616912841797,0.0,0.041250343752864606,False,False,False
train_000250,train,0.0,3,3,POL A4,POL,POL,A,4,4.0,,2000.0,60.0,10.083987453959466,5.457099655847193,23.608082481537256,58.05300169110888,405.85931396484375,0.0,0.04386703222526855,True,False,False
train_000250,train,0.0,4,4,POL A5,POL,POL,A,5,5.0,,2000.0,60.0,11.015690830074785,5.152643186815574,23.332832089925684,61.76637529835146,428.4178924560547,0.0,0.042883690697422476,True,False,False
train_000250,train,0.0,5,5,POL A6,POL,POL,A,6,6.0,,2000.0,60.0,9.119788151899218,5.402675152797696,23.28494725416586,68.240664363616,454.4916076660156,0.0,0.043192026600221665,False,False,False
train_000250,train,0.0,6,6,POL A7,POL,POL,A,7,7.0,,2000.0,60.0,20.67679474885018,2.9182372811297763,18.560548810149072,75.14133059626985,490.1365051269531,0.0,0.02812523437695314,True,True,False
train_000250,train,0.0,7,7,POL A8,POL,POL,A,8,8.0,,2000.0,60.0,12.690981518640683,6.456463114610904,26.131646657474292,79.46251707788596,516.6990203857422,0.0,0.04576704805873382,True,False,False
train_000250,train,0.0,8,8,POL A9,POL,POL,A,9,9.0,,2000.0,60.0,12.157768907795802,6.178467111883915,24.9487272436659,79.92085088926916,492.3825378417969,0.0,0.04669205576713139,True,False,False
train_000250,train,0.0,9,9,POL A10,POL,POL,A,10,10.0,,2000.0,60.0,14.046185855405305,6.362152808651595,26.48873239889856,63.233547755885205,440.4295349121094,0.0,0.04874207285060709,True,False,False
train_000250,train,0.0,10,10,POL B1,POL,POL,B,1,1.0,,2000.0,60.0,1.9418402870676534,1.0165107703814924,13.643754311602805,100.54244427756338,1342.282958984375,0.0,0.02931691097425812,False,False,False
train_000250,train,0.0,11,11,POL B2,POL,POL,B,2,2.0,,2000.0,60.0,3.8989584448264503,3.552160987611993,17.853965836923564,59.48968924432086,471.5818786621094,0.0,0.04159201326677722,False,False,False
train_000250,train,0.0,12,12,POL B3,POL,POL,B,3,3.0,,2000.0,60.0,1.7298872001080712,2.252731425556219,13.91156612777792,63.621786055549144,498.33973693847656,0.0,0.03875032291935766,False,False,False
train_000250,train,0.0,13,13,POL B4,POL,POL,B,4,4.0,,2000.0,60.0,2.9711235752572174,3.8562102502188007,17.16432508987633,60.828312086394334,441.2106170654297,0.0,0.04282535687797398,False,False,False
train_000250,train,0.0,14,14,POL B5,POL,POL,B,5,5.0,,2000.0,60.0,4.295165363060382,5.3231906871362975,18.472839410567488,72.31550145448269,482.6169738769531,0.0,0.04737539479495662,False,False,False
train_000250,train,0.0,15,15,POL B6,POL,POL,B,6,6.0,,2000.0,60.0,5.900106622285589,5.11419492882193,18.826431266839457,93.19595579648195,593.7499389648438,0.0,0.048800406670055585,False,False,False
train_000250,train,0.0,16,16,POL B7,POL,POL,B,7,7.0,,2000.0,60.0,4.891458700795545,4.1130665780224405,17.09695396049048,111.99752718241545,676.3667907714844,0.0,0.04635038625321878,False,False,False
train_000250,train,0.0,17,17,POL B8,POL,POL,B,8,8.0,,2000.0,60.0,4.617788644669256,4.313177264410305,18.75027989628672,116.47835184076816,682.4214782714844,0.0,0.04774206451720431,False,False,False
train_000250,train,0.0,18,18,POL B9,POL,POL,B,9,9.0,,2000.0,60.0,5.6046350077344895,4.773349672567325,18.27418236653414,98.43843978366218,598.5350189208984,0.0,0.05360878007316728,False,False,False
train_000250,train,0.0,19,19,POL B10,POL,POL,B,10,10.0,,2000.0,60.0,6.07443445781343,4.27983642147338,18.04260483733088,67.06729082304012,449.9021453857422,0.0,0.061233843615363465,False,False,False
train_000250,train,0.0,20,20,POL B11,POL,POL,B,11,11.0,,2000.0,60.0,13.784311073063007,7.904519214855079,19.720076782516767,48.654948100845715,337.01161193847656,0.0,0.06640055333794448,True,False,False
train_000250,train,0.0,21,21,POL A11,POL,POL,A,11,11.0,,2000.0,60.0,31.492265204796,18.930461836246728,23.743894491328,57.48164236300264,409.2770233154297,0.0,0.016416803473362277,True,True,True
train_000250,train,0.0,22,22,POL A12,POL,POL,A,12,12.0,,2000.0,60.0,13.04768168786303,5.982957960962852,25.82812850281552,52.13881358195594,344.33575439453125,0.0,0.05640880340669505,True,False,False
train_000250,train,0.0,23,23,POL U1,POL,POL,U,1,1.0,,2000.0,60.0,0.5341715157666714,1.8817526122940411,4.14809627686402,87.98007789742147,773.5333251953125,0.0,0.036966974724789374,False,False,False
train_000250,train,0.0,24,24,POL U2,POL,POL,U,2,2.0,,2000.0,60.0,1.4076719257955372,0.9505386218391608,2.694964403346555,117.9991316845345,1064.1596984863281,0.0,0.032483604030033586,False,False,False
train_000250,train,0.0,25,25,POL U3,POL,POL,U,3,3.0,,2000.0,60.0,0.24625898698574514,1.4369657100562478,2.729795417475047,141.16075096710773,1087.1076354980469,0.0,0.031175259793831615,False,False,False
train_000250,train,0.0,26,26,POL U4,POL,POL,U,4,4.0,,2000.0,60.0,1.2414529999268213,1.351108683186337,1.846753646100551,153.07130807014488,933.6896057128906,0.0,0.030225251877098975,False,False,False
train_000250,train,0.0,27,27,POL U5,POL,POL,U,5,5.0,,2000.0,60.0,1.319321981419022,2.272892320397836,4.421525537731465,109.70719782508588,727.9295349121094,0.0,0.039783664863873865,False,False,False
train_000250,train,0.0,28,28,POL U6,POL,POL,U,6,6.0,,2000.0,60.0,1.3920681754217434,2.6377535800055,4.174033312242973,70.56826199151504,513.0841827392578,0.0,0.04960874673955616,False,False,False
train_000250,train,0.0,29,29,POL U7,POL,POL,U,7,7.0,,2000.0,60.0,1.0254586913478339,3.2801936197536414,6.824030252033868,43.01178034393408,322.65618896484375,0.0,0.056975474795623295,False,False,False
train_000250,train,0.0,30,30,POL U8,POL,POL,U,8,8.0,,2000.0,60.0,1.3610182714660202,4.126709067750571,10.362090157867272,19.373584265331562,155.9569549560547,0.0,0.0677755647963733,False,False,False
train_000250,train,0.0,31,31,POL T1,POL,POL,T,1,1.0,,2000.0,60.0,4.79755272224181,3.1098931418307747,15.671264252589832,57.18336492007039,409.8631591796875,0.0,0.03652530437753648,False,False,False
train_000250,train,0.0,32,32,POL T2,POL,POL,T,2,2.0,,2000.0,60.0,6.389018133732289,4.536252563714351,18.637189582352537,48.101298377819255,363.8670196533203,0.0,0.03613363444695372,False,False,False
train_000250,train,0.0,33,33,EEG T3-Ref,EEG,EEG ...-Ref,T,3,3.0,-Ref,2000.0,60.0,3.666473115891009,3.1339193649719146,17.622060635718995,55.323526095847974,395.4098815917969,0.0,0.042767023058525484,False,False,False
train_000250,train,0.0,34,34,EEG T4-Ref,EEG,EEG ...-Ref,T,4,4.0,-Ref,2000.0,60.0,1.823273533781803,0.918013630113461,12.39434654238379,102.42086666137803,912.0089721679688,0.0,0.029708580904840874,False,False,False
train_000250,train,0.0,35,35,EEG T5-Ref,EEG,EEG ...-Ref,T,5,5.0,-Ref,2000.0,60.0,1.6848286414673799,1.7451744954052053,12.799118561663969,76.15000675813909,683.1031188964844,0.0,0.031075258960491337,False,False,False
train_000250,train,0.0,36,36,POL DC01,POL,POL,DC,01,1.0,,2000.0,60.0,-0.23134445191318653,-0.13579843689434973,0.2839095295346767,75.72280233303373,732.6002807617188,0.0,0.9287160726339386,False,False,False
train_000250,train,0.0,37,37,POL DC02,POL,POL,DC,02,2.0,,2000.0,60.0,-0.010853881175710749,-0.9323091958820973,0.5156278237014851,118.34412588205704,732.5999755859375,2.5e-05,0.8399319994333286,False,False,False
train_000250,train,0.0,38,38,POL DC03,POL,POL,DC,03,3.0,,2000.0,60.0,-0.6103515533311807,-0.18358980633036953,0.28850064441663276,34.58394337996389,732.5999755859375,0.00365,0.9835831965266377,False,False,False
train_000250,train,0.0,39,39,POL DC04,POL,POL,DC,04,4.0,,2000.0,60.0,0.6547238714848119,0.5306120853260642,0.4224835332852956,81.45926988181108,732.5999755859375,0.00011666666666666667,0.9199493329111076,False,False,False
train_000250,train,0.0,40,40,POL DC05,POL,POL,DC,05,5.0,,2000.0,60.0,0.3165824035367705,0.44742568790964354,-0.9322544031165594,182.66319944589648,366.3001377929759,0.0,0.65505545879549,False,False,False
train_000250,train,0.0,41,41,POL DC06,POL,POL,DC,06,6.0,,2000.0,60.0,-0.05079989679804348,0.2669195129644265,0.5998712096104194,102.39048059954628,732.6002807617188,0.0,0.8755989633246943,False,False,False
train_000250,train,0.0,42,42,POL DC07,POL,POL,DC,07,7.0,,2000.0,60.0,-0.42178103549799223,-0.12064497006944917,0.210012391932574,119.79412783266372,732.6002807617188,0.0,0.8350152917940983,False,False,False
train_000250,train,0.0,43,43,POL DC08,POL,POL,DC,08,8.0,,2000.0,60.0,-0.38136928153934524,-0.38799380988163,-0.10248573811821557,144.4497351725208,366.3001377929759,0.0,0.7696147467895565,False,False,False
train_000250,train,0.0,44,44,POL DC09,POL,POL,DC,09,9.0,,2000.0,60.0,0.9430809432523097,0.284103737457326,0.44055342299022054,35.999108019772635,732.5999755859375,0.007333333333333333,0.9822665188876574,False,False,False
train_000250,train,0.0,45,45,POL DC10,POL,POL,DC,10,10.0,,2000.0,60.0,1.5374789332478211,-0.409750584737393,-0.05563080353920387,101.61283419520474,732.5999755859375,0.08385833333333333,0.8777823148526238,False,False,False
train_000250,train,0.0,46,46,POL DC11,POL,POL,DC,11,11.0,,2000.0,60.0,0.4816453151580572,0.19524442303643835,-0.5919924772121427,182.94631346670505,732.5999755859375,0.47608333333333336,0.6537637813648447,False,False,False
train_000250,train,0.0,47,47,POL DC12,POL,POL,DC,12,12.0,,2000.0,60.0,-0.3264936595791347,-0.0835740396321477,-0.3872102802295457,35.68932301861789,732.6002807617188,0.0,0.9822915190959924,False,False,False
train_000250,train,0.0,48,48,POL DC13,POL,POL,DC,13,13.0,,2000.0,60.0,0.6940009702948918,-0.532360371334841,-0.6705954273147767,56.712259488661985,732.5999755859375,0.023941666666666667,0.9588496570804756,False,False,False
train_000250,train,0.0,49,49,POL DC14,POL,POL,DC,14,14.0,,2000.0,60.0,-0.0710362480504933,0.41916785029160575,0.042201099312415426,182.38596974400517,366.3001377929759,0.0,0.6531971099759165,False,False,False
train_000250,train,0.0,50,50,POL DC15,POL,POL,DC,15,15.0,,2000.0,60.0,0.32825535631053926,0.5353933154314995,1.0270245822820052,141.14837571478006,366.29998779296875,0.0,0.7777481479012325,False,False,False
train_000250,train,0.0,51,51,POL DC16,POL,POL,DC,16,16.0,,2000.0,60.0,0.4584578601415784,0.5265777388305056,-0.49866279731933527,52.599134968911194,732.5999755859375,0.02025,0.9635496962474688,False,False,False
train_000250,train,0.0,52,52,EEG T6-Ref,EEG,EEG ...-Ref,T,6,6.0,-Ref,2000.0,60.0,0.43804527591425824,1.767960637795796,11.716077625856352,84.80761813387808,654.6856384277344,0.0,0.03000858340486171,False,False,False
train_000250,train,0.0,53,53,EEG T7-Ref,EEG,EEG ...-Ref,T,7,7.0,-Ref,2000.0,60.0,1.1754961221164408,1.5597254071486635,13.004433213847474,120.34004843140978,832.8102416992188,0.0,0.02948357902982525,False,False,False
train_000250,train,0.0,54,54,EEG T8-Ref,EEG,EEG ...-Ref,T,8,8.0,-Ref,2000.0,60.0,-0.1489693304462594,0.8523263784872042,11.78791570067041,107.52456105871836,882.3214111328125,0.0,0.029258577154809624,False,False,False
train_000250,train,0.0,55,55,EEG T9-Ref,EEG,EEG ...-Ref,T,9,9.0,-Ref,2000.0,60.0,0.4377796436578426,1.0952152844013445,12.051448980909122,75.57606075670864,805.3707122802734,0.0,0.030541921182676523,False,False,False
train_000250,train,0.0,56,56,EEG T10-Ref,EEG,EEG ...-Ref,T,10,10.0,-Ref,2000.0,60.0,2.126474546210725,2.6727984738823256,16.168178686077677,75.03041028847446,607.3240966796875,0.0,0.0431670263918866,False,False,False
train_000250,train,0.0,57,57,POL T11,POL,POL,T,11,11.0,,2000.0,60.0,4.2161745926040055,3.955242159267681,18.015944244764786,43.908524029671234,347.0700378417969,0.0,0.05353377944816207,False,False,False
train_000250,train,0.0,58,58,POL T12,POL,POL,T,12,12.0,,2000.0,60.0,13.46453151121661,9.140014199112938,22.999212567422855,31.551694039514274,226.17166900634766,0.0,0.07595896632471938,True,False,False
train_000250,train,0.0,59,59,POL J1,POL,POL,J,1,1.0,,2000.0,60.0,14.723654603281718,2.8486237478436287,28.76655835110562,103.08221231650064,648.0467834472656,0.0,0.03647530396086634,True,False,False
train_000250,train,0.0,60,60,POL J2,POL,POL,J,2,2.0,,2000.0,60.0,15.35814977825874,2.9774628473897695,29.351257246895184,121.82684045125946,761.7182312011719,0.0,0.035633630280252335,True,False,False
train_000250,train,0.0,61,61,POL J3,POL,POL,J,3,3.0,,2000.0,60.0,14.805503719148941,3.2747523664128564,28.964866263236036,140.0954861449714,882.9066467285156,0.0,0.0346252885440712,True,False,False
train_000250,train,0.0,62,62,POL J4,POL,POL,J,4,4.0,,2000.0,60.0,13.757097387851967,2.302909243902047,28.002232512476795,163.91271609465704,1046.4837951660156,0.0,0.03320027666897224,True,False,False
train_000250,train,0.0,63,63,POL J5,POL,POL,J,5,5.0,,2000.0,60.0,13.413701514849869,2.0476558172253685,27.153334748593227,136.8495109846311,794.1387939453125,0.0,0.03461695514129284,True,False,False
train_000250,train,0.0,64,64,POL J6,POL,POL,J,6,6.0,,2000.0,60.0,15.468644007321162,2.929023143426637,30.333181662543115,33.37584335262257,247.07027435302734,0.0,0.0459253827115226,True,False,False
train_000250,train,0.0,65,65,POL J7,POL,POL,J,7,7.0,,2000.0,60.0,29.260937961995268,10.18666720015596,36.56097591641826,28.897153049858403,204.491943359375,0.0,0.054400453337111146,True,True,True
train_000250,train,0.0,66,66,POL K1,POL,POL,K,1,1.0,,2000.0,60.0,11.694774584343165,1.4466904367180142,25.01324729504899,66.01963282295011,548.4374389648438,0.0,0.03415028458570488,True,False,False
train_000250,train,0.0,67,67,POL K2,POL,POL,K,2,2.0,,2000.0,60.0,10.806739838052437,0.8867730795359025,25.61020496752192,84.44947337050948,589.8413543701172,0.0,0.0332086100717506,True,False,False
train_000250,train,0.0,68,68,POL K3,POL,POL,K,3,3.0,,2000.0,60.0,10.157892275303261,1.3688332974200432,25.66531011577503,109.76950429312028,804.2940368652344,0.0,0.03130859423828532,True,False,False
train_000250,train,0.0,69,69,POL K4,POL,POL,K,4,4.0,,2000.0,60.0,13.236148839606173,2.096688191039707,27.235758303182767,117.33657562804618,1044.1386413574219,0.0,0.035475295627463564,True,False,False
train_000250,train,0.0,70,70,POL K5,POL,POL,K,5,5.0,,2000.0,60.0,13.868338365956452,1.6701958458661732,27.648064858635113,115.47094977181949,1045.7991027832031,0.0,0.03556696305802548,True,False,False
train_000250,train,0.0,71,71,POL K6,POL,POL,K,6,6.0,,2000.0,60.0,12.239306106979022,1.3631678236394729,27.293992475593363,103.41197982281223,835.7405700683594,0.0,0.03645030375253127,True,False,False
train_000250,train,0.0,72,72,POL K7,POL,POL,K,7,7.0,,2000.0,60.0,13.27972045903351,1.6668446822676501,28.32015002928511,76.09346340089914,633.1046142578125,0.0,0.03923366028050234,True,False,False
train_000250,train,0.0,73,73,POL K8,POL,POL,K,8,8.0,,2000.0,60.0,15.535217362165909,2.413670150905253,30.08141549331895,47.75285258306537,416.6015319824219,0.0,0.0433586946557888,True,False,False
train_000250,train,0.0,74,74,POL L1,POL,POL,L,1,1.0,,2000.0,60.0,15.232987398977357,0.2732101108768935,29.53828248259764,64.25721156405343,594.4332885742188,0.0,0.02830023583529863,True,False,False
train_000250,train,0.0,75,75,POL L2,POL,POL,L,2,2.0,,2000.0,60.0,12.934777406548335,0.3031614560216538,27.973971005870677,82.25806608057957,1084.0811767578125,0.0,0.025891882432353602,True,False,False
train_000250,train,0.0,76,76,POL L3,POL,POL,L,3,3.0,,2000.0,60.0,12.595485378561024,1.4505252880646498,28.312778023328175,85.96149439565028,1143.3579406738281,0.0,0.024891874098950825,True,False,False
train_000250,train,0.0,77,77,POL L4,POL,POL,L,4,4.0,,2000.0,60.0,16.80008812672331,1.9070508456372834,31.322176029514214,96.7331160380706,1017.6752624511719,0.0,0.028091900765839714,True,False,False
train_000250,train,0.0,78,78,POL L5,POL,POL,L,5,5.0,,2000.0,60.0,17.406711246694552,1.911382134395046,33.11185433719237,101.49307074788138,981.4437866210938,0.0,0.0270418920157668,True,False,False
train_000250,train,0.0,79,79,POL L6,POL,POL,L,6,6.0,,2000.0,60.0,16.66314974149604,1.246984056640045,31.825294801258867,95.95295401440262,821.2864074707031,0.0,0.029991916599304995,True,False,False
train_000250,train,0.0,80,80,POL L7,POL,POL,L,7,7.0,,2000.0,60.0,37.362896604474706,16.884611249852817,46.7502299253612,79.12986863757033,694.0426330566406,0.0,0.00585838215318461,True,True,True
train_000250,train,0.0,81,81,POL L8,POL,POL,L,8,8.0,,2000.0,60.0,45.45869477868942,22.707119001302736,48.22768846694672,73.81360632417746,623.5347137451172,0.0,0.005525046042050351,True,True,True
train_000250,train,0.0,82,82,EEG M1-Ref,EEG,EEG ...-Ref,M,1,1.0,-Ref,2000.0,60.0,35.218512474820955,12.423687952576092,42.60065541760538,60.117574846185576,490.03883361816406,0.0,0.006775056458803824,True,True,True
train_000250,train,0.0,83,83,EEG M2-Ref,EEG,EEG ...-Ref,M,2,2.0,-Ref,2000.0,60.0,37.154834954892436,13.66364772064323,42.677118550282174,62.03257585409192,507.3240661621094,0.0,0.007100059167159727,True,True,True
train_000250,train,0.0,84,84,POL M3,POL,POL,M,3,3.0,,2000.0,60.0,35.82882833183825,13.07593957887237,43.66628481829214,64.41934960678148,522.0699920654297,0.0,0.006966724722706022,True,True,True
train_000250,train,0.0,85,85,POL M4,POL,POL,M,4,4.0,,2000.0,60.0,33.77571416061408,11.808305916638473,43.24032650343583,63.28644016495411,557.8124389648438,0.0,0.006675055625463546,True,True,True
train_000250,train,0.0,86,86,POL M5,POL,POL,M,5,5.0,,2000.0,60.0,32.45306801084891,10.821419108450637,42.62811274709569,66.19194096840152,632.7147979736328,0.0,0.006633388611571763,True,True,True
train_000250,train,0.0,87,87,POL M6,POL,POL,M,6,6.0,,2000.0,60.0,31.598003840696904,10.010983491066224,41.564789446391075,74.37811783295442,773.5338439941406,0.0,0.0070083917365978046,True,True,True
train_000250,train,0.0,88,88,POL M7,POL,POL,M,7,7.0,,2000.0,60.0,31.06649860133375,9.976736823237935,41.733490961424955,76.19679989444724,814.7447204589844,0.0,0.006450053750447921,True,True,False
train_000250,train,0.0,89,89,POL M8,POL,POL,M,8,8.0,,2000.0,60.0,31.639658561235834,10.632479278638431,42.20388164868889,76.73162765440577,762.7912292480469,0.0,0.00692505770881424,True,True,True
train_000250,train,0.0,90,90,POL M9,POL,POL,M,9,9.0,,2000.0,60.0,33.667475725919104,12.041769541155233,42.934627172613645,55.62769444450129,551.7575073242188,0.0,0.00630838590321586,True,True,True
train_000250,train,0.0,91,91,POL N1,POL,POL,N,1,1.0,,2000.0,60.0,31.93147358880175,10.342371135348824,42.6686085397558,53.398096068036544,444.5311584472656,0.0,0.007058392153267944,True,True,True
train_000250,train,0.0,92,92,POL N2,POL,POL,N,2,2.0,,2000.0,60.0,30.636551836027834,9.48690162517739,41.56676226085372,54.90553097321263,517.968505859375,0.0,0.006908390903257527,True,True,False
train_000250,train,0.0,93,93,POL N3,POL,POL,N,3,3.0,,2000.0,60.0,30.07916309959669,9.624208319599799,41.6033002668409,57.01452152613359,594.8240356445312,0.0,0.007050058750489588,True,True,False
train_000250,train,0.0,94,94,POL N4,POL,POL,N,4,4.0,,2000.0,60.0,30.473067018498856,10.229305826972272,41.91682730036809,58.72101718573723,626.8553771972656,0.0,0.006908390903257527,True,True,True
train_000250,train,0.0,95,95,POL N5,POL,POL,N,5,5.0,,2000.0,60.0,30.785271840733888,10.664330366121053,42.2508324092328,59.41179502911318,632.6169891357422,0.0,0.006466720556004633,True,True,True
train_000250,train,0.0,96,96,POL N6,POL,POL,N,6,6.0,,2000.0,60.0,31.08315616887687,11.051971453798465,42.70150602178642,58.6911046471834,593.5544738769531,0.0,0.006533387778231485,True,True,True
train_000250,train,0.0,97,97,POL N7,POL,POL,N,7,7.0,,2000.0,60.0,31.584982369819432,11.757755066775195,42.77560884695969,57.743621186063066,535.7418365478516,0.0,0.0067917232643605364,True,True,True
train_000250,train,0.0,98,98,POL N8,POL,POL,N,8,8.0,,2000.0,60.0,32.69994886760375,12.555638806082062,43.74530245711311,43.70194074407716,312.1090850830078,0.0,0.006766723056025467,True,True,True
train_000250,train,0.0,99,99,POL N9,POL,POL,N,9,9.0,,2000.0,60.0,42.81878930818661,18.537008799399462,46.51024983769881,40.16130216372619,276.2693099975586,0.0,0.00600005000041667,True,True,True
train_000250,train,0.0,100,100,EEG P1-Ref,EEG,EEG ...-Ref,P,1,1.0,-Ref,2000.0,60.0,31.917274982117377,10.516739474926913,41.940849224249135,52.303935499703485,385.83973693847656,0.0,0.006700055833798615,True,True,True
train_000250,train,0.0,101,101,EEG P2-Ref,EEG,EEG ...-Ref,P,2,2.0,-Ref,2000.0,60.0,33.34179551249251,11.757099095917829,43.1339355279135,51.98265092597015,379.4919738769531,0.0,0.006533387778231485,True,True,True
train_000250,train,0.0,102,102,EEG P3-Ref,EEG,EEG ...-Ref,P,3,3.0,-Ref,2000.0,60.0,31.31225513983713,10.39204828916291,42.218888868328996,54.746987050961614,447.6548156738281,0.0,0.006816723472695606,True,True,True
train_000250,train,0.0,103,103,EEG P4-Ref,EEG,EEG ...-Ref,P,4,4.0,-Ref,2000.0,60.0,29.73715966280843,9.54536770099357,41.73866166962235,58.64518367907656,502.34327697753906,0.0,0.006416720139334494,True,True,False
train_000250,train,0.0,104,104,EEG P5-Ref,EEG,EEG ...-Ref,P,5,5.0,-Ref,2000.0,60.0,28.533360608888838,8.926173231437597,41.068027818380045,65.54510459761255,492.77142333984375,0.0,0.006816723472695606,True,True,False
train_000250,train,0.0,105,105,EEG P6-Ref,EEG,EEG ...-Ref,P,6,6.0,-Ref,2000.0,60.0,28.542418499016648,8.74172941499456,41.11901398588421,85.41367419230434,715.3296203613281,0.0,0.00647505395878299,True,True,False
train_000250,train,0.0,106,106,EEG P7-Ref,EEG,EEG ...-Ref,P,7,7.0,-Ref,2000.0,60.0,30.121481675332838,9.775238441289373,42.14699109140896,78.71180834040311,620.8004302978516,0.0,0.006391719930999425,True,True,False
train_000250,train,0.0,107,107,EEG P8-Ref,EEG,EEG ...-Ref,P,8,8.0,-Ref,2000.0,60.0,32.00713490194743,11.802659362584977,43.38498048406614,48.96982526357623,373.6326141357422,0.0,0.006291719097659148,True,True,True
train_000250,train,0.0,108,108,POL R1,POL,POL,R,1,1.0,,2000.0,60.0,31.534052129221813,10.559086912719739,41.70371456301119,60.78184109705095,415.5272216796875,0.0,0.006133384444870374,True,True,True
train_000250,train,0.0,109,109,POL R2,POL,POL,R,2,2.0,,2000.0,60.0,31.46352235121053,10.733256766559922,41.96716125263303,63.333205548066275,433.3006286621094,0.0,0.006266718889324078,True,True,True
train_000250,train,0.0,110,110,POL R3,POL,POL,R,3,3.0,,2000.0,60.0,29.010741135094325,8.417497872508049,40.15015562009553,61.420151537170035,437.30442810058594,0.0,0.0063000525004375035,True,True,False
train_000250,train,0.0,111,111,POL R4,POL,POL,R,4,4.0,,2000.0,60.0,26.740807938504073,6.712324110545297,38.44160030675035,70.16871566914496,482.90997314453125,0.0,0.0065667213893449115,True,True,False
train_000250,train,0.0,112,112,POL R5,POL,POL,R,5,5.0,,2000.0,60.0,28.48031111611987,8.71223023591792,40.46388819301798,67.15455888531199,454.78497314453125,0.0,0.006508387569896416,True,True,False
train_000250,train,0.0,113,113,POL R6,POL,POL,R,6,6.0,,2000.0,60.0,26.843765766277503,8.034362088347336,39.78273208630061,73.57727010672389,515.7226257324219,0.0,0.0062500520837673644,True,True,False
train_000250,train,0.0,114,114,POL R7,POL,POL,R,7,7.0,,2000.0,60.0,30.113344013166863,9.771227131443775,40.994166084375784,58.82327050964908,408.30055236816406,0.0,0.00650005416711806,True,True,False
train_000250,train,0.0,115,115,POL R8,POL,POL,R,8,8.0,,2000.0,60.0,33.8374784295093,13.71750052656701,43.63751658437458,47.16079201285785,347.7538604736328,0.0,0.006525054375453128,True,True,True
train_000250,train,0.0,116,116,POL R9,POL,POL,R,9,9.0,,2000.0,60.0,31.237244580537915,11.88269207789753,42.20051210591434,48.05676065121684,368.4568176269531,0.0,0.006716722639355328,True,True,True
train_000250,train,0.0,117,117,POL R10,POL,POL,R,10,10.0,,2000.0,60.0,27.116399212480133,7.114482112173395,37.76526949582272,54.264455934972446,411.0349578857422,0.0,0.006716722639355328,True,True,False
train_000250,train,0.0,118,118,POL R11,POL,POL,R,11,11.0,,2000.0,60.0,26.960350147447556,7.9167186075768905,40.7239032520814,52.84018919857364,409.2770690917969,0.0,0.006325052708772573,True,True,False
train_000250,train,0.0,119,119,POL R12,POL,POL,R,12,12.0,,2000.0,60.0,28.9525083011226,10.023398654224273,42.778469134509976,53.45914055517737,391.21083068847656,0.0,0.0061667180559838,True,True,True
train_000250,train,0.0,120,120,POL R13,POL,POL,R,13,13.0,,2000.0,60.0,26.865906454556466,7.247545494801581,40.531166770511234,55.80650675432836,421.48414611816406,0.0,0.0064083867365561376,True,True,False
train_000250,train,0.0,121,121,POL R14,POL,POL,R,14,14.0,,2000.0,60.0,25.871006745357175,7.583203611594616,40.17057896621594,58.888000179873295,456.3456573486328,0.0,0.006608388403236694,True,True,False
train_000250,train,0.0,122,122,POL R15,POL,POL,R,15,15.0,,2000.0,60.0,26.192829188515113,7.780355269107454,40.65697438636378,60.91649289229815,473.0448760986328,0.0,0.006700055833798615,True,True,False
train_000250,train,0.0,123,123,POL R16,POL,POL,R,16,16.0,,2000.0,60.0,26.302427869637466,7.948823429813148,40.760285520187935,61.75149543407819,489.54994201660156,0.0,0.006708389236576971,True,True,False
train_000250,train,0.0,124,124,POL AC1,POL,POL,AC,1,1.0,,2000.0,60.0,32.16471061743117,12.060902405685578,43.304275258152856,57.20446427496144,460.64434814453125,0.0,0.006358386319885999,True,True,True
train_000250,train,0.0,125,125,POL AC2,POL,POL,AC,2,2.0,,2000.0,60.0,35.491415021884116,14.470960450024656,44.675374382032295,54.05462048097705,416.8944549560547,0.0,0.006441720347669564,True,True,True
train_000250,train,0.0,126,126,POL AC3,POL,POL,AC,3,3.0,,2000.0,60.0,37.553397467882206,15.333505775126488,44.93519517421098,49.99581511811388,382.8122253417969,0.0,0.0062417186809890085,True,True,True
train_000250,train,0.0,127,127,POL AC4,POL,POL,AC,4,4.0,,2000.0,60.0,38.44408780413992,15.75107486153354,44.86047180740846,48.902242429685494,379.2967529296875,0.0,0.005958382986524888,True,True,True
train_000250,train,0.0,128,128,POL AC5,POL,POL,AC,5,5.0,,2000.0,60.0,38.44847696944024,15.564738606332915,44.67061824350763,47.767319263025264,364.843505859375,0.0,0.006266718889324078,True,True,True
train_000250,train,0.0,129,129,POL AC6,POL,POL,AC,6,6.0,,2000.0,60.0,38.04364276532557,15.746887483220531,44.73175602242528,48.07152234566117,364.74603271484375,0.0,0.006266718889324078,True,True,True
train_000250,train,0.0,130,130,POL AC7,POL,POL,AC,7,7.0,,2000.0,60.0,37.03727184218786,14.999398649182305,44.760074722279114,47.91832597024507,362.4998474121094,0.0,0.006591721597679981,True,True,True
train_000250,train,0.0,131,131,POL AC8,POL,POL,AC,8,8.0,,2000.0,60.0,35.985018077107505,14.36530773971208,44.06010520098996,49.304912473015136,381.93353271484375,0.0,0.0062417186809890085,True,True,True
train_000250,train,0.0,132,132,POL AC9,POL,POL,AC,9,9.0,,2000.0,60.0,35.41406060684054,14.122554991509524,44.25735077343565,53.06643434269004,403.1249237060547,0.0,0.0057500479170659756,True,True,True
train_000250,train,0.0,133,133,POL AC10,POL,POL,AC,10,10.0,,2000.0,60.0,33.95796604836539,13.12231042221853,43.591999268608,52.32852149349142,413.9645538330078,0.0,0.006341719514329286,True,True,True
train_000250,train,0.0,134,134,POL AC11,POL,POL,AC,11,11.0,,2000.0,60.0,30.129623724914513,9.731951743781586,40.21541966620173,57.59077859591686,428.0271301269531,0.0,0.006108384236535304,True,True,False
train_000250,train,0.0,135,135,POL AC12,POL,POL,AC,12,12.0,,2000.0,60.0,27.40601299885085,7.445507707709193,39.477466917344145,66.26047233147398,441.60113525390625,0.0,0.006441720347669564,True,True,False
train_000250,train,0.0,136,136,POL AC13,POL,POL,AC,13,13.0,,2000.0,60.0,29.991512419088743,9.811305022076786,42.04832927722408,56.10107698237754,411.03492736816406,0.0,0.006316719305994216,True,True,False
train_000250,train,0.0,137,137,POL AC14,POL,POL,AC,14,14.0,,2000.0,60.0,31.124282767105033,10.871386308301282,42.36976868918677,56.259131347726075,430.95672607421875,0.0,0.006733389444912041,True,True,True
train_000250,train,0.0,138,138,POL AC15,POL,POL,AC,15,15.0,,2000.0,60.0,40.39891484990059,29.464220677594426,43.24651673557433,52.18759058053506,410.15562438964844,0.0,0.0033166943057858817,True,True,True
train_000250,train,0.0,139,139,POL AC16,POL,POL,AC,16,16.0,,2000.0,60.0,30.428257023840036,10.440350079042826,42.30162220976432,58.53158089389305,471.3863983154297,0.0,0.006533387778231485,True,True,True
train_000260,train,0.0,0,0,POL E1,POL,POL,E,1,1.0,,2000.0,60.0,3.703086230413246,1.8822463624819914,4.900108418555564,33.01295733429017,238.47650909423828,0.0,0.038458653822115184,False,False,False
train_000260,train,0.0,1,1,POL E2,POL,POL,E,2,2.0,,2000.0,60.0,3.693463196505102,0.029919736495613056,5.329969152652277,29.939965406856174,225.683349609375,0.0,0.03730031083592363,False,False,False
train_000260,train,0.0,2,2,POL E3,POL,POL,E,3,3.0,,2000.0,60.0,3.4101643034084024,-0.13813162330801343,4.645437583030149,28.477036332971753,214.15998077392578,0.0,0.037575313127609394,False,False,False
train_000260,train,0.0,3,3,POL E4,POL,POL,E,4,4.0,,2000.0,60.0,0.926578423814375,-0.25705894049578243,2.8236594699680984,35.079127463861994,258.20264434814453,0.0,0.03318360986341553,False,False,False
train_000260,train,0.0,4,4,POL E5,POL,POL,E,5,5.0,,2000.0,60.0,1.3773990551767088,0.1200068571951262,2.782744704337641,34.735010516479704,253.90599060058594,0.0,0.03199193326611055,False,False,False
train_000260,train,0.0,5,5,POL E6,POL,POL,E,6,6.0,,2000.0,60.0,2.0042212858429203,0.10654445626577838,4.32516383717662,40.51618110855591,280.7611618041992,0.0,0.03479195659963833,False,False,False
train_000260,train,0.0,6,6,POL E7,POL,POL,E,7,7.0,,2000.0,60.0,2.013622222616999,-0.10412409934147715,4.8056967572865,45.35329274380228,304.8822784423828,0.0,0.03461695514129284,False,False,False
train_000260,train,0.0,7,7,POL E8,POL,POL,E,8,8.0,,2000.0,60.0,2.5349327761572704,0.287146676101134,4.767605040322126,37.54206168015519,260.6439971923828,0.0,0.03402528354402953,False,False,False
train_000260,train,0.0,8,8,POL E9,POL,POL,E,9,9.0,,2000.0,60.0,1.663694251099893,0.1873102476760966,3.424651252301529,35.73607027021561,276.56195068359375,0.0,0.032083600696672473,False,False,False
train_000260,train,0.0,9,9,POL E10,POL,POL,E,10,10.0,,2000.0,60.0,1.3406378000254673,-0.3157138306514582,2.278020526244066,38.40758537774817,276.6598434448242,0.0,0.030100250835423628,False,False,False
train_000260,train,0.0,10,10,POL E13,POL,POL,E,13,13.0,,2000.0,60.0,1.0186607899426057,0.19175542041090748,2.568888073870479,39.21926788189997,304.7848358154297,0.0,0.026200218335152792,False,False,False
train_000260,train,0.0,11,11,POL E14,POL,POL,E,14,14.0,,2000.0,60.0,1.101311469371056,0.4315657399736985,2.5138982801159933,31.386823086375248,243.26142120361328,0.0,0.030583588196568305,False,False,False
train_000260,train,0.0,12,12,EEG F1-Ref,EEG,EEG ...-Ref,F,1,1.0,-Ref,2000.0,60.0,3.5540363229406062,1.1469437544064245,4.29251483337168,41.424297522734044,264.8436050415039,0.0,0.03837531979433162,False,False,False
train_000260,train,0.0,13,13,EEG F2-Ref,EEG,EEG ...-Ref,F,2,2.0,-Ref,2000.0,60.0,2.753472986453522,0.8810812590527053,3.3584106548001125,35.34169932864062,244.43358612060547,0.0,0.039325327711064256,False,False,False
train_000260,train,0.0,14,14,EEG F3-Ref,EEG,EEG ...-Ref,F,3,3.0,-Ref,2000.0,60.0,2.1313547865982985,1.2010745756676497,2.9367730718696,35.65725580480952,256.5429382324219,0.0,0.03762531354427954,False,False,False
train_000260,train,0.0,15,15,EEG F4-Ref,EEG,EEG ...-Ref,F,4,4.0,-Ref,2000.0,60.0,2.0798271559283994,0.6430231699148982,4.340311858177392,32.65528226716902,219.33580017089844,0.0,0.035016958474653956,False,False,False
train_000260,train,0.0,16,16,EEG F5-Ref,EEG,EEG ...-Ref,F,5,5.0,-Ref,2000.0,60.0,1.9449927498424917,0.6079829767248272,3.874062143752048,40.50045820408088,267.28470611572266,0.0,0.03499195826631889,False,False,False
train_000260,train,0.0,17,17,EEG F6-Ref,EEG,EEG ...-Ref,F,6,6.0,-Ref,2000.0,60.0,2.0044512084208,0.6937395419874919,5.39193981977363,34.42694197088908,241.69871520996094,0.0,0.03436695305794215,False,False,False
train_000260,train,0.0,18,18,EEG F7-Ref,EEG,EEG ...-Ref,F,7,7.0,-Ref,2000.0,60.0,2.75363473309718,-0.07905499323580444,5.2196723278443935,40.64238607950773,299.4138946533203,0.0,0.03315860965508046,False,False,False
train_000260,train,0.0,19,19,EEG F8-Ref,EEG,EEG ...-Ref,F,8,8.0,-Ref,2000.0,60.0,2.254516690206885,0.3548678588098291,4.060726923794154,39.66518176406021,266.99195861816406,0.0,0.03171693097442479,False,False,False
train_000260,train,0.0,20,20,EEG F9-Ref,EEG,EEG ...-Ref,F,9,9.0,-Ref,2000.0,60.0,1.335466530772404,0.6740799580538845,3.1435940234533675,44.14651872782856,336.4253692626953,0.0,0.030091917432645273,False,False,False
train_000260,train,0.0,21,21,POL E11,POL,POL,E,11,11.0,,2000.0,60.0,1.3863531536827753,0.12211483939757803,2.2240251027786244,39.01221096792625,292.6755065917969,0.0,0.02758356319635997,False,False,False
train_000260,train,0.0,22,22,POL E12,POL,POL,E,12,12.0,,2000.0,60.0,1.2604428269008214,0.05735907955530941,2.006965559585856,41.2607614897925,309.5700988769531,0.0,0.026366886390719924,False,False,False
train_000260,train,0.0,23,23,EEG F10-Ref,EEG,EEG ...-Ref,F,10,10.0,-Ref,2000.0,60.0,1.1546118532970864,-0.18298068365197928,0.5390584994521854,43.86740679015285,314.45286560058594,0.0,0.02435853632113601,False,False,False
train_000260,train,0.0,24,24,POL F11,POL,POL,F,11,11.0,,2000.0,60.0,1.9510222346529629,0.9536186626002059,1.803251953879065,48.532500883262315,399.6088104248047,0.0,0.020141834515287626,False,False,False
train_000260,train,0.0,25,25,POL F12,POL,POL,F,12,12.0,,2000.0,60.0,2.0877780551524627,0.3247968783232557,1.7871304313153147,55.60325157781234,454.2963562011719,0.0,0.018816823473528945,False,False,False
train_000260,train,0.0,26,26,POL F13,POL,POL,F,13,13.0,,2000.0,60.0,1.476358224678465,0.2808525352133444,0.9338335926670691,54.102943495340284,459.08116149902344,0.0,0.019916832640272,False,False,False
train_000260,train,0.0,27,27,POL F14,POL,POL,F,14,14.0,,2000.0,60.0,1.2865609478792137,0.6196465466535954,1.4622339102100548,47.168825870813194,425.2921905517578,0.0,0.023733531112759273,False,False,False
train_000260,train,0.0,28,28,POL F15,POL,POL,F,15,15.0,,2000.0,60.0,1.1393446811396197,0.3089504884551278,2.15656424028065,39.84134573560268,332.6165008544922,0.0,0.02926691055758798,False,False,False
train_000260,train,0.0,29,29,POL G1,POL,POL,G,1,1.0,,2000.0,60.0,2.142724386396003,0.2622672347057748,2.3834242789021554,37.76630695109623,254.7849578857422,0.0,0.03159192993274944,False,False,False
train_000260,train,0.0,30,30,POL G2,POL,POL,G,2,2.0,,2000.0,60.0,1.6326854367967683,-0.5151337026586085,2.034321227208445,37.41516187656862,288.2811584472656,0.0,0.03005025041875349,False,False,False
train_000260,train,0.0,31,31,POL G3,POL,POL,G,3,3.0,,2000.0,60.0,3.391582340562147,1.0986500869463174,4.9036601893836576,45.346785147624345,307.8118591308594,0.0,0.0373836448637072,False,False,False
train_000260,train,0.0,32,32,POL G4,POL,POL,G,4,4.0,,2000.0,60.0,3.341657061639375,0.49313840578507306,5.610632403621162,37.6315304934245,272.8508071899414,0.0,0.039475328961074675,False,False,False
train_000260,train,0.0,33,33,POL G5,POL,POL,G,5,5.0,,2000.0,60.0,3.109688039022128,0.5573808746703867,5.440151650951062,37.615793949114,259.667724609375,0.0,0.03685030708589238,False,False,False
train_000260,train,0.0,34,34,POL G6,POL,POL,G,6,6.0,,2000.0,60.0,2.7272216688965045,0.5433398477615243,4.514140047399597,33.32604343502911,233.1051254272461,0.0,0.03586696555804632,False,False,False
train_000260,train,0.0,35,35,POL G7,POL,POL,G,7,7.0,,2000.0,60.0,2.9371530163163104,0.6727586193316876,5.400390169589557,33.270954759144445,232.22618865966797,0.0,0.033383611530096086,False,False,False
train_000260,train,0.0,36,36,POL DC01,POL,POL,DC,01,1.0,,2000.0,60.0,0.11017905072972262,-0.018118218296525088,-0.011501394002013103,85.72172489890438,732.6002807617188,0.0,0.910632588604905,False,False,False
train_000260,train,0.0,37,37,POL DC02,POL,POL,DC,02,2.0,,2000.0,60.0,0.009135824913438739,-0.028457152955665494,-1.338817079224598,110.0932701675293,732.5999755859375,0.10031666666666667,0.8585654880457337,False,False,False
train_000260,train,0.0,38,38,POL DC03,POL,POL,DC,03,3.0,,2000.0,60.0,0.3272977678255768,-0.5290549109986812,-0.27164837174524314,36.91881597890409,732.5999755859375,0.007983333333333334,0.9811665097209143,False,False,False
train_000260,train,0.0,39,39,POL DC04,POL,POL,DC,04,4.0,,2000.0,60.0,-0.37198363373612375,-0.6481625780555649,-0.43510125751945816,99.0301708322842,732.5999755859375,0.00011666666666666667,0.8844990374919791,False,False,False
train_000260,train,0.0,40,40,POL DC05,POL,POL,DC,05,5.0,,2000.0,60.0,0.36306208306791277,0.2506913726816728,0.20543054584217832,37.03902439891425,732.6002807617188,0.0,0.9812998441653681,False,False,False
train_000260,train,0.0,41,41,POL DC06,POL,POL,DC,06,6.0,,2000.0,60.0,0.4146995802541765,0.12265294785492208,0.7510937707360277,180.07867709540142,366.29998779296875,0.40881666666666666,0.6619888499070825,False,False,False
train_000260,train,0.0,42,42,POL DC07,POL,POL,DC,07,7.0,,2000.0,60.0,-0.155342232584949,-1.2731590294398676,1.2403355601063961,164.9634137719692,732.6002807617188,0.0,0.7083059025491879,False,False,False
train_000260,train,0.0,43,43,POL DC08,POL,POL,DC,08,8.0,,2000.0,60.0,-0.03189249097947875,0.41739039796887334,-0.23444320753373132,180.46772416590616,366.29998779296875,0.5852583333333333,0.659405495045792,False,False,False
train_000260,train,0.0,44,44,POL DC09,POL,POL,DC,09,9.0,,2000.0,60.0,-0.1314567355241866,0.5314404762965185,-0.40034290141468054,42.88968955286952,732.5999755859375,0.011866666666666666,0.975149792914941,False,False,False
train_000260,train,0.0,45,45,POL DC10,POL,POL,DC,10,10.0,,2000.0,60.0,1.066990073085117,-0.17389471008517451,-0.548740207912326,179.83026967898036,366.29998779296875,0.40523333333333333,0.6633055275460629,False,False,False
train_000260,train,0.0,46,46,POL DC11,POL,POL,DC,11,11.0,,2000.0,60.0,0.04389504317322135,-0.7891086689728143,0.6695145999751552,162.75492483970132,366.29998779296875,0.2707,0.712189268243902,False,False,False
train_000260,train,0.0,47,47,POL DC12,POL,POL,DC,12,12.0,,2000.0,60.0,0.40313617950589975,-1.3619741241664935,-0.14932148052073232,177.8256853044037,366.29998779296875,0.3803166666666667,0.6675138959491329,False,False,False
train_000260,train,0.0,48,48,POL DC13,POL,POL,DC,13,13.0,,2000.0,60.0,0.6142908738396425,0.8819850965788639,0.6986722499050233,55.5426016006976,732.5999755859375,0.022725,0.9597413311777598,False,False,False
train_000260,train,0.0,49,49,POL DC14,POL,POL,DC,14,14.0,,2000.0,60.0,-0.9911047136738521,0.13563022487861284,0.20556717876795033,34.24139556077199,732.6002807617188,0.0,0.9839998666655555,False,False,False
train_000260,train,0.0,50,50,POL DC15,POL,POL,DC,15,15.0,,2000.0,60.0,0.29299960397401603,0.28175432788423477,-0.7392164148233539,178.82853736636088,366.3001377929759,0.0,0.6644888707405895,False,False,False
train_000260,train,0.0,51,51,POL DC16,POL,POL,DC,16,16.0,,2000.0,60.0,-0.06362802383372768,0.18380158220815537,0.6058534506645323,115.36094467421738,732.6002807617188,0.0,0.849198743322861,False,False,False
train_000260,train,0.0,52,52,POL G8,POL,POL,G,8,8.0,,2000.0,60.0,2.3713580784737402,0.06360265808393947,4.41222554302577,42.96693008808909,284.1794891357422,0.0,0.034891957432978606,False,False,False
train_000260,train,0.0,53,53,POL G9,POL,POL,G,9,9.0,,2000.0,60.0,1.629071014630366,0.6920404438122156,3.0047797742510762,45.45071494523264,327.5388641357422,0.0,0.032833606946724554,False,False,False
train_000260,train,0.0,54,54,POL G10,POL,POL,G,10,10.0,,2000.0,60.0,1.1387328402668975,-0.1365497978396595,2.5942778803392095,53.5143231962748,402.63665771484375,0.0,0.030991924932707773,False,False,False
train_000260,train,0.0,55,55,POL G11,POL,POL,G,11,11.0,,2000.0,60.0,1.4781398523670206,0.14040813740309568,3.0978474794264037,45.67719491167926,342.9679718017578,0.0,0.02931691097425812,False,False,False
train_000260,train,0.0,56,56,POL G12,POL,POL,G,12,12.0,,2000.0,60.0,1.6970906998117101,0.5029392349929628,2.1007265227977543,46.827590100228115,342.77325439453125,0.0,0.026925224376869807,False,False,False
train_000260,train,0.0,57,57,POL G13,POL,POL,G,13,13.0,,2000.0,60.0,1.5859769188756234,0.15017029109827026,1.72048899768212,49.539371365008556,379.8822937011719,0.0,0.024991874932291103,False,False,False
train_000260,train,0.0,58,58,POL G14,POL,POL,G,14,14.0,,2000.0,60.0,1.643732685881889,0.8060453560305126,1.803777373996799,49.52682883462782,356.4451446533203,0.0,0.026475220626838557,False,False,False
train_000260,train,0.0,59,59,POL G15,POL,POL,G,15,15.0,,2000.0,60.0,1.8451177701091654,0.91312733733017,1.7758692400645617,49.93394352943185,349.8045349121094,0.0,0.025650213751781264,False,False,False
train_000260,train,0.0,60,60,POL G16,POL,POL,G,16,16.0,,2000.0,60.0,1.8007792537514522,1.1191801854097536,2.0824713993834885,43.4343880450045,301.8553771972656,0.0,0.02867523896032467,False,False,False
train_000260,train,0.0,61,61,POL H1,POL,POL,H,1,1.0,,2000.0,60.0,3.174463086406423,0.8495822521243078,2.9319225204884836,30.267329752319505,231.73817443847656,0.0,0.032033600280002336,False,False,False
train_000260,train,0.0,62,62,POL H2,POL,POL,H,2,2.0,,2000.0,60.0,2.512672340313975,1.0311082400698415,3.410749413695457,30.944845331787313,231.7380142211914,0.0,0.04000033333611113,False,False,False
train_000260,train,0.0,63,63,POL H3,POL,POL,H,3,3.0,,2000.0,60.0,20.8100083090325,12.055233658221937,17.86384354785129,32.29901948798516,232.42185974121094,0.0,0.018916824306869223,True,True,True
train_000260,train,0.0,64,64,POL H4,POL,POL,H,4,4.0,,2000.0,60.0,2.9413729820714316,0.5046480649582599,4.65911510752405,33.577059024295124,234.37486267089844,0.0,0.03972533104442537,False,False,False
train_000260,train,0.0,65,65,POL H5,POL,POL,H,5,5.0,,2000.0,60.0,1.2883273827327266,0.11723062395001466,3.48188475272645,32.12395724948546,215.62478637695312,0.0,0.036816973474778955,False,False,False
train_000260,train,0.0,66,66,POL H6,POL,POL,H,6,6.0,,2000.0,60.0,2.557919498774997,0.7114415368880745,4.671127044987242,39.53893404364137,275.7810516357422,0.0,0.0371336427803565,False,False,False
train_000260,train,0.0,67,67,POL H7,POL,POL,H,7,7.0,,2000.0,60.0,2.905844038983452,1.1476945393910238,5.372799124347684,43.492825081631054,291.3084945678711,0.0,0.037108642572021434,False,False,False
train_000260,train,0.0,68,68,POL H8,POL,POL,H,8,8.0,,2000.0,60.0,2.6232737520473974,0.5373790253815561,5.024721501760039,37.65569480536736,265.7223129272461,0.0,0.035466962224685206,False,False,False
train_000260,train,0.0,69,69,POL H9,POL,POL,H,9,9.0,,2000.0,60.0,1.700253680159201,-0.08312899848424544,3.9700071041078933,35.74048031001539,267.57794189453125,0.0,0.0350086250718756,False,False,False
train_000260,train,0.0,70,70,POL H10,POL,POL,H,10,10.0,,2000.0,60.0,1.354986197741024,-0.27060495398295614,3.8441508688897734,36.211857357202554,273.0461730957031,0.0,0.03195859965499712,False,False,False
train_000260,train,0.0,71,71,POL H11,POL,POL,H,11,11.0,,2000.0,60.0,1.7387014280702755,-0.6372992944401912,2.992875361210036,38.71120764934867,285.6438446044922,0.0,0.028841907015891798,False,False,False
train_000260,train,0.0,72,72,POL H12,POL,POL,H,12,12.0,,2000.0,60.0,1.7941696801663973,-0.6348727713027507,3.1953452358397976,40.28611279722547,312.10899353027344,0.0,0.027825231876932307,False,False,False
train_000260,train,0.0,73,73,POL H13,POL,POL,H,13,13.0,,2000.0,60.0,1.8938036972286065,-0.7306120719518551,2.8634659803960556,38.899549851679616,307.2261505126953,0.0,0.02725022708522571,False,False,False
train_000260,train,0.0,74,74,POL H14,POL,POL,H,14,14.0,,2000.0,60.0,1.9869710467090926,-0.08294540604531028,3.274280271225311,31.36406269212723,243.06624603271484,0.0,0.03313360944674539,False,False,False
train_000260,train,0.0,75,75,POL H15,POL,POL,H,15,15.0,,2000.0,60.0,1.4155406105246966,0.18504916239027394,3.1310125000770626,29.043356898359757,232.6169204711914,0.0,0.03508362569688081,False,False,False
train_000260,train,0.0,76,76,POL I1,POL,POL,I,1,1.0,,2000.0,60.0,2.3203978674018293,0.3461881141049469,2.4106368638262547,36.35990537847317,281.54270935058594,0.0,0.032666938891157425,False,False,False
train_000260,train,0.0,77,77,POL I2,POL,POL,I,2,2.0,,2000.0,60.0,2.100814490018648,0.9373480240233205,3.450393830591734,32.079606872753,279.5897674560547,0.0,0.03511695930799423,False,False,False
train_000260,train,0.0,78,78,POL I3,POL,POL,I,3,3.0,,2000.0,60.0,2.921825819742252,0.7306138744232809,4.5144443382240045,44.17089003961684,302.8314666748047,0.0,0.03807531729431079,False,False,False
train_000260,train,0.0,79,79,POL I4,POL,POL,I,4,4.0,,2000.0,60.0,3.180700998771081,0.7285113941545336,5.476691263178365,54.39994742281586,326.56214141845703,0.0,0.03946699555829632,False,False,False
train_000260,train,0.0,80,80,POL I5,POL,POL,I,5,5.0,,2000.0,60.0,2.4059828401656533,0.5604004291564018,11.364571254792637,45.59231019784681,309.08180236816406,0.0,0.03914199284994042,False,False,False
train_000260,train,0.0,81,81,POL I6,POL,POL,I,6,6.0,,2000.0,60.0,2.3770393355798887,0.5279512555631117,10.630562048784702,40.66848751088068,270.80035400390625,0.0,0.03699197493312444,False,False,False
train_000260,train,0.0,82,82,POL I7,POL,POL,I,7,7.0,,2000.0,60.0,2.213782535839121,0.5609765809916727,10.984834385692505,40.88384474739942,341.30833435058594,0.0,0.03746697889149076,False,False,False
train_000260,train,0.0,83,83,POL I8,POL,POL,I,8,8.0,,2000.0,60.0,2.3027202228260086,-0.08088905475519022,10.914143688447437,39.100054155427685,301.75770568847656,0.0,0.037100309169243076,False,False,False
train_000260,train,0.0,84,84,POL I9,POL,POL,I,9,9.0,,2000.0,60.0,1.0937794158091876,-0.38390353503525687,9.410991990291194,53.02949640135687,367.87060546875,0.0,0.03553362944691206,False,False,False
train_000260,train,0.0,85,85,POL I10,POL,POL,I,10,10.0,,2000.0,60.0,0.7923141527228882,-0.19661661351938797,4.595442676132176,37.76492827261404,281.2499237060547,0.0,0.027500229168576404,False,False,False
train_000260,train,0.0,86,86,POL I11,POL,POL,I,11,11.0,,2000.0,60.0,1.0671679461411612,0.4820066377210808,4.515300642577815,41.103509503695825,319.2379608154297,0.0,0.024558537987816566,False,False,False
train_000260,train,0.0,87,87,POL I12,POL,POL,I,12,12.0,,2000.0,60.0,1.3754094858474621,-0.19008952035511242,6.48929249860315,41.49429043687071,334.76551818847656,0.0,0.02830023583529863,False,False,False
train_000260,train,0.0,88,88,POL I13,POL,POL,I,13,13.0,,2000.0,60.0,0.6101535670418059,-0.8308563983918914,8.00525279987641,41.56179839447707,346.8747253417969,0.0,0.030058583821531846,False,False,False
train_000260,train,0.0,89,89,POL I14,POL,POL,I,14,14.0,,2000.0,60.0,0.4493104030903736,-0.6822572312910025,7.644014692960671,42.02083353323859,334.3749084472656,0.0,0.028975241460345504,False,False,False
train_000260,train,0.0,90,90,POL I15,POL,POL,I,15,15.0,,2000.0,60.0,0.6385035360018694,-0.4911862617972076,7.5190634442497375,39.18837256442168,300.2925567626953,0.0,0.030550254585454878,False,False,False
train_000260,train,0.0,91,91,POL I16,POL,POL,I,16,16.0,,2000.0,60.0,0.9610681213573067,-0.06788903097700132,8.24180864942662,33.731272301874164,261.62071228027344,0.0,0.03200026666888891,False,False,False
train_000260,train,0.0,92,92,POL J1,POL,POL,J,1,1.0,,2000.0,60.0,3.4123571067856826,0.6027261471186782,9.657557753479487,30.982652559089647,246.3864517211914,0.0,0.035733631113592616,False,False,False
train_000260,train,0.0,93,93,POL J2,POL,POL,J,2,2.0,,2000.0,60.0,2.7145234853783395,1.2230519092598537,9.374730693221391,29.916818222690825,244.3355712890625,0.0,0.03778364819706831,False,False,False
train_000260,train,0.0,94,94,POL J3,POL,POL,J,3,3.0,,2000.0,60.0,2.9996807189584382,0.9535701643573368,9.951442834620181,31.062307321371165,235.64441680908203,0.0,0.03711697597479979,False,False,False
train_000260,train,0.0,95,95,POL J4,POL,POL,J,4,4.0,,2000.0,60.0,2.770020128687902,0.6780914739310688,10.512588562712512,59.473285869517824,338.67171478271484,0.0,0.03695030791923266,False,False,False
train_000260,train,0.0,96,96,POL J5,POL,POL,J,5,5.0,,2000.0,60.0,2.8085918253182465,-0.06618407873207147,10.338540230978925,70.54452755150255,407.4218444824219,0.0,0.03635863632196935,False,False,False
train_000260,train,0.0,97,97,POL J6,POL,POL,J,6,6.0,,2000.0,60.0,2.239442727098649,0.30795109456702857,10.347677070651638,57.52767267622912,395.70291900634766,0.0,0.03668363903032525,False,False,False
train_000260,train,0.0,98,98,POL J7,POL,POL,J,7,7.0,,2000.0,60.0,2.4903273184636037,0.53743270767043,9.492189598620168,43.01198671507178,317.87093353271484,0.0,0.034708622571854766,False,False,False
train_000260,train,0.0,99,99,POL J8,POL,POL,J,8,8.0,,2000.0,60.0,2.082664472991729,-0.09375131557601199,9.069388231935761,37.29811316389433,311.718505859375,0.0,0.03228360236335303,False,False,False
train_000260,train,0.0,100,100,POL J9,POL,POL,J,9,9.0,,2000.0,60.0,1.4031205164820848,-0.3964893650999826,8.007881803542329,60.85402391025111,414.16004943847656,0.0,0.031066925557712982,False,False,False
train_000260,train,0.0,101,101,POL J10,POL,POL,J,10,10.0,,2000.0,60.0,1.4428798861141767,-0.11818713298070126,8.189658901523014,42.145605919108554,343.7498779296875,0.0,0.031033591946599555,False,False,False
train_000260,train,0.0,102,102,POL J11,POL,POL,J,11,11.0,,2000.0,60.0,1.4712102421118731,0.006548173435164662,7.549534365575442,41.970042857073025,374.2183532714844,0.0,0.028775239793664947,False,False,False
train_000260,train,0.0,103,103,POL J12,POL,POL,J,12,12.0,,2000.0,60.0,0.6200446033788773,0.49546145051652146,6.525254707318892,34.94094878638916,289.15960693359375,0.0,0.03073358944657872,False,False,False
train_000260,train,0.0,104,104,POL J13,POL,POL,J,13,13.0,,2000.0,60.0,0.5655489637859725,0.4602614282869872,7.327688932699234,30.51114756092082,219.140380859375,0.0,0.03299194159951333,False,False,False
train_000260,train,0.0,105,105,EEG M1-Ref,EEG,EEG ...-Ref,M,1,1.0,-Ref,2000.0,60.0,1.6203865064224279,0.6530052535876361,6.199984649335852,61.325555331677414,473.04685974121094,0.0,0.022641855348794572,False,False,False
train_000260,train,0.0,106,106,EEG M2-Ref,EEG,EEG ...-Ref,M,2,2.0,-Ref,2000.0,60.0,1.2192058450703456,1.0660486319311735,4.128317211800564,50.033284233252665,421.5815887451172,0.0,0.023375194793289943,False,False,False
train_000260,train,0.0,107,107,POL M3,POL,POL,M,3,3.0,,2000.0,60.0,0.6085658572902433,1.53103546075962,3.9624381652525993,47.08103823911194,399.2186737060547,0.0,0.02118350986258219,False,False,False
train_000260,train,0.0,108,108,POL M4,POL,POL,M,4,4.0,,2000.0,60.0,2.093365120777248,-0.0894143299397649,6.311025993990162,39.304175422096826,336.91371154785156,0.0,0.026691889099075827,False,False,False
train_000260,train,0.0,109,109,POL M5,POL,POL,M,5,5.0,,2000.0,60.0,2.9315027468790698,-0.08562041956051704,9.759899712859912,108.3930641280933,524.5114440917969,0.0,0.032058600488337405,False,False,False
train_000260,train,0.0,110,110,POL M6,POL,POL,M,6,6.0,,2000.0,60.0,2.487346181678047,0.5002649269200875,10.106860383772977,42.54517954869483,301.6597442626953,0.0,0.03127526062717189,False,False,False
train_000260,train,0.0,111,111,POL M7,POL,POL,M,7,7.0,,2000.0,60.0,2.7465504486119547,0.24191012111032967,9.621408319605063,53.58297558198666,354.6873474121094,0.0,0.028541904515870964,False,False,False
train_000260,train,0.0,112,112,POL M8,POL,POL,M,8,8.0,,2000.0,60.0,2.3961263308783227,-0.3029665611019174,10.021444646886913,69.46692508588328,432.2262878417969,0.0,0.03347527896065801,False,False,False
train_000260,train,0.0,113,113,POL M9,POL,POL,M,9,9.0,,2000.0,60.0,1.627001516658604,-0.03763815346930588,9.093187074975111,62.05644484941476,399.120361328125,0.0,0.034116950974591456,False,False,False
train_000260,train,0.0,114,114,POL M10,POL,POL,M,10,10.0,,2000.0,60.0,0.49220538058678037,0.7065776652063684,7.788326642494531,38.1671782331656,300.9763641357422,0.0,0.03190026583554863,False,False,False
train_000260,train,0.0,115,115,POL M11,POL,POL,M,11,11.0,,2000.0,60.0,0.5961810622606161,0.2903575188077737,8.09502302498298,40.16672487386466,330.46800231933594,0.0,0.03105025875215627,False,False,False
train_000260,train,0.0,116,116,POL M12,POL,POL,M,12,12.0,,2000.0,60.0,0.637009896541247,0.543986746689202,9.376919981368339,39.0559755559813,306.8353729248047,0.0,0.0323086025716881,False,False,False
train_000260,train,0.0,117,117,POL M13,POL,POL,M,13,13.0,,2000.0,60.0,0.36680870110667463,0.4502801006951951,7.130834364297931,40.01324517470956,312.98765563964844,0.0,0.02975858132151101,False,False,False
train_000260,train,0.0,118,118,POL M14,POL,POL,M,14,14.0,,2000.0,60.0,0.4652104116115077,-0.4728458513319334,3.1353765045710857,48.33382938142743,328.9060974121094,0.0,0.020425170209751747,False,False,False
train_000260,train,0.0,119,119,POL M15,POL,POL,M,15,15.0,,2000.0,60.0,-0.4041606690218532,0.3958534431196125,5.796361460756008,41.5879395064863,308.1053924560547,0.0,0.026425220210168417,False,False,False
train_000260,train,0.0,120,120,POL M16,POL,POL,M,16,16.0,,2000.0,60.0,-0.2831772727607135,-0.03770339141332506,6.11509859230112,42.370553481484706,323.6322479248047,0.0,0.026908557571313094,False,False,False
train_000260,train,0.0,121,121,POL pMC1,POL,POL,pMC,1,1.0,,2000.0,60.0,2.0181510918322005,-0.11226897237095594,6.793236651303854,54.47517749254381,388.37860107421875,0.0,0.02836690305752548,False,False,False
train_000260,train,0.0,122,122,POL pMC2,POL,POL,pMC,2,2.0,,2000.0,60.0,-0.1709136871505516,-0.3552442085920393,3.9480998954228728,38.023324590623126,291.0155487060547,0.0,0.027050225418545154,False,False,False
train_000260,train,0.0,123,123,POL pMC3,POL,POL,pMC,3,3.0,,2000.0,60.0,0.33809345444785577,0.34229603538517417,3.2192798539049967,35.06079580677241,268.9450378417969,0.0,0.022108517570979758,False,False,False
train_000260,train,0.0,124,124,POL pMC4,POL,POL,pMC,4,4.0,,2000.0,60.0,0.15824258414297543,-0.40057231287720435,2.8249181787044786,40.15587740770157,298.9256134033203,0.0,0.01970849757081309,False,False,False
train_000260,train,0.0,125,125,POL pMC5,POL,POL,pMC,5,5.0,,2000.0,60.0,0.8521921562745078,-0.25364937075898136,5.8550416342179,43.779437247455824,358.88609313964844,0.0,0.024708539237826982,False,False,False
train_000260,train,0.0,126,126,POL pMC6,POL,POL,pMC,6,6.0,,2000.0,60.0,0.8026424670845036,0.947281755604973,7.144176860827049,47.06539386713247,369.8238830566406,0.0,0.0241502012516771,False,False,False
train_000260,train,0.0,127,127,POL pMC7,POL,POL,pMC,7,7.0,,2000.0,60.0,0.8270034043079043,1.0031952389039858,7.281659514726214,59.57071434488525,428.90557861328125,0.0,0.023291860765506378,False,False,False
train_000260,train,0.0,128,128,POL pMC8,POL,POL,pMC,8,8.0,,2000.0,60.0,0.5589095842192713,0.8274727050005557,6.747538119288664,68.59969335063393,487.8900604248047,0.0,0.023808531737764482,False,False,False
train_000260,train,0.0,129,129,POL pMC9,POL,POL,pMC,9,9.0,,2000.0,60.0,0.00826613693939258,0.28730950608919936,5.388376857274093,55.717832614745426,434.17945861816406,0.0,0.021283510695922467,False,False,False
train_000260,train,0.0,130,130,POL pMC10,POL,POL,pMC,10,10.0,,2000.0,60.0,0.09111752961311904,-0.05854296038620921,5.075219372628653,58.230694851287836,438.5736846923828,0.0,0.01950016250135418,False,False,False
train_000260,train,0.0,131,131,POL pMC11,POL,POL,pMC,11,11.0,,2000.0,60.0,0.4087822554120849,0.2700985482992758,5.125970062194359,54.07356257582289,488.47645568847656,0.0,0.018841823681864017,False,False,False
train_000260,train,0.0,132,132,POL pMC12,POL,POL,pMC,12,12.0,,2000.0,60.0,0.5302327460662278,0.5531020766927992,4.831026169397566,51.025281082210626,478.31982421875,0.0,0.018625155209626747,False,False,False
train_000260,train,0.0,133,133,POL pMC13,POL,POL,pMC,13,13.0,,2000.0,60.0,0.685746544072008,1.0388414886732802,6.869015585952621,27.429570232226563,245.89837646484375,0.0,0.03140026166884724,False,False,False
train_000260,train,0.0,134,134,POL aMC1,POL,POL,aMC,1,1.0,,2000.0,60.0,1.9727627481227492,1.1757455284235114,8.984268628320631,39.96769885553188,286.71826171875,0.0,0.03346694555787965,False,False,False
train_000260,train,0.0,135,135,POL aMC2,POL,POL,aMC,2,2.0,,2000.0,60.0,-0.15481175449162365,0.21427408165859763,4.724093874126267,37.24945399836175,262.30403900146484,0.0,0.0275585629880249,False,False,False
train_000260,train,0.0,136,136,POL aMC3,POL,POL,aMC,3,3.0,,2000.0,60.0,1.6950029754660854,-0.45393091348970516,5.665280256169542,34.50289723623213,249.21846771240234,0.0,0.03138359486329053,False,False,False
train_000260,train,0.0,137,137,POL aMC4,POL,POL,aMC,4,4.0,,2000.0,60.0,1.467483637319402,0.454492789573817,10.521172167444902,39.87318374636874,257.61678314208984,0.0,0.03670030583588196,False,False,False
train_000260,train,0.0,138,138,POL aMC5,POL,POL,aMC,5,5.0,,2000.0,60.0,1.5568508317457468,0.3295058254151712,11.185302278853406,38.62161667967518,265.8198928833008,0.0,0.03772531437761981,False,False,False
train_000260,train,0.0,139,139,POL aMC6,POL,POL,aMC,6,6.0,,2000.0,60.0,0.9599981668865207,-0.24349506002124224,11.404428521997929,35.26931797007038,256.64002990722656,0.0,0.037991983266527224,False,False,False
train_000260,train,0.0,140,140,POL aMC7,POL,POL,aMC,7,7.0,,2000.0,60.0,0.658520931917757,-0.06075251283600676,10.56471395538961,36.43636592499412,274.1208953857422,0.0,0.036816973474778955,False,False,False
train_000260,train,0.0,141,141,POL aMC8,POL,POL,aMC,8,8.0,,2000.0,60.0,0.5694046463453762,-0.7362083261580572,9.891472600010818,36.31345238510469,292.08961486816406,0.0,0.03498362486354053,False,False,False
train_000260,train,0.0,142,142,POL aMC9,POL,POL,aMC,9,9.0,,2000.0,60.0,0.774517332452833,-0.6461738053247313,8.686585900876238,39.83546993343527,300.0972595214844,0.0,0.0324419370161418,False,False,False
train_000260,train,0.0,143,143,POL aMC10,POL,POL,aMC,10,10.0,,2000.0,60.0,0.9670816689404494,0.3391350613512808,8.764057586292822,32.26782837277746,242.48037719726562,0.0,0.03635863632196935,False,False,False
train_000260,train,0.0,144,144,POL aMC11,POL,POL,aMC,11,11.0,,2000.0,60.0,1.1781052112790422,1.0631685860372984,16.399558570342872,27.145219020998887,204.68724822998047,0.0,0.03586696555804632,False,False,False
train_000260,train,0.0,145,145,POL aMC12,POL,POL,aMC,12,12.0,,2000.0,60.0,1.3313863174508436,1.9986815937783473,17.9888607282358,17.58321008078849,132.51927947998047,0.0,0.04413370111417595,False,False,False
train_000260,train,0.0,146,146,POL aMC13,POL,POL,aMC,13,13.0,,2000.0,60.0,3.043251503837905,2.4210150718415995,21.732422605664922,5.901973391217992,44.824181497097015,0.0,0.05453378778156485,False,False,False
train_000260,train,0.0,147,147,POL AC1,POL,POL,AC,1,1.0,,2000.0,60.0,1.799945595044381,0.040453791904907284,12.850667556292247,52.87759066894854,406.73817443847656,0.0,0.0266585554879624,False,False,False
train_000260,train,0.0,148,148,POL AC2,POL,POL,AC,2,2.0,,2000.0,60.0,1.0570212152570906,0.19139838524461938,12.74011119567061,37.79434270708321,285.3512954711914,0.0,0.027741897849148742,False,False,False
train_000260,train,0.0,149,149,POL AC3,POL,POL,AC,3,3.0,,2000.0,60.0,0.9990314451446849,-0.369394234671938,9.809581606138545,37.02411647148057,275.4878234863281,0.0,0.025133542779523163,False,False,False
train_000260,train,0.0,150,150,POL AC4,POL,POL,AC,4,4.0,,2000.0,60.0,1.3518001843577545,0.3880851454402639,13.388852144599891,32.93042047104664,261.5232925415039,0.0,0.031325261043842034,False,False,False
train_000260,train,0.0,151,151,POL AC5,POL,POL,AC,5,5.0,,2000.0,60.0,1.2168907093204542,0.8107073882458973,13.39840116519921,32.123160149174225,265.91749572753906,0.0,0.03145026208551738,False,False,False
train_000260,train,0.0,152,152,POL AC6,POL,POL,AC,6,6.0,,2000.0,60.0,0.7533587829401471,1.8024505565608804,16.672664153037818,39.668256756597444,303.3201904296875,0.0,0.035791964933041105,False,False,False
train_000260,train,0.0,153,153,POL AC7,POL,POL,AC,7,7.0,,2000.0,60.0,0.2141996913166931,1.9264084006333895,14.279648732902078,31.803629606647405,253.41748046875,0.0,0.033833615280127335,False,False,False
train_000260,train,0.0,154,154,POL AC8,POL,POL,AC,8,8.0,,2000.0,60.0,0.9660458923533413,2.4041755133342915,14.925575745871884,33.61731310306607,246.87474060058594,0.0,0.03448362069683914,False,False,False
train_000260,train,0.0,155,155,POL AC9,POL,POL,AC,9,9.0,,2000.0,60.0,1.4745169955334412,2.491521413868238,15.173981932564748,32.54916144143409,259.7652816772461,0.0,0.03539196159968,False,False,False
train_000260,train,0.0,156,156,POL AC10,POL,POL,AC,10,10.0,,2000.0,60.0,1.8630025834763033,2.8543394536027566,16.401749115193947,31.01514892353168,234.96076202392578,0.0,0.036075300627505226,False,False,False
train_000260,train,0.0,157,157,POL AC11,POL,POL,AC,11,11.0,,2000.0,60.0,2.332686717036256,2.285713139993632,16.63894555807551,32.718251312767656,243.26140594482422,0.0,0.036233635280294,False,False,False
train_000260,train,0.0,158,158,POL AC12,POL,POL,AC,12,12.0,,2000.0,60.0,2.0787323671493203,1.1743348118725936,15.952268628443012,37.36415303692519,300.9762420654297,0.0,0.03395861632180268,False,False,False
train_000260,train,0.0,159,159,POL AC13,POL,POL,AC,13,13.0,,2000.0,60.0,1.9777581663077435,0.12517073078783097,15.144527781863486,37.15156103798165,301.17140197753906,0.0,0.03199193326611055,False,False,False
train_000260,train,0.0,160,160,POL AC14,POL,POL,AC,14,14.0,,2000.0,60.0,1.3678194140217637,-0.2614603581685442,13.866182355556159,41.01196527326957,321.48414611816406,0.0,0.02945857882149018,False,False,False
train_000260,train,0.0,161,161,POL AC15,POL,POL,AC,15,15.0,,2000.0,60.0,1.194473160483315,-0.6313357594591796,14.412945441506771,31.62500173475074,231.5426788330078,0.0,0.032833606946724554,False,False,False
train_000260,train,0.0,162,162,POL AC16,POL,POL,AC,16,16.0,,2000.0,60.0,1.728574824734834,0.6160368244577036,14.975457794051277,19.444450869941882,144.43326950073242,0.0,0.03794198284985708,False,False,False
train_000260,train,0.0,163,163,EEG PO1-Ref,EEG,EEG ...-Ref,PO,1,1.0,-Ref,2000.0,60.0,2.0559482614897986,0.5886544782577464,15.154049375552802,42.64394307650207,333.3004150390625,0.0,0.030891924099367495,False,False,False
train_000260,train,0.0,164,164,EEG PO2-Ref,EEG,EEG ...-Ref,PO,2,2.0,-Ref,2000.0,60.0,2.00372085801548,0.3260172592618205,14.703835993181437,37.32458673917603,296.6790313720703,0.0,0.03194193284944041,False,False,False
train_000260,train,0.0,165,165,EEG PO3-Ref,EEG,EEG ...-Ref,PO,3,3.0,-Ref,2000.0,60.0,2.889162194089041,1.16301393021112,17.00326537933012,43.86180128332412,334.37457275390625,0.0,0.036083634030283585,False,False,False
train_000260,train,0.0,166,166,EEG PO4-Ref,EEG,EEG ...-Ref,PO,4,4.0,-Ref,2000.0,60.0,2.9177225290206965,1.4240488471227766,15.939225425861693,29.049784675071425,248.63269805908203,0.0,0.03775031458595488,False,False,False
train_000260,train,0.0,167,167,EEG PO5-Ref,EEG,EEG ...-Ref,PO,5,5.0,-Ref,2000.0,60.0,2.166852686614112,0.5793077486649318,12.412456837834133,28.395280116767086,237.49945068359375,0.0,0.0328252735439462,False,False,False
train_000260,train,0.0,168,168,EEG PO6-Ref,EEG,EEG ...-Ref,PO,6,6.0,-Ref,2000.0,60.0,1.8773489905333713,0.37722558900570974,12.577050899211606,29.83950962806319,213.76915740966797,0.0,0.03298360819673497,False,False,False
train_000260,train,0.0,169,169,EEG PO7-Ref,EEG,EEG ...-Ref,PO,7,7.0,-Ref,2000.0,60.0,2.830639646591057,2.1334204208963308,17.006720815594438,84.44699319679624,483.2030334472656,0.0,0.033683614030116917,False,False,False
train_000260,train,0.0,170,170,EEG PO8-Ref,EEG,EEG ...-Ref,PO,8,8.0,-Ref,2000.0,60.0,40.816476804759965,19.126716698364806,24.866677729150666,32.54833884593697,190.91795349121094,0.0,0.0062417186809890085,True,True,True
train_000260,train,0.0,171,171,EEG PO9-Ref,EEG,EEG ...-Ref,PO,9,9.0,-Ref,2000.0,60.0,2.693473465369905,1.8431902928760246,17.21819209398446,92.17522243571212,449.12062072753906,0.0,0.03139192826606888,False,False,False
train_000260,train,0.0,172,172,EEG PO10-Ref,EEG,EEG ...-Ref,PO,10,10.0,-Ref,2000.0,60.0,44.59229318737822,22.17993350520778,27.65058466288732,43.48745747413498,223.33982849121094,0.0,0.0039833665280544,True,True,True
train_000260,train,0.0,173,173,POL PO11,POL,POL,PO,11,11.0,,2000.0,60.0,45.45472381606885,22.010204148029473,27.959386108994487,43.56177495733777,223.04685974121094,0.0,0.004050033750281253,True,True,True
train_000260,train,0.0,174,174,POL PO12,POL,POL,PO,12,12.0,,2000.0,60.0,35.50934242239199,20.897958478058488,26.074393280532643,10.106831193864897,63.76951217651367,0.0,0.010516754306285885,True,True,True
train_000260,train,0.0,175,175,POL PO13,POL,POL,PO,13,13.0,,2000.0,60.0,35.6972309758146,20.38518020041348,26.090033546399916,10.037664420032101,67.28515625,0.0,0.01067508895907466,True,True,True
train_000260,train,0.0,176,176,POL PO14,POL,POL,PO,14,14.0,,2000.0,60.0,35.81460616852646,20.108148888030634,25.82196538089482,10.23226514895978,68.26170539855957,0.0,0.010491754097950817,True,True,True
train_000260,train,0.0,177,177,POL PO15,POL,POL,PO,15,15.0,,2000.0,60.0,33.76646030443371,19.097016593747934,25.30603046492732,9.979284751340952,70.99606895446777,0.0,0.012083434028616905,True,True,True
train_000260,train,0.0,178,178,POL PO16,POL,POL,PO,16,16.0,,2000.0,60.0,1.1181866007363293,0.7384561986477418,7.113951053686671,33.554486449337546,241.89437866210938,0.0,0.018083484029033575,False,False,False
train_000274,train,1.0,0,0,EEG A1-Ref,EEG,EEG ...-Ref,A,1,1.0,-Ref,2000.0,60.0,0.41421352647532583,1.0747411370915758,5.117542187860245,159.8102925580385,1215.4291381835938,0.0,0.013666780556504637,False,False,False
train_000274,train,1.0,1,1,EEG A2-Ref,EEG,EEG ...-Ref,A,2,2.0,-Ref,2000.0,60.0,0.9042803990335955,1.6055600468815812,6.091984217526321,192.6853501331657,1503.8080444335938,0.0,0.014458453820448504,False,False,False
train_000274,train,1.0,2,2,POL A3,POL,POL,A,3,3.0,,2000.0,60.0,1.3619605945935112,0.8839448941883685,6.204071019005156,163.2113138408782,1247.3630981445312,0.0,0.014858457153809615,False,False,False
train_000274,train,1.0,3,3,POL A4,POL,POL,A,4,4.0,,2000.0,60.0,1.434755435341748,1.0451151881845662,6.133669738112129,158.83973356430798,1132.7142028808594,0.0,0.014866790556587971,False,False,False
train_000274,train,1.0,4,4,POL A5,POL,POL,A,5,5.0,,2000.0,60.0,0.8410619012508398,0.9833869688123651,6.09539409455083,182.43615983798824,1318.1636352539062,0.0,0.01590846590388253,False,False,False
train_000274,train,1.0,5,5,POL A6,POL,POL,A,6,6.0,,2000.0,60.0,1.6116861932960294,0.708831000116467,5.943503222319601,218.7360321125493,1483.6910400390625,0.0,0.014425120209335078,False,False,False
train_000274,train,1.0,6,6,POL A7,POL,POL,A,7,7.0,,2000.0,60.0,5.8461512523811745,1.569767112190856,5.986334980866768,236.52457460481912,1525.4878540039062,0.0,0.013508445903715865,False,False,False
train_000274,train,1.0,7,7,POL A8,POL,POL,A,8,8.0,,2000.0,60.0,2.202366894443423,1.132052908406687,7.3672931887807644,240.78402937669154,1595.6046142578125,0.0,0.015408461737181143,False,False,False
train_000274,train,1.0,8,8,POL A9,POL,POL,A,9,9.0,,2000.0,60.0,1.2010696420918268,1.2061019242021442,6.6582545010817595,187.66631483003667,1601.46337890625,0.0,0.016041800348336237,False,False,False
train_000274,train,1.0,9,9,POL A10,POL,POL,A,10,10.0,,2000.0,60.0,1.458806761914049,0.8884850940039304,7.416435000537154,157.23524644207416,1354.88232421875,0.0,0.01688347402895024,False,False,False
train_000274,train,1.0,10,10,POL B1,POL,POL,B,1,1.0,,2000.0,60.0,1.0572840665893795,1.1989040367020063,1.1260927996322772,387.52612974529154,2443.4524536132812,0.0,0.010183418195151625,False,False,False
train_000274,train,1.0,11,11,POL B2,POL,POL,B,2,2.0,,2000.0,60.0,0.31840825381093946,0.747191520035807,2.6071678349293026,142.93034016188068,932.8124389648438,0.0,0.015783464862207185,False,False,False
train_000274,train,1.0,12,12,POL B3,POL,POL,B,3,3.0,,2000.0,60.0,0.2683371124564412,1.1752161555410021,2.1760273295867165,145.19064893863953,1097.363037109375,0.0,0.016708472570604756,False,False,False
train_000274,train,1.0,13,13,POL B4,POL,POL,B,4,4.0,,2000.0,60.0,-0.38320707764100603,0.9815647119503522,2.771748920601665,154.84849646890996,1039.2572326660156,0.0,0.016708472570604756,False,False,False
train_000274,train,1.0,14,14,POL B5,POL,POL,B,5,5.0,,2000.0,60.0,-0.15219765347774564,0.771333198918076,2.4559047233549784,186.2575304451839,1273.4373168945312,0.0,0.01717514312619272,False,False,False
train_000274,train,1.0,15,15,POL B6,POL,POL,B,6,6.0,,2000.0,60.0,-0.10460584057421665,0.5432948721093904,2.5370432593059777,225.38757126618813,1720.5070190429688,0.0,0.01576679805665047,False,False,False
train_000274,train,1.0,16,16,POL B7,POL,POL,B,7,7.0,,2000.0,60.0,-0.30052889749164696,0.32963766774048436,2.3609335090127055,230.3613522541296,1949.3126831054688,0.0,0.015450128751072925,False,False,False
train_000274,train,1.0,17,17,POL B8,POL,POL,B,8,8.0,,2000.0,60.0,0.26037966295641635,0.7738551245332804,2.550603000568371,251.70974765089176,2033.3972778320312,0.0,0.016100134167784733,False,False,False
train_000274,train,1.0,18,18,POL B9,POL,POL,B,9,9.0,,2000.0,60.0,1.327017258676264,0.5211153860408979,2.2230623464106443,199.9229538943414,1635.0585327148438,0.0,0.016241802015016793,False,False,False
train_000274,train,1.0,19,19,POL B10,POL,POL,B,10,10.0,,2000.0,60.0,1.1630916233436466,0.1525366862348412,1.9476630805800967,129.6792761112453,1138.0857238769531,0.0,0.019350161251343763,False,False,False
train_000274,train,1.0,20,20,POL B11,POL,POL,B,11,11.0,,2000.0,60.0,0.7613024320076571,0.41647762348544515,2.295148188132703,98.69169489963171,1067.2845153808594,0.0,0.020775173126442722,False,False,False
train_000274,train,1.0,21,21,POL A11,POL,POL,A,11,11.0,,2000.0,60.0,13.198685559433986,8.637887416131184,4.268754186679812,132.16421745940883,1326.4639892578125,0.0,0.012258435486962392,True,False,False
train_000274,train,1.0,22,22,POL A12,POL,POL,A,12,12.0,,2000.0,60.0,1.395076208094355,0.8285830066655107,6.367676112904545,115.6643587377575,1471.2887573242188,0.0,0.018891824098534155,False,False,False
train_000274,train,1.0,23,23,POL U1,POL,POL,U,1,1.0,,2000.0,60.0,0.5724221099402933,0.2685896700353704,1.143413584499042,168.24690946542637,1602.729736328125,0.0,0.015308460903840866,False,False,False
train_000274,train,1.0,24,24,POL U2,POL,POL,U,2,2.0,,2000.0,60.0,1.5223036559709338,0.21166116417053993,0.7342147243054988,234.86450307210833,2072.6509399414062,0.0,0.013183443195359962,False,False,False
train_000274,train,1.0,25,25,POL U3,POL,POL,U,3,3.0,,2000.0,60.0,0.5004660300360377,0.43563743319626136,1.4306564610967611,242.06200251059775,2844.1351318359375,0.0,0.01345011208426737,False,False,False
train_000274,train,1.0,26,26,POL U4,POL,POL,U,4,4.0,,2000.0,60.0,-0.598895168011156,0.19591020158366498,0.9052091350711302,237.72110820933977,3120.7960205078125,0.0,0.01378344819540163,False,False,False
train_000274,train,1.0,27,27,POL U5,POL,POL,U,5,5.0,,2000.0,60.0,-0.14804570223836033,-0.11237382632350747,1.0028982994235793,204.61367722052546,2898.239990234375,0.0,0.015241793681614014,False,False,False
train_000274,train,1.0,28,28,POL U6,POL,POL,U,6,6.0,,2000.0,60.0,-1.1982673741288343,-0.7941163464265143,0.7587553396034485,161.58754463283785,2197.459716796875,0.0,0.01707514229285244,False,False,False
train_000274,train,1.0,29,29,POL U7,POL,POL,U,7,7.0,,2000.0,60.0,-0.0181106683243188,-0.07875467074271778,0.7548494749893409,118.17679948642379,1392.772705078125,0.0,0.019408495070792255,False,False,False
train_000274,train,1.0,30,30,POL U8,POL,POL,U,8,8.0,,2000.0,60.0,0.9812475276959676,0.3431784665051961,1.559576100980432,85.02244520181709,979.2965393066406,0.0,0.021525179376494803,False,False,False
train_000274,train,1.0,31,31,POL T1,POL,POL,T,1,1.0,,2000.0,60.0,0.6344186088794046,0.8372472233528505,3.3688465506885903,137.43529861258006,1061.7142944335938,0.0,0.016516804306702555,False,False,False
train_000274,train,1.0,32,32,POL T2,POL,POL,T,2,2.0,,2000.0,60.0,0.45133987737724457,0.880285662576485,3.545115072673063,129.21085000884432,921.2887573242188,0.0,0.01635846965391378,False,False,False
train_000274,train,1.0,33,33,EEG T3-Ref,EEG,EEG ...-Ref,T,3,3.0,-Ref,2000.0,60.0,0.6155539372309151,0.7005445894051361,3.4387168887553905,115.86188932793092,788.0858764648438,0.0,0.018916824306869223,False,False,False
train_000274,train,1.0,34,34,EEG T4-Ref,EEG,EEG ...-Ref,T,4,4.0,-Ref,2000.0,60.0,1.242863916688882,-0.5192180607155008,2.936428442774864,206.24233803916962,1710.7393188476562,0.0,0.014400120001000008,False,False,False
train_000274,train,1.0,35,35,EEG T5-Ref,EEG,EEG ...-Ref,T,5,5.0,-Ref,2000.0,60.0,1.1289314291242085,0.890930361426936,3.534938525894536,165.2387000646888,1674.7989501953125,0.0,0.015408461737181143,False,False,False
train_000274,train,1.0,36,36,POL DC01,POL,POL,DC,01,1.0,,2000.0,60.0,-0.6484154288125106,-0.1444889317889324,0.6071466264834633,86.93433902846327,732.6002807617188,0.0,0.9087659063825532,False,False,False
train_000274,train,1.0,37,37,POL DC02,POL,POL,DC,02,2.0,,2000.0,60.0,0.29172761378630235,0.6208699405994867,0.23806795237266104,80.35518545512802,732.5999755859375,0.00011666666666666667,0.9216826806890057,False,False,False
train_000274,train,1.0,38,38,POL DC03,POL,POL,DC,03,3.0,,2000.0,60.0,0.23906833075422163,0.26507926932373127,0.149690027512622,37.482101052990835,732.5999755859375,0.007958333333333333,0.9810165084709039,False,False,False
train_000274,train,1.0,39,39,POL DC04,POL,POL,DC,04,4.0,,2000.0,60.0,-0.005052126709430069,-0.256768724666632,-0.48775269311328384,68.34689220869983,732.5999755859375,0.00023333333333333333,0.9420161834681956,False,False,False
train_000274,train,1.0,40,40,POL DC05,POL,POL,DC,05,5.0,,2000.0,60.0,0.5884865886043634,-0.4796265340077121,0.943897017996495,183.03215228182705,366.29998779296875,0.5179333333333334,0.6487804065033875,False,False,False
train_000274,train,1.0,41,41,POL DC06,POL,POL,DC,06,6.0,,2000.0,60.0,0.18876739172262444,0.10338612932750363,0.046535149655649345,73.56590869587322,732.6002807617188,0.0,0.9339494495787465,False,False,False
train_000274,train,1.0,42,42,POL DC07,POL,POL,DC,07,7.0,,2000.0,60.0,-0.5956813525314437,-0.8470171939705141,0.18018211163105935,95.1814514273496,732.6002807617188,0.0,0.8922657688814073,False,False,False
train_000274,train,1.0,43,43,POL DC08,POL,POL,DC,08,8.0,,2000.0,60.0,0.5629181898144193,0.13374928262368707,-0.5609136921780037,140.98667111491815,366.3001377929759,0.0,0.7797148309569246,False,False,False
train_000274,train,1.0,44,44,POL DC09,POL,POL,DC,09,9.0,,2000.0,60.0,-0.34965809226619915,-0.7795269675127814,0.006888762336547829,43.33851496947614,732.5999755859375,0.013058333333333333,0.9749997916649306,False,False,False
train_000274,train,1.0,45,45,POL DC10,POL,POL,DC,10,10.0,,2000.0,60.0,0.37720865193029446,0.37760659491817183,-0.03822745886690525,67.62022446192309,732.5999755859375,0.03493333333333333,0.9433495279127326,False,False,False
train_000274,train,1.0,46,46,POL DC11,POL,POL,DC,11,11.0,,2000.0,60.0,-0.16451664613775702,0.8591527897705202,-0.10806760969683811,175.26461724597033,366.29998779296875,0.35486666666666666,0.6807140059500496,False,False,False
train_000274,train,1.0,47,47,POL DC12,POL,POL,DC,12,12.0,,2000.0,60.0,-0.5036367889305917,0.12590102158029048,0.19556717857065797,64.8271192829559,732.6002807617188,0.0,0.946699555829632,False,False,False
train_000274,train,1.0,48,48,POL DC13,POL,POL,DC,13,13.0,,2000.0,60.0,0.03447824413998719,0.9053278709698105,0.611566959995732,62.805631522900434,732.5999755859375,0.029791666666666668,0.9499662497187477,False,False,False
train_000274,train,1.0,49,49,POL DC14,POL,POL,DC,14,14.0,,2000.0,60.0,-0.20440911125141434,0.41333284632694933,0.16584151276179582,181.7634341608879,366.29998779296875,0.5614083333333333,0.6563804698372486,False,False,False
train_000274,train,1.0,50,50,POL DC15,POL,POL,DC,15,15.0,,2000.0,60.0,-0.6993750440786553,-0.3977500956898453,0.45156209618421816,179.34669820545892,366.29998779296875,0.0,0.6609721747681231,False,False,False
train_000274,train,1.0,51,51,POL DC16,POL,POL,DC,16,16.0,,2000.0,60.0,0.17347089463959392,-0.13075418992486845,-0.7473951143091129,61.812642376729954,732.5999755859375,0.028691666666666667,0.9511329261077176,False,False,False
train_000274,train,1.0,52,52,EEG T6-Ref,EEG,EEG ...-Ref,T,6,6.0,-Ref,2000.0,60.0,0.8503277577280045,0.8627338421307058,2.986743432077714,165.63935206505968,1759.1749267578125,0.0,0.015658463820531838,False,False,False
train_000274,train,1.0,53,53,EEG T7-Ref,EEG,EEG ...-Ref,T,7,7.0,-Ref,2000.0,60.0,0.34848145246608087,0.47738520292644293,3.344297804106077,202.93079496043967,2070.602783203125,0.0,0.01444178701489179,False,False,False
train_000274,train,1.0,54,54,EEG T8-Ref,EEG,EEG ...-Ref,T,8,8.0,-Ref,2000.0,60.0,0.21791694532274444,-0.032718950576412775,3.451755981769797,184.88438297408322,1959.8626708984375,0.0,0.015091792431603596,False,False,False
train_000274,train,1.0,55,55,EEG T9-Ref,EEG,EEG ...-Ref,T,9,9.0,-Ref,2000.0,60.0,0.2636609582380773,0.8750488683449781,3.852625195078177,146.54859232267526,1423.5347290039062,0.0,0.016208468403903366,False,False,False
train_000274,train,1.0,56,56,EEG T10-Ref,EEG,EEG ...-Ref,T,10,10.0,-Ref,2000.0,60.0,1.1048706953426906,0.7776733096188425,2.664513308668062,127.11272364426848,1174.0230712890625,0.0,0.018133484445703715,False,False,False
train_000274,train,1.0,57,57,POL T11,POL,POL,T,11,11.0,,2000.0,60.0,1.5251439107567066,0.8543167523794605,2.7520595429899393,85.5209751346592,881.6401977539062,0.0,0.021616846807056726,False,False,False
train_000274,train,1.0,58,58,POL T12,POL,POL,T,12,12.0,,2000.0,60.0,2.5241412505692007,1.045640716248428,1.3621780286723817,54.124484845635585,477.9291687011719,0.0,0.024366869723914365,False,False,False
train_000274,train,1.0,59,59,POL J1,POL,POL,J,1,1.0,,2000.0,60.0,1.695863843553373,0.3474207801362711,10.517524266114279,239.9609045274979,1845.4090576171875,0.0,0.014275118959324661,False,False,False
train_000274,train,1.0,60,60,POL J2,POL,POL,J,2,2.0,,2000.0,60.0,1.4452379822942951,0.32722521625005724,10.611575994597072,279.7136924286175,2175.6834716796875,0.0,0.014483454028783573,False,False,False
train_000274,train,1.0,61,61,POL J3,POL,POL,J,3,3.0,,2000.0,60.0,1.8074521179541558,0.5490769225843096,10.261184527179442,324.1243967797419,2613.0809326171875,0.0,0.013200110000916674,False,False,False
train_000274,train,1.0,62,62,POL J4,POL,POL,J,4,4.0,,2000.0,60.0,0.9526837856843104,-0.4118837468881237,9.600287507445838,387.3222363109287,3416.4024658203125,0.0,0.011975099792498271,False,False,False
train_000274,train,1.0,63,63,POL J5,POL,POL,J,5,5.0,,2000.0,60.0,1.0068659236115833,0.5334641099911032,9.560289386999788,280.7909025301428,2253.3191528320312,0.0,0.014691789098242486,False,False,False
train_000274,train,1.0,64,64,POL J6,POL,POL,J,6,6.0,,2000.0,60.0,2.6169068765073407,-0.18539268657556393,9.146826490274641,103.76967320178692,869.5306091308594,0.0,0.01865848882074017,False,False,False
train_000274,train,1.0,65,65,POL J7,POL,POL,J,7,7.0,,2000.0,60.0,4.816546096438398,-1.118729483959033,7.338244438388929,73.43114728042485,526.3666076660156,0.0,0.01866682222351853,False,False,False
train_000274,train,1.0,66,66,POL K1,POL,POL,K,1,1.0,,2000.0,60.0,0.05231257566991257,-0.2522885846309277,9.978711939803182,165.63837909767363,1420.8001403808594,0.0,0.014858457153809615,False,False,False
train_000274,train,1.0,67,67,POL K2,POL,POL,K,2,2.0,,2000.0,60.0,0.8893800328567396,0.40621491690225947,9.58705892390337,192.310519206531,1984.6630249023438,0.0,0.015741797848315402,False,False,False
train_000274,train,1.0,68,68,POL K3,POL,POL,K,3,3.0,,2000.0,60.0,1.7124144972298214,0.7094320808435677,9.927922094923906,234.56325362225266,2400.09423828125,0.0,0.014983458195484963,False,False,False
train_000274,train,1.0,69,69,POL K4,POL,POL,K,4,4.0,,2000.0,60.0,2.854309315141043,0.3320192294443927,10.33064350917861,293.987886063349,2733.1929931640625,0.0,0.014208451737097809,False,False,False
train_000274,train,1.0,70,70,POL K5,POL,POL,K,5,5.0,,2000.0,60.0,3.025245321113471,-0.0646641977324929,10.50727291662076,312.7870016350953,2815.7161865234375,0.0,0.014050117084309036,False,False,False
train_000274,train,1.0,71,71,POL K6,POL,POL,K,6,6.0,,2000.0,60.0,1.407445212937756,0.6304231298436798,10.206665212923143,272.97740276305694,2648.428466796875,0.0,0.014358452987108226,False,False,False
train_000274,train,1.0,72,72,POL K7,POL,POL,K,7,7.0,,2000.0,60.0,2.048840373352535,1.0090664025046912,10.218520971200697,201.48888542651807,2118.5516357421875,0.0,0.015741797848315402,False,False,False
train_000274,train,1.0,73,73,POL K8,POL,POL,K,8,8.0,,2000.0,60.0,3.1248193409797937,0.7291610080501576,10.36549872476586,128.7553654194406,1364.4527587890625,0.0,0.0186918224318536,False,False,False
train_000274,train,1.0,74,74,POL L1,POL,POL,L,1,1.0,,2000.0,60.0,6.045856480735168,0.14007304429530945,15.04163472775012,119.06218504994561,915.4295043945312,0.0,0.015200126667722231,False,False,False
train_000274,train,1.0,75,75,POL L2,POL,POL,L,2,2.0,,2000.0,60.0,4.5536987222452145,-0.029710941908132126,14.779771812022553,155.2486184845051,1151.2691040039062,0.0,0.014066783889865748,False,False,False
train_000274,train,1.0,76,76,POL L3,POL,POL,L,3,3.0,,2000.0,60.0,4.677168325727098,0.6682934571372136,14.974001517672091,175.40212908590996,1349.7998046875,0.0,0.01430011916765973,False,False,False
train_000274,train,1.0,77,77,POL L4,POL,POL,L,4,4.0,,2000.0,60.0,6.0208877884694045,0.4447744342028204,15.150416406452969,230.6007597682647,1976.556396484375,0.0,0.013675113959282994,False,False,False
train_000274,train,1.0,78,78,POL L5,POL,POL,L,5,5.0,,2000.0,60.0,5.711163032992039,0.4408461095376529,15.814259029685463,280.41820920715304,2303.0235595703125,0.0,0.012325102709189243,False,False,False
train_000274,train,1.0,79,79,POL L6,POL,POL,L,6,6.0,,2000.0,60.0,4.48977443734962,0.4236110285817719,14.413979046698,266.16043117211626,2371.873046875,0.0,0.012883440695339128,False,False,False
train_000274,train,1.0,80,80,POL L7,POL,POL,L,7,7.0,,2000.0,60.0,21.60526152822775,1.942222392558851,29.886416316643107,200.99084536098738,1902.2380981445312,0.0,0.005016708472570605,True,True,False
train_000274,train,1.0,81,81,POL L8,POL,POL,L,8,8.0,,2000.0,60.0,27.371463368383296,2.4663043199924406,30.567777004850285,161.66284231732504,1292.578125,0.0,0.005416711805931716,True,True,False
train_000274,train,1.0,82,82,EEG M1-Ref,EEG,EEG ...-Ref,M,1,1.0,-Ref,2000.0,60.0,24.24450922397436,1.1134983903163453,28.50702523684326,137.58795181162955,1076.7577514648438,0.0,0.006016716805973383,True,True,False
train_000274,train,1.0,83,83,EEG M2-Ref,EEG,EEG ...-Ref,M,2,2.0,-Ref,2000.0,60.0,24.722694677672173,1.103685496573664,28.68431835352347,145.548232113616,1128.7101135253906,0.0,0.005908382569854749,True,True,False
train_000274,train,1.0,84,84,POL M3,POL,POL,M,3,3.0,,2000.0,60.0,24.752441814528655,0.9361692456083198,28.802634127657115,160.45724332797084,1179.784423828125,0.0,0.005866715555962966,True,True,False
train_000274,train,1.0,85,85,POL M4,POL,POL,M,4,4.0,,2000.0,60.0,24.365061549976726,0.8142590425237329,28.67782038878172,173.88809782806996,1273.3392944335938,0.0,0.005958382986524888,True,True,False
train_000274,train,1.0,86,86,POL M5,POL,POL,M,5,5.0,,2000.0,60.0,23.90463966526227,1.0003880659937916,28.661736064105078,199.44307905327918,1461.5226440429688,0.0,0.0057500479170659756,True,True,False
train_000274,train,1.0,87,87,POL M6,POL,POL,M,6,6.0,,2000.0,60.0,23.123523065053746,0.9667195334004054,28.71150384585278,235.00779309750288,1665.819580078125,0.0,0.005875048958741323,True,True,False
train_000274,train,1.0,88,88,POL M7,POL,POL,M,7,7.0,,2000.0,60.0,20.867189690454452,1.0220389954512834,28.67308263862604,256.3054301873871,1902.8259887695312,0.0,0.005608380069833915,True,True,False
train_000274,train,1.0,89,89,POL M8,POL,POL,M,8,8.0,,2000.0,60.0,18.594436120017278,1.0500315871106052,28.720836919781174,253.13041544346115,1851.9452514648438,0.0,0.005266710555921299,True,False,False
train_000274,train,1.0,90,90,POL M9,POL,POL,M,9,9.0,,2000.0,60.0,20.100434799283818,0.8882834371865003,28.831806654896262,126.80898508874816,1104.784912109375,0.0,0.006033383611530096,True,True,False
train_000274,train,1.0,91,91,POL N1,POL,POL,N,1,1.0,,2000.0,60.0,24.824811345717617,0.8696998347337527,28.940175064589443,140.28717322269296,1023.4371643066406,0.0,0.005775048125401045,True,True,False
train_000274,train,1.0,92,92,POL N2,POL,POL,N,2,2.0,,2000.0,60.0,24.59524159396271,0.8441257861061022,29.032629184785517,148.61105247387536,1120.1167907714844,0.0,0.006216718472653939,True,True,False
train_000274,train,1.0,93,93,POL N3,POL,POL,N,3,3.0,,2000.0,60.0,24.41924064290938,1.0451572664679174,29.116392395794843,160.91210214329791,1233.6907958984375,0.0,0.006041717014308452,True,True,False
train_000274,train,1.0,94,94,POL N4,POL,POL,N,4,4.0,,2000.0,60.0,24.428633821569107,0.9889470870172435,29.076173593855007,167.86258494395145,1286.132568359375,0.0,0.006175051458762157,True,True,False
train_000274,train,1.0,95,95,POL N5,POL,POL,N,5,5.0,,2000.0,60.0,24.56082082102054,0.9491916282706427,29.094922402996403,173.10582329348563,1406.2493896484375,0.0,0.005891715764298036,True,True,False
train_000274,train,1.0,96,96,POL N6,POL,POL,N,6,6.0,,2000.0,60.0,24.563790768620244,0.7625009211377691,29.11794533315081,178.2793364031712,1539.9408569335938,0.0,0.005850048750406254,True,True,False
train_000274,train,1.0,97,97,POL N7,POL,POL,N,7,7.0,,2000.0,60.0,24.500246197538335,0.6884311968533612,29.12731535449023,173.22553019739433,1527.343505859375,0.0,0.005616713472612272,True,True,False
train_000274,train,1.0,98,98,POL N8,POL,POL,N,8,8.0,,2000.0,60.0,24.794021702477494,0.8917046751904965,29.237402724665543,107.79336210528919,917.3826599121094,0.0,0.005725047708730906,True,True,False
train_000274,train,1.0,99,99,POL N9,POL,POL,N,9,9.0,,2000.0,60.0,27.314568136748978,1.2019576895306385,29.670759168936588,73.30412552726601,617.577880859375,0.0,0.0063000525004375035,True,True,False
train_000274,train,1.0,100,100,EEG P1-Ref,EEG,EEG ...-Ref,P,1,1.0,-Ref,2000.0,60.0,25.09355792172023,0.6719397849479726,28.915532951350148,223.4655055405936,1736.326904296875,0.0,0.005891715764298036,True,True,False
train_000274,train,1.0,101,101,EEG P2-Ref,EEG,EEG ...-Ref,P,2,2.0,-Ref,2000.0,60.0,25.236675928090627,0.9925609296131581,28.977888600839083,241.0571965472482,1941.3045654296875,0.0,0.006008383403195027,True,True,False
train_000274,train,1.0,102,102,EEG P3-Ref,EEG,EEG ...-Ref,P,3,3.0,-Ref,2000.0,60.0,24.560227691957948,0.9528868767957316,28.835935841796186,252.3528820946654,2123.3323364257812,0.0,0.005950049583746531,True,True,False
train_000274,train,1.0,103,103,EEG P4-Ref,EEG,EEG ...-Ref,P,4,4.0,-Ref,2000.0,60.0,23.854643179644253,0.9754125063698437,28.916748576026357,252.4258616659118,2198.5302734375,0.0,0.005783381528179402,True,True,False
train_000274,train,1.0,104,104,EEG P5-Ref,EEG,EEG ...-Ref,P,5,5.0,-Ref,2000.0,60.0,20.125561832963545,1.0214280157023534,28.85581390460461,234.35910953158736,2106.444091796875,0.0,0.006033383611530096,True,True,False
train_000274,train,1.0,105,105,EEG P6-Ref,EEG,EEG ...-Ref,P,6,6.0,-Ref,2000.0,60.0,18.744006331878197,0.9464062277959163,28.540980913756037,205.29829588807982,1852.5374145507812,0.0,0.005533379444828707,True,False,False
train_000274,train,1.0,106,106,EEG P7-Ref,EEG,EEG ...-Ref,P,7,7.0,-Ref,2000.0,60.0,22.26251277545797,0.6744711976898221,28.85243724483411,158.33258107338438,1381.7379150390625,0.0,0.005950049583746531,True,True,False
train_000274,train,1.0,107,107,EEG P8-Ref,EEG,EEG ...-Ref,P,8,8.0,-Ref,2000.0,60.0,24.797596146503132,0.9434665831098105,29.016493683453213,97.8305477832441,883.5930786132812,0.0,0.006600055000458337,True,True,False
train_000274,train,1.0,108,108,POL R1,POL,POL,R,1,1.0,,2000.0,60.0,23.198804038126404,0.9443120247835717,29.08930568812382,159.45763439802235,1184.0817260742188,0.0,0.005733381111509263,True,True,False
train_000274,train,1.0,109,109,POL R2,POL,POL,R,2,2.0,,2000.0,60.0,24.268197749188914,0.9713949515876998,29.362138650682944,164.5398430903481,1340.3314819335938,0.0,0.006275052292102434,True,True,False
train_000274,train,1.0,110,110,POL R3,POL,POL,R,3,3.0,,2000.0,60.0,24.066729258578484,0.815784939489639,29.204946255866023,145.31345920589604,1215.2341918945312,0.0,0.0062417186809890085,True,True,False
train_000274,train,1.0,111,111,POL R4,POL,POL,R,4,4.0,,2000.0,60.0,23.07050171718199,0.7468184402255231,28.976906178327255,129.9895896593675,1134.0813903808594,0.0,0.0058083817365144706,True,True,False
train_000274,train,1.0,112,112,POL R5,POL,POL,R,5,5.0,,2000.0,60.0,23.199102722771116,0.4270457840560544,29.22575506596939,164.83683704060897,1272.5584106445312,0.0,0.0066250552087934065,True,True,False
train_000274,train,1.0,113,113,POL R6,POL,POL,R,6,6.0,,2000.0,60.0,22.950461011274715,0.9851701079990896,29.064071476603157,162.78827252460172,1142.5778198242188,0.0,0.0059750497920816005,True,True,False
train_000274,train,1.0,114,114,POL R7,POL,POL,R,7,7.0,,2000.0,60.0,24.251200951181243,0.696786933130628,29.14262772716086,115.55992471620108,848.9251403808594,0.0,0.0057500479170659756,True,True,False
train_000274,train,1.0,115,115,POL R8,POL,POL,R,8,8.0,,2000.0,60.0,25.157584457578842,0.9077383662526499,29.283697020449424,123.71381814991659,904.3937683105469,0.0,0.005841715347627897,True,True,False
train_000274,train,1.0,116,116,POL R9,POL,POL,R,9,9.0,,2000.0,60.0,24.591487631568512,0.7263995906708604,29.24625765895067,137.20627396433323,1017.9682312011719,0.0,0.0062500520837673644,True,True,False
train_000274,train,1.0,117,117,POL R10,POL,POL,R,10,10.0,,2000.0,60.0,23.194080917178862,0.7794638271293614,28.819880523794374,128.822145986474,1108.5932006835938,0.0,0.005500045833715281,True,True,False
train_000274,train,1.0,118,118,POL R11,POL,POL,R,11,11.0,,2000.0,60.0,23.296117811248106,0.12870928837257958,29.11658494785467,161.13777457269205,1336.22998046875,0.0,0.005950049583746531,True,True,False
train_000274,train,1.0,119,119,POL R12,POL,POL,R,12,12.0,,2000.0,60.0,23.63122335627697,0.4312362935335313,29.169586402768,199.86694140837508,1648.2415161132812,0.0,0.005525046042050351,True,True,False
train_000274,train,1.0,120,120,POL R13,POL,POL,R,13,13.0,,2000.0,60.0,23.030723461713908,0.4536022923047664,29.0640716101389,224.10558752093488,1878.0257568359375,0.0,0.0059167159726331055,True,True,False
train_000274,train,1.0,121,121,POL R14,POL,POL,R,14,14.0,,2000.0,60.0,22.9303323730435,0.6017595959152778,29.13470775837789,239.52099847577801,1957.1279907226562,0.0,0.00557504645872049,True,True,False
train_000274,train,1.0,122,122,POL R15,POL,POL,R,15,15.0,,2000.0,60.0,22.846273736186205,0.8526069008179883,29.28675944823724,244.23460017007858,1946.57666015625,0.0,0.0058083817365144706,True,True,False
train_000274,train,1.0,123,123,POL R16,POL,POL,R,16,16.0,,2000.0,60.0,22.467643350547732,0.7567485267551309,29.227643697748228,233.62144436602978,1884.2765502929688,0.0,0.005800048333736115,True,True,False
train_000274,train,1.0,124,124,POL AC1,POL,POL,AC,1,1.0,,2000.0,60.0,21.603857264162812,0.7309656870709137,28.93949180952189,209.7302960568949,2050.683349609375,0.0,0.005775048125401045,True,True,False
train_000274,train,1.0,125,125,POL AC2,POL,POL,AC,2,2.0,,2000.0,60.0,25.16698376293309,0.9673716982366319,29.106471706673922,210.94884085613154,2118.6510009765625,0.0,0.006041717014308452,True,True,False
train_000274,train,1.0,126,126,POL AC3,POL,POL,AC,3,3.0,,2000.0,60.0,25.48484390209156,0.8359441132786685,29.067798894832094,190.84546559517528,1867.3814086914062,0.0,0.005491712430936924,True,True,False
train_000274,train,1.0,127,127,POL AC4,POL,POL,AC,4,4.0,,2000.0,60.0,25.61984730135137,0.8145327542704129,29.063469840115744,176.2028450941351,1625.29248046875,0.0,0.00585838215318461,True,True,False
train_000274,train,1.0,128,128,POL AC5,POL,POL,AC,5,5.0,,2000.0,60.0,25.653145602195778,0.7340848889801199,29.10260361792976,168.1934168769312,1507.2255859375,0.0,0.005883382361519679,True,True,False
train_000274,train,1.0,129,129,POL AC6,POL,POL,AC,6,6.0,,2000.0,60.0,25.73540523919053,0.8114842549193204,29.100179517515755,159.98843897819813,1409.1792297363281,0.0,0.005850048750406254,True,True,False
train_000274,train,1.0,130,130,POL AC7,POL,POL,AC,7,7.0,,2000.0,60.0,25.79125972990713,0.5858683907429478,29.084651634127688,155.6653017337701,1365.0387573242188,0.0,0.005658380486504054,True,True,False
train_000274,train,1.0,131,131,POL AC8,POL,POL,AC,8,8.0,,2000.0,60.0,25.520507476287705,0.617920232896113,29.159704865419528,184.6184133918898,1633.690185546875,0.0,0.006358386319885999,True,True,False
train_000274,train,1.0,132,132,POL AC9,POL,POL,AC,9,9.0,,2000.0,60.0,25.68275698158953,0.6313282484402296,29.121465790578046,209.9569002726705,1841.8936157226562,0.0,0.005608380069833915,True,True,False
train_000274,train,1.0,133,133,POL AC10,POL,POL,AC,10,10.0,,2000.0,60.0,25.466998552432834,0.8041641660266394,29.112872145844722,212.56374588031002,1862.010498046875,0.0,0.005825048542071184,True,True,False
train_000274,train,1.0,134,134,POL AC11,POL,POL,AC,11,11.0,,2000.0,60.0,24.764944641359005,0.8651700993287169,29.011381484622124,188.25530595630676,1703.1244506835938,0.0,0.0059167159726331055,True,True,False
train_000274,train,1.0,135,135,POL AC12,POL,POL,AC,12,12.0,,2000.0,60.0,23.85004150097503,0.33365448404673675,28.71271624816144,237.87830782192265,1844.2374877929688,0.0,0.005675047292060767,True,True,False
train_000274,train,1.0,136,136,POL AC13,POL,POL,AC,13,13.0,,2000.0,60.0,24.759273582645864,0.30105860811336954,28.981535993949798,254.8516289672289,2096.678955078125,0.0,0.005933382778189818,True,True,False
train_000274,train,1.0,137,137,POL AC14,POL,POL,AC,14,14.0,,2000.0,60.0,24.668804234247176,0.40104863952735026,28.970191569532425,270.6603413447765,2289.1593017578125,0.0,0.005675047292060767,True,True,False
train_000274,train,1.0,138,138,POL AC15,POL,POL,AC,15,15.0,,2000.0,60.0,29.52185230703387,10.271259693607849,28.207854756179348,188.2346593627676,1506.8353271484375,0.0,0.003600030000250002,True,True,True
train_000274,train,1.0,139,139,POL AC16,POL,POL,AC,16,16.0,,2000.0,60.0,24.34062705052399,0.7678068230094904,28.952775126031085,301.85486327404897,2621.6743774414062,0.0,0.005683380694839124,True,True,False
train_000295,train,0.0,0,0,POL R1,POL,POL,R,1,1.0,,1999.9999999999998,60.00000000000001,0.5538276723133827,1.7087653235278983,4.628098471385841,74.18065338237112,467.77301025390625,0.0,0.022633521946016217,False,False,False
train_000295,train,0.0,1,1,POL R2,POL,POL,R,2,2.0,,1999.9999999999998,60.00000000000001,1.3952753566083234,1.5335323738386355,4.342684060983988,48.92398287217925,390.62477111816406,0.0,0.023591863265527212,False,False,False
train_000295,train,0.0,2,2,POL R3,POL,POL,R,3,3.0,,1999.9999999999998,60.00000000000001,1.7232434115971331,1.9336827987310437,4.815320947687237,50.87855884052369,498.0467987060547,0.0,0.027241893682447355,False,False,False
train_000295,train,0.0,3,3,POL R4,POL,POL,R,4,4.0,,1999.9999999999998,60.00000000000001,1.7083850969209449,2.011803001072789,4.711803652771246,50.28260003980488,558.98388671875,0.0,0.025058542154517954,False,False,False
train_000295,train,0.0,4,4,POL R5,POL,POL,R,5,5.0,,1999.9999999999998,60.00000000000001,1.522719385398207,2.0480841719909844,5.032130736376295,49.45426463821489,513.4762420654297,0.0,0.024800206668388905,False,False,False
train_000295,train,0.0,5,5,POL R6,POL,POL,R,6,6.0,,1999.9999999999998,60.00000000000001,0.9302222680578004,1.9829997747824861,4.712920781937473,52.10073910734164,457.8120880126953,0.0,0.022900190834923624,False,False,False
train_000295,train,0.0,6,6,POL R7,POL,POL,R,7,7.0,,1999.9999999999998,60.00000000000001,1.247879845356771,2.127505569614379,4.489590535855677,54.844378135287876,545.5075073242188,0.0,0.021708514237618645,False,False,False
train_000295,train,0.0,7,7,POL R8,POL,POL,R,8,8.0,,1999.9999999999998,60.00000000000001,1.2596611891527618,2.518204773301813,4.371320254476031,60.76833362075023,615.2329711914062,0.0,0.02231685264043867,False,False,False
train_000295,train,0.0,8,8,POL R9,POL,POL,R,9,9.0,,1999.9999999999998,60.00000000000001,1.171302551349969,3.0518433325485903,4.519425140640132,66.09116598659516,651.6573181152344,0.0,0.0221585179876499,False,False,False
train_000295,train,0.0,9,9,POL R10,POL,POL,R,10,10.0,,1999.9999999999998,60.00000000000001,0.8113973088727973,2.1224475596810755,4.3080846791913485,65.37938852207805,660.8382415771484,0.0,0.02293352444603705,False,False,False
train_000295,train,0.0,10,10,POL R13,POL,POL,R,13,13.0,,1999.9999999999998,60.00000000000001,0.012801196542242864,1.3451711678331413,5.649292214685664,55.191859588269786,442.77268981933594,0.0,0.025066875557296312,False,False,False
train_000295,train,0.0,11,11,POL R14,POL,POL,R,14,14.0,,1999.9999999999998,60.00000000000001,0.4205339000015669,2.0468181217720836,5.64307970841838,37.71998769664137,330.76161193847656,0.0,0.03305860882174018,False,False,False
train_000295,train,0.0,12,12,POL R15,POL,POL,R,15,15.0,,1999.9999999999998,60.00000000000001,0.5217769331605224,1.761878328466063,7.138653646274972,26.552839983568987,235.4489288330078,0.0,0.039175326461053844,False,False,False
train_000295,train,0.0,13,13,POL R16,POL,POL,R,16,16.0,,1999.9999999999998,60.00000000000001,0.8031824041549263,-0.19452489754584495,2.176682162996967,26.565498078400395,506.3474578857422,0.0,0.037675313960949676,False,False,False
train_000295,train,0.0,14,14,POL PC1,POL,POL,PC,1,1.0,,1999.9999999999998,60.00000000000001,0.13776835285406722,1.2896622218735758,0.6580807796066851,51.30604403901731,590.9177703857422,0.0,0.017466812223435196,False,False,False
train_000295,train,0.0,15,15,POL PC2,POL,POL,PC,2,2.0,,1999.9999999999998,60.00000000000001,0.1450990342296627,1.2810498679822526,0.681566832272848,53.26441955621832,642.5775299072266,0.0,0.017958482987358228,False,False,False
train_000295,train,0.0,16,16,POL PC3,POL,POL,PC,3,3.0,,1999.9999999999998,60.00000000000001,0.6066250518426743,0.8611978363530991,0.7070618032568797,57.73079672708081,704.3942718505859,0.0,0.018466820556837973,False,False,False
train_000295,train,0.0,17,17,POL PC4,POL,POL,PC,4,4.0,,1999.9999999999998,60.00000000000001,0.5638358288242394,0.5793757784439724,0.8150710209440253,66.2159257656522,793.2610931396484,0.0,0.017558479653997115,False,False,False
train_000295,train,0.0,18,18,POL PC5,POL,POL,PC,5,5.0,,1999.9999999999998,60.00000000000001,0.928349238353756,-0.0577878892858673,2.6352598537350618,77.63743647758785,923.6323852539062,0.0,0.017116809306744224,False,False,False
train_000295,train,0.0,19,19,POL PC6,POL,POL,PC,6,6.0,,1999.9999999999998,60.00000000000001,-0.022632479220026078,-0.2342629300462592,2.085429227409603,89.93117695360814,1068.945068359375,0.0,0.014341786181551512,False,False,False
train_000295,train,0.0,20,20,POL PC7,POL,POL,PC,7,7.0,,1999.9999999999998,60.00000000000001,0.1385745054671416,-0.39200450695942124,1.6235083980025315,72.938543473718,796.9722595214844,0.0,0.015958466320552672,False,False,False
train_000295,train,0.0,21,21,POL R11,POL,POL,R,11,11.0,,1999.9999999999998,60.00000000000001,0.35153112284741395,1.0815902966241189,4.896769934362669,56.6149978027623,607.0308990478516,0.0,0.020266835556962976,False,False,False
train_000295,train,0.0,22,22,POL R12,POL,POL,R,12,12.0,,1999.9999999999998,60.00000000000001,0.1934361034055501,-0.27118356598470333,4.906736350931231,57.12435368405127,458.20306396484375,0.0,0.022091850765423044,False,False,False
train_000295,train,0.0,23,23,POL PC8,POL,POL,PC,8,8.0,,1999.9999999999998,60.00000000000001,-0.2270006306386636,0.5083155368996397,0.944200986655473,42.232146406948615,544.2376861572266,0.0,0.021116842640355335,False,False,False
train_000295,train,0.0,24,24,POL PC9,POL,POL,PC,9,9.0,,1999.9999999999998,60.00000000000001,1.5215715803196637,1.4858862175659215,1.5820322379631415,10.367871341650826,126.36713790893555,0.0,0.06473387278227319,False,False,False
train_000295,train,0.0,25,25,EEG F1-Ref,EEG,EEG ...-Ref,F,1,1.0,-Ref,1999.9999999999998,60.00000000000001,0.40027083739036434,0.8968245992217804,8.37367855412452,48.37536164076907,398.2421112060547,0.0,0.019408495070792255,False,False,False
train_000295,train,0.0,26,26,EEG F2-Ref,EEG,EEG ...-Ref,F,2,2.0,-Ref,1999.9999999999998,60.00000000000001,0.656220785218881,0.7275041426289526,9.031345317563092,53.285893261847995,440.23431396484375,0.0,0.017733481112342603,False,False,False
train_000295,train,0.0,27,27,EEG F3-Ref,EEG,EEG ...-Ref,F,3,3.0,-Ref,1999.9999999999998,60.00000000000001,0.7179915189385035,0.3251813109391989,8.276714235164885,57.52968648817986,553.8082885742188,0.0,0.016250135417795148,False,False,False
train_000295,train,0.0,28,28,EEG F4-Ref,EEG,EEG ...-Ref,F,4,4.0,-Ref,1999.9999999999998,60.00000000000001,1.119285732373171,0.5500298290610964,8.355366837215024,59.743801034322296,521.7770233154297,0.0,0.014816790139917832,False,False,False
train_000295,train,0.0,29,29,EEG F5-Ref,EEG,EEG ...-Ref,F,5,5.0,-Ref,1999.9999999999998,60.00000000000001,0.9615550339313046,1.0530441948157068,8.038098867532613,75.42714565227809,665.1363067626953,0.0,0.014958457987149893,False,False,False
train_000295,train,0.0,30,30,EEG F6-Ref,EEG,EEG ...-Ref,F,6,6.0,-Ref,1999.9999999999998,60.00000000000001,0.5454134981206589,0.9485929619008493,8.872466572776338,57.160982767077556,621.4843139648438,0.0,0.01866682222351853,False,False,False
train_000295,train,0.0,31,31,EEG F7-Ref,EEG,EEG ...-Ref,F,7,7.0,-Ref,1999.9999999999998,60.00000000000001,0.40655847474425755,0.9671747518218232,10.841363840825625,13.398512521167088,134.17944717407227,0.0,0.04402536687805732,False,False,False
train_000295,train,0.0,32,32,POL G1,POL,POL,G,1,1.0,,1999.9999999999998,60.00000000000001,0.572150111378941,0.5288204406618069,1.7143832155981376,90.1180704313647,1077.3427429199219,0.0,0.015925132709439245,False,False,False
train_000295,train,0.0,33,33,POL G2,POL,POL,G,2,2.0,,1999.9999999999998,60.00000000000001,0.7997862309897339,-0.19390264265642668,1.1617967455412486,101.747116839483,1285.9373168945312,0.0,0.014208451737097809,False,False,False
train_000295,train,0.0,34,34,POL G3,POL,POL,G,3,3.0,,1999.9999999999998,60.00000000000001,0.6340152714548748,-0.929166842154724,0.49302906690800447,107.11977107149437,1386.4246215820312,0.0,0.0112417603480029,False,False,False
train_000295,train,0.0,35,35,POL G4,POL,POL,G,4,4.0,,1999.9999999999998,60.00000000000001,-0.7950076350836943,0.09573571830228683,1.1952651283074025,99.25550772578593,1411.3275146484375,0.0,0.013558446320386002,False,False,False
train_000295,train,0.0,36,36,POL DC01,POL,POL,DC,01,1.0,,1999.9999999999998,60.00000000000001,0.04857246800051793,-0.1199616428585746,0.699694135632587,168.91864757488048,366.3001377929759,0.0,0.6972558104650872,False,False,False
train_000295,train,0.0,37,37,POL DC02,POL,POL,DC,02,2.0,,1999.9999999999998,60.00000000000001,-0.5396761553054139,0.3069029461166251,-0.1839279097594321,43.897268206001755,732.5999755859375,0.0013666666666666666,0.9742331186093217,False,False,False
train_000295,train,0.0,38,38,POL DC03,POL,POL,DC,03,3.0,,1999.9999999999998,60.00000000000001,0.26349450503953725,-0.14750525016166732,0.6796212438571586,181.78263212332047,366.29998779296875,0.0,0.6537554479620663,False,False,False
train_000295,train,0.0,39,39,POL DC04,POL,POL,DC,04,4.0,,1999.9999999999998,60.00000000000001,0.5736085639795295,-0.7483132025658825,-0.9373897393957837,113.40296355660027,732.5999755859375,0.10735,0.8509487579063159,False,False,False
train_000295,train,0.0,40,40,POL DC05,POL,POL,DC,05,5.0,,1999.9999999999998,60.00000000000001,0.0073557253849529285,0.3097421481777185,0.8291022209351333,109.30523391646112,732.5999755859375,0.09868333333333333,0.8585071542262852,False,False,False
train_000295,train,0.0,41,41,POL DC06,POL,POL,DC,06,6.0,,1999.9999999999998,60.00000000000001,0.15232490843783078,-0.6315966688555765,-0.10455922581465049,35.345849968328885,732.5999755859375,0.005833333333333334,0.9828498570821423,False,False,False
train_000295,train,0.0,42,42,POL DC07,POL,POL,DC,07,7.0,,1999.9999999999998,60.00000000000001,0.300446540413358,0.9922309276247325,1.1086529198038786,46.843091784981674,732.6002807617188,0.0,0.971199759998,False,False,False
train_000295,train,0.0,43,43,POL DC08,POL,POL,DC,08,8.0,,1999.9999999999998,60.00000000000001,1.5677181282274086,-0.7099887270772088,-0.15237674136326204,82.19895579916401,732.5999755859375,0.053,0.9165659713830948,False,False,False
train_000295,train,0.0,44,44,POL DC09,POL,POL,DC,09,9.0,,1999.9999999999998,60.00000000000001,0.3453660105454388,-0.23646087922957215,0.07353029446180663,43.21277806895946,732.5999755859375,0.0126,0.9754997958316319,False,False,False
train_000295,train,0.0,45,45,POL DC10,POL,POL,DC,10,10.0,,1999.9999999999998,60.00000000000001,-0.5347049484941865,0.6630028048748493,-0.45144634328819705,37.1678304041678,732.5999755859375,0.007441666666666667,0.9811498429153577,False,False,False
train_000295,train,0.0,46,46,POL DC11,POL,POL,DC,11,11.0,,1999.9999999999998,60.00000000000001,0.8293414430577285,0.1971159615424471,0.27310163466903803,131.0963918204487,732.6002807617188,0.0,0.8097317477645647,False,False,False
train_000295,train,0.0,47,47,POL DC12,POL,POL,DC,12,12.0,,1999.9999999999998,60.00000000000001,1.3167537684457624,0.870449882285015,-0.9610039815052841,117.53890628321146,732.5999755859375,0.11650833333333334,0.841507012558438,False,False,False
train_000295,train,0.0,48,48,POL DC13,POL,POL,DC,13,13.0,,1999.9999999999998,60.00000000000001,-0.35669849161677014,-0.31670256768658805,-0.8015587351837204,65.31704332123785,732.5999755859375,0.032516666666666666,0.945532879440662,False,False,False
train_000295,train,0.0,49,49,POL DC14,POL,POL,DC,14,14.0,,1999.9999999999998,60.00000000000001,-0.03162629520368186,-0.013439759593749412,0.47217453149824345,162.38756695223537,366.3001377929759,0.0,0.7171393094942458,False,False,False
train_000295,train,0.0,50,50,POL DC15,POL,POL,DC,15,15.0,,1999.9999999999998,60.00000000000001,-0.36034323724636197,-0.20082247981694012,-1.0630932066484138,182.6476142902702,366.29998779296875,0.5370083333333333,0.6480054000450004,False,False,False
train_000295,train,0.0,51,51,POL DC16,POL,POL,DC,16,16.0,,1999.9999999999998,60.00000000000001,0.4605528581432717,0.372763710714751,0.16021282557684974,160.49767683138228,366.3001377929759,0.0,0.7242060350502921,False,False,False
train_000295,train,0.0,52,52,POL G5,POL,POL,G,5,5.0,,1999.9999999999998,60.00000000000001,0.3115062869031004,0.7802691786953346,1.7267712095935928,93.29474479864832,1454.6857604980469,0.0,0.014483454028783573,False,False,False
train_000295,train,0.0,53,53,POL G6,POL,POL,G,6,6.0,,1999.9999999999998,60.00000000000001,0.4250127161455058,1.5079280757828573,2.3616439945654766,42.796255112155094,615.3314056396484,0.0,0.023533529446078717,False,False,False
train_000295,train,0.0,54,54,POL G7,POL,POL,G,7,7.0,,1999.9999999999998,60.00000000000001,0.622303567865543,0.8202954747145239,1.5913034523092908,23.206033135307173,209.86321258544922,0.0,0.04935041125342711,False,False,False
train_000295,train,0.0,55,55,POL H1,POL,POL,H,1,1.0,,1999.9999999999998,60.00000000000001,2.099699627767176,1.3663986497989993,2.852523690978859,56.155627580579115,657.7142944335938,0.0,0.016275135626130217,False,False,False
train_000295,train,0.0,56,56,POL H2,POL,POL,H,2,2.0,,1999.9999999999998,60.00000000000001,0.9185467560552625,1.825120548703948,2.9512217199308015,66.13206402041814,781.1517944335938,0.0,0.02660855507129226,False,False,False
train_000295,train,0.0,57,57,POL H3,POL,POL,H,3,3.0,,1999.9999999999998,60.00000000000001,0.7348886997737815,2.0660054979959948,4.152150653785646,82.3774692909471,991.8936462402344,0.0,0.026766889724081033,False,False,False
train_000295,train,0.0,58,58,POL H4,POL,POL,H,4,4.0,,1999.9999999999998,60.00000000000001,1.3085914983142108,1.6648843472733734,3.8279470326068714,100.85622573072881,1233.0075378417969,0.0,0.024825206876723974,False,False,False
train_000295,train,0.0,59,59,POL H5,POL,POL,H,5,5.0,,1999.9999999999998,60.00000000000001,0.27332956798939656,1.4171593835736396,3.5101236663230626,119.80728996001044,1423.8270568847656,0.0,0.022916857640480338,False,False,False
train_000295,train,0.0,60,60,POL H6,POL,POL,H,6,6.0,,1999.9999999999998,60.00000000000001,0.6105233585180415,1.3253959292559414,3.3464513138301366,148.89193036561582,1666.6004028320312,0.0,0.022425186876557306,False,False,False
train_000295,train,0.0,61,61,POL H7,POL,POL,H,7,7.0,,1999.9999999999998,60.00000000000001,0.03319831212816807,0.825145070356831,3.742380104981147,203.94878881235763,2021.4840087890625,0.0,0.01968349736247802,False,False,False
train_000295,train,0.0,62,62,POL H8,POL,POL,H,8,8.0,,1999.9999999999998,60.00000000000001,0.2548214732622783,-1.3068466769147475,2.7925503326607686,285.46569581626306,2515.4285278320312,0.0,0.01636680305669214,False,False,False
train_000295,train,0.0,63,63,POL H9,POL,POL,H,9,9.0,,1999.9999999999998,60.00000000000001,0.7479764244609938,0.8541561552879251,2.480819181499224,166.88354312388253,1216.2108154296875,0.0,0.02388353236276969,False,False,False
train_000295,train,0.0,64,64,POL I1,POL,POL,I,1,1.0,,1999.9999999999998,60.00000000000001,0.8914694613085759,1.7707362272630949,9.726300295125734,181.4766581864169,2068.8472290039062,0.0,0.020050167084725706,False,False,False
train_000295,train,0.0,65,65,POL I2,POL,POL,I,2,2.0,,1999.9999999999998,60.00000000000001,-0.21639949302924366,1.3871721492393827,9.760067327861387,209.04941392304593,1939.6475830078125,0.0,0.01933349444578705,False,False,False
train_000295,train,0.0,66,66,POL I3,POL,POL,I,3,3.0,,1999.9999999999998,60.00000000000001,0.6856567910528778,1.4807661788478064,10.295827629411907,318.6696446497711,2222.167724609375,0.0,0.01570013083442362,False,False,False
train_000295,train,0.0,67,67,POL I4,POL,POL,I,4,4.0,,1999.9999999999998,60.00000000000001,0.396852054613002,0.05688895305137067,10.16803043995677,471.42353478762857,2953.0235595703125,0.0,0.011775098125817715,False,False,False
train_000295,train,0.0,68,68,POL I5,POL,POL,I,5,5.0,,1999.9999999999998,60.00000000000001,1.3861024966304596,1.7814185190460383,10.444443699259459,505.26968582053615,3193.6488037109375,0.0,0.011608430070250586,False,False,False
train_000295,train,0.0,69,69,POL I6,POL,POL,I,6,6.0,,1999.9999999999998,60.00000000000001,1.1194840672993656,0.9628944901789833,10.882881222978254,375.8549644489972,1831.4449462890625,0.0,0.015241793681614014,False,False,False
train_000295,train,0.0,70,70,POL T1,POL,POL,T,1,1.0,,1999.9999999999998,60.00000000000001,0.22077062806733191,1.2451180537243416,1.9390356484224245,44.92695227924501,382.0310974121094,0.0,0.021650180418170153,False,False,False
train_000295,train,0.0,71,71,POL T2,POL,POL,T,2,2.0,,1999.9999999999998,60.00000000000001,0.3652199278134053,1.168935343672928,1.7019315349901625,46.51394005172527,367.4803924560547,0.0,0.020666838890324085,False,False,False
train_000295,train,0.0,72,72,EEG T3-Ref,EEG,EEG ...-Ref,T,3,3.0,-Ref,1999.9999999999998,60.00000000000001,0.6431158887573053,0.7472134541245332,1.069679303381467,50.53313708424852,428.51544189453125,0.0,0.021666847223726863,False,False,False
train_000295,train,0.0,73,73,EEG T4-Ref,EEG,EEG ...-Ref,T,4,4.0,-Ref,1999.9999999999998,60.00000000000001,0.7014673774379632,0.7093674266426262,-0.010205136889474416,51.80689541068407,626.659912109375,0.0,0.020741839515329295,False,False,False
train_000295,train,0.0,74,74,EEG T5-Ref,EEG,EEG ...-Ref,T,5,5.0,-Ref,1999.9999999999998,60.00000000000001,0.20813423521985258,1.1198436809721526,1.1454478614792363,54.23632023546995,601.9518432617188,0.0,0.023066858890490753,False,False,False
train_000295,train,0.0,75,75,EEG T6-Ref,EEG,EEG ...-Ref,T,6,6.0,-Ref,1999.9999999999998,60.00000000000001,0.8424096199578025,1.0557927597837167,1.6054838851641848,57.17686372559918,458.1047058105469,0.0,0.022308519237660314,False,False,False
train_000295,train,0.0,76,76,EEG T7-Ref,EEG,EEG ...-Ref,T,7,7.0,-Ref,1999.9999999999998,60.00000000000001,0.49194204506483324,0.4956673931119533,1.272213527968846,66.04503552183024,518.3591003417969,0.0,0.019983499862498855,False,False,False
train_000295,train,0.0,77,77,EEG T8-Ref,EEG,EEG ...-Ref,T,8,8.0,-Ref,1999.9999999999998,60.00000000000001,0.24771213224260025,0.5670359706696549,1.0049482952929008,75.15314726948053,644.822265625,0.0,0.01845848715405962,False,False,False
train_000295,train,0.0,78,78,EEG T9-Ref,EEG,EEG ...-Ref,T,9,9.0,-Ref,1999.9999999999998,60.00000000000001,1.2095161129131027,1.2099666478865674,1.7104453060157245,36.755028538580014,451.9530487060547,0.0,0.03169193076608972,False,False,False
train_000295,train,0.0,79,79,EEG T10-Ref,EEG,EEG ...-Ref,T,10,10.0,-Ref,1999.9999999999998,60.00000000000001,3.0395655242999853,0.582205291421869,-0.17292434054091546,45.463961777625336,535.8386383056641,0.0,0.0241502012516771,False,False,False
train_000295,train,0.0,80,80,POL B1,POL,POL,B,1,1.0,,1999.9999999999998,60.00000000000001,2.0202529968514096,0.06974485436219294,12.295487966072645,290.26453016989313,6399.902099609375,0.0,0.010133417778481488,False,False,False
train_000295,train,0.0,81,81,POL B2,POL,POL,B,2,2.0,,1999.9999999999998,60.00000000000001,3.230101532743333,1.3501886793594076,12.769241418793628,276.6882009478229,6399.902099609375,0.0,0.011441762014683455,False,False,False
train_000295,train,0.0,82,82,POL B3,POL,POL,B,3,3.0,,1999.9999999999998,60.00000000000001,8.74970371267411,0.5957968961213647,14.367683091030077,133.7074471784504,2141.208984375,0.0,0.011633430278585655,False,False,False
train_000295,train,0.0,83,83,POL B4,POL,POL,B,4,4.0,,1999.9999999999998,60.00000000000001,11.731371998277591,0.8915174748692603,14.625899083696208,112.28373135051967,1972.4599609375,0.0,0.012216768473070608,True,False,False
train_000295,train,0.0,84,84,POL B5,POL,POL,B,5,5.0,,1999.9999999999998,60.00000000000001,13.224145035081795,1.4869862889803884,14.723795458682766,87.27564838531806,1457.0272216796875,0.0,0.012033433611946765,True,False,False
train_000295,train,0.0,85,85,POL B6,POL,POL,B,6,6.0,,1999.9999999999998,60.00000000000001,15.107724822310365,1.353417662460644,14.741243050495994,71.15772796311714,915.4292297363281,0.0,0.01216676805640047,True,False,False
train_000295,train,0.0,86,86,POL B7,POL,POL,B,7,7.0,,1999.9999999999998,60.00000000000001,16.131790364891614,1.3120938600059842,14.946926659461974,66.39922852323234,645.505615234375,0.0,0.012875107292560771,True,False,False
train_000295,train,0.0,87,87,POL B8,POL,POL,B,8,8.0,,1999.9999999999998,60.00000000000001,14.61361517415946,0.8918860229922811,14.939157257499733,64.74209117648782,696.972412109375,0.0,0.012658438820323503,True,False,False
train_000295,train,0.0,88,88,POL B9,POL,POL,B,9,9.0,,1999.9999999999998,60.00000000000001,13.302585886396841,0.27649306391011347,14.825090929883489,76.06688690837444,838.6697082519531,0.0,0.012100100834173618,True,False,False
train_000295,train,0.0,89,89,POL B10,POL,POL,B,10,10.0,,1999.9999999999998,60.00000000000001,13.87309608083678,1.1395697235280553,14.82091522047816,96.95806627415722,1173.1417541503906,0.0,0.011616763473028941,True,False,False
train_000295,train,0.0,90,90,POL B11,POL,POL,B,11,11.0,,1999.9999999999998,60.00000000000001,14.562251533827695,1.5830955968291118,15.31764203225462,104.07920061251204,1329.2926635742188,0.0,0.012316769306410886,True,False,False
train_000295,train,0.0,91,91,POL B12,POL,POL,B,12,12.0,,1999.9999999999998,60.00000000000001,15.267268109754273,1.5176791740496078,15.244364742162535,95.67855006023316,1304.8780822753906,0.0,0.012850107084225702,True,False,False
train_000295,train,0.0,92,92,POL B13,POL,POL,B,13,13.0,,1999.9999999999998,60.00000000000001,15.94763617374081,1.3140430370229796,14.528755450680046,44.89643905889274,513.3785247802734,0.0,0.012350102917524313,True,False,False
train_000295,train,0.0,93,93,EEG M1-Ref,EEG,EEG ...-Ref,M,1,1.0,-Ref,1999.9999999999998,60.00000000000001,15.664212753332173,1.361953460082268,17.098664628128944,69.160540277358,740.8195953369141,0.0,0.012275102292519104,True,False,False
train_000295,train,0.0,94,94,EEG M2-Ref,EEG,EEG ...-Ref,M,2,2.0,-Ref,1999.9999999999998,60.00000000000001,15.140886431701395,1.8579733916719678,17.262719994820245,79.73181175775412,896.7768707275391,0.0,0.01216676805640047,True,False,False
train_000295,train,0.0,95,95,POL M3,POL,POL,M,3,3.0,,1999.9999999999998,60.00000000000001,15.240455704358155,2.2481600282491714,17.17556260178918,81.51302231012768,900.3899230957031,0.0,0.01171676430636922,True,False,False
train_000295,train,0.0,96,96,POL M4,POL,POL,M,4,4.0,,1999.9999999999998,60.00000000000001,14.313623410215481,1.5979775821217523,16.748960548457482,58.25166181391976,471.09349060058594,0.0,0.011491762431353594,True,False,False
train_000295,train,0.0,97,97,POL M5,POL,POL,M,5,5.0,,1999.9999999999998,60.00000000000001,16.791418151245413,2.1404192986792574,17.12288386554632,44.034491811375844,531.6406097412109,0.0,0.012816773473112275,True,False,False
train_000295,train,0.0,98,98,POL M6,POL,POL,M,6,6.0,,1999.9999999999998,60.00000000000001,17.286079431795024,0.3066629279231281,13.99738357377868,42.58939587447313,545.4098510742188,0.0,0.012400103334194452,True,False,False
train_000295,train,0.0,99,99,POL N1,POL,POL,N,1,1.0,,1999.9999999999998,60.00000000000001,14.17373624707545,0.39162309618667007,16.384195007850376,86.22387666004353,886.2299194335938,0.0,0.012150101250843757,True,False,False
train_000295,train,0.0,100,100,POL N2,POL,POL,N,2,2.0,,1999.9999999999998,60.00000000000001,15.151380758014582,0.45433931863894156,17.25408197889213,128.69331804493703,1480.7607421875,0.0,0.011400095000791673,True,False,False
train_000295,train,0.0,101,101,POL N3,POL,POL,N,3,3.0,,1999.9999999999998,60.00000000000001,16.97758445750723,0.8065279991888612,17.492958884122874,66.6499869922887,708.5932312011719,0.0,0.012200101667513896,True,False,False
train_000295,train,0.0,102,102,POL N4,POL,POL,N,4,4.0,,1999.9999999999998,60.00000000000001,19.35889923867449,0.9642682419751296,17.60507745168652,46.850487427667794,416.4061737060547,0.0,0.012350102917524313,True,False,False
train_000295,train,0.0,103,103,EEG O1-Ref,EEG,EEG ...-Ref,O,1,1.0,-Ref,1999.9999999999998,60.00000000000001,12.18448859232897,1.0247893863093709,19.540019694031947,231.785291706755,1470.5057373046875,0.0,0.009266743889532412,True,False,False
train_000295,train,0.0,104,104,EEG O2-Ref,EEG,EEG ...-Ref,O,2,2.0,-Ref,1999.9999999999998,60.00000000000001,13.945521515561758,0.9962096476553313,19.69747030227779,319.3584414735299,2096.8729248046875,0.0,0.008425070208918408,True,False,False
train_000295,train,0.0,105,105,POL O3,POL,POL,O,3,3.0,,1999.9999999999998,60.00000000000001,13.087086042857543,0.8141896889656736,19.702498198878537,352.95178946815446,2744.137939453125,0.0,0.007616730139417828,True,False,False
train_000295,train,0.0,106,106,POL O4,POL,POL,O,4,4.0,,1999.9999999999998,60.00000000000001,18.01106659212596,1.4596223433481161,20.350521486197877,73.12049885178314,671.5811767578125,0.0,0.011591763264693872,True,False,False
train_000295,train,0.0,107,107,POL O5,POL,POL,O,5,5.0,,1999.9999999999998,60.00000000000001,19.50241465518497,0.8409193995400026,19.985178404059305,58.41804257472071,466.7966003417969,0.0,0.012883440695339128,True,False,False
train_000326,train,0.0,0,0,POL E1,POL,POL,E,1,1.0,,2000.0,60.0,2.1706173417932746,0.7336005793516754,5.341982289524325,67.43347004788974,430.4686279296875,0.0,0.03940032833606947,False,False,False
train_000326,train,0.0,1,1,POL E2,POL,POL,E,2,2.0,,2000.0,60.0,1.384248538119567,-0.030395371473356716,5.420135282581895,45.55018122534339,277.7340850830078,0.0,0.038591988266568886,False,False,False
train_000326,train,0.0,2,2,POL E3,POL,POL,E,3,3.0,,2000.0,60.0,1.477135295072922,0.7187906208625772,4.779768326204344,37.18111050422516,218.65216827392578,0.0,0.03870865590546588,False,False,False
train_000326,train,0.0,3,3,POL E4,POL,POL,E,4,4.0,,2000.0,60.0,0.5043551217867108,0.4333050672591682,3.7890520878438267,56.76050435521677,311.91349029541016,0.0,0.03318360986341553,False,False,False
train_000326,train,0.0,4,4,POL E5,POL,POL,E,5,5.0,,2000.0,60.0,0.9327306546105335,0.20058355064876635,2.5877474507683313,41.7205982282356,268.84739685058594,0.0,0.03226693555779631,False,False,False
train_000326,train,0.0,5,5,POL E6,POL,POL,E,6,6.0,,2000.0,60.0,0.8274189490024609,-0.33064365851686073,4.068408335885825,36.55260204778183,251.56200408935547,0.0,0.03327527729397745,False,False,False
train_000326,train,0.0,6,6,POL E7,POL,POL,E,7,7.0,,2000.0,60.0,1.0146478579892613,-0.11754630104939454,4.96014819463887,33.40023609961213,235.15583038330078,0.0,0.034133617780148166,False,False,False
train_000326,train,0.0,7,7,POL E8,POL,POL,E,8,8.0,,2000.0,60.0,1.251744911935874,0.1548013050305863,5.105535017446581,34.93949258318462,254.10103607177734,0.0,0.03317527646063717,False,False,False
train_000326,train,0.0,8,8,POL E9,POL,POL,E,9,9.0,,2000.0,60.0,1.2627183814216898,0.034889440255233946,3.964336308762235,34.287143431458304,248.63232421875,0.0,0.030625255210460087,False,False,False
train_000326,train,0.0,9,9,POL E10,POL,POL,E,10,10.0,,2000.0,60.0,1.4112405214825992,0.13898036558530358,3.125798632722068,35.918070372475974,260.2536087036133,0.0,0.029183576529804415,False,False,False
train_000326,train,0.0,10,10,POL E13,POL,POL,E,13,13.0,,2000.0,60.0,0.5267779084255879,-0.22100902413373474,1.9043097073403845,37.76346371175276,280.8590850830078,0.0,0.025391878265652215,False,False,False
train_000326,train,0.0,11,11,POL E14,POL,POL,E,14,14.0,,2000.0,60.0,0.6081794521758963,-0.3181604566650848,1.7187436340676057,37.89688986919819,290.52699279785156,0.0,0.029775248127067725,False,False,False
train_000326,train,0.0,12,12,EEG F1-Ref,EEG,EEG ...-Ref,F,1,1.0,-Ref,2000.0,60.0,2.545525298964164,0.8871810268424543,4.6696361075996755,72.54118071040173,427.831787109375,0.0,0.03928366069717248,False,False,False
train_000326,train,0.0,13,13,EEG F2-Ref,EEG,EEG ...-Ref,F,2,2.0,-Ref,2000.0,60.0,0.6071531918172572,0.4955251736997551,3.0100151913454685,49.09786404659114,249.12108612060547,0.0,0.0395086625721881,False,False,False
train_000326,train,0.0,14,14,EEG F3-Ref,EEG,EEG ...-Ref,F,3,3.0,-Ref,2000.0,60.0,0.7263717646916474,0.7584060348466413,3.1837859591753634,54.959279993784456,280.3710632324219,0.0,0.03750864590538255,False,False,False
train_000326,train,0.0,15,15,EEG F4-Ref,EEG,EEG ...-Ref,F,4,4.0,-Ref,2000.0,60.0,1.0420507342319294,0.6278116484301901,3.7984705505834206,41.15754261542714,295.1169891357422,0.0,0.03441695347461229,False,False,False
train_000326,train,0.0,16,16,EEG F5-Ref,EEG,EEG ...-Ref,F,5,5.0,-Ref,2000.0,60.0,1.0785837607327389,0.7644206257108841,4.0719031790540585,42.51197657982161,306.44480895996094,0.0,0.03330027750231252,False,False,False
train_000326,train,0.0,17,17,EEG F6-Ref,EEG,EEG ...-Ref,F,6,6.0,-Ref,2000.0,60.0,1.1936617641612277,0.4712376884250099,4.486564105716188,38.747396412481976,274.2181854248047,0.0,0.034300285835715295,False,False,False
train_000326,train,0.0,18,18,EEG F7-Ref,EEG,EEG ...-Ref,F,7,7.0,-Ref,2000.0,60.0,2.4767849970171922,0.19899367252704453,4.816664082722131,43.74415597668217,310.3513946533203,0.0,0.03200860007166726,False,False,False
train_000326,train,0.0,19,19,EEG F8-Ref,EEG,EEG ...-Ref,F,8,8.0,-Ref,2000.0,60.0,2.187126314109518,-0.04890588035623513,4.768653110959428,45.958527992198356,319.1403503417969,0.0,0.031600263335527796,False,False,False
train_000326,train,0.0,20,20,EEG F9-Ref,EEG,EEG ...-Ref,F,9,9.0,-Ref,2000.0,60.0,1.4933454498735823,-0.6053266822712675,3.2691511142067755,42.41060893546858,301.6597900390625,0.0,0.029391911599263326,False,False,False
train_000326,train,0.0,21,21,POL E11,POL,POL,E,11,11.0,,2000.0,60.0,1.4014888805680223,0.5377717086517904,2.854610384046718,37.659728505834174,283.78880310058594,0.0,0.026933557779648162,False,False,False
train_000326,train,0.0,22,22,POL E12,POL,POL,E,12,12.0,,2000.0,60.0,0.9699946243301887,-0.14282542063214815,2.0852075205735106,44.43909015948662,315.82008361816406,0.0,0.02637521979349828,False,False,False
train_000326,train,0.0,23,23,EEG F10-Ref,EEG,EEG ...-Ref,F,10,10.0,-Ref,2000.0,60.0,0.7860229023124848,-0.566014057901227,1.005307580060486,46.14364391685051,337.2067565917969,0.0,0.023391861598846656,False,False,False
train_000326,train,0.0,24,24,POL F11,POL,POL,F,11,11.0,,2000.0,60.0,0.5320557947997544,0.4461954269984856,0.6704833226726048,52.64397901371699,384.6674346923828,0.0,0.020358502987524896,False,False,False
train_000326,train,0.0,25,25,POL F12,POL,POL,F,12,12.0,,2000.0,60.0,0.10582914511324232,0.277048898864902,1.1690961513972828,55.29529542636749,423.53466796875,0.0,0.01856682139017825,False,False,False
train_000326,train,0.0,26,26,POL F13,POL,POL,F,13,13.0,,2000.0,60.0,0.12991708494945906,0.5274896391261499,0.9281077673431894,55.67273787173225,440.33119201660156,0.0,0.02065850548754573,False,False,False
train_000326,train,0.0,27,27,POL F14,POL,POL,F,14,14.0,,2000.0,60.0,0.5588677174491146,0.7088456120777832,1.3034303768635116,46.304285956607615,409.08128356933594,0.0,0.023808531737764482,False,False,False
train_000326,train,0.0,28,28,POL F15,POL,POL,F,15,15.0,,2000.0,60.0,0.8488458930667132,-0.35730620583833944,2.5095964081727384,40.57078036915126,355.565673828125,0.0,0.02931691097425812,False,False,False
train_000326,train,0.0,29,29,POL G1,POL,POL,G,1,1.0,,2000.0,60.0,1.2568026989839665,-0.5329191544396044,2.6566318393629693,63.62343898587926,388.76922607421875,0.0,0.03007525062708856,False,False,False
train_000326,train,0.0,30,30,POL G2,POL,POL,G,2,2.0,,2000.0,60.0,1.2715574808041863,0.6236103585104923,2.4118334622098914,53.57400447007454,316.01551818847656,0.0,0.03035025291877432,False,False,False
train_000326,train,0.0,31,31,POL G3,POL,POL,G,3,3.0,,2000.0,60.0,2.4623741316974708,1.66289948673688,4.268571909740213,46.60232789220833,290.6243896484375,0.0,0.03756697972483104,False,False,False
train_000326,train,0.0,32,32,POL G4,POL,POL,G,4,4.0,,2000.0,60.0,2.0850153449628857,1.044472853012675,5.240460365116877,35.79828134198984,249.99929809570312,0.0,0.03905865882215685,False,False,False
train_000326,train,0.0,33,33,POL G5,POL,POL,G,5,5.0,,2000.0,60.0,1.9598270542103062,1.3775470912661967,4.685403161264995,54.7107028113237,331.2496871948242,0.0,0.03600030000250002,False,False,False
train_000326,train,0.0,34,34,POL G6,POL,POL,G,6,6.0,,2000.0,60.0,1.8151272535605365,0.7766127063697634,4.670109131256409,41.709632815662914,280.0777130126953,0.0,0.03348361236343636,False,False,False
train_000326,train,0.0,35,35,POL G7,POL,POL,G,7,7.0,,2000.0,60.0,2.5721206184864087,0.6850272754578632,4.500511063179623,37.081149600672575,269.62847900390625,0.0,0.03223360194668289,False,False,False
train_000326,train,0.0,36,36,POL DC01,POL,POL,DC,01,1.0,,2000.0,60.0,0.03975185262457538,-0.693165781313033,-0.15972569768897188,79.96807505972735,732.6002807617188,0.0,0.920916007633397,False,False,False
train_000326,train,0.0,37,37,POL DC02,POL,POL,DC,02,2.0,,2000.0,60.0,0.351648035791171,0.3443526858528635,-0.41552327638822056,111.9878551170924,732.5999755859375,0.10425833333333333,0.854690455753798,False,False,False
train_000326,train,0.0,38,38,POL DC03,POL,POL,DC,03,3.0,,2000.0,60.0,-1.2193913591474668,0.11339420503555958,0.42189672086310326,42.07822382423756,732.5999755859375,0.01175,0.9757997983316528,False,False,False
train_000326,train,0.0,39,39,POL DC04,POL,POL,DC,04,4.0,,2000.0,60.0,0.19603763977514635,0.5911607012349767,0.09970357349672872,86.0065799597713,732.5999755859375,0.000225,0.9100825840215335,False,False,False
train_000326,train,0.0,40,40,POL DC05,POL,POL,DC,05,5.0,,2000.0,60.0,0.04772625911925481,0.16278010786902194,-0.2472335095530595,37.88506121093313,732.6002807617188,0.0,0.9806165051375428,False,False,False
train_000326,train,0.0,41,41,POL DC06,POL,POL,DC,06,6.0,,2000.0,60.0,0.06665594690654082,0.4076655430736732,0.0014485252410228109,180.3846716377934,366.29998779296875,0.41344166666666665,0.6587471562263019,False,False,False
train_000326,train,0.0,42,42,POL DC07,POL,POL,DC,07,7.0,,2000.0,60.0,0.10853094207643288,-0.39577716554050074,-0.5110542845997814,167.14806829930185,732.6002807617188,0.0,0.6987808231735264,False,False,False
train_000326,train,0.0,43,43,POL DC08,POL,POL,DC,08,8.0,,2000.0,60.0,0.6843129180595495,0.35024312916581035,-0.2463087715894957,181.46795426033094,366.29998779296875,0.5676083333333334,0.6539304494204118,False,False,False
train_000326,train,0.0,44,44,POL DC09,POL,POL,DC,09,9.0,,2000.0,60.0,-0.2957598824817501,0.48389785447520534,-0.2590212890169144,40.44754311068068,732.5999755859375,0.0099,0.9777331477762314,False,False,False
train_000326,train,0.0,45,45,POL DC10,POL,POL,DC,10,10.0,,2000.0,60.0,0.22253677793096682,0.33941474914115005,-0.41493850561817114,183.12756374579806,366.29998779296875,0.492175,0.6504220868507238,False,False,False
train_000326,train,0.0,46,46,POL DC11,POL,POL,DC,11,11.0,,2000.0,60.0,-0.16512392763322645,-0.20649789888712045,-0.09615365851837715,168.164408050182,366.29998779296875,0.30191666666666667,0.6967724731039425,False,False,False
train_000326,train,0.0,47,47,POL DC12,POL,POL,DC,12,12.0,,2000.0,60.0,-0.5531197780312719,-0.5801847501959944,-0.4596987291156738,172.6171037005353,366.29998779296875,0.3328833333333333,0.6833056942141185,False,False,False
train_000326,train,0.0,48,48,POL DC13,POL,POL,DC,13,13.0,,2000.0,60.0,0.7718542423764486,1.104071210171291,0.37011986136674724,50.20934593333324,732.5999755859375,0.018125,0.967133059442162,False,False,False
train_000326,train,0.0,49,49,POL DC14,POL,POL,DC,14,14.0,,2000.0,60.0,0.271219637425439,-0.20404269326812158,0.6708458676158431,35.56109086830309,732.6002807617188,0.0,0.9834665288877408,False,False,False
train_000326,train,0.0,50,50,POL DC15,POL,POL,DC,15,15.0,,2000.0,60.0,-0.22180562908585835,-0.003891939300728199,-0.6871233735532256,181.58703878275077,366.3001377929759,0.0,0.6551221260177168,False,False,False
train_000326,train,0.0,51,51,POL DC16,POL,POL,DC,16,16.0,,2000.0,60.0,-0.18725928668760008,0.438525930599617,-0.012257809045867131,125.66792114402193,732.6002807617188,0.0,0.8240818673488945,False,False,False
train_000326,train,0.0,52,52,POL G8,POL,POL,G,8,8.0,,2000.0,60.0,2.6225803556560456,0.4822724540733165,4.978368260534504,40.27841239359562,273.1443328857422,0.0,0.033716947641230344,False,False,False
train_000326,train,0.0,53,53,POL G9,POL,POL,G,9,9.0,,2000.0,60.0,2.1216871730659386,0.49521073257651793,4.065704524189931,48.52735435619999,324.9021453857422,0.0,0.03259193826615222,False,False,False
train_000326,train,0.0,54,54,POL G10,POL,POL,G,10,10.0,,2000.0,60.0,1.4544034730585134,0.03446151295637541,3.6698563758650145,44.95477191429643,321.1913604736328,0.0,0.03052525437711981,False,False,False
train_000326,train,0.0,55,55,POL G11,POL,POL,G,11,11.0,,2000.0,60.0,1.2406022610830523,0.4009968985225575,3.338739824495471,45.039520681929474,330.66331481933594,0.0,0.028700239168659738,False,False,False
train_000326,train,0.0,56,56,POL G12,POL,POL,G,12,12.0,,2000.0,60.0,0.6669989148674091,0.023367738726114223,2.236442483639796,44.79985020125738,342.77325439453125,0.0,0.027150226251885432,False,False,False
train_000326,train,0.0,57,57,POL G13,POL,POL,G,13,13.0,,2000.0,60.0,0.6065009814525893,-0.022466392373902973,2.1686883267674872,47.54244146139379,368.74949645996094,0.0,0.02532521104342536,False,False,False
train_000326,train,0.0,58,58,POL G14,POL,POL,G,14,14.0,,2000.0,60.0,0.7923364833828974,0.39623620464932807,2.887189734715134,45.369505364784715,356.4451446533203,0.0,0.026850223751864598,False,False,False
train_000326,train,0.0,59,59,POL G15,POL,POL,G,15,15.0,,2000.0,60.0,1.3210896370128078,-0.019362560095513213,2.973158155007525,45.38276684065741,350.0975036621094,0.0,0.026625221876848973,False,False,False
train_000326,train,0.0,60,60,POL G16,POL,POL,G,16,16.0,,2000.0,60.0,1.5019757607009492,-0.10461740264519856,2.869355898324058,40.430011063261304,321.67958068847656,0.0,0.028450237085309044,False,False,False
train_000326,train,0.0,61,61,POL H1,POL,POL,H,1,1.0,,2000.0,60.0,2.123680861775792,0.33264302739104495,2.3755009013009025,40.280541775689535,270.3123779296875,0.0,0.03159192993274944,False,False,False
train_000326,train,0.0,62,62,POL H2,POL,POL,H,2,2.0,,2000.0,60.0,1.2237351757977262,0.24863820065880057,3.900420673361192,37.76027453393759,221.09349822998047,0.0,0.03817531812765106,False,False,False
train_000326,train,0.0,63,63,POL H3,POL,POL,H,3,3.0,,2000.0,60.0,19.96556451978264,11.496899608912223,17.732593142592663,42.810464185396924,250.29295349121094,0.0,0.019308494237451977,True,False,True
train_000326,train,0.0,64,64,POL H4,POL,POL,H,4,4.0,,2000.0,60.0,1.5215993903446003,0.2610812426134482,4.397820852418324,50.005871054554525,249.12094116210938,0.0,0.038758656322136015,False,False,False
train_000326,train,0.0,65,65,POL H5,POL,POL,H,5,5.0,,2000.0,60.0,0.9869946790563905,-0.4048895876365332,3.8994253665933334,47.071259216957266,260.35130310058594,0.0,0.03824198534987792,False,False,False
train_000326,train,0.0,66,66,POL H6,POL,POL,H,6,6.0,,2000.0,60.0,0.8344649283628492,-0.11562936004008409,4.993800462858322,34.53142536500305,242.28498077392578,0.0,0.036391969933082774,False,False,False
train_000326,train,0.0,67,67,POL H7,POL,POL,H,7,7.0,,2000.0,60.0,1.497236004690349,-0.2824896459563813,5.251801773100658,34.543511889809054,243.06632232666016,0.0,0.036041967016391806,False,False,False
train_000326,train,0.0,68,68,POL H8,POL,POL,H,8,8.0,,2000.0,60.0,1.7635562568244425,-0.15262994201249802,5.062634032317936,48.217378716429046,339.5503387451172,0.0,0.035200293335777795,False,False,False
train_000326,train,0.0,69,69,POL H9,POL,POL,H,9,9.0,,2000.0,60.0,1.069117213508457,-0.4156217730429495,4.20176425212966,46.381946819257124,341.4060363769531,0.0,0.035308627571896435,False,False,False
train_000326,train,0.0,70,70,POL H10,POL,POL,H,10,10.0,,2000.0,60.0,0.9727392496362115,-0.43511271926638057,3.300946256886388,36.75964418462775,271.8743133544922,0.0,0.03141692847440395,False,False,False
train_000326,train,0.0,71,71,POL H11,POL,POL,H,11,11.0,,2000.0,60.0,1.2924772937179978,-0.5301838547591957,3.5087774355290913,37.7257390817294,269.3353042602539,0.0,0.030250252085434044,False,False,False
train_000326,train,0.0,72,72,POL H12,POL,POL,H,12,12.0,,2000.0,60.0,1.4553904251442522,-0.6161989916437991,2.9486999103354488,39.01247846118397,276.9527893066406,0.0,0.028041900349169577,False,False,False
train_000326,train,0.0,73,73,POL H13,POL,POL,H,13,13.0,,2000.0,60.0,1.5977968469966517,-0.8495384702037734,2.2975449843934075,37.3740936681648,274.41371154785156,0.0,0.027600230001916682,False,False,False
train_000326,train,0.0,74,74,POL H14,POL,POL,H,14,14.0,,2000.0,60.0,1.936999566144809,-0.7258888899356187,2.7341438022708795,31.85244996769673,254.49201202392578,0.0,0.03232526937724481,False,False,False
train_000326,train,0.0,75,75,POL H15,POL,POL,H,15,15.0,,2000.0,60.0,1.5816736578613697,-0.8441169023221102,2.808978511009368,30.452030621016778,238.8669204711914,0.0,0.034441953682947356,False,False,False
train_000326,train,0.0,76,76,POL I1,POL,POL,I,1,1.0,,2000.0,60.0,1.3822766079915945,1.3803677448765121,3.0236352777921063,65.61635374616465,408.49571228027344,0.0,0.0323086025716881,False,False,False
train_000326,train,0.0,77,77,POL I2,POL,POL,I,2,2.0,,2000.0,60.0,1.4391954815757826,0.44729519245207133,4.059546305944401,33.764132409112285,241.1132049560547,0.0,0.03522529354411287,False,False,False
train_000326,train,0.0,78,78,POL I3,POL,POL,I,3,3.0,,2000.0,60.0,1.8875749400103095,-0.19271387388398956,4.895417053405387,42.77218415018783,281.2494812011719,0.0,0.038450320419336825,False,False,False
train_000326,train,0.0,79,79,POL I4,POL,POL,I,4,4.0,,2000.0,60.0,2.138482693523029,0.47009921798228993,4.869621129263041,54.30233993647506,336.52307891845703,0.0,0.038441987016558474,False,False,False
train_000326,train,0.0,80,80,POL I5,POL,POL,I,5,5.0,,2000.0,60.0,1.3251151208263305,0.058399295267960144,9.948430304639311,38.36795439974045,263.9646453857422,0.0,0.03907532562771356,False,False,False
train_000326,train,0.0,81,81,POL I6,POL,POL,I,6,6.0,,2000.0,60.0,1.0501270302097567,-0.20574531388646605,9.910075276120953,44.84019301245173,294.3354721069336,0.0,0.03662530521087676,False,False,False
train_000326,train,0.0,82,82,POL I7,POL,POL,I,7,7.0,,2000.0,60.0,0.9816322270258426,0.37796553357233376,9.871053783787008,42.75540910511546,283.4958801269531,0.0,0.0377086475720631,False,False,False
train_000326,train,0.0,83,83,POL I8,POL,POL,I,8,8.0,,2000.0,60.0,1.0161438408994918,-0.4047392442801354,9.910158000228998,40.31235287712301,269.8241271972656,0.0,0.03687530729422745,False,False,False
train_000326,train,0.0,84,84,POL I9,POL,POL,I,9,9.0,,2000.0,60.0,0.37589795843676044,0.3676738209118676,8.520970553471791,37.039400532512204,278.6129150390625,0.0,0.03568363069692247,False,False,False
train_000326,train,0.0,85,85,POL I10,POL,POL,I,10,10.0,,2000.0,60.0,1.2055197312990136,0.38192013179030515,3.780285096595775,43.962864204288145,304.1014862060547,0.0,0.027166893057442146,False,False,False
train_000326,train,0.0,86,86,POL I11,POL,POL,I,11,11.0,,2000.0,60.0,0.31620783386342216,-0.9673092071091751,4.164827033146197,43.465368146315775,319.6285858154297,0.0,0.023816865140542837,False,False,False
train_000326,train,0.0,87,87,POL I12,POL,POL,I,12,12.0,,2000.0,60.0,0.8778733392573661,-0.9881136762976839,6.050173210365529,47.38421436907386,327.44129943847656,0.0,0.02848357069642247,False,False,False
train_000326,train,0.0,88,88,POL I13,POL,POL,I,13,13.0,,2000.0,60.0,0.9728837534868051,-0.50065145975405,7.159871527159484,41.04503772082483,296.09351348876953,0.0,0.030550254585454878,False,False,False
train_000326,train,0.0,89,89,POL I14,POL,POL,I,14,14.0,,2000.0,60.0,1.227533125989026,-0.7468675805697846,6.932131036956221,43.91517934642651,322.9491271972656,0.0,0.02962524687705731,False,False,False
train_000326,train,0.0,90,90,POL I15,POL,POL,I,15,15.0,,2000.0,60.0,1.3869671158454073,-0.8149251466964673,6.596676260906947,39.64708004968165,291.6988220214844,0.0,0.029925249377078144,False,False,False
train_000326,train,0.0,91,91,POL I16,POL,POL,I,16,16.0,,2000.0,60.0,0.8659672717537675,-0.156959377975521,7.648362015819577,36.093753360363166,246.5816650390625,0.0,0.032516937641147006,False,False,False
train_000326,train,0.0,92,92,POL J1,POL,POL,J,1,1.0,,2000.0,60.0,1.907286198022358,0.8367149828381961,8.775131881243533,41.05923405841651,278.71063232421875,0.0,0.03598363319694331,False,False,False
train_000326,train,0.0,93,93,POL J2,POL,POL,J,2,2.0,,2000.0,60.0,1.2470622410263097,-0.2984542849055002,8.913307361524792,32.85606264114882,217.7731170654297,0.0,0.039008658405486715,False,False,False
train_000326,train,0.0,94,94,POL J3,POL,POL,J,3,3.0,,2000.0,60.0,1.4448996818668214,0.6302612015842203,9.237270885900147,33.46662965908411,218.7499008178711,0.0,0.03745031208593405,False,False,False
train_000326,train,0.0,95,95,POL J4,POL,POL,J,4,4.0,,2000.0,60.0,1.6337478387240032,-0.2152679943566071,9.665005765979007,45.27065867353114,280.07799530029297,0.0,0.03775031458595488,False,False,False
train_000326,train,0.0,96,96,POL J5,POL,POL,J,5,5.0,,2000.0,60.0,1.7043330194539863,0.4508698838379265,9.297129501804317,47.72832574053829,300.39060974121094,0.0,0.0361003008358403,False,False,False
train_000326,train,0.0,97,97,POL J6,POL,POL,J,6,6.0,,2000.0,60.0,1.5878941434301288,-0.3711649796464438,9.467557333934073,38.86193785211035,268.94518280029297,0.0,0.0364836373636447,False,False,False
train_000326,train,0.0,98,98,POL J7,POL,POL,J,7,7.0,,2000.0,60.0,1.8559086325663792,0.5056372593723686,8.705065999382493,38.30492559761523,260.54674530029297,0.0,0.03427528562738023,False,False,False
train_000326,train,0.0,99,99,POL J8,POL,POL,J,8,8.0,,2000.0,60.0,1.853515833425278,-0.19881695720930934,8.358437298889532,36.76181780099178,258.30057525634766,0.0,0.0335336127801065,False,False,False
train_000326,train,0.0,100,100,POL J9,POL,POL,J,9,9.0,,2000.0,60.0,1.36507646686391,-0.08317983896503442,7.206751820100303,41.24103482102063,286.3280487060547,0.0,0.031000258335486128,False,False,False
train_000326,train,0.0,101,101,POL J10,POL,POL,J,10,10.0,,2000.0,60.0,0.9356193053058687,0.058460697588677196,7.578155940861297,40.00076308837196,288.8670883178711,0.0,0.031633596946641224,False,False,False
train_000326,train,0.0,102,102,POL J11,POL,POL,J,11,11.0,,2000.0,60.0,1.0563049546522936,-0.1955592766114053,7.450822381272698,41.18045321746455,306.7379608154297,0.0,0.030608588404903374,False,False,False
train_000326,train,0.0,103,103,POL J12,POL,POL,J,12,12.0,,2000.0,60.0,0.6374140736666044,0.7225273096954257,7.082624970055046,34.69468493210643,262.49951171875,0.0,0.0313502612521771,False,False,False
train_000326,train,0.0,104,104,POL J13,POL,POL,J,13,13.0,,2000.0,60.0,1.2253306700721875,0.6667072703785795,7.658111240654819,30.140386752099886,199.9021224975586,0.0,0.03272527271060592,False,False,False
train_000326,train,0.0,105,105,EEG M1-Ref,EEG,EEG ...-Ref,M,1,1.0,-Ref,2000.0,60.0,0.5846435620300869,0.9561441830648827,5.30124503022849,67.57603183078379,501.26953125,0.0,0.023491862432186934,False,False,False
train_000326,train,0.0,106,106,EEG M2-Ref,EEG,EEG ...-Ref,M,2,2.0,-Ref,2000.0,60.0,0.12456597893191074,-0.1124539394128318,3.409380840631377,50.93667322756512,348.3394775390625,0.0,0.0235751964599705,False,False,False
train_000326,train,0.0,107,107,POL M3,POL,POL,M,3,3.0,,2000.0,60.0,0.5103046969984123,0.4123797050327446,3.5562046934611784,45.64624431910164,343.94525146484375,0.0,0.021783514862623855,False,False,False
train_000326,train,0.0,108,108,POL M4,POL,POL,M,4,4.0,,2000.0,60.0,1.1386663879655181,0.15220650871608765,4.345366201065922,46.15078180896519,319.3356018066406,0.0,0.026975224793539945,False,False,False
train_000326,train,0.0,109,109,POL M5,POL,POL,M,5,5.0,,2000.0,60.0,1.8094660975755676,0.550740556789515,8.604432631964807,43.69384138318753,306.3474884033203,0.0,0.031466928891074095,False,False,False
train_000326,train,0.0,110,110,POL M6,POL,POL,M,6,6.0,,2000.0,60.0,1.3793563106292455,0.3220847910762175,8.92603241336742,37.6045033410053,265.81996154785156,0.0,0.03348361236343636,False,False,False
train_000326,train,0.0,111,111,POL M7,POL,POL,M,7,7.0,,2000.0,60.0,1.6317528734031719,0.8162697765695384,9.05468770331231,51.336042926424824,342.6756286621094,0.0,0.02829190243252027,False,False,False
train_000326,train,0.0,112,112,POL M8,POL,POL,M,8,8.0,,2000.0,60.0,1.3089604802554025,0.30382982474085507,9.389300869736596,40.61781061042713,303.12481689453125,0.0,0.03254193784948208,False,False,False
train_000326,train,0.0,113,113,POL M9,POL,POL,M,9,9.0,,2000.0,60.0,0.7561709676643118,0.03527544657985325,8.555633198085633,37.91489571509715,286.1322784423828,0.0,0.03423361861348845,False,False,False
train_000326,train,0.0,114,114,POL M10,POL,POL,M,10,10.0,,2000.0,60.0,0.22069758304837023,0.8599790678549435,7.483895232675481,38.38530078284572,276.2693634033203,0.0,0.03265860548837907,False,False,False
train_000326,train,0.0,115,115,POL M11,POL,POL,M,11,11.0,,2000.0,60.0,1.0050844299783825,0.6476398499049919,7.6985461125961505,43.48900820441431,327.050048828125,0.0,0.031475262293852446,False,False,False
train_000326,train,0.0,116,116,POL M12,POL,POL,M,12,12.0,,2000.0,60.0,1.3451436913670607,0.9763101035548569,8.027190077974089,44.05697453917436,302.0502166748047,0.0,0.03261693847448729,False,False,False
train_000326,train,0.0,117,117,POL M13,POL,POL,M,13,13.0,,2000.0,60.0,0.3698407952373822,-0.038683663726905786,5.76082467506041,41.9427755240064,286.91349029541016,0.0,0.029683580696505805,False,False,False
train_000326,train,0.0,118,118,POL M14,POL,POL,M,14,14.0,,2000.0,60.0,0.3951010855678049,-0.6350252785945832,3.1322154949135177,56.68366709092483,380.6638946533203,0.0,0.020391836598638323,False,False,False
train_000326,train,0.0,119,119,POL M15,POL,POL,M,15,15.0,,2000.0,60.0,0.731406625556843,0.3262600528863288,5.036103815503808,44.242516070608815,338.7694396972656,0.0,0.02613355111292594,False,False,False
train_000326,train,0.0,120,120,POL M16,POL,POL,M,16,16.0,,2000.0,60.0,0.14472877267323628,-0.3727449527461356,5.182003757367233,41.647148382935654,336.8158264160156,0.0,0.026600221668513904,False,False,False
train_000326,train,0.0,121,121,POL pMC1,POL,POL,pMC,1,1.0,,2000.0,60.0,1.9161256716011388,0.7890271503845813,6.9795168549080575,58.868522856257705,345.99583435058594,0.0,0.02850023750197918,False,False,False
train_000326,train,0.0,122,122,POL pMC2,POL,POL,pMC,2,2.0,,2000.0,60.0,0.07177372339628268,0.06999371812394362,3.8362696361689808,46.5436696297893,274.9999237060547,0.0,0.02637521979349828,False,False,False
train_000326,train,0.0,123,123,POL pMC3,POL,POL,pMC,3,3.0,,2000.0,60.0,-0.3106458972228655,-0.12667043690329716,3.6135055877878637,40.13315572220323,312.20672607421875,0.0,0.021508512570938092,False,False,False
train_000326,train,0.0,124,124,POL pMC4,POL,POL,pMC,4,4.0,,2000.0,60.0,0.4162970868967123,-0.03889562583564267,3.5542994503065777,48.82778171135382,318.26153564453125,0.0,0.0188834906957558,False,False,False
train_000326,train,0.0,125,125,POL pMC5,POL,POL,pMC,5,5.0,,2000.0,60.0,0.7424856563002634,-0.38442843649999203,4.094891967490636,49.67694701793436,370.8001403808594,0.0,0.023816865140542837,False,False,False
train_000326,train,0.0,126,126,POL pMC6,POL,POL,pMC,6,6.0,,2000.0,60.0,0.4242835383593697,0.31857571507663524,3.1586873361689394,45.28320470203236,403.3199462890625,0.0,0.021883515695964133,False,False,False
train_000326,train,0.0,127,127,POL pMC7,POL,POL,pMC,7,7.0,,2000.0,60.0,0.4703988795885071,0.35850270576317056,4.084513927398931,51.03009650249933,433.59307861328125,0.0,0.022633521946016217,False,False,False
train_000326,train,0.0,128,128,POL pMC8,POL,POL,pMC,8,8.0,,2000.0,60.0,0.3886797266968486,-0.16191199223868638,4.889757934173765,50.59206957047621,458.4955749511719,0.0,0.02345852882107351,False,False,False
train_000326,train,0.0,129,129,POL pMC9,POL,POL,pMC,9,9.0,,2000.0,60.0,-0.29793637864626127,0.17826236661893494,4.365805736275233,48.839571755410866,472.851318359375,0.0,0.021716847640397004,False,False,False
train_000326,train,0.0,130,130,POL pMC10,POL,POL,pMC,10,10.0,,2000.0,60.0,-0.3256255339210792,-0.056920704489801306,4.787880751735278,51.23003155355798,516.5032501220703,0.0,0.02096684139034492,False,False,False
train_000326,train,0.0,131,131,POL pMC11,POL,POL,pMC,11,11.0,,2000.0,60.0,-0.35365693366105283,-0.219198323650093,4.84562023949867,52.208377264115605,556.1522369384766,0.0,0.0197834981958183,False,False,False
train_000326,train,0.0,132,132,POL pMC12,POL,POL,pMC,12,12.0,,2000.0,60.0,-0.8871005449795195,-0.3160442245322268,3.9598877792796223,47.59071676458394,537.5971069335938,0.0,0.019658497154142952,False,False,False
train_000326,train,0.0,133,133,POL pMC13,POL,POL,pMC,13,13.0,,2000.0,60.0,0.047793544200359674,-0.25403285654949764,5.79889664380711,25.84481307234422,251.56243133544922,0.0,0.032058600488337405,False,False,False
train_000326,train,0.0,134,134,POL aMC1,POL,POL,aMC,1,1.0,,2000.0,60.0,1.3771679793659986,0.7974769366153915,8.731956390664095,44.427867237724094,326.36663818359375,0.0,0.032816940141167844,False,False,False
train_000326,train,0.0,135,135,POL aMC2,POL,POL,aMC,2,2.0,,2000.0,60.0,-0.3140717187137413,-0.49966130814177645,3.7106572630659844,43.08213091919967,304.97972106933594,0.0,0.02680022333519446,False,False,False
train_000326,train,0.0,136,136,POL aMC3,POL,POL,aMC,3,3.0,,2000.0,60.0,0.9505684023976837,0.7846145055647735,3.927543958759583,49.19074388984417,305.4684066772461,0.0,0.02971691430761923,False,False,False
train_000326,train,0.0,137,137,POL aMC4,POL,POL,aMC,4,4.0,,2000.0,60.0,1.5071763495519304,1.4237043947001629,9.436981407568437,40.19658524442889,324.5111999511719,0.0,0.03584196534971125,False,False,False
train_000326,train,0.0,138,138,POL aMC5,POL,POL,aMC,5,5.0,,2000.0,60.0,1.0274431171881429,0.46989020855515307,9.379937646117906,42.896313678153184,332.1283874511719,0.0,0.03659197159976333,False,False,False
train_000326,train,0.0,139,139,POL aMC6,POL,POL,aMC,6,6.0,,2000.0,60.0,1.0614949805803047,0.29898724870673643,10.11796430651432,35.45028658631474,279.7845001220703,0.0,0.03522529354411287,False,False,False
train_000326,train,0.0,140,140,POL aMC7,POL,POL,aMC,7,7.0,,2000.0,60.0,1.2196339574901482,0.7196447212984641,9.349052699266155,36.885268865092314,281.73807525634766,0.0,0.03497529146076217,False,False,False
train_000326,train,0.0,141,141,POL aMC8,POL,POL,aMC,8,8.0,,2000.0,60.0,1.2232484135902668,-0.26470823383814984,8.635437027868452,35.44343033269142,267.57791900634766,0.0,0.032641938682822356,False,False,False
train_000326,train,0.0,142,142,POL aMC9,POL,POL,aMC,9,9.0,,2000.0,60.0,1.2373118516139068,-0.3820238259647065,7.2659542619776305,44.47000828211516,338.8667297363281,0.0,0.03175859798831657,False,False,False
train_000326,train,0.0,143,143,POL aMC10,POL,POL,aMC,10,10.0,,2000.0,60.0,1.0407596008758722,-0.009688391939542452,7.46662903951526,39.9731889231048,304.2967529296875,0.0,0.035175293127442726,False,False,False
train_000326,train,0.0,144,144,POL aMC11,POL,POL,aMC,11,11.0,,2000.0,60.0,0.8243209311828443,0.39562341944661655,15.742608670635917,26.132976971240975,209.66770935058594,0.0,0.035033625280210666,False,False,False
train_000326,train,0.0,145,145,POL aMC12,POL,POL,aMC,12,12.0,,2000.0,60.0,1.6639981003216562,0.8969036473512454,17.21766516009521,17.13208804166556,128.906005859375,0.0,0.042292019100159166,False,False,False
train_000326,train,0.0,146,146,POL aMC13,POL,POL,aMC,13,13.0,,2000.0,60.0,2.870484874397279,1.5984757032720007,21.070088034583947,5.728020435090413,45.898399353027344,0.0,0.05371711430928591,False,False,False
train_000326,train,0.0,147,147,POL AC1,POL,POL,AC,1,1.0,,2000.0,60.0,0.41335434214244826,0.7717140647902558,12.666291874074364,62.18454603348426,387.98817443847656,0.0,0.025975216460137167,False,False,False
train_000326,train,0.0,148,148,POL AC2,POL,POL,AC,2,2.0,,2000.0,60.0,-0.12912163836466795,0.7573984853896244,12.825798359181649,47.58490022319595,324.2184295654297,0.0,0.027875232293602448,False,False,False
train_000326,train,0.0,149,149,POL AC3,POL,POL,AC,3,3.0,,2000.0,60.0,0.27163846585335905,0.5787646864469266,9.975436122028269,45.37009020774313,305.27293395996094,0.0,0.024933541112842607,False,False,False
train_000326,train,0.0,150,150,POL AC4,POL,POL,AC,4,4.0,,2000.0,60.0,0.5217770786958188,0.4382186556622907,13.319557027250589,39.99516378721095,267.9686050415039,0.0,0.03123359361328011,False,False,False
train_000326,train,0.0,151,151,POL AC5,POL,POL,AC,5,5.0,,2000.0,60.0,1.3666326712832753,1.0094063884351794,13.284249214347046,40.79060787591552,282.90966796875,0.0,0.03087525729381078,False,False,False
train_000326,train,0.0,152,152,POL AC6,POL,POL,AC,6,6.0,,2000.0,60.0,1.7188799330978155,0.9665189798899023,16.68638671404508,37.97471659563614,275.78114318847656,0.0,0.03526696055800465,False,False,False
train_000326,train,0.0,153,153,POL AC7,POL,POL,AC,7,7.0,,2000.0,60.0,1.3191906889028095,0.6639920438981048,14.651994610992254,40.68920060131838,295.8978729248047,0.0,0.034283619030158585,False,False,False
train_000326,train,0.0,154,154,POL AC8,POL,POL,AC,8,8.0,,2000.0,60.0,1.8394072283710552,1.3122979837423032,15.471578997612687,36.31074334727027,249.21849060058594,0.0,0.0337252810440087,False,False,False
train_000326,train,0.0,155,155,POL AC9,POL,POL,AC,9,9.0,,2000.0,60.0,1.7032700898245487,1.2181982124966813,15.6920543527184,36.30054720924269,259.8629455566406,0.0,0.03466695555796298,False,False,False
train_000326,train,0.0,156,156,POL AC10,POL,POL,AC,10,10.0,,2000.0,60.0,1.8990600930221555,1.8321012824356186,16.069004585758137,32.095746690426985,221.38656616210938,0.0,0.03484195701630847,False,False,False
train_000326,train,0.0,157,157,POL AC11,POL,POL,AC,11,11.0,,2000.0,60.0,1.8934430369998256,1.4228664422701007,16.470757813795153,37.23775083135238,243.8473358154297,0.0,0.03539196159968,False,False,False
train_000326,train,0.0,158,158,POL AC12,POL,POL,AC,12,12.0,,2000.0,60.0,1.916375060988324,0.6131054871740022,15.323116252335712,39.835961602045735,248.82786560058594,0.0,0.03455028791906599,False,False,False
train_000326,train,0.0,159,159,POL AC13,POL,POL,AC,13,13.0,,2000.0,60.0,1.475678600634722,0.07931351924520198,14.591873796936046,38.40808524463778,275.68316650390625,0.0,0.030916924307702563,False,False,False
train_000326,train,0.0,160,160,POL AC14,POL,POL,AC,14,14.0,,2000.0,60.0,1.1972610443243554,-0.3493526101697533,13.296283757604744,43.29292234870252,303.12477111816406,0.0,0.029000241668680572,False,False,False
train_000326,train,0.0,161,161,POL AC15,POL,POL,AC,15,15.0,,2000.0,60.0,0.807631321532454,-0.42901786161017874,13.748632358023528,32.520694406300656,259.56998443603516,0.0,0.0315419295160793,False,False,False
train_000326,train,0.0,162,162,POL AC16,POL,POL,AC,16,16.0,,2000.0,60.0,0.6539197144647917,-0.03945997901521895,15.2217234178425,17.228975121790175,130.76142120361328,0.0,0.03862532187768231,False,False,False
train_000326,train,0.0,163,163,EEG PO1-Ref,EEG,EEG ...-Ref,PO,1,1.0,-Ref,2000.0,60.0,1.2096982537986711,0.582116528144948,14.51748881733213,42.891845650678704,301.2691955566406,0.0,0.03011691764098034,False,False,False
train_000326,train,0.0,164,164,EEG PO2-Ref,EEG,EEG ...-Ref,PO,2,2.0,-Ref,2000.0,60.0,0.7368889554180142,0.15872749464898137,14.695450285901988,40.46055350076478,287.79234313964844,0.0,0.03111692597438312,False,False,False
train_000326,train,0.0,165,165,EEG PO3-Ref,EEG,EEG ...-Ref,PO,3,3.0,-Ref,2000.0,60.0,1.5483576621103843,1.0952636163629268,16.480167725302937,50.88198032556598,340.0386199951172,0.0,0.03702530854423787,False,False,False
train_000326,train,0.0,166,166,EEG PO4-Ref,EEG,EEG ...-Ref,PO,4,4.0,-Ref,2000.0,60.0,1.2083396965275748,1.0411605041061243,15.53865308763906,47.79177427984618,291.99205017089844,0.0,0.0373836448637072,False,False,False
train_000326,train,0.0,167,167,EEG PO5-Ref,EEG,EEG ...-Ref,PO,5,5.0,-Ref,2000.0,60.0,0.8356346606022886,1.3157530566829583,12.44495207699698,33.852868558394654,227.83150482177734,0.0,0.03225860215501796,False,False,False
train_000326,train,0.0,168,168,EEG PO6-Ref,EEG,EEG ...-Ref,PO,6,6.0,-Ref,2000.0,60.0,0.7181667488452227,-0.17444014589247045,12.10612532793347,46.61459073611016,284.37450408935547,0.0,0.03275027291894099,False,False,False
train_000326,train,0.0,169,169,EEG PO7-Ref,EEG,EEG ...-Ref,PO,7,7.0,-Ref,2000.0,60.0,1.4521821905313388,1.5695194524536937,16.192583155584813,61.92818362932893,339.3554000854492,0.0,0.03376694805790048,False,False,False
train_000326,train,0.0,170,170,EEG PO8-Ref,EEG,EEG ...-Ref,PO,8,8.0,-Ref,2000.0,60.0,39.45468711862088,18.316680973731724,23.681082961610876,32.541406659034074,195.99607849121094,0.0,0.006033383611530096,True,True,True
train_000326,train,0.0,171,171,EEG PO9-Ref,EEG,EEG ...-Ref,PO,9,9.0,-Ref,2000.0,60.0,1.055074935729843,1.7691497272675718,16.34766366202564,62.92383805473522,349.31605529785156,0.0,0.030491920766006382,False,False,False
train_000326,train,0.0,172,172,EEG PO10-Ref,EEG,EEG ...-Ref,PO,10,10.0,-Ref,2000.0,60.0,43.95665769923531,21.633618770484656,27.06216566729934,43.52849368578507,230.46873474121094,0.0,0.003875032291935766,True,True,True
train_000326,train,0.0,173,173,POL PO11,POL,POL,PO,11,11.0,,2000.0,60.0,44.88273830496298,21.396348183444527,27.136339284991465,43.61192799605732,226.46482849121094,0.0,0.0038666988891574096,True,True,True
train_000326,train,0.0,174,174,POL PO12,POL,POL,PO,12,12.0,,2000.0,60.0,35.62421181144352,20.134809134916672,25.773769752767542,10.128988422769275,67.38279342651367,0.0,0.011250093750781256,True,True,True
train_000326,train,0.0,175,175,POL PO13,POL,POL,PO,13,13.0,,2000.0,60.0,36.03240434700419,20.228506095756785,26.027825382378364,10.016800485091528,65.234375,0.0,0.011041758681322345,True,True,True
train_000326,train,0.0,176,176,POL PO14,POL,POL,PO,14,14.0,,2000.0,60.0,35.687192034005015,19.925351209741137,25.43996008945541,10.244942295592843,66.40623664855957,0.0,0.011475095625796882,True,True,True
train_000326,train,0.0,177,177,POL PO15,POL,POL,PO,15,15.0,,2000.0,60.0,33.16119290111722,19.165391259128196,25.05989118960101,9.979615026102218,68.3593521118164,0.0,0.013016775139792831,True,True,True
train_000326,train,0.0,178,178,POL PO16,POL,POL,PO,16,16.0,,2000.0,60.0,0.16608672923914441,0.16564909748180476,6.708362766716708,45.972079466005596,322.85133361816406,0.0,0.01838348652905441,False,False,False
train_000430,train,1.0,0,0,EEG A1-Ref,EEG,EEG ...-Ref,A,1,1.0,-Ref,2000.0,60.0,1.2938537192603494,0.09117946101108337,5.105125201403463,151.17866734665034,1215.4291381835938,0.0,0.0170251418761823,False,False,False
train_000430,train,1.0,1,1,EEG A2-Ref,EEG,EEG ...-Ref,A,2,2.0,-Ref,2000.0,60.0,1.5181488171115682,0.8203365966784458,5.800987622217466,169.16654713547254,1503.8080444335938,0.0,0.0190168251402095,False,False,False
train_000430,train,1.0,2,2,POL A3,POL,POL,A,3,3.0,,2000.0,60.0,1.8342867188259842,0.33867575244011416,6.025283300259648,142.29818957256725,1247.3630981445312,0.0,0.02023350194584955,False,False,False
train_000430,train,1.0,3,3,POL A4,POL,POL,A,4,4.0,,2000.0,60.0,2.1859173326986077,0.13372509035355468,5.893580841881549,128.8370975345576,1115.9173278808594,0.0,0.020925174376453137,False,False,False
train_000430,train,1.0,4,4,POL A5,POL,POL,A,5,5.0,,2000.0,60.0,2.3945146546450116,0.16716034044682376,5.847435900648787,142.23483123985932,1086.4254150390625,0.0,0.021683514029283577,False,False,False
train_000430,train,1.0,5,5,POL A6,POL,POL,A,6,6.0,,2000.0,60.0,2.046364027299114,-0.4790689142099835,5.581947538131711,173.56984727091174,1257.714599609375,0.0,0.02135017791814932,False,False,False
train_000430,train,1.0,6,6,POL A7,POL,POL,A,7,7.0,,2000.0,60.0,7.11347482522183,1.691809652534295,5.501757265756052,186.4004899558176,1266.1129760742188,0.0,0.01806681722347686,False,False,False
train_000430,train,1.0,7,7,POL A8,POL,POL,A,8,8.0,,2000.0,60.0,3.0437947059299733,0.21878727899088968,7.302143785304889,189.61276968582612,1252.0501098632812,0.0,0.02245852048767073,False,False,False
train_000430,train,1.0,8,8,POL A9,POL,POL,A,9,9.0,,2000.0,60.0,2.9900589657230556,0.12881911930067755,6.590231600454165,157.010186702617,1033.0068664550781,0.0,0.022850190418253487,False,False,False
train_000430,train,1.0,9,9,POL A10,POL,POL,A,10,10.0,,2000.0,60.0,3.0954650558033228,0.11742939595616209,7.383003239041467,134.32400114797366,983.2027282714844,0.0,0.02400020000166668,False,False,False
train_000430,train,1.0,10,10,POL B1,POL,POL,B,1,1.0,,2000.0,60.0,1.5019976939958823,1.5236858371613167,1.504898381615412,323.1371997414737,2322.1636352539062,0.0,0.01446678722322686,False,False,False
train_000430,train,1.0,11,11,POL B2,POL,POL,B,2,2.0,,2000.0,60.0,1.196637162140134,0.5589770205526288,2.1744181001920615,123.04647106152203,932.8124389648438,0.0,0.021550179584829875,False,False,False
train_000430,train,1.0,12,12,POL B3,POL,POL,B,3,3.0,,2000.0,60.0,1.2374002858535156,0.667845891442995,1.6994989923233557,123.40151675936188,875.8787231445312,0.0,0.0222918524321036,False,False,False
train_000430,train,1.0,13,13,POL B4,POL,POL,B,4,4.0,,2000.0,60.0,0.6962360933803181,0.30395125826864383,2.4933841527118745,130.71985816088574,1031.0541076660156,0.0,0.022775189793248277,False,False,False
train_000430,train,1.0,14,14,POL B5,POL,POL,B,5,5.0,,2000.0,60.0,0.5817961363387805,-0.21808863092122102,2.1385616875601023,156.60526372103487,1111.9138793945312,0.0,0.024716872640605337,False,False,False
train_000430,train,1.0,15,15,POL B6,POL,POL,B,6,6.0,,2000.0,60.0,0.3398964338962417,-0.4846108167192936,2.1021446645146487,187.7937025857129,1276.7572021484375,0.0,0.02361686347386228,False,False,False
train_000430,train,1.0,16,16,POL B7,POL,POL,B,7,7.0,,2000.0,60.0,0.822128622024255,-0.46071248963716066,1.9029243456147058,194.47673726568067,1363.4739379882812,0.0,0.022950191251593765,False,False,False
train_000430,train,1.0,17,17,POL B8,POL,POL,B,8,8.0,,2000.0,60.0,0.4787160997203672,-0.3244739674151384,2.1246341562841526,207.30778723351918,1697.3623046875,0.0,0.02405020041833682,False,False,False
train_000430,train,1.0,18,18,POL B9,POL,POL,B,9,9.0,,2000.0,60.0,0.4668017072817725,-0.7024909209754588,1.8184404408364405,170.80974515182373,1261.6210327148438,0.0,0.02487520729339411,False,False,False
train_000430,train,1.0,19,19,POL B10,POL,POL,B,10,10.0,,2000.0,60.0,1.1021752688956412,-0.7954311441928191,1.7211426023132936,116.36939988059613,800.9764099121094,0.0,0.027591896599138327,False,False,False
train_000430,train,1.0,20,20,POL B11,POL,POL,B,11,11.0,,2000.0,60.0,1.0458069051144363,0.53217769299131,2.326448302749671,87.35270931762611,663.8667907714844,0.0,0.030725256043800366,False,False,False
train_000430,train,1.0,21,21,POL A11,POL,POL,A,11,11.0,,2000.0,60.0,15.707214383602084,9.067529736897843,4.7402606364903095,115.07764523335712,911.0346374511719,0.0,0.014925124376036467,True,False,False
train_000430,train,1.0,22,22,POL A12,POL,POL,A,12,12.0,,2000.0,60.0,2.9038541073482405,-0.1393756644189448,6.345053756141853,95.45928715855945,812.0115661621094,0.0,0.027525229376911473,False,False,False
train_000430,train,1.0,23,23,POL U1,POL,POL,U,1,1.0,,2000.0,60.0,0.8376407323777475,-0.24082633135149278,1.0821547383811188,141.23965913534877,1023.2391967773438,0.0,0.021425178543154528,False,False,False
train_000430,train,1.0,24,24,POL U2,POL,POL,U,2,2.0,,2000.0,60.0,2.037210425928567,0.07225227414845668,0.8995697185015029,189.3577802289592,1622.749755859375,0.0,0.018858490487420727,False,False,False
train_000430,train,1.0,25,25,POL U3,POL,POL,U,3,3.0,,2000.0,60.0,-0.4916122405751865,0.11164561256937046,1.2219532697962487,195.79864843503998,1780.85595703125,0.0,0.018558487987399896,False,False,False
train_000430,train,1.0,26,26,POL U4,POL,POL,U,4,4.0,,2000.0,60.0,-0.13155470199976665,0.4496422884757173,0.6797868645205216,188.23615670253005,1850.8760375976562,0.0,0.019450162084684038,False,False,False
train_000430,train,1.0,27,27,POL U5,POL,POL,U,5,5.0,,2000.0,60.0,-0.9481273662330268,-0.5797013840292758,0.797315940819877,147.3407862716444,1672.9479370117188,0.0,0.021966849723747697,False,False,False
train_000430,train,1.0,28,28,POL U6,POL,POL,U,6,6.0,,2000.0,60.0,-0.9323816214738523,-0.5564860766796502,0.5865769826804763,107.21138801365646,1348.729736328125,0.0,0.025491879098992493,False,False,False
train_000430,train,1.0,29,29,POL U7,POL,POL,U,7,7.0,,2000.0,60.0,-0.6358198971580624,-0.04025166543465238,0.6435914880022706,77.75668558714852,1058.3002319335938,0.0,0.027991899932499436,False,False,False
train_000430,train,1.0,30,30,POL U8,POL,POL,U,8,8.0,,2000.0,60.0,-1.6052658799256192,-0.08782544160300872,1.405273141411383,54.23083508084204,733.398193359375,0.0,0.030941924516037635,False,False,False
train_000430,train,1.0,31,31,POL T1,POL,POL,T,1,1.0,,2000.0,60.0,1.4947835222860564,0.1936965330586377,3.2944561128061207,113.39182434709984,1061.7142944335938,0.0,0.02155851298760823,False,False,False
train_000430,train,1.0,32,32,POL T2,POL,POL,T,2,2.0,,2000.0,60.0,1.5755660958204976,0.015945323690411465,3.0912095752012148,110.40872835943802,921.2887573242188,0.0,0.020175168126401053,False,False,False
train_000430,train,1.0,33,33,EEG T3-Ref,EEG,EEG ...-Ref,T,3,3.0,-Ref,2000.0,60.0,1.8390548537469418,-0.0314219167490506,3.104049890390284,104.39724907242363,788.0858764648438,0.0,0.0250502087517396,False,False,False
train_000430,train,1.0,34,34,EEG T4-Ref,EEG,EEG ...-Ref,T,4,4.0,-Ref,2000.0,60.0,1.6937563472095962,-0.0186064694240676,2.586677416597128,186.20405258215078,1481.0521850585938,0.0,0.018441820348502905,False,False,False
train_000430,train,1.0,35,35,EEG T5-Ref,EEG,EEG ...-Ref,T,5,5.0,-Ref,2000.0,60.0,2.2144445155549604,0.3176544367184515,3.17612558437073,152.47097645050178,1253.5113525390625,0.0,0.020225168543071194,False,False,False
train_000430,train,1.0,36,36,POL DC01,POL,POL,DC,01,1.0,,2000.0,60.0,-0.24907535926040503,-0.030006626165692746,0.8837434883275517,83.57450157710329,732.6002807617188,0.0,0.9152159601330011,False,False,False
train_000430,train,1.0,37,37,POL DC02,POL,POL,DC,02,2.0,,2000.0,60.0,1.349247620884205,0.3738438459539527,0.46674090554999265,80.34407599536824,732.5999755859375,0.000125,0.9217160143001192,False,False,False
train_000430,train,1.0,38,38,POL DC03,POL,POL,DC,03,3.0,,2000.0,60.0,0.3567004045329805,0.4581786857128444,-0.15525418793422574,36.249003602712136,732.5999755859375,0.0068583333333333335,0.9821665180543171,False,False,False
train_000430,train,1.0,39,39,POL DC04,POL,POL,DC,04,4.0,,2000.0,60.0,0.14892592084548778,0.44707040112854696,-0.7117505003845088,76.65908726971547,732.5999755859375,0.00015,0.9284160701339178,False,False,False
train_000430,train,1.0,40,40,POL DC05,POL,POL,DC,05,5.0,,2000.0,60.0,0.6004711998172292,0.2550782226110989,-0.11591858524245817,183.1082471946242,366.29998779296875,0.510675,0.648347069558913,False,False,False
train_000430,train,1.0,41,41,POL DC06,POL,POL,DC,06,6.0,,2000.0,60.0,-0.3569469634515129,-0.4576863298543494,0.020435185191142395,79.83242377386956,732.6002807617188,0.0,0.9225160209668414,False,False,False
train_000430,train,1.0,42,42,POL DC07,POL,POL,DC,07,7.0,,2000.0,60.0,0.000623860980737284,-1.0156877866646865,0.23633705761329007,97.95180399879547,732.6002807617188,0.0,0.8861823848532071,False,False,False
train_000430,train,1.0,43,43,POL DC08,POL,POL,DC,08,8.0,,2000.0,60.0,0.4928857910316589,0.7938378273695602,0.19027318452522862,137.88593758962816,366.3001377929759,0.0,0.7886149051242094,False,False,False
train_000430,train,1.0,44,44,POL DC09,POL,POL,DC,09,9.0,,2000.0,60.0,-0.4262401452358833,0.424812849121891,0.04394520801189294,44.8614992405731,732.5999755859375,0.01405,0.9732664438870324,False,False,False
train_000430,train,1.0,45,45,POL DC10,POL,POL,DC,10,10.0,,2000.0,60.0,-0.08218632867858609,0.4342244925374795,0.263662627328965,75.86374871356821,732.5999755859375,0.04464166666666667,0.929657747147893,False,False,False
train_000430,train,1.0,46,46,POL DC11,POL,POL,DC,11,11.0,,2000.0,60.0,-0.950500173530595,0.21758486259459275,-0.12093118900452132,172.62467972219585,366.29998779296875,0.3329416666666667,0.6895890799089992,False,False,False
train_000430,train,1.0,47,47,POL DC12,POL,POL,DC,12,12.0,,2000.0,60.0,-0.36410610952592204,-0.14699084356948666,-0.3420831782436589,61.448933138342774,732.6002807617188,0.0,0.9518162651355428,False,False,False
train_000430,train,1.0,48,48,POL DC13,POL,POL,DC,13,13.0,,2000.0,60.0,0.15531388697450046,0.7186380179328961,0.12325198115007827,63.70732591514716,732.5999755859375,0.030733333333333335,0.9484329036075301,False,False,False
train_000430,train,1.0,49,49,POL DC14,POL,POL,DC,14,14.0,,2000.0,60.0,-0.5509283058784382,0.6628302787423497,0.22993191082080253,181.72309937076366,366.29998779296875,0.5622916666666666,0.6577138142817857,False,False,False
train_000430,train,1.0,50,50,POL DC15,POL,POL,DC,15,15.0,,2000.0,60.0,-0.35037573683943396,0.09832777483431271,0.20323352535885386,178.5324040951624,366.29998779296875,0.0,0.6639138659488829,False,False,False
train_000430,train,1.0,51,51,POL DC16,POL,POL,DC,16,16.0,,2000.0,60.0,-0.009943125382130146,-0.20892726239309933,-0.7354762064965685,61.3163127348236,732.5999755859375,0.0282,0.9520162668022234,False,False,False
train_000430,train,1.0,52,52,EEG T6-Ref,EEG,EEG ...-Ref,T,6,6.0,-Ref,2000.0,60.0,1.7670218894629115,-0.07916279647677145,3.2529719671864825,139.385750969699,1149.0203247070312,0.0,0.020708505904215867,False,False,False
train_000430,train,1.0,53,53,EEG T7-Ref,EEG,EEG ...-Ref,T,7,7.0,-Ref,2000.0,60.0,1.7764881274545206,-0.9189906440728045,3.0901071967190403,157.31222322896343,1289.549072265625,0.0,0.019816831806931723,False,False,False
train_000430,train,1.0,54,54,EEG T8-Ref,EEG,EEG ...-Ref,T,8,8.0,-Ref,2000.0,60.0,1.3363366991706729,-0.5900642926552532,2.6534343937103486,147.35052816532098,1132.8121948242188,0.0,0.020291835765298045,False,False,False
train_000430,train,1.0,55,55,EEG T9-Ref,EEG,EEG ...-Ref,T,9,9.0,-Ref,2000.0,60.0,0.10369559700300922,-0.3683329464455925,3.0487811206544464,120.3346618353743,1034.5700073242188,0.0,0.02058350486254052,False,False,False
train_000430,train,1.0,56,56,EEG T10-Ref,EEG,EEG ...-Ref,T,10,10.0,-Ref,2000.0,60.0,1.9359028008313262,-0.2571458279929394,2.209783594126556,95.31701368261582,729.687255859375,0.0,0.02473353944616205,False,False,False
train_000430,train,1.0,57,57,POL T11,POL,POL,T,11,11.0,,2000.0,60.0,2.350535954427769,0.1974426117568799,2.466427719389284,63.78532918193512,522.7536315917969,0.0,0.02945857882149018,False,False,False
train_000430,train,1.0,58,58,POL T12,POL,POL,T,12,12.0,,2000.0,60.0,2.602946234927388,0.47652439774918726,1.5079025917634903,48.129597197871675,332.7144775390625,0.0,0.03470028916907641,False,False,False
train_000430,train,1.0,59,59,POL J1,POL,POL,J,1,1.0,,2000.0,60.0,3.876536272694864,-0.4871467713180617,10.667223561279574,200.39968708877515,1420.6046752929688,0.0,0.02050850423753531,False,False,False
train_000430,train,1.0,60,60,POL J2,POL,POL,J,2,2.0,,2000.0,60.0,3.92398126261547,-0.6872144522024455,10.817201003831805,233.11959192611792,1713.9647216796875,0.0,0.020108500904174202,False,False,False
train_000430,train,1.0,61,61,POL J3,POL,POL,J,3,3.0,,2000.0,60.0,3.6703301625671276,-0.5349118893117342,10.65324069453222,264.4955525699244,2050.484375,0.0,0.019416828473570614,False,False,False
train_000430,train,1.0,62,62,POL J4,POL,POL,J,4,4.0,,2000.0,60.0,3.082304332589944,-0.395961470959873,10.468311321054532,306.1549445685015,2697.3602905273438,0.0,0.017808481737347812,False,False,False
train_000430,train,1.0,63,63,POL J5,POL,POL,J,5,5.0,,2000.0,60.0,1.0528393727264862,-0.4397908167572503,10.17429469403228,201.89394427454366,1600.487548828125,0.0,0.020175168126401053,False,False,False
train_000430,train,1.0,64,64,POL J6,POL,POL,J,6,6.0,,2000.0,60.0,4.732426143726905,-0.25793520390738056,9.696939396971281,83.02785217788535,704.6869812011719,0.0,0.0251835431961933,False,False,False
train_000430,train,1.0,65,65,POL J7,POL,POL,J,7,7.0,,2000.0,60.0,5.398962699039103,-1.1972773700175123,7.695856110824025,67.95450412740053,526.3666076660156,0.0,0.02519187659897166,False,False,False
train_000430,train,1.0,66,66,POL K1,POL,POL,K,1,1.0,,2000.0,60.0,3.2939224785902295,-0.41303733093461664,10.33546049099401,126.77287417228037,1331.1517333984375,0.0,0.020716839306994226,False,False,False
train_000430,train,1.0,67,67,POL K2,POL,POL,K,2,2.0,,2000.0,60.0,1.6228943194939214,-0.3496088351979112,10.552775566540763,151.97605805909305,1801.9486694335938,0.0,0.020808506737556146,False,False,False
train_000430,train,1.0,68,68,POL K3,POL,POL,K,3,3.0,,2000.0,60.0,2.627769717233494,-0.04612895766594158,10.364233558376508,187.4638837622635,2023.2392578125,0.0,0.02009183409861749,False,False,False
train_000430,train,1.0,69,69,POL K4,POL,POL,K,4,4.0,,2000.0,60.0,2.757218991045814,0.28514251270162766,10.620894737805955,233.35072108562963,1928.9967041015625,0.0,0.020125167709730916,False,False,False
train_000430,train,1.0,70,70,POL K5,POL,POL,K,5,5.0,,2000.0,60.0,3.2941254479913433,0.18235538526300746,10.675702056341862,247.7932159183268,2012.397705078125,0.0,0.019833498612488436,False,False,False
train_000430,train,1.0,71,71,POL K6,POL,POL,K,6,6.0,,2000.0,60.0,2.5647210369781077,0.33762223874290037,10.471189466723722,216.77795160475677,1894.0365600585938,0.0,0.02051683764031367,False,False,False
train_000430,train,1.0,72,72,POL K7,POL,POL,K,7,7.0,,2000.0,60.0,3.0918415731938382,0.2679741533478576,10.568067665502308,163.96609557405287,1538.572021484375,0.0,0.022525187709897584,False,False,False
train_000430,train,1.0,73,73,POL K8,POL,POL,K,8,8.0,,2000.0,60.0,4.512150187679901,0.09058121302446846,10.760552402007074,106.88811120143764,1083.6911315917969,0.0,0.02554187951566263,False,False,False
train_000430,train,1.0,74,74,POL L1,POL,POL,L,1,1.0,,2000.0,60.0,8.288486517055624,-0.4120583962434822,14.912059010594938,100.7154445286595,891.5037231445312,0.0,0.018850157084642372,False,False,False
train_000430,train,1.0,75,75,POL L2,POL,POL,L,2,2.0,,2000.0,60.0,7.702219824546814,-0.3848889309620299,14.726735987525588,138.71590412978077,1003.4176330566406,0.0,0.018200151667930566,False,False,False
train_000430,train,1.0,76,76,POL L3,POL,POL,L,3,3.0,,2000.0,60.0,6.6788336013882486,-0.3554857141658544,15.010240152963375,158.07408371871676,1129.2927551269531,0.0,0.018133484445703715,False,False,False
train_000430,train,1.0,77,77,POL L4,POL,POL,L,4,4.0,,2000.0,60.0,7.801245543973404,-0.22270503352647772,15.088333535163068,191.8373678408785,1389.1558837890625,0.0,0.018558487987399896,False,False,False
train_000430,train,1.0,78,78,POL L5,POL,POL,L,5,5.0,,2000.0,60.0,7.85965978193957,0.016316338914629983,15.841706628042203,222.89760466703964,1771.4814453125,0.0,0.017208476737306144,False,False,False
train_000430,train,1.0,79,79,POL L6,POL,POL,L,6,6.0,,2000.0,60.0,7.351927162781065,-0.19888669322175795,14.51723977326014,208.16465181449982,1775.77978515625,0.0,0.017675147292894107,False,False,False
train_000430,train,1.0,80,80,POL L7,POL,POL,L,7,7.0,,2000.0,60.0,25.17192657075983,2.038845862329848,29.75730379379874,167.1260721822222,1534.3685302734375,0.0,0.00521671013925116,True,True,False
train_000430,train,1.0,81,81,POL L8,POL,POL,L,8,8.0,,2000.0,60.0,28.380370958116284,2.8045880640932825,30.304741633745074,148.78962732083565,1238.0859375,0.0,0.005466712222601855,True,True,False
train_000430,train,1.0,82,82,EEG M1-Ref,EEG,EEG ...-Ref,M,1,1.0,-Ref,2000.0,60.0,24.72694335268603,1.5186456987470651,28.43001984701271,116.71049344666822,941.9921569824219,0.0,0.006200051667097226,True,True,False
train_000430,train,1.0,83,83,EEG M2-Ref,EEG,EEG ...-Ref,M,2,2.0,-Ref,2000.0,60.0,25.32462197513738,1.5650867098069976,28.65856789962703,122.12000757032843,989.452392578125,0.0,0.006091717430978591,True,True,False
train_000430,train,1.0,84,84,POL M3,POL,POL,M,3,3.0,,2000.0,60.0,25.343827304408894,1.2165324516455494,28.654358799930314,132.26016078021377,1058.6907348632812,0.0,0.006158384653205443,True,True,False
train_000430,train,1.0,85,85,POL M4,POL,POL,M,4,4.0,,2000.0,60.0,25.288855352862015,1.0609694210298692,28.65446545586105,142.68588151583242,1205.0776062011719,0.0,0.005933382778189818,True,True,False
train_000430,train,1.0,86,86,POL M5,POL,POL,M,5,5.0,,2000.0,60.0,25.060410653884993,1.1919764397488963,28.636619587415908,162.60674965769044,1438.1828002929688,0.0,0.005991716597638314,True,True,False
train_000430,train,1.0,87,87,POL M6,POL,POL,M,6,6.0,,2000.0,60.0,24.243645373105064,0.9512321706642146,28.618299971411222,195.34212592467722,1665.819580078125,0.0,0.005783381528179402,True,True,False
train_000430,train,1.0,88,88,POL M7,POL,POL,M,7,7.0,,2000.0,60.0,22.904253947614404,0.8899681725788079,28.609373829039896,215.80993123797595,1902.8259887695312,0.0,0.005991716597638314,True,True,False
train_000430,train,1.0,89,89,POL M8,POL,POL,M,8,8.0,,2000.0,60.0,21.735820084442004,1.220537786438734,28.701922946993964,211.94415595503344,1851.9452514648438,0.0,0.005758381319844332,True,True,False
train_000430,train,1.0,90,90,POL M9,POL,POL,M,9,9.0,,2000.0,60.0,23.308615147435926,1.0771118386953824,28.703817781728084,114.35099380797485,1104.784912109375,0.0,0.006058383819865166,True,True,False
train_000430,train,1.0,91,91,POL N1,POL,POL,N,1,1.0,,2000.0,60.0,24.95849976311427,1.107344572813134,28.809320976725722,108.20593555938892,919.9215698242188,0.0,0.00583338194484954,True,True,False
train_000430,train,1.0,92,92,POL N2,POL,POL,N,2,2.0,,2000.0,60.0,24.728581833129482,1.2754491184939045,28.9573689152461,113.74321967210264,999.6090393066406,0.0,0.006125051042092018,True,True,False
train_000430,train,1.0,93,93,POL N3,POL,POL,N,3,3.0,,2000.0,60.0,24.56597703049257,1.30797646924926,28.988859515814603,121.1145549731836,1097.4603576660156,0.0,0.0064083867365561376,True,True,False
train_000430,train,1.0,94,94,POL N4,POL,POL,N,4,4.0,,2000.0,60.0,24.723523201986396,1.278765955082057,29.045770525995508,126.00157724348573,1134.960693359375,0.0,0.006033383611530096,True,True,False
train_000430,train,1.0,95,95,POL N5,POL,POL,N,5,5.0,,2000.0,60.0,24.963513128703397,1.268280898518504,29.113888665308217,131.50653437294176,1312.8900756835938,0.0,0.0059667163893032445,True,True,False
train_000430,train,1.0,96,96,POL N6,POL,POL,N,6,6.0,,2000.0,60.0,25.276060766078153,1.1314621395100024,29.156960894692435,137.1367945994571,1455.85888671875,0.0,0.005825048542071184,True,True,False
train_000430,train,1.0,97,97,POL N7,POL,POL,N,7,7.0,,2000.0,60.0,25.433592916400627,1.0799946490117507,29.02039159979847,135.73299296970416,1428.4177551269531,0.0,0.006033383611530096,True,True,False
train_000430,train,1.0,98,98,POL N8,POL,POL,N,8,8.0,,2000.0,60.0,25.593945191063266,1.2461234311672986,29.07375989256166,89.12093234111448,825.0975036621094,0.0,0.005841715347627897,True,True,False
train_000430,train,1.0,99,99,POL N9,POL,POL,N,9,9.0,,2000.0,60.0,27.917340873861537,1.4426604026547099,29.51328837617963,65.21294174377135,511.8162078857422,0.0,0.0062417186809890085,True,True,False
train_000430,train,1.0,100,100,EEG P1-Ref,EEG,EEG ...-Ref,P,1,1.0,-Ref,2000.0,60.0,25.350763879413613,0.9148656539521367,28.825924798735997,178.08947643823018,1736.326904296875,0.0,0.005883382361519679,True,True,False
train_000430,train,1.0,101,101,EEG P2-Ref,EEG,EEG ...-Ref,P,2,2.0,-Ref,2000.0,60.0,25.51788263867099,1.2158803132849665,28.88564337142041,191.3939438375484,1941.3045654296875,0.0,0.006183384861540513,True,True,False
train_000430,train,1.0,102,102,EEG P3-Ref,EEG,EEG ...-Ref,P,3,3.0,-Ref,2000.0,60.0,24.974580269379505,1.1567863091697743,28.83751963094319,203.50926305008144,2123.3323364257812,0.0,0.006066717222643522,True,True,False
train_000430,train,1.0,103,103,EEG P4-Ref,EEG,EEG ...-Ref,P,4,4.0,-Ref,2000.0,60.0,24.476270871332897,1.1743290612798791,28.886802332985667,208.54924892578785,2198.5302734375,0.0,0.006200051667097226,True,True,False
train_000430,train,1.0,104,104,EEG P5-Ref,EEG,EEG ...-Ref,P,5,5.0,-Ref,2000.0,60.0,23.54300815154534,1.2462205263962325,28.833082600759973,198.10218818859218,2106.444091796875,0.0,0.006083384028200235,True,True,False
train_000430,train,1.0,105,105,EEG P6-Ref,EEG,EEG ...-Ref,P,6,6.0,-Ref,2000.0,60.0,23.131280105907337,1.119242790739538,28.753740110891997,180.66211425489183,1852.5374145507812,0.0,0.005675047292060767,True,True,False
train_000430,train,1.0,106,106,EEG P7-Ref,EEG,EEG ...-Ref,P,7,7.0,-Ref,2000.0,60.0,24.453916327562013,1.3032584508297842,28.924623301129873,142.04174773243983,1381.7379150390625,0.0,0.006100050833756948,True,True,False
train_000430,train,1.0,107,107,EEG P8-Ref,EEG,EEG ...-Ref,P,8,8.0,-Ref,2000.0,60.0,25.465115394802464,1.3698034633961758,28.988209514254002,85.61382938041791,883.5930786132812,0.0,0.006708389236576971,True,True,False
train_000430,train,1.0,108,108,POL R1,POL,POL,R,1,1.0,,2000.0,60.0,24.154542510895833,0.9007988446384362,28.969077209890862,131.3428648668106,1089.6481628417969,0.0,0.00583338194484954,True,True,False
train_000430,train,1.0,109,109,POL R2,POL,POL,R,2,2.0,,2000.0,60.0,24.764916452321614,1.1006782096915606,29.123759887413748,128.86219737564014,1097.4604797363281,0.0,0.006225051875432295,True,True,False
train_000430,train,1.0,110,110,POL R3,POL,POL,R,3,3.0,,2000.0,60.0,24.23551369197055,0.9016425479505679,28.856580099914947,117.50495317868868,980.9569091796875,0.0,0.006291719097659148,True,True,False
train_000430,train,1.0,111,111,POL R4,POL,POL,R,4,4.0,,2000.0,60.0,23.180142569587158,0.8932865675885525,28.535531596015403,116.3103409088444,1134.0813903808594,0.0,0.005691714097617481,True,True,False
train_000430,train,1.0,112,112,POL R5,POL,POL,R,5,5.0,,2000.0,60.0,23.611531011290225,0.32613323980861464,28.926697786505216,138.1062008903181,1258.4959106445312,0.0,0.006675055625463546,True,True,False
train_000430,train,1.0,113,113,POL R6,POL,POL,R,6,6.0,,2000.0,60.0,22.861538288798688,0.7718061080494537,28.841348558936446,144.0187926148892,1125.2926635742188,0.0,0.006100050833756948,True,True,False
train_000430,train,1.0,114,114,POL R7,POL,POL,R,7,7.0,,2000.0,60.0,24.805931523673436,0.7841646683229799,29.012513553903332,106.27696544864352,826.2688903808594,0.0,0.005741714514287619,True,True,False
train_000430,train,1.0,115,115,POL R8,POL,POL,R,8,8.0,,2000.0,60.0,25.525444148787404,0.9911796493210303,29.162215673354947,103.62165605875747,867.675048828125,0.0,0.0059667163893032445,True,True,False
train_000430,train,1.0,116,116,POL R9,POL,POL,R,9,9.0,,2000.0,60.0,24.859782329628786,0.8293947386777114,29.03291249807857,113.25797345447435,963.86669921875,0.0,0.006275052292102434,True,True,False
train_000430,train,1.0,117,117,POL R10,POL,POL,R,10,10.0,,2000.0,60.0,23.167485451252933,0.9968334848487569,28.7929316313541,109.66654490980387,996.19091796875,0.0,0.005583379861498846,True,True,False
train_000430,train,1.0,118,118,POL R11,POL,POL,R,11,11.0,,2000.0,60.0,22.78154092739139,0.27729375546062673,29.044567234911423,129.51323709220944,1336.22998046875,0.0,0.005866715555962966,True,True,False
train_000430,train,1.0,119,119,POL R12,POL,POL,R,12,12.0,,2000.0,60.0,23.405440222953906,0.3631886496880363,29.111057446927756,160.37579683557595,1648.2415161132812,0.0,0.005466712222601855,True,True,False
train_000430,train,1.0,120,120,POL R13,POL,POL,R,13,13.0,,2000.0,60.0,22.666822130267402,0.3045790766025244,28.843985212356664,181.5174587016745,1878.0257568359375,0.0,0.006158384653205443,True,True,False
train_000430,train,1.0,121,121,POL R14,POL,POL,R,14,14.0,,2000.0,60.0,22.537989320223456,0.4673283743233842,29.04320432240197,193.85371455100733,1957.1279907226562,0.0,0.005716714305952549,True,True,False
train_000430,train,1.0,122,122,POL R15,POL,POL,R,15,15.0,,2000.0,60.0,22.388233238207043,0.6596351119188311,29.19332753267216,197.99763868576252,1946.57666015625,0.0,0.0059167159726331055,True,True,False
train_000430,train,1.0,123,123,POL R16,POL,POL,R,16,16.0,,2000.0,60.0,22.241129439101567,0.601943626591491,29.142613680121208,191.43963621445553,1884.2765502929688,0.0,0.005733381111509263,True,True,False
train_000430,train,1.0,124,124,POL AC1,POL,POL,AC,1,1.0,,2000.0,60.0,24.092331822414344,0.8056695130259873,29.02661120556218,168.98816780367667,1824.218505859375,0.0,0.005908382569854749,True,True,False
train_000430,train,1.0,125,125,POL AC2,POL,POL,AC,2,2.0,,2000.0,60.0,25.826421447570382,1.128565657029719,29.109805049298934,173.53384097754133,1932.127685546875,0.0,0.006091717430978591,True,True,False
train_000430,train,1.0,126,126,POL AC3,POL,POL,AC,3,3.0,,2000.0,60.0,26.122559532454783,0.9509195683773497,29.068571340686983,159.54097050185783,1729.8814697265625,0.0,0.005733381111509263,True,True,False
train_000430,train,1.0,127,127,POL AC4,POL,POL,AC,4,4.0,,2000.0,60.0,26.242899524203356,0.9886437750517286,29.010126148758207,149.30352993653113,1541.69873046875,0.0,0.005850048750406254,True,True,False
train_000430,train,1.0,128,128,POL AC5,POL,POL,AC,5,5.0,,2000.0,60.0,26.19932798556162,0.7846020149795803,29.033592862069728,142.96864851532575,1455.3701782226562,0.0,0.005991716597638314,True,True,False
train_000430,train,1.0,129,129,POL AC6,POL,POL,AC,6,6.0,,2000.0,60.0,26.258149501866356,0.8706256509165022,29.008462626762103,137.55838547132515,1372.4604797363281,0.0,0.005600046667055558,True,True,False
train_000430,train,1.0,130,130,POL AC7,POL,POL,AC,7,7.0,,2000.0,60.0,26.358814139510926,0.7536252937072713,29.036642051887924,135.23758966936717,1330.3708190917969,0.0,0.0056417136809473415,True,True,False
train_000430,train,1.0,131,131,POL AC8,POL,POL,AC,8,8.0,,2000.0,60.0,26.10573367984154,0.8032561327939136,29.0290817678949,156.54906583718673,1606.248779296875,0.0,0.0062500520837673644,True,True,False
train_000430,train,1.0,132,132,POL AC9,POL,POL,AC,9,9.0,,2000.0,60.0,26.261766845185086,0.7765130854079659,29.119472623983174,179.24022169282804,1813.8663330078125,0.0,0.005891715764298036,True,True,False
train_000430,train,1.0,133,133,POL AC10,POL,POL,AC,10,10.0,,2000.0,60.0,25.88709283975964,0.8739784614936664,29.0521752559348,180.62326678451313,1826.365966796875,0.0,0.005708380903174193,True,True,False
train_000430,train,1.0,134,134,POL AC11,POL,POL,AC,11,11.0,,2000.0,60.0,24.935948606384343,0.7823148376304639,29.05296871419582,160.41285961691878,1645.2143249511719,0.0,0.005841715347627897,True,True,False
train_000430,train,1.0,135,135,POL AC12,POL,POL,AC,12,12.0,,2000.0,60.0,23.984004044209094,0.8185147905930936,28.613771464144726,194.06394296884034,1844.2374877929688,0.0,0.0056417136809473415,True,True,False
train_000430,train,1.0,136,136,POL AC13,POL,POL,AC,13,13.0,,2000.0,60.0,24.67990025811828,0.7742550344914951,28.96491682404896,210.57764662361726,2096.678955078125,0.0,0.00583338194484954,True,True,False
train_000430,train,1.0,137,137,POL AC14,POL,POL,AC,14,14.0,,2000.0,60.0,24.941427088757322,0.7897375203805096,28.973095930916664,224.6212193806645,2289.1593017578125,0.0,0.005716714305952549,True,True,False
train_000430,train,1.0,138,138,POL AC15,POL,POL,AC,15,15.0,,2000.0,60.0,29.25701070954127,9.289219858413805,27.493038264927698,168.4057425754063,1506.8353271484375,0.0,0.003483362361353011,True,True,False
train_000430,train,1.0,139,139,POL AC16,POL,POL,AC,16,16.0,,2000.0,60.0,24.59486207958085,0.5249344573609106,28.949890388445546,246.47655929203077,2621.6743774414062,0.0,0.0059167159726331055,True,True,False
train_000440,train,0.0,0,0,POL R1,POL,POL,R,1,1.0,,1999.9999999999998,60.00000000000001,-0.45906727310733597,-0.1230669314370516,4.742719233238607,74.99520963069054,696.6790771484375,0.0,0.028775239793664947,False,False,False
train_000440,train,0.0,1,1,POL R2,POL,POL,R,2,2.0,,1999.9999999999998,60.00000000000001,-0.3522876914845652,0.38758324569392577,4.455981351860955,77.66866663141468,801.6595306396484,0.0,0.028258568821406847,False,False,False
train_000440,train,0.0,2,2,POL R3,POL,POL,R,3,3.0,,1999.9999999999998,60.00000000000001,-0.24135261943737332,0.39573370735861896,4.960360855613434,70.20644433238601,653.9059753417969,0.0,0.03268360569671414,False,False,False
train_000440,train,0.0,3,3,POL R4,POL,POL,R,4,4.0,,1999.9999999999998,60.00000000000001,-0.49824456724084415,0.38894991190027234,5.252581156090312,53.04968274114513,610.6443939208984,0.0,0.028683572363103024,False,False,False
train_000440,train,0.0,4,4,POL R5,POL,POL,R,5,5.0,,1999.9999999999998,60.00000000000001,-0.5069352291100366,0.6404131536234993,5.632738955160663,58.211164339466094,625.1951751708984,0.0,0.02817523479362328,False,False,False
train_000440,train,0.0,5,5,POL R6,POL,POL,R,6,6.0,,1999.9999999999998,60.00000000000001,-0.5920412936073648,0.7848006182836624,5.131448007030354,72.68868429073551,820.9956970214844,0.0,0.026150217918482654,False,False,False
train_000440,train,0.0,6,6,POL R7,POL,POL,R,7,7.0,,1999.9999999999998,60.00000000000001,0.26398122491159587,0.9334665671144158,4.808164832261001,100.30837822831539,1073.7301025390625,0.0,0.0242835356961308,False,False,False
train_000440,train,0.0,7,7,POL R8,POL,POL,R,8,8.0,,1999.9999999999998,60.00000000000001,4.322518477454663,1.6277393606520878,5.139773611640236,151.99679424247108,1335.8396606445312,0.0,0.020525171043092025,False,False,False
train_000440,train,0.0,8,8,POL R9,POL,POL,R,9,9.0,,1999.9999999999998,60.00000000000001,0.1028434974340228,0.8878151685222874,5.277280689687598,97.4765172959254,1308.0073547363281,0.0,0.024558537987816566,False,False,False
train_000440,train,0.0,9,9,POL R10,POL,POL,R,10,10.0,,1999.9999999999998,60.00000000000001,0.045429234412607405,0.3230761767420234,4.955141835842439,94.56116238802643,1222.8510437011719,0.0,0.025216876807306728,False,False,False
train_000440,train,0.0,10,10,POL R13,POL,POL,R,13,13.0,,1999.9999999999998,60.00000000000001,0.6163192915060932,0.14223619841886043,5.93876167861729,83.380449530426,871.0936889648438,0.0,0.02620855173793115,False,False,False
train_000440,train,0.0,11,11,POL R14,POL,POL,R,14,14.0,,1999.9999999999998,60.00000000000001,0.37033686046225034,0.05565813095318703,6.660528140062416,52.972595970241294,557.6167297363281,0.0,0.03640030333586113,False,False,False
train_000440,train,0.0,12,12,POL R15,POL,POL,R,15,15.0,,1999.9999999999998,60.00000000000001,-0.08512237253691839,0.7707695998536285,7.6509053361915775,29.021449397416117,314.3553771972656,0.0,0.04446703722531021,False,False,False
train_000440,train,0.0,13,13,POL R16,POL,POL,R,16,16.0,,1999.9999999999998,60.00000000000001,0.4983340312104472,0.8131134294383868,2.395627138475101,27.680189384299773,350.68345642089844,0.0,0.04359202993358278,False,False,False
train_000440,train,0.0,14,14,POL PC1,POL,POL,PC,1,1.0,,1999.9999999999998,60.00000000000001,0.4963318324678857,0.10135823431810115,1.5753863483066852,73.88495706775653,684.0814514160156,0.0,0.021308510904257536,False,False,False
train_000440,train,0.0,15,15,POL PC2,POL,POL,PC,2,2.0,,1999.9999999999998,60.00000000000001,0.29924233627418295,0.448865852355711,1.4083383639196652,57.353090797095426,654.1988372802734,0.0,0.021100175834798625,False,False,False
train_000440,train,0.0,16,16,POL PC3,POL,POL,PC,3,3.0,,1999.9999999999998,60.00000000000001,0.13476766574551494,0.48455341737780755,1.7992815262261268,54.863227984779975,690.5269470214844,0.0,0.02155851298760823,False,False,False
train_000440,train,0.0,17,17,POL PC4,POL,POL,PC,4,4.0,,1999.9999999999998,60.00000000000001,-0.24177978260335073,0.6867639887870802,1.2510014367843691,62.51525797663229,769.9217834472656,0.0,0.020558504654205452,False,False,False
train_000440,train,0.0,18,18,POL PC5,POL,POL,PC,5,5.0,,1999.9999999999998,60.00000000000001,-0.1573916559942999,1.6677813673281394,2.630410921619732,64.74360803009786,843.0656890869141,0.0,0.01919182659855499,False,False,False
train_000440,train,0.0,19,19,POL PC6,POL,POL,PC,6,6.0,,1999.9999999999998,60.00000000000001,-0.15802890654600882,2.3024913994649614,2.391297671961638,75.93350553811729,953.8083343505859,0.0,0.017558479653997115,False,False,False
train_000440,train,0.0,20,20,POL PC7,POL,POL,PC,7,7.0,,1999.9999999999998,60.00000000000001,0.012263098480263853,1.2876007463752048,0.6124555484559838,56.641585557366135,709.7649993896484,0.0,0.018466820556837973,False,False,False
train_000440,train,0.0,21,21,POL R11,POL,POL,R,11,11.0,,1999.9999999999998,60.00000000000001,0.09939341847047624,0.1045602422674537,5.504262652640488,94.08956467752198,1291.7965393066406,0.0,0.023058525487712398,False,False,False
train_000440,train,0.0,22,22,POL R12,POL,POL,R,12,12.0,,1999.9999999999998,60.00000000000001,0.16328221713630015,0.840276783440498,5.006417076030431,81.8003655470961,865.7219543457031,0.0,0.02502520854340453,False,False,False
train_000440,train,0.0,23,23,POL PC8,POL,POL,PC,8,8.0,,1999.9999999999998,60.00000000000001,-0.016769014819159166,0.07997047652603882,1.3130727873068548,42.29180960621503,454.19879150390625,0.0,0.024125201043342027,False,False,False
train_000440,train,0.0,24,24,POL PC9,POL,POL,PC,9,9.0,,1999.9999999999998,60.00000000000001,1.1265309723814403,-0.7033629270706144,2.3966277447712043,34.188839277018026,175.4878921508789,0.0,0.07125892715772632,False,False,False
train_000440,train,0.0,25,25,EEG F1-Ref,EEG,EEG ...-Ref,F,1,1.0,-Ref,1999.9999999999998,60.00000000000001,0.3344655795113368,-0.24819922509585524,13.685716562919472,63.32608046374805,827.34326171875,0.0,0.018908490904090868,False,False,False
train_000440,train,0.0,26,26,EEG F2-Ref,EEG,EEG ...-Ref,F,2,2.0,-Ref,1999.9999999999998,60.00000000000001,0.6596661148213041,0.46997291159131993,14.973418878948621,71.9695582123427,605.4685363769531,0.0,0.018433486945724546,False,False,False
train_000440,train,0.0,27,27,EEG F3-Ref,EEG,EEG ...-Ref,F,3,3.0,-Ref,1999.9999999999998,60.00000000000001,0.8742111310126262,0.971961646199333,14.673104847346412,66.84890247533708,580.0777282714844,0.0,0.017675147292894107,False,False,False
train_000440,train,0.0,28,28,EEG F4-Ref,EEG,EEG ...-Ref,F,4,4.0,-Ref,1999.9999999999998,60.00000000000001,0.9511096792339431,0.2747106565889076,14.382866970643228,65.85673240321364,691.6990661621094,0.0,0.017058475487295728,False,False,False
train_000440,train,0.0,29,29,EEG F5-Ref,EEG,EEG ...-Ref,F,5,5.0,-Ref,1999.9999999999998,60.00000000000001,0.8041651818726724,-0.19204848429645707,14.650116944418537,139.70581047846863,903.6130676269531,0.0,0.016425136876140636,False,False,False
train_000440,train,0.0,30,30,EEG F6-Ref,EEG,EEG ...-Ref,F,6,6.0,-Ref,1999.9999999999998,60.00000000000001,0.4856144290569853,0.19704152360439453,14.702517125067336,70.76769047984267,765.3312683105469,0.0,0.02037516979308161,False,False,False
train_000440,train,0.0,31,31,EEG F7-Ref,EEG,EEG ...-Ref,F,7,7.0,-Ref,1999.9999999999998,60.00000000000001,5.577361675895073,0.2689452393855767,17.779629986440458,22.303462351915197,205.0777816772461,0.0,0.03934199451662097,False,False,False
train_000440,train,0.0,32,32,POL G1,POL,POL,G,1,1.0,,1999.9999999999998,60.00000000000001,1.1304695659620174,1.1722237724413984,3.28929922265861,75.60351773860415,1029.1983642578125,0.0,0.01865848882074017,False,False,False
train_000440,train,0.0,33,33,POL G2,POL,POL,G,2,2.0,,1999.9999999999998,60.00000000000001,0.11912489155120498,0.8129085585647102,3.033301351842757,75.63408468813448,1116.4053344726562,0.0,0.016258468820573503,False,False,False
train_000440,train,0.0,34,34,POL G3,POL,POL,G,3,3.0,,1999.9999999999998,60.00000000000001,-0.4661803065117714,-0.1449910050764504,3.128914361302195,81.1983363089482,1149.2178649902344,0.0,0.014225118542654522,False,False,False
train_000440,train,0.0,35,35,POL G4,POL,POL,G,4,4.0,,1999.9999999999998,60.00000000000001,-0.6421028701333799,0.5497090562057784,3.021698143698025,75.22139324010674,1097.5579528808594,0.0,0.016550137917815982,False,False,False
train_000440,train,0.0,36,36,POL DC01,POL,POL,DC,01,1.0,,1999.9999999999998,60.00000000000001,-1.1901233488242666,0.7170625203890668,0.03823783986962903,165.52280039242163,366.3001377929759,0.0,0.7067392228268569,False,False,False
train_000440,train,0.0,37,37,POL DC02,POL,POL,DC,02,2.0,,1999.9999999999998,60.00000000000001,1.1251198049967677,0.20853827430844654,0.024236407498370506,36.634607637008045,732.5999755859375,0.007383333333333334,0.981649847082059,False,False,False
train_000440,train,0.0,38,38,POL DC03,POL,POL,DC,03,3.0,,1999.9999999999998,60.00000000000001,-0.20221095362130326,-0.05949643222168237,-0.02293498940964252,182.56713050129844,366.29998779296875,0.0,0.6524054367119726,False,False,False
train_000440,train,0.0,39,39,POL DC04,POL,POL,DC,04,4.0,,1999.9999999999998,60.00000000000001,-0.18386426247460372,-0.7406687486422434,-0.2508198245139686,150.0203947323956,366.29998779296875,0.21318333333333334,0.754431286927391,False,False,False
train_000440,train,0.0,40,40,POL DC05,POL,POL,DC,05,5.0,,1999.9999999999998,60.00000000000001,-0.43301870990586133,0.23509790274772757,0.3276332968728604,91.2532145406964,732.5999755859375,0.06638333333333334,0.8996491637430312,False,False,False
train_000440,train,0.0,41,41,POL DC06,POL,POL,DC,06,6.0,,1999.9999999999998,60.00000000000001,0.18171319672672812,0.7148275430967397,0.4213417400981565,33.40500359289059,732.5999755859375,0.004141666666666667,0.9845748714572622,False,False,False
train_000440,train,0.0,42,42,POL DC07,POL,POL,DC,07,7.0,,1999.9999999999998,60.00000000000001,-0.6238930583081205,0.4026190865355103,-0.3182156225473448,38.17798764609116,732.6002807617188,0.0,0.9804998374986458,False,False,False
train_000440,train,0.0,43,43,POL DC08,POL,POL,DC,08,8.0,,1999.9999999999998,60.00000000000001,0.5490813368565651,-0.32451900126393796,-0.49473179548135576,124.61497350705741,732.5999755859375,0.13355,0.8226651888765739,False,False,False
train_000440,train,0.0,44,44,POL DC09,POL,POL,DC,09,9.0,,1999.9999999999998,60.00000000000001,-0.5308176548390676,0.4090388878950524,0.1988983992822831,45.00125662273469,732.5999755859375,0.014058333333333334,0.972883107359228,False,False,False
train_000440,train,0.0,45,45,POL DC10,POL,POL,DC,10,10.0,,1999.9999999999998,60.00000000000001,-0.15574274792254647,1.489485875600515,-0.006277614071090235,39.06130919345181,732.5999755859375,0.009066666666666667,0.9790664922207685,False,False,False
train_000440,train,0.0,46,46,POL DC11,POL,POL,DC,11,11.0,,1999.9999999999998,60.00000000000001,-0.8028632257912928,-0.5709039411587113,0.6144114905536965,176.41615704342487,366.29998779296875,0.6343333333333333,0.6727222726856057,False,False,False
train_000440,train,0.0,47,47,POL DC12,POL,POL,DC,12,12.0,,1999.9999999999998,60.00000000000001,0.6967151020359702,-0.03755236821208795,0.7851812375730595,82.26262934841124,732.5999755859375,0.053066666666666665,0.9170493087442395,False,False,False
train_000440,train,0.0,48,48,POL DC13,POL,POL,DC,13,13.0,,1999.9999999999998,60.00000000000001,-1.1929380883472742,0.41420175950181337,0.04113328632065826,93.65168938400322,732.5999755859375,0.07016666666666667,0.895132459437162,False,False,False
train_000440,train,0.0,49,49,POL DC14,POL,POL,DC,14,14.0,,1999.9999999999998,60.00000000000001,0.15342529787352188,0.055863212865313844,0.8675220902553546,149.9905192876946,366.3001377929759,0.0,0.7541062842190351,False,False,False
train_000440,train,0.0,50,50,POL DC15,POL,POL,DC,15,15.0,,1999.9999999999998,60.00000000000001,-0.48630427422305567,0.38769106242987705,-0.5809414364007135,181.15988881859124,366.29998779296875,0.42649166666666666,0.6535804465037208,False,False,False
train_000440,train,0.0,51,51,POL DC16,POL,POL,DC,16,16.0,,1999.9999999999998,60.00000000000001,-0.0028783091685755007,-0.2571694531813882,0.3022454905078687,173.0822579982014,366.29998779296875,0.6634916666666667,0.6812890107417562,False,False,False
train_000440,train,0.0,52,52,POL G5,POL,POL,G,5,5.0,,1999.9999999999998,60.00000000000001,0.17287439018597087,0.09841250126552821,2.920686382653959,72.58636437253251,1027.0503997802734,0.0,0.016833473612280103,False,False,False
train_000440,train,0.0,53,53,POL G6,POL,POL,G,6,6.0,,1999.9999999999998,60.00000000000001,-0.008231723863538692,0.1974511246016506,3.934508732444255,55.451177793339774,529.10107421875,0.0,0.027883565696380803,False,False,False
train_000440,train,0.0,54,54,POL G7,POL,POL,G,7,7.0,,1999.9999999999998,60.00000000000001,0.7402026592126134,0.15583502386365858,6.52160769957423,54.13761012581438,368.74920654296875,0.0,0.057542146184551536,False,False,False
train_000440,train,0.0,55,55,POL H1,POL,POL,H,1,1.0,,1999.9999999999998,60.00000000000001,3.3178285023999603,0.019412501506239663,6.7181616711927425,59.83056557920716,622.7538299560547,0.0,0.016783473195609962,False,False,False
train_000440,train,0.0,56,56,POL H2,POL,POL,H,2,2.0,,1999.9999999999998,60.00000000000001,2.4577392804984326,-0.21602154425097386,6.9157492983473965,63.14396127238432,712.8903045654297,0.0,0.030908590904924208,False,False,False
train_000440,train,0.0,57,57,POL H3,POL,POL,H,3,3.0,,1999.9999999999998,60.00000000000001,2.21396702813195,-0.45518565356488766,8.49769682474905,69.8210721475888,858.5931243896484,0.0,0.03097525812715106,False,False,False
train_000440,train,0.0,58,58,POL H4,POL,POL,H,4,4.0,,1999.9999999999998,60.00000000000001,3.0729221472766888,-0.23633312402240186,8.086462892350282,78.76461905568367,1008.2025756835938,0.0,0.028833573613113443,False,False,False
train_000440,train,0.0,59,59,POL H5,POL,POL,H,5,5.0,,1999.9999999999998,60.00000000000001,2.4596091152620376,0.05873747466628321,7.861508523403497,88.79640617935706,1144.5304565429688,0.0,0.02834190284919041,False,False,False
train_000440,train,0.0,60,60,POL H6,POL,POL,H,6,6.0,,1999.9999999999998,60.00000000000001,2.517302851138049,0.3829493883708319,7.366728647326805,102.24137072003884,1331.1519165039062,0.0,0.02839190326586055,False,False,False
train_000440,train,0.0,61,61,POL H7,POL,POL,H,7,7.0,,1999.9999999999998,60.00000000000001,2.621796264570987,2.800282422925897,8.138937332702689,130.02765508715348,1765.2331848144531,0.0,0.025791881599013324,False,False,False
train_000440,train,0.0,62,62,POL H8,POL,POL,H,8,8.0,,1999.9999999999998,60.00000000000001,2.778986425023122,2.8730812391512357,8.00853374892376,171.19981576608455,2323.437042236328,0.0,0.022133517779314826,False,False,False
train_000440,train,0.0,63,63,POL H9,POL,POL,H,9,9.0,,1999.9999999999998,60.00000000000001,3.8542180174863345,1.112933724588052,7.059590027094705,98.7679801415028,922.0700378417969,0.0,0.029775248127067725,False,False,False
train_000440,train,0.0,64,64,POL I1,POL,POL,I,1,1.0,,1999.9999999999998,60.00000000000001,2.394623581229804,0.2778848940981183,16.121044746149142,131.4466328801768,1454.491943359375,0.0,0.02365019708497571,False,False,False
train_000440,train,0.0,65,65,POL I2,POL,POL,I,2,2.0,,1999.9999999999998,60.00000000000001,3.915021165939927,0.6013876330628111,16.48474523261116,151.06990752976716,1424.9017333984375,0.0,0.02317519312660939,False,False,False
train_000440,train,0.0,66,66,POL I3,POL,POL,I,3,3.0,,1999.9999999999998,60.00000000000001,3.987617156731864,-2.551404911964807,16.29983982432378,240.87957842838392,1917.087158203125,0.0,0.01860015500129168,False,False,False
train_000440,train,0.0,67,67,POL I4,POL,POL,I,4,4.0,,1999.9999999999998,60.00000000000001,2.861918474422111,-3.26015293525697,15.752441325133457,381.41962119813775,2536.3271484375,0.0,0.014650122084350703,False,False,False
train_000440,train,0.0,68,68,POL I5,POL,POL,I,5,5.0,,1999.9999999999998,60.00000000000001,3.6229213594377283,0.8615554986098444,16.2043088776033,429.7084639723517,2683.099365234375,0.0,0.014350119584329869,False,False,False
train_000440,train,0.0,69,69,POL I6,POL,POL,I,6,6.0,,1999.9999999999998,60.00000000000001,2.2415144800790414,-0.7768880738281081,17.218870153945108,342.5639053215029,2064.740478515625,0.0,0.0177918149317911,False,False,False
train_000440,train,0.0,70,70,POL T1,POL,POL,T,1,1.0,,1999.9999999999998,60.00000000000001,1.1488831285388499,0.10017290140947999,1.732123629536849,69.2034882949433,606.0546264648438,0.0,0.024800206668388905,False,False,False
train_000440,train,0.0,71,71,POL T2,POL,POL,T,2,2.0,,1999.9999999999998,60.00000000000001,0.6943275602078167,-0.3588114320551402,2.058000657239218,71.56449207818613,618.2615203857422,0.0,0.023283527362728023,False,False,False
train_000440,train,0.0,72,72,EEG T3-Ref,EEG,EEG ...-Ref,T,3,3.0,-Ref,1999.9999999999998,60.00000000000001,1.1923617987631223,-0.4284839395297194,2.160604650518776,77.3969785506995,715.7222290039062,0.0,0.026475220626838557,False,False,False
train_000440,train,0.0,73,73,EEG T4-Ref,EEG,EEG ...-Ref,T,4,4.0,-Ref,1999.9999999999998,60.00000000000001,0.408353388553237,-0.009192623591776798,2.2977478360989156,94.49125687936784,910.0582275390625,0.0,0.02445853715447629,False,False,False
train_000440,train,0.0,74,74,EEG T5-Ref,EEG,EEG ...-Ref,T,5,5.0,-Ref,1999.9999999999998,60.00000000000001,1.232210613937209,-0.043677131215607075,1.9746743738239279,107.20111172662092,1062.3043518066406,0.0,0.0250502087517396,False,False,False
train_000440,train,0.0,75,75,EEG T6-Ref,EEG,EEG ...-Ref,T,6,6.0,-Ref,1999.9999999999998,60.00000000000001,1.6304796581615744,0.5953734338662191,2.5045706483118106,121.05801429881434,1210.3511352539062,0.0,0.023750197918315986,False,False,False
train_000440,train,0.0,76,76,EEG T7-Ref,EEG,EEG ...-Ref,T,7,7.0,-Ref,1999.9999999999998,60.00000000000001,1.4054805855405612,0.4040810325794441,1.8370795794213959,141.87942675287644,1422.7492370605469,0.0,0.0212001766681389,False,False,False
train_000440,train,0.0,77,77,EEG T8-Ref,EEG,EEG ...-Ref,T,8,8.0,-Ref,1999.9999999999998,60.00000000000001,1.4552764066038228,-0.3090619611958824,1.3730575964705856,175.63351662089158,1679.2928466796875,0.0,0.019175159792998275,False,False,False
train_000440,train,0.0,78,78,EEG T9-Ref,EEG,EEG ...-Ref,T,9,9.0,-Ref,1999.9999999999998,60.00000000000001,1.9719692554564672,-0.388226813092066,2.177042332942743,106.42622668605912,774.2182006835938,0.0,0.03527529396078301,False,False,False
train_000440,train,0.0,79,79,EEG T10-Ref,EEG,EEG ...-Ref,T,10,10.0,-Ref,1999.9999999999998,60.00000000000001,2.1099667917742377,-1.051944605142289,-0.07097400053876014,122.74664077232725,731.8322448730469,0.0,0.025408545071208925,False,False,False
train_000440,train,0.0,80,80,POL B1,POL,POL,B,1,1.0,,1999.9999999999998,60.00000000000001,4.5166688777905355,0.18083369715774428,9.988296655434599,273.0335210181665,3556.442626953125,0.0,0.012816773473112275,False,False,False
train_000440,train,0.0,81,81,POL B2,POL,POL,B,2,2.0,,1999.9999999999998,60.00000000000001,5.886111938659582,-0.0943068546126634,9.344157201784782,252.5454351747183,4031.4429931640625,0.0,0.013183443195359962,False,False,False
train_000440,train,0.0,82,82,POL B3,POL,POL,B,3,3.0,,1999.9999999999998,60.00000000000001,11.758707819983867,0.2979116965855285,10.667677520983023,215.45344695329862,1846.285400390625,0.0,0.014191784931541097,True,False,False
train_000440,train,0.0,83,83,POL B4,POL,POL,B,4,4.0,,1999.9999999999998,60.00000000000001,12.655400997106302,0.20108978987848028,11.294603060095037,190.8219857911341,1620.0162963867188,0.0,0.014141784514870958,True,False,False
train_000440,train,0.0,84,84,POL B5,POL,POL,B,5,5.0,,1999.9999999999998,60.00000000000001,13.09859449606655,0.15228643765547567,11.453737659089702,206.47843735429228,1789.4443359375,0.0,0.013900115834298619,True,False,False
train_000440,train,0.0,85,85,POL B6,POL,POL,B,6,6.0,,1999.9999999999998,60.00000000000001,15.083509212189632,-0.04856747480994528,11.659431938310066,230.37428409682016,1861.518310546875,0.0,0.01378344819540163,True,False,False
train_000440,train,0.0,86,86,POL B7,POL,POL,B,7,7.0,,1999.9999999999998,60.00000000000001,15.526301439601456,0.06844449933516517,11.809882607510861,255.48481832439256,1928.6078491210938,0.0,0.013975116459303827,True,False,False
train_000440,train,0.0,87,87,POL B8,POL,POL,B,8,8.0,,1999.9999999999998,60.00000000000001,14.118256350687783,0.17625764454243079,11.74248753028037,193.43766334401232,1434.374755859375,0.0,0.014241785348211236,True,False,False
train_000440,train,0.0,88,88,POL B9,POL,POL,B,9,9.0,,1999.9999999999998,60.00000000000001,12.060484145505646,0.3139914186270177,11.36560212455952,191.3294492846138,1536.132080078125,0.0,0.013750114584288202,True,False,False
train_000440,train,0.0,89,89,POL B10,POL,POL,B,10,10.0,,1999.9999999999998,60.00000000000001,11.610844082811607,0.4098082378250425,11.44081174763669,284.5455340355117,1931.3461303710938,0.0,0.01266677222310186,True,False,False
train_000440,train,0.0,90,90,POL B11,POL,POL,B,11,11.0,,1999.9999999999998,60.00000000000001,12.295144929569691,-0.13737444171531635,12.38474851983524,333.09259141761135,2209.272705078125,0.0,0.012825106875890632,True,False,False
train_000440,train,0.0,91,91,POL B12,POL,POL,B,12,12.0,,1999.9999999999998,60.00000000000001,12.81826028399141,-0.13915930968673082,12.354665758256102,298.3516922204692,1933.8845825195312,0.0,0.013858448820406837,True,False,False
train_000440,train,0.0,92,92,POL B13,POL,POL,B,13,13.0,,1999.9999999999998,60.00000000000001,14.607524697564152,0.2635291819377852,11.66991966854888,78.0906335368891,976.1717834472656,0.0,0.014200118334319453,True,False,False
train_000440,train,0.0,93,93,EEG M1-Ref,EEG,EEG ...-Ref,M,1,1.0,-Ref,1999.9999999999998,60.00000000000001,13.890583159519764,-0.19148713004111134,14.57170292562795,215.79082031490134,1443.1636962890625,0.0,0.014058450487087393,True,False,False
train_000440,train,0.0,94,94,EEG M2-Ref,EEG,EEG ...-Ref,M,2,2.0,-Ref,1999.9999999999998,60.00000000000001,14.088868029749484,-0.2067471956277363,15.007852291859543,275.79453245013536,1798.432373046875,0.0,0.013108442570354753,True,False,False
train_000440,train,0.0,95,95,POL M3,POL,POL,M,3,3.0,,1999.9999999999998,60.00000000000001,14.648049690266458,-0.7774755671108293,15.172479093782325,292.77040430993026,1945.3052978515625,0.0,0.013050108750906257,True,False,False
train_000440,train,0.0,96,96,POL M4,POL,POL,M,4,4.0,,1999.9999999999998,60.00000000000001,12.57650924571729,0.08336511604840198,14.169689336294518,146.8418952429067,1247.1677856445312,0.0,0.013041775348127902,True,False,False
train_000440,train,0.0,97,97,POL M5,POL,POL,M,5,5.0,,1999.9999999999998,60.00000000000001,15.513552225012333,0.2847186708890941,15.401493831937083,132.337008170977,908.2026672363281,0.0,0.014683455695464129,True,False,False
train_000440,train,0.0,98,98,POL M6,POL,POL,M,6,6.0,,1999.9999999999998,60.00000000000001,15.880994043923087,0.5155198971045826,11.602746452900771,142.33479511012416,885.4485778808594,0.0,0.014075117292644105,True,False,False
train_000440,train,0.0,99,99,POL N1,POL,POL,N,1,1.0,,1999.9999999999998,60.00000000000001,12.379082473435805,0.2301059000459647,13.987125364359281,194.5314479894511,1421.5812377929688,0.0,0.01337511145926216,True,False,False
train_000440,train,0.0,100,100,POL N2,POL,POL,N,2,2.0,,1999.9999999999998,60.00000000000001,12.290526451952019,-0.7845826739357555,15.274504555997577,281.84343274710585,2135.8316650390625,0.0,0.012291769098075818,True,False,False
train_000440,train,0.0,101,101,POL N3,POL,POL,N,3,3.0,,1999.9999999999998,60.00000000000001,14.263518052303844,-1.0190070800366422,15.692555454998905,115.50826179500254,875.5857238769531,0.0,0.014275118959324661,True,False,False
train_000440,train,0.0,102,102,POL N4,POL,POL,N,4,4.0,,1999.9999999999998,60.00000000000001,17.214856640797436,0.34523484346633415,15.2871147654618,119.72847458211996,840.8199157714844,0.0,0.01415845132042767,True,False,False
train_000440,train,0.0,103,103,EEG O1-Ref,EEG,EEG ...-Ref,O,1,1.0,-Ref,1999.9999999999998,60.00000000000001,11.357176043612103,1.0203370021041767,19.86048619577914,262.63608783121964,1898.331298828125,0.0,0.009475078958991325,True,False,False
train_000440,train,0.0,104,104,EEG O2-Ref,EEG,EEG ...-Ref,O,2,2.0,-Ref,1999.9999999999998,60.00000000000001,11.972447043403726,0.31365165843851184,18.694970543803976,349.43518595425155,2418.9447021484375,0.0,0.008783406528387737,True,False,False
train_000440,train,0.0,105,105,POL O3,POL,POL,O,3,3.0,,1999.9999999999998,60.00000000000001,11.486237270785164,0.5743780052016155,19.350144241173698,403.18397873385186,3168.6485595703125,0.0,0.008566738056150469,True,False,False
train_000440,train,0.0,106,106,POL O4,POL,POL,O,4,4.0,,1999.9999999999998,60.00000000000001,17.7049415369118,-0.05190231495640818,21.015942393893692,79.94199306091706,764.4526672363281,0.0,0.013266777223143527,True,False,False
train_000440,train,0.0,107,107,POL O5,POL,POL,O,5,5.0,,1999.9999999999998,60.00000000000001,19.56729350541956,-0.29028676595575675,21.32132764795856,68.41864952381954,522.4600677490234,0.0,0.013816781806515055,True,False,False
